ef83ef836c006fffeebceebf0000ffff001600160000ffff0016000e0d36
68426842c800cbffafccafcf0000ffff0000ffff001600160016000e0d6f
ef83ef836c006fff8c5c8c5f0000ffff0000ffff800680060016000e0d70
81128112fc00fdff571057170000ffff003500350000ffff0017000d0da5
0cd00cd0940095ffafd0afdf0000ffff005000500000ffff0017000c0ddc
68426842ce00cfffafd0afdf0000ffff0000ffff00a200a20017000c0de9
68426842c000c7ff13e813eb0000ffff0000ffff008900890015000e0e02
81128112fc00fdff5720573f0000ffff005000500000ffff0017000b0e27
ef83ef836a006bff571057170000ffff001400170000ffff0017000d0e2d
ef83ef836c006fff8c508c570000ffff059905990000ffff0016000d0e34
ef83ef836a006bff8c608c7f0000ffff0000ffff001500150017000b0e36
68426842d000dfff65f865ff0000ffff0000ffff1b581b580014000d0e72
68426842d000dfff8c5c8c5f0000ffff003500350000ffff0014000e0e96
68426842c800cbff8c408c4f0000ffff006d006e0000ffff0016000c0e97
68426842d000dfff8c5c8c5f0000ffff0000ffff001500150014000e0eac
68426842d000dfff8c5c8c5f0000ffff0000ffff232b232b0014000e0ead
ef83ef8370007fffeebceebf0000ffff0000ffff232b232b0014000e0eae
ef83ef8370007fffeebceebf0000ffff0000ffff001900190014000e0eaf
68426842ce00cfff13c013df0000ffff059905990000ffff0017000b0eb0
81128112f800fbff20e020ef0000ffff0000ffff232b232b0016000c0eb9
ef83ef836c006fff8c408c4f0000ffff0000ffff004500450016000c0eba
81128112e000efff8c508c570000ffff059905990000ffff0014000d0ec1
ef83ef83600067ff8c508c570000ffff003500350000ffff0015000d0ec3
0cd00cd0a000bfff13e813eb0000ffff0000ffff232b232b0013000e0edb
ef83ef8340005fff8c5c8c5f0000ffff0000ffff005000500013000e0edc
0cd00cd098009fff13f013ff0000ffff001900190000ffff0015000c0eff
ef83ef83600067ff8c408c4f0000ffff00a100a10000ffff0015000c0f00
0cd00cd080008fff65f865ff0000ffff0000ffff008900890014000d0f06
0cd00cd098009fff65e065ef0000ffff0000ffff005000500015000c0f07
0cd00cd098009fff65e065ef0000ffff0000ffff232b232b0015000c0f08
ef83ef83600067ffeea0eeaf0000ffff0000ffff008f008f0015000c0f09
0cd00cd0900093ff13c013df0000ffff003500350000ffff0016000b0f0a
68426842c800cbff8c608c7f0000ffff003500350000ffff0016000b0f0b
68426842c800cbff13c013df0000ffff0000ffff020202020016000b0f1a
68426842d000dfff8c408c4f0000ffff0000ffff004500450014000c0f46
ef83ef8370007fffeea0eeaf0000ffff0000ffff232b232b0014000c0f47
68426842d000dfff8c508c570000ffff00a100a10000ffff0014000d0f48
ef83ef8370007fff65f465f70000ffff138813890000ffff0014000e0f69
0cd00cd0900093ffaf00af7f0000ffff0000ffff00450045001600090f8b
6842684200007fffafccafcf0000ffff0000ffff001900190011000e0fb3
68426842d000dfff13c013df0000ffff0000ffff001600160014000b0fc6
68426842d000dfff8c408c4f0000ffff006d006e0000ffff0014000c0fce
684268428000bfff8c508c570000ffff003500350000ffff0012000d0fcf
68426842d000dfff8c608c7f0000ffff157c157c0000ffff0014000b0fd0
68426842c000c7ff65e065ef0000ffff001400150000ffff0015000c0fd9
68426842c000c7ff13c013df0000ffff059905990000ffff0015000b0fe1
68426842e000ffff65e065ef0000ffff005000500000ffff0013000c0fe5
6842684200007fff8c5c8c5f0000ffff159015900000ffff0011000e0fef
ef83ef838000ffff65f465f70000ffff15ff15ff0000ffff0011000e0ff0
68426842e000ffff8c508c570000ffff001900190000ffff0013000d0ff1
ef83ef8340005fffeea0eeaf0000ffff0000ffff004500450013000c101b
ef83ef836a006bff8d008dff0000ffff0000ffff1a2b1a2b001700081021
ef83ef8340005fff65f865ff0000ffff0000ffff020202020013000d1022
ef83ef8370007fff65e065ef0000ffff0000ffff157c157c0014000c1027
ef83ef8370007fff65e065ef0000ffff0000ffff001900190014000c1028
ef83ef836a006bff6500657f0000ffff0000ffff0019001900170009102c
0cd00cd0a000bfffafd0afdf0000ffff0000ffff1a2b1a2b0013000c1057
0cd00cd0940095ffae00aeff0000ffff00a100a10000ffff00170008107b
0cd00cd0c000ffff65f865ff0000ffff0000ffff15a415a40012000d107e
6842684200007fff65f465f70000ffff0000ffff008b008b0011000e1087
6842684200007fff65f465f70000ffff0000ffff005000500011000e1088
ef83ef838000ffffeebceebf0000ffff0000ffff005000500011000e1089
684368430000ffff65f465f70000ffff0000ffff159a159a0010000e109c
ef82ef820000ffff571c571f0000ffff0000ffff232b232b0010000e109d
68426842c800cbff8c808cff0000ffff0000ffff0035003500160009109e
8112811200007fff20f420f70000ffff004500450000ffff0011000e10b9
811381130000ffff20f420f70000ffff001900190000ffff0010000e10be
81128112e000efff8c608c7f0000ffff0000ffff09f509f50014000b10c2
ef83ef8300003fff65e065ef0000ffff008f008f0000ffff0012000c10d3
ef83ef8300003fff65e065ef0000ffff008a008a0000ffff0012000c10d4
ef83ef838000ffffeebceebf0000ffff0000ffff001400150011000e10dc
ef83ef836a006bffef00efff0000ffff0000ffff004500450017000810de
ef83ef83600067ff8c808cff0000ffff0000ffff004500450015000910df
ef83ef83600067ff658065bf0000ffff066d066e0000ffff0015000a10e2
684368430000ffffafc0afc70000ffff0000ffff004500450010000d1151
68426842e000ffff13c013df0000ffff0000ffff005000500013000b1157
68426842e000ffff65c065df0000ffff0000ffff020202020013000b1158
684268428000bfff13f013ff0000ffff003500350000ffff0012000c115c
ef83ef8300003fff65e065ef0000ffff157c157c0000ffff0012000c115d
684268428000bfff8c408c4f0000ffff0000ffff232b232b0012000c1168
684268428000bfff65e065ef0000ffff0000ffff004500450012000c1169
68426842c000c7ff120012ff0000ffff003500350000ffff001500081172
684368430000ffff8c5c8c5f0000ffff008f008f0000ffff0010000e1178
68426842d000dfff8c008c3f0000ffff15ff15ff0000ffff0014000a1179
6842684200007fff65f865ff0000ffff00a100a10000ffff0011000d117b
811381130000ffffeebceebf0000ffff0000ffff1b3a1b3a0010000e1182
811381130000ffff571c571f0000ffff0000ffff004500450010000e1183
811381130000ffff571c571f0000ffff0000ffff004500450010000e1184
ef82ef820000ffff65f465f70000ffff0000ffff003500350010000e1185
81128112f800fbffef00efff0000ffff0000ffff0035003500160008118f
8112811200007fff8c508c570000ffff0000ffff004500450011000d1190
811081110000ffff571c571f0000ffff0000ffff232b232b000f000e1191
ef80ef810000ffff65f465f70000ffff0000ffff02020202000f000e1192
ef83ef8340005fff65e065ef0000ffff066d066e0000ffff0013000c119c
0cd00cd000007fffdfb0dfbf0000ffff007b007b0000ffff0011000c11a8
8112811200007fff8c408c4f0000ffff00a100a10000ffff0011000c11a9
ef83ef838000ffffeea0eeaf0000ffff003500350000ffff0011000c11aa
ef83ef838000ffff65e065ef0000ffff059905990000ffff0011000c11ab
ef83ef838000ffffeea0eeaf0000ffff00a100a10000ffff0011000c11ac
0cd00cd0a000bfffafd0afdf0000ffff001400170000ffff0013000c11bc
0cd00cd0a000bfff658065bf0000ffff0000ffff1b581b580013000a11c3
81128112c000dfff5740577f0000ffff0000ffff008900890013000a11c4
81128112c000dfff5740577f0000ffff0000ffff003500350013000a11c5
0cd10cd10000ffff65f865ff0000ffff0000ffff003500350010000d11da
684368430000ffffafc0afc70000ffff0000ffff001600160010000d11db
ef82ef820000ffff65f865ff0000ffff0000ffff003500350010000d11dc
ef82ef820000ffff8c508c570000ffff0000ffff003500350010000d11dd
0cd00cd0940095ffa800abff0000ffff0000ffff232b232b0017000611e7
68426842d000dfffaf80afbf0000ffff001400150000ffff0014000a11e8
68426842d000dfff1300137f0000ffff066d066e0000ffff001400091207
684268428000bfff8c608c7f0000ffff0000ffff004500450012000b120b
684268428000bfff65c065df0000ffff0000ffff232b232b0012000b120c
684268428000bfff8c608c7f0000ffff0000ffff020202020012000b120d
ef83ef8300003fff8c608c7f0000ffff0000ffff00a200a20012000b120e
684068410000ffff8c5c8c5f0000ffff0000ffff00190019000f000e1218
ef80ef810000ffff8c5c8c5f0000ffff0000ffff06bb06bb000f000e1219
ef80ef810000ffffeebceebf0000ffff0000ffff00190019000f000e121a
684268428000bfff65c065df0000ffff01bb01bb0000ffff0012000b122a
684268428000bfff13e013e70000ffff0000ffff001400170012000d122e
8112811200007fff20c020df0000ffff00a100a10000ffff0011000b123d
8112811200007fff5700570f0000ffff0000ffff004500450011000c1247
ef83ef8300003fff5740577f0000ffff0000ffff020202020012000a1252
ef83ef838000ffff8c5c8c5f0000ffff0000ffff001400170011000e1253
ef83ef8370007fff8c808cff0000ffff003500350000ffff00140009125a
ef83ef8370007fffee00ee7f0000ffff005000500000ffff00140009125b
ef83ef8340005fff8c808cff0000ffff159015900000ffff00130009125d
ef82ef820000ffff8c508c570000ffff00a100a10000ffff0010000d1260
ef83ef836a006bff68006fff0000ffff159015900000ffff00170005126a
ef83ef8340005fff8c008c3f0000ffff001400140000ffff0013000a126b
ef83ef8340005fff6500657f0000ffff0000ffff1b581b5800130009126c
ef82ef820000ffffeea0eeaf0000ffff0000ffff005000500010000c126f
ef83ef836c006fff660067ff0000ffff0000ffff00500050001600071271
0cd10cd10000ffff65f865ff0000ffff0000ffff001400150010000d1285
0cd20cd30000ffffafc0afc70000ffff00a100a10000ffff000f000d1291
0cd20cd30000ffffafc0afc70000ffff001900190000ffff000f000d1292
0cd10cd10000ffffafd0afdf0000ffff00a100a10000ffff0010000c1293
0cd00cd080008fff640064ff0000ffff003500350000ffff00140008129e
68426842d000dfff8d008dff0000ffff00a100a10000ffff00140008129f
684068410000ffffafc0afc70000ffff0000ffff00450045000f000d12b9
811081110000ffff8c508c570000ffff0000ffff232b232b000f000d12ba
68426842ce00cfff68006fff0000ffff00a100a10000ffff0017000512c3
684468470000ffff8c5c8c5f0000ffff00a100a10000ffff000e000e12e4
68426842ce00cfff800087ff0000ffff0000ffff005000500017000512ec
ef83ef836a006bffe000e7ff0000ffff0000ffff004500450017000512ed
684268428000bfff138013bf0000ffff0000ffff004500450012000a12ef
811281128000bfff208020bf0000ffff00a100a10000ffff0012000a1300
811381130000ffffeea0eeaf0000ffff0000ffff004500450010000c1301
ef82ef820000ffffeea0eeaf0000ffff0000ffff001600160010000c1302
811081110000ffffeebceebf0000ffff066d066e0000ffff000f000e130a
811481170000ffff571c571f0000ffff0000ffff00150015000e000e130b
ef84ef870000ffff8c5c8c5f0000ffff0000ffff00450045000e000e130c
ef83ef838000ffff5720573f0000ffff0000ffff004500450011000b1310
ef83ef836c006fff500053ff0000ffff0000ffff00a200a2001600061314
ef83ef8370007fff8e008fff0000ffff00a100a10000ffff001400071318
ef83ef836c006fff800087ff0000ffff0000ffff00890089001600051319
ef83ef836c006fff88008bff0000ffff00a100a10000ffff00160006131c
ef83ef836c006fffe800ebff0000ffff159015900000ffff00160006131d
ef83ef83600067ff8e008fff0000ffff001600160000ffff00150007131e
ef83ef838000ffff8c608c7f0000ffff01f401f40000ffff0011000b1325
ef88ef8f0000ffff65f465f70000ffff0000ffff232b232b000d000e1326
ef83ef8370007fff8d008dff0000ffff0000ffff00450045001400081328
ef88ef8f0000ffff65f465f70000ffff059905990000ffff000d000e1329
ef83ef8340005fff6500657f0000ffff15a415a40000ffff00130009132d
0cd80cdf0000ffff13e813eb0000ffff0000ffff00450045000d000e1330
6848684f0000ffff8c5c8c5f0000ffff0000ffff02020202000d000e1331
6848684f0000ffff13e813eb0000ffff0000ffff00710071000d000e1332
8118811f0000ffffeebceebf0000ffff0000ffff00a100a1000d000e1333
8118811f0000ffff571c571f0000ffff0000ffff00500050000d000e1334
0cd00cd000007fffdfc0dfff0000ffff0000ffff232b232b0011000a1340
8112811200007fff5740577f0000ffff0000ffff003500350011000a1341
0cd10cd10000ffffafe0afff0000ffff0000ffff020202020010000b1357
0cd10cd10000ffff65c065df0000ffff0000ffff020202020010000b1358
811381130000ffff20c020df0000ffff0000ffff232b232b0010000b1359
811381130000ffff5720573f0000ffff0000ffff005000500010000b135a
ef82ef820000ffff65c065df0000ffff0000ffff005000500010000b135b
0cd00cd0c000ffff1300137f0000ffff0000ffff00450045001200091373
0cd00cd0c000ffff6500657f0000ffff0000ffff00500050001200091374
684268428000bfff1300137f0000ffff0000ffff00450045001200091375
ef83ef8300003fff8c808cff0000ffff0000ffff00350035001200091376
0cd40cd70000ffff13e013e70000ffff0000ffff00190019000e000d138d
ef84ef870000ffff65f865ff0000ffff0000ffff00890089000e000d138e
68426842c800cbffa000a7ff0000ffff00a100a10000ffff001600051392
68426842d000dfff220023ff0000ffff0000ffff0045004500140007139b
68426842d000dfff660067ff0000ffff0000ffff0045004500140007139c
68426842d000dfffaf00af7f0000ffff001400170000ffff0014000913a5
684468470000ffff65f865ff0000ffff00a100a10000ffff000e000d13b1
684468470000ffff8c508c570000ffff00a100a10000ffff000e000d13b2
684368430000ffff8c008c3f0000ffff0000ffff001900190010000a13c6
ef82ef820000ffff658065bf0000ffff0000ffff004500450010000a13c7
6850685f0000ffff13e813eb0000ffff0000ffff1a2b1a2b000c000e13cb
68426842e000ffff8c008c3f0000ffff001400170000ffff0013000a13cd
811081110000ffff8c408c4f0000ffff0000ffff00890089000f000c13e4
811081110000ffff5700570f0000ffff0000ffff00500050000f000c13e5
811081110000ffffeea0eeaf0000ffff0000ffff00500050000f000c13e6
811081110000ffff5700570f0000ffff0000ffff02020202000f000c13e7
ef80ef810000ffff65e065ef0000ffff0000ffff232b232b000f000c13e8
81128112f000f7ffe800ebff0000ffff0000ffff004500450015000613ee
ef82ef820000ffff8c608c7f0000ffff15a415a40000ffff0010000b13f2
ef82ef820000ffff8c608c7f0000ffff005000500000ffff0010000b13f3
ef83ef836a006bffe000e7ff0000ffff001400150000ffff0017000513f4
ef83ef8340005fff640064ff0000ffff00a100a10000ffff0013000813fb
ef83ef8300003fff6500657f0000ffff00a100a10000ffff001200091401
ef83ef836a006bff70007fff0000ffff15ff15ff0000ffff001700041404
ef80ef810000ffff8c408c4f0000ffff00a100a10000ffff000f000c1405
0cd00cd0c000ffff120012ff0000ffff00a100a10000ffff00120008141a
ef83ef8300003fff640064ff0000ffff00a100a10000ffff00120008141b
0cd20cd30000ffff13f013ff0000ffff001400170000ffff000f000c1423
0cd10cd10000ffffdf00df7f0000ffff0000ffff00450045001000091426
ef82ef820000ffff6500657f0000ffff0000ffff02020202001000091427
0cd10cd10000ffff658065bf0000ffff0000ffff004500450010000a143e
684368430000ffff138013bf0000ffff0000ffff00a100a10010000a143f
ef82ef820000ffffeec0eeff0000ffff0000ffff001900190010000a1440
ef82ef820000ffffeec0eeff0000ffff0000ffff003500350010000a1441
0cd80cdf0000ffff13e013e70000ffff00a100a10000ffff000d000d1452
0cd00cd0900093ffa000bfff0000ffff0000ffff00160016001600031453
0cd00cd000007fffaf00af7f0000ffff00a100a10000ffff001100091454
0cd00cd098009fffa000a7ff0000ffff001900190000ffff00150005145a
ef83ef83600067ff68006fff0000ffff001400140000ffff00150005145b
0cd40cd70000ffff65e065ef0000ffff15a415a40000ffff000e000c146a
684268428000bfffae00aeff0000ffff0000ffff15a415a4001200081471
684468470000ffffafd0afdf0000ffff0000ffff02020202000e000c147a
684468470000ffff8c408c4f0000ffff0000ffff00160016000e000c147b
684368430000ffff13c013df0000ffff001400170000ffff0010000b1482
6848684f0000ffff8c508c570000ffff0000ffff02020202000d000d1499
8118811f0000ffff571057170000ffff0000ffff00450045000d000d149a
ef88ef8f0000ffff571057170000ffff0000ffff00500050000d000d149b
ef88ef8f0000ffffeeb0eeb70000ffff0000ffff00500050000d000d149c
68426842c000c7ff90009fff0000ffff00a100a10000ffff0015000414a8
6850685f0000ffff13e013e70000ffff0000ffff02020202000c000d14ac
81128112c000dfff220023ff0000ffff0000ffff232b232b0013000714b4
811381130000ffff5700570f0000ffff001400170000ffff0010000c14c2
ef82ef820000ffff8c008c3f0000ffff001900190000ffff0010000a14ca
ef83ef838000ffff6500657f0000ffff0000ffff005000500011000914cb
ef83ef8340005fff8e008fff0000ffff003500350000ffff0013000714cd
ef83ef83600067ffe800ebff0000ffff006d006e0000ffff0015000614d1
ef80ef810000ffff65c065df0000ffff0000ffff00710071000f000b14d3
0cd00cd0a000bfff68006fff0000ffff0000ffff0050005000130005152b
0ce00cff0000ffff13e813eb0000ffff0000ffff00350035000b000e1531
6860687f0000ffff8c5c8c5f0000ffff0000ffff00450045000b000e1532
8120813f0000ffff20f420f70000ffff0000ffff00500050000b000e1533
0cd40cd70000ffffaf80afbf0000ffff0000ffff00a100a1000e000a1537
0cc00ccf0000ffff13e013e70000ffff0000ffff00450045000c000d1538
8100810f0000ffffeeb0eeb70000ffff0000ffff00160016000c000d1539
6860687f0000ffff65f465f70000ffff06bb06bb0000ffff000b000e1542
68426842e000ffff88008bff0000ffff00a100a10000ffff001300061549
68426842d000dfff140017ff0000ffff066d066e0000ffff001400061567
684368430000ffff8c808cff0000ffff0000ffff00500050001000091568
684468470000ffff65c065df0000ffff0000ffff02020202000e000b156b
6860687f0000ffff8c508c570000ffff0000ffff04be04be000b000d1570
6850685f0000ffff65f465f70000ffff0000ffff00140015000c000e1577
8100810f0000ffffeebceebf0000ffff0000ffff006d006e000c000e1578
8112811200007fffef00efff0000ffff005000500000ffff00110008158a
ef83ef83600067ff90009fff0000ffff157c157c0000ffff001500041590
ef88ef8f0000ffff5700570f0000ffff059905990000ffff000d000c1592
ef80ef810000ffffeec0eeff0000ffff0000ffff02020202000f000a1599
ef80ef810000ffffeec0eeff0000ffff0000ffff008f008f000f000a159a
ef83ef838000ffff8d008dff0000ffff001400150000ffff00110008159b
ef83ef838000ffff640064ff0000ffff066d066e0000ffff00110008159c
ef83ef838000ffff640064ff0000ffff001400150000ffff00110008159d
ef80ef810000ffff658065bf0000ffff003500350000ffff000f000a159f
ef83ef838000ffff640064ff0000ffff0000ffff004500450011000815a5
0cc00ccf0000ffffafd0afdf0000ffff0000ffff00710071000c000c15cb
8100810f0000ffff5700570f0000ffff0000ffff00350035000c000c15cc
0cd00cd0c000ffffa800abff0000ffff0000ffff232b232b0012000615d0
684268428000bfff88008bff0000ffff0000ffff005000500012000615d1
0cd00cd080008fffb000bfff0000ffff0000ffff15a415a40014000415d5
ef83ef8370007fff40004fff0000ffff0000ffff06bb06bb0014000415d6
0cd00cd000007fffa800abff0000ffff0000ffff005000500011000615fd
68426842d000dfff20003fff0000ffff0000ffff15901590001400031600
684068410000ffffaf00af7f0000ffff0000ffff02020202000f00091601
684068410000ffff8c808cff0000ffff0000ffff232b232b000f00091602
811081110000ffffee00ee7f0000ffff0000ffff00a100a1000f00091603
ef80ef810000ffffee00ee7f0000ffff0000ffff15861586000f00091604
ef80ef810000ffff6500657f0000ffff0000ffff066e066e000f00091605
68426842c800cbff8000bfff0000ffff001400150000ffff00160002160c
6848684f0000ffff13c013df0000ffff01bb01bb0000ffff000d000b1612
8118811f0000ffff5720573f0000ffff00a100a10000ffff000d000b1613
68426842e000ffff68006fff0000ffff0000ffff0019001900130005162b
ef83ef8340005fffe000e7ff0000ffff0000ffff0045004500130005162c
6850685f0000ffff8c408c4f0000ffff00a100a10000ffff000c000c1636
ef90ef9f0000ffffeea0eeaf0000ffff00a100a10000ffff000c000c1637
6800683f0000ffff13e813eb0000ffff003500350000ffff000a000e164a
68426842d000dfff600063ff0000ffff001400170000ffff00140006164b
6800683f0000ffff8c5c8c5f0000ffff0000ffff02020202000a000e164d
8140817f0000ffff571c571f0000ffff0000ffff232b232b000a000e164e
efc0efff0000ffff65f465f70000ffff0000ffff00a100a1000a000e164f
6860687f0000ffff65e065ef0000ffff0000ffff00450045000b000c1650
6860687f0000ffff65f865ff0000ffff0000ffff00450045000b000d1660
efa0efbf0000ffff8c508c570000ffff0000ffff00190019000b000d1661
6848684f0000ffff8c408c4f0000ffff0000ffff07140715000d000c1662
81128112f000f7ff20003fff0000ffff0000ffff00500050001500031664
ef83ef83600067ff80009fff0000ffff0000ffff00190019001500031665
8118811f0000ffff8c608c7f0000ffff0000ffff00a100a1000d000b1669
81128112c000dfffe800ebff0000ffff006d006e0000ffff00130006166a
ef82ef820000ffff578057ff0000ffff006d006e0000ffff001000091673
ef83ef838000ffffec00edff0000ffff0000ffff00500050001100071677
ef83ef838000ffff660067ff0000ffff0000ffff05990599001100071678
ef83ef838000ffffec00edff0000ffff0000ffff232b232b001100071679
ef83ef836a006bff0000ffff0000ffff0000ffff0202020200170000167c
ef83ef836a006bff0000ffff0000ffff0000ffff0050005000170000167d
ef83ef8370007fff70007fff0000ffff005000500000ffff00140004167e
ef83ef83600067ff8000bfff0000ffff0000ffff00a100a1001500021686
ef83ef8300003fffe000e7ff0000ffff00a100a10000ffff001200051688
ef84ef870000ffffdfb0dfbf0000ffff001400170000ffff000e000c168a
ef83ef836a006bff00007fff0000ffff0000ffff0202020200170001168b
ef83ef836a006bff8000ffff0000ffff0000ffff0202020200170001168c
ef84ef870000ffff658065bf0000ffff0000ffff00a200a2000e000a168d
ef83ef838000ffff640064ff0000ffff006d006e0000ffff00110008168f
0cd00cd000007fffd800dbff0000ffff001900190000ffff0011000616b9
0cd10cd10000ffff660067ff0000ffff0000ffff001600160010000716ba
684368430000ffff8e008fff0000ffff0000ffff004500450010000716bb
0cd00cd0a000bfff70007fff0000ffff0000ffff020202020013000416c2
68426842e000ffff70007fff0000ffff0000ffff004500450013000416c3
81128112c000dffff000ffff0000ffff0000ffff020202020013000416c4
ef83ef8340005fff90009fff0000ffff0000ffff003500350013000416c5
ef83ef8340005fff70007fff0000ffff0000ffff005000500013000416c6
0ce00cff0000ffffafe0afff0000ffff00a100a10000ffff000b000b16c7
0cd40cd70000ffffaf00af7f0000ffff00a100a10000ffff000e000916d7
0c000c7f0000ffffafccafcf0000ffff0000ffff059905990009000e16d8
688068ff0000ffffafccafcf0000ffff0000ffff007700770009000e16d9
688068ff0000ffff8c5c8c5f0000ffff0000ffff232b232b0009000e16da
818081ff0000ffff571c571f0000ffff0000ffff159a159a0009000e16db
818081ff0000ffffeebceebf0000ffff0000ffff04be04be0009000e16dc
0cd80cdf0000ffff1300137f0000ffff0000ffff232b232b000d000916dd
0cd10cd10000ffff600063ff0000ffff0000ffff232b232b0010000616e1
68426842c800cbff8000ffff0000ffff0000ffff00a200a2001600011705
68426842c800cbff00007fff0000ffff0000ffff232b232b001600011706
81128112f800fbff8000ffff0000ffff0000ffff05990599001600011707
81128112f800fbff00007fff0000ffff0000ffff02020202001600011708
68426842c800cbff00007fff0000ffff003500350000ffff001600011709
68426842ce00cfff0000ffff0000ffff0000ffff0045004500170000170e
684268428000bfff800087ff0000ffff001400150000ffff001200051712
6800683f0000ffff13e013e70000ffff0000ffff00450045000a000d1713
6860687f0000ffff13f013ff0000ffff0000ffff02020202000b000c1714
6860687f0000ffff8c408c4f0000ffff0000ffff00160016000b000c1715
efa0efbf0000ffffeea0eeaf0000ffff0000ffff22ab22ab000b000c1716
68426842d000dfff80009fff0000ffff0000ffff02020202001400031717
81128112e000efff40005fff0000ffff0000ffff00a200a2001400031718
81128112e000efff40005fff0000ffff0000ffff22ab22ab001400031719
ef83ef8370007fff80009fff0000ffff0000ffff232b232b00140003171a
6860687f0000ffff13e013e70000ffff0000ffff07140715000b000d171c
6850685f0000ffff13c013df0000ffff00a100a10000ffff000c000b1720
6842684200007fff88008bff0000ffff0000ffff00140015001100061722
6848684f0000ffff8c008c3f0000ffff0000ffff00450045000d000a1730
ef88ef8f0000ffff5740577f0000ffff0000ffff008f008f000d000a1731
ef88ef8f0000ffff8c008c3f0000ffff0000ffff00190019000d000a1732
68426842e000ffff90009fff0000ffff00a100a10000ffff001300041740
68426842d000dfff80009fff0000ffff159015900000ffff001400031741
6850685f0000ffff13c013df0000ffff0000ffff00500050000c000b1743
8100810f0000ffffee80ee9f0000ffff0000ffff00450045000c000b1744
684468470000ffff138013bf0000ffff001400150000ffff000e000a1745
811081110000ffffef00efff0000ffff0000ffff066d066d000f00081748
811281128000bfff500053ff0000ffff066d066e0000ffff001200061753
ef83ef8300003fff600063ff0000ffff066d066e0000ffff001200061754
8140817f0000ffff8c5c8c5f0000ffff0000ffff066d066e000a000e1756
811481170000ffff578057ff0000ffff0000ffff00450045000e00091759
ef84ef870000ffffee00ee7f0000ffff0000ffff02020202000e0009175a
ef80ef810000ffffef00efff0000ffff059905990000ffff000f0008175b
efa0efbf0000ffff5700570f0000ffff005000500000ffff000b000c175c
ef82ef820000ffff540055ff0000ffff00a100a10000ffff001000071760
ef82ef820000ffff660067ff0000ffff158615860000ffff001000071761
ef83ef8300003fff68006fff0000ffff059905990000ffff00120005176c
ef83ef8300003fff660067ff0000ffff0000ffff00140017001200071776
ef83ef8300003fff68006fff0000ffff0000ffff00350035001200051779
0cc00ccf0000ffff65c065df0000ffff0000ffff006d006e000c000b177d
0cd80cdf0000ffffdf00df7f0000ffff00a100a10000ffff000d00091788
0e000fff0000ffff13e813eb0000ffff0000ffff003500350007000e1791
0cc00ccf0000ffffaf80afbf0000ffff0000ffff00500050000c000a17a2
0cc00ccf0000ffffaf80afbf0000ffff0000ffff02020202000c000a17a3
6850685f0000ffff658065bf0000ffff0000ffff1b3a1b3a000c000a17a4
ef90ef9f0000ffff8c008c3f0000ffff0000ffff066d066d000c000a17a5
0cd80cdf0000ffff658065bf0000ffff0000ffff00140017000d000a17ad
0cd80cdf0000ffffaf00af7f0000ffff0000ffff00450045000d000917b7
ef88ef8f0000ffff6500657f0000ffff0000ffff00450045000d000917b8
0c800cbf0000ffff65e065ef0000ffff0000ffff00350035000a000c17d1
0c800cbf0000ffff13f013ff0000ffff0000ffff05990599000a000c17d2
6800683f0000ffffafd0afdf0000ffff0000ffff02020202000a000c17d3
6800683f0000ffff8c408c4f0000ffff0000ffff00450045000a000c17d4
efc0efff0000ffff8c408c4f0000ffff0000ffff04be04be000a000c17d5
efc0efff0000ffff65e065ef0000ffff0000ffff02020202000a000c17d6
0cd10cd10000ffff140017ff0000ffff001400140000ffff0010000617d7
0ce00cff0000ffffafe0afff0000ffff059905990000ffff000b000b17d8
8120813f0000ffffee80ee9f0000ffff00a100a10000ffff000b000b17d9
efa0efbf0000ffff8c608c7f0000ffff00a100a10000ffff000b000b17da
0cd00cd0a000bfff00001fff0000ffff003500350000ffff0013000317dc
0cd00cd080008fff8000bfff0000ffff15a415a40000ffff0014000217dd
0cd00cd080008fff8000bfff0000ffff0000ffff020202020014000217de
690069ff0000ffffafc0afc70000ffff0000ffff008900890008000d17e8
690069ff0000ffffafccafcf0000ffff0000ffff003500350008000e17f5
690069ff0000ffff8c5c8c5f0000ffff0000ffff020202020008000e17f6
690069ff0000ffff8c5c8c5f0000ffff0000ffff005000500008000e17f7
ee00eeff0000ffffeebceebf0000ffff0000ffff020c020c0008000e17f8
ee00eeff0000ffff65f465f70000ffff0000ffff008700870008000e17f9
ee00eeff0000ffff65f465f70000ffff0000ffff004500450008000e17fa
684068410000ffffac00adff0000ffff0000ffff008b008b000f000717fd
811081110000ffff220023ff0000ffff0000ffff00450045000f000717fe
6860687f0000ffff8c608c7f0000ffff0000ffff05990599000b000b1805
6860687f0000ffff8c608c7f0000ffff0000ffff00450045000b000b1806
6860687f0000ffff8c608c7f0000ffff0000ffff02020202000b000b1807
8120813f0000ffff20c020df0000ffff0000ffff00450045000b000b1808
68426842c800cbff0000ffff0000ffff001900190000ffff00160000180e
684268428000bfff90009fff0000ffff008f008f0000ffff00120004180f
ef83ef8300003ffff000ffff0000ffff005000500000ffff001200041810
ef83ef8300003fff70007fff0000ffff15ff15ff0000ffff001200041811
684368430000ffff18001fff0000ffff0000ffff0045004500100005181a
6850685f0000ffff1300137f0000ffff0000ffff00a100a1000c0009182f
ef90ef9f0000ffff8c808cff0000ffff0000ffff00350035000c00091830
6800683f0000ffff65c065df0000ffff0000ffff232b232b000a000b1831
8118811f0000ffff210021ff0000ffff0000ffff02020202000d00081833
8100810f0000ffff208020bf0000ffff004500450000ffff000c000a1834
8100810f0000ffff208020bf0000ffff00a100a10000ffff000c000a1835
8100810f0000ffffeec0eeff0000ffff00a100a10000ffff000c000a1836
ef90ef9f0000ffff8c008c3f0000ffff001600160000ffff000c000a1837
8140817f0000ffff8c408c4f0000ffff00a100a10000ffff000a000c1838
818081ff0000ffff20e020ef0000ffff008a008a0000ffff0009000c1839
818081ff0000ffff571057170000ffff0000ffff007100710009000d183b
818081ff0000ffff8c508c570000ffff0000ffff001900190009000d183c
818081ff0000ffff571057170000ffff0000ffff15a415a40009000d183d
ef00ef7f0000ffff65f865ff0000ffff0000ffff020202020009000d183e
81128112fc00fdffeebceebf0000ffff0000ffff0400ffff0017000e183f
820083ff0000ffffeebceebf0000ffff157c157c0000ffff0007000e1844
ef83ef8300003fffe000ffff0000ffff00a100a10000ffff001200031847
ef82ef820000ffff500053ff0000ffff0000ffff00450045001000061849
ef82ef820000ffffe800ebff0000ffff0000ffff0045004500100006184a
ef00ef7f0000ffff65f865ff0000ffff003500350000ffff0009000d1851
efa0efbf0000ffff65f865ff0000ffff0000ffff00140017000b000d1855
0d000dff0000ffff13e813eb0000ffff0000ffff006d006e0008000e1861
0e000fff0000ffff65f465f70000ffff0000ffff020202020007000e18a2
6a006bff0000ffffafccafcf0000ffff0000ffff232b232b0007000e18a3
6a006bff0000ffff8c5c8c5f0000ffff0000ffff232b232b0007000e18a4
820083ff0000ffffeebceebf0000ffff0000ffff004500450007000e18a5
ec00edff0000ffff65f465f70000ffff0000ffff020202020007000e18a6
0cd00cd0940095ff65f865ff0000ffff0000ffff0000ffff0017000d18a7
0e000fff0000ffffafc0afc70000ffff00a100a10000ffff0007000d18b6
0c000c7f0000ffff13f013ff0000ffff0000ffff232b232b0009000c18be
688068ff0000ffff13f013ff0000ffff0000ffff1a2b1a2b0009000c18bf
688068ff0000ffff13f013ff0000ffff0000ffff004500450009000c18c0
688068ff0000ffff8c408c4f0000ffff0000ffff06bb06bb0009000c18c1
818081ff0000ffff20e020ef0000ffff0000ffff15a415a40009000c18c2
ef00ef7f0000ffff5700570f0000ffff0000ffff020202020009000c18c3
0cd40cd70000ffffac00adff0000ffff00a100a10000ffff000e000718c4
684468470000ffff8e008fff0000ffff003500350000ffff000e000718c5
0cc00ccf0000ffff6500657f0000ffff15ae15ae0000ffff000c000918c6
6850685f0000ffff8c808cff0000ffff003500350000ffff000c000918c7
684268428000bfffa000bfff0000ffff0000ffff232b232b0012000318cd
6860687f0000ffff138013bf0000ffff0000ffff00890089000b000a18d3
6860687f0000ffff658065bf0000ffff0000ffff020c020c000b000a18d4
6860687f0000ffff8c008c3f0000ffff0000ffff232b232b000b000a18d5
6860687f0000ffff8c008c3f0000ffff0000ffff00350035000b000a18d6
8120813f0000ffffeec0eeff0000ffff0000ffff02020202000b000a18d7
efa0efbf0000ffff658065bf0000ffff0000ffff008b008b000b000a18d8
690069ff0000ffff65f865ff0000ffff0000ffff001700170008000d18d9
688068ff0000ffff8c408c4f0000ffff059905990000ffff0009000c18da
818081ff0000ffff5700570f0000ffff158615860000ffff0009000c18db
6842684200007fff70007fff0000ffff15ae15ae0000ffff0011000418dc
684368430000ffff90009fff0000ffff0000ffff232b232b0010000418dd
684468470000ffff660067ff0000ffff0000ffff008b008b000e000718de
684468470000ffff100011ff0000ffff0000ffff02020202000e000718df
6800683f0000ffff13c013df0000ffff0000ffff00450045000a000b18e2
6800683f0000ffff65c065df0000ffff0000ffff00350035000a000b18e3
6800683f0000ffff8c608c7f0000ffff0000ffff02020202000a000b18e4
efc0efff0000ffff65c065df0000ffff0000ffff00350035000a000b18e5
efc0efff0000ffff65c065df0000ffff0000ffff00500050000a000b18e6
684368430000ffff800087ff0000ffff0000ffff004500450010000518ef
68426842c000c7ff40007fff0000ffff001400170000ffff0015000218f5
6800683f0000ffff8c008c3f0000ffff0000ffff00450045000a000a18f6
6a006bff0000ffff13e813eb0000ffff003500350000ffff0007000e18f7
68426842c800cbff8c5c8c5f0000ffff0000ffff0000ffff0016000e1903
811081110000ffff500053ff0000ffff0000ffff00450045000f00061907
ef80ef810000ffffe800ebff0000ffff0000ffff00500050000f00061908
8100810f0000ffff5740577f0000ffff0000ffff066d066e000c000a190b
ef83ef83600067ff0000ffff0000ffff160016000000ffff001500001914
ef00ef7f0000ffff5720573f0000ffff0000ffff001500150009000b1915
ef00ef7f0000ffff8c608c7f0000ffff0000ffff004500450009000b1916
efc0efff0000ffff5720573f0000ffff003500350000ffff000a000b1918
ef83ef8300003fffe000ffff0000ffff00a100a10000ffff00120003191b
ef83ef838000ffff68006fff0000ffff066d066e0000ffff00110005191c
ef90ef9f0000ffffee00ee7f0000ffff0000ffff02020202000c00091920
ef83ef836a006bff65f465f70000ffff0000ffff0000ffff0017000e1922
ef83ef836a006bffeebceebf0000ffff0000ffff0000ffff0017000e1923
ef83ef8340005fff40007fff0000ffff157c157c0000ffff001300021926
ef83ef838000fffff000ffff0000ffff0000ffff00500050001100041927
ef90ef9f0000ffffef00efff0000ffff0000ffff00350035000c00081928
ef88ef8f0000ffff640064ff0000ffff0000ffff00450045000d0008192a
0d000dff0000ffff65e065ef0000ffff0000ffff020202020008000c192d
0d000dff0000ffffafd0afdf0000ffff0000ffff008900890008000c192e
690069ff0000ffff20e020ef0000ffff0000ffff020202020008000c192f
690069ff0000ffffafd0afdf0000ffff0000ffff008900890008000c1930
800080ff0000ffffeea0eeaf0000ffff0000ffff232b232b0008000c1931
ee00eeff0000ffff65e065ef0000ffff0000ffff00a200a20008000c1932
0cd00cd000007fff00001fff0000ffff00a100a10000ffff00110003194c
08000bff0000ffffafccafcf0000ffff0000ffff020202020006000e194d
0d000dff0000ffff65c065df0000ffff0000ffff09f509f50008000b194e
0ce00cff0000ffff1300137f0000ffff0000ffff05990599000b0009195d
6860687f0000ffffaf00af7f0000ffff0000ffff02020202000b0009195e
6860687f0000ffff8c808cff0000ffff0000ffff00190019000b0009195f
6860687f0000ffff1300137f0000ffff0000ffff00450045000b00091960
6860687f0000ffff1300137f0000ffff0000ffff02020202000b00091961
efa0efbf0000ffffee00ee7f0000ffff0000ffff00450045000b00091962
efa0efbf0000ffff6500657f0000ffff0000ffff00500050000b00091963
0cd00cd098009fff13e813eb0000ffff0000ffff0000ffff0015000e196f
0cd00cd0940095ff13e013e70000ffff0000ffff0000ffff0017000d1970
68426842ce00cfff8c508c570000ffff0000ffff0000ffff0017000d1971
81128112fc00fdff20f820ff0000ffff0000ffff0000ffff0017000d1972
0c800cbf0000ffff658065bf0000ffff0000ffff232b232b000a000a1975
6800683f0000ffff138013bf0000ffff0000ffff232b232b000a000a1976
8140817f0000ffff208020bf0000ffff0000ffff02020202000a000a1977
efc0efff0000ffff8c008c3f0000ffff0000ffff00450045000a000a1978
0cd00cd0900093ffafccafcf0000ffff0000ffff0000ffff0016000e1985
0cc00ccf0000ffffae00aeff0000ffff001900190000ffff000c0008198f
0cd00cd0900093ffafc0afc70000ffff0000ffff0000ffff0016000d1992
0cd00cd080008fff0000ffff0000ffff0000ffff02020202001400001999
688068ff0000ffff13c013df0000ffff0000ffff800680060009000b19a4
ef00ef7f0000ffff5720573f0000ffff0000ffff232b232b0009000b19a5
ef00ef7f0000ffff5720573f0000ffff0000ffff001700170009000b19a6
68426842e000ffff8000ffff0000ffff0000ffff004500450013000119ac
6800683f0000ffff8c808cff0000ffff0000ffff00500050000a000919ad
efc0efff0000ffff578057ff0000ffff0000ffff05990599000a000919ae
6850685f0000ffff8d008dff0000ffff0000ffff232b232b000c000819b2
6850685f0000ffff640064ff0000ffff0000ffff00350035000c000819b3
ef90ef9f0000ffff8d008dff0000ffff0000ffff00500050000c000819b4
ef90ef9f0000ffffef00efff0000ffff0000ffff00710071000c000819b5
68426842e000ffff00007fff0000ffff00a100a10000ffff0013000119c7
684468470000ffff140017ff0000ffff0000ffff00450045000e000619cb
ef84ef870000ffff88008bff0000ffff0000ffff05990599000e000619cc
6800683f0000ffff8c008c3f0000ffff00a100a10000ffff000a000a19ce
6848684f0000ffff8e008fff0000ffff0000ffff00140015000d000719db
6842684200007fff80009fff0000ffff0000ffff020202020011000319dd
840087ff0000ffffdfa0dfa70000ffff001900190000ffff0006000d19e5
811281128000bfffc000ffff0000ffff003500350000ffff0012000219e6
8100810f0000ffff5740577f0000ffff0000ffff00140017000c000a19e7
811081110000ffff58005fff0000ffff0000ffff02020202000f000519eb
ef80ef810000ffff800087ff0000ffff0000ffff15a415a4000f000519ec
818081ff0000ffff8c608c7f0000ffff15ae15ae0000ffff0009000b19ed
811381130000ffff40004fff0000ffff0000ffff005000500010000419f1
ef82ef820000ffff90009fff0000ffff0000ffff020202020010000419f2
8112811200007fff40007fff0000ffff0000ffff1e611e610011000219f3
ef83ef83600067ff571c571f0000ffff0000ffff0400ffff0015000e19f4
ef83ef8370007fff00007fff0000ffff138813890000ffff0014000119f9
ef90ef9f0000ffffec00edff0000ffff00a100a10000ffff000c000719fa
ef83ef836a006bff65e065ef0000ffff0000ffff0400ffff0017000c19fc
ec00edff0000ffff65f865ff0000ffff0000ffff020202020007000d19fe
ef90ef9f0000ffff660067ff0000ffff0000ffff00450045000c00071a01
efa0efbf0000ffff8c808cff0000ffff003500350000ffff000b00091a05
ee00eeff0000ffffeea0eeaf0000ffff008a008a0000ffff0008000c1a06
0c000c7f0000ffff138013bf0000ffff00a100a10000ffff0009000a1a1a
688068ff0000ffff8c008c3f0000ffff15ff15ff0000ffff0009000a1a1b
0c000c7f0000ffffdf00df7f0000ffff0000ffff00350035000900091a2f
10001fff0000ffff13e813eb0000ffff00a100a10000ffff0004000e1a39
0e000fff0000ffffafd0afdf0000ffff157c157c0000ffff0007000c1a3a
0e000fff0000ffff13c013df0000ffff0000ffff004500450007000b1a48
0e000fff0000ffffafe0afff0000ffff0000ffff04be04be0007000b1a49
0d000dff0000ffffafe0afff0000ffff001900190000ffff0008000b1a4b
0cd00cd0940095ff13c013df0000ffff0000ffff0000ffff0017000b1a50
6a006bff0000ffff65e065ef0000ffff0000ffff003500350007000c1a6e
ec00edff0000ffffeea0eeaf0000ffff0000ffff020202020007000c1a6f
ec00edff0000ffff65e065ef0000ffff0000ffff066e066e0007000c1a70
6842684200007fff8000ffff0000ffff0000ffff00450045001100011a72
68426842c000c7ffafccafcf0000ffff0000ffff0000ffff0015000e1a73
68426842c800cbff8c408c4f0000ffff0000ffff0400ffff0016000c1a85
81128112f800fbff5700570f0000ffff0000ffff0400ffff0016000c1a86
6842684200007fff8000bfff0000ffff0000ffff00350035001100021a87
688068ff0000ffff13f013ff0000ffff0000ffff001400170009000c1a88
6800683f0000ffff1300137f0000ffff001400140000ffff000a00091a8f
6800683f0000ffff8c008c3f0000ffff0000ffff006d006e000a000a1a94
684068410000ffff00000fff0000ffff005000500000ffff000f00041a95
6848684f0000ffff600063ff0000ffff0000ffff008f008f000d00061a96
8118811f0000ffff88008bff0000ffff0000ffff00890089000d00061a97
ef88ef8f0000ffff500053ff0000ffff0000ffff232b232b000d00061a98
684468470000ffff18001fff0000ffff0000ffff00450045000e00051a99
684468470000ffff800087ff0000ffff0000ffff00450045000e00051a9a
ef84ef870000ffff68006fff0000ffff0000ffff22ab22ab000e00051a9b
ef84ef870000ffffe000e7ff0000ffff0000ffff008f008f000e00051a9c
688068ff0000ffff8c008c3f0000ffff0000ffff059905990009000a1aa1
818081ff0000ffff8c008c3f0000ffff0000ffff008900890009000a1aa2
ef00ef7f0000ffffeec0eeff0000ffff0000ffff020202020009000a1aa3
690069ff0000ffff13c013df0000ffff0000ffff020202020008000b1aa5
800080ff0000ffff8c608c7f0000ffff0000ffff003500350008000b1aa6
68426842d000dfff65f465f70000ffff0000ffff0000ffff0014000e1aa7
600067ff0000ffff13e813eb0000ffff0000ffff020202020005000e1aa8
e000e7ff0000ffff8c5c8c5f0000ffff0000ffff001900190005000e1aa9
684068410000ffff70007fff0000ffff0000ffff00500050000f00041aaa
684068410000ffff90009fff0000ffff0000ffff00450045000f00041aab
ef80ef810000ffff70007fff0000ffff0000ffff02020202000f00041aac
ef80ef810000fffff000ffff0000ffff0000ffff02020202000f00041aad
684268428000bfff0000ffff0000ffff0000ffff232b232b001200001ab0
8118811f0000ffffd000d7ff0000ffff00a100a10000ffff000d00051ab1
8140817f0000ffffef00efff0000ffff0000ffff00870087000a00081ab3
efc0efff0000ffffef00efff0000ffff0000ffff00190019000a00081ab4
8120813f0000ffff220023ff0000ffff0000ffff00190019000b00071ab5
8120813f0000ffff8e008fff0000ffff0000ffff232b232b000b00071ab6
8100810f0000ffffec00edff0000ffff0000ffff008f008f000c00071ab7
ef90ef9f0000ffff8e008fff0000ffff0000ffff00450045000c00071ab8
ef90ef9f0000ffff660067ff0000ffff0000ffff00450045000c00071ab9
ef90ef9f0000ffff660067ff0000ffff0000ffff008b008b000c00071aba
840087ff0000ffffeeb0eeb70000ffff0000ffff008700870006000d1abd
e800ebff0000ffff8c508c570000ffff0000ffff007700770006000d1abe
e800ebff0000ffff65f865ff0000ffff0000ffff004500450006000d1abf
8140817f0000ffff578057ff0000ffff0000ffff00450045000a00091ac1
efc0efff0000ffff6500657f0000ffff0000ffff06bb06bb000a00091ac2
811281128000bfff00007fff0000ffff15ae15ae0000ffff001200011ac5
81128112fc00fdff5700570f0000ffff0000ffff0000ffff0017000c1ac8
8120813f0000ffff8d008dff0000ffff0000ffff02020202000b00081ac9
efa0efbf0000ffff640064ff0000ffff0000ffff00450045000b00081aca
ef83ef8340005fff0000ffff0000ffff0000ffff00350035001300001acc
ef84ef870000ffff88008bff0000ffff0000ffff006d006e000e00061ace
ef90ef9f0000ffff8e008fff0000ffff059905990000ffff000c00071ad0
e800ebff0000ffff65f865ff0000ffff15a415a40000ffff0006000d1ad2
e000e7ff0000ffff65f865ff0000ffff0000ffff004500450005000d1ad3
0cd00cd0900093ffdf80df9f0000ffff0000ffff0000ffff0016000b1ada
0cd80cdf0000ffff68006fff0000ffff0000ffff00450045000d00051adb
6848684f0000ffff18001fff0000ffff0000ffff00450045000d00051adc
8118811f0000ffff28002fff0000ffff0000ffff00350035000d00051add
ef88ef8f0000ffff58005fff0000ffff0000ffff1b581b58000d00051ade
0cc00ccf0000ffff140017ff0000ffff0000ffff00a200a2000c00061aea
0cc00ccf0000ffffa800abff0000ffff0000ffff02020202000c00061aeb
6850685f0000ffff600063ff0000ffff0000ffff00190019000c00061aec
ef90ef9f0000ffff500053ff0000ffff0000ffff06bb06bb000c00061aed
ef90ef9f0000ffff88008bff0000ffff0000ffff00190019000c00061aee
0cd00cd0a000bfffdfa8dfab0000ffff0000ffff0400ffff0013000e1afd
68426842e000ffff8c5c8c5f0000ffff0000ffff0400ffff0013000e1afe
81128112c000dfff571c571f0000ffff0000ffff0400ffff0013000e1aff
0cd80cdf0000ffff18001fff0000ffff066d066e0000ffff000d00051b10
0cd00cd098009fff13f013ff0000ffff0000ffff0400ffff0015000c1b11
0cd00cd000007fff8000ffff0000ffff006d006e0000ffff001100011b12
8112811200007fff8000ffff0000ffff066d066e0000ffff001100011b13
0cd10cd10000ffff40007fff0000ffff0000ffff00450045001000021b2a
811381130000ffff8000bfff0000ffff0000ffff00450045001000021b2b
811381130000ffff8000bfff0000ffff0000ffff00450045001000021b2c
ef82ef820000ffff40007fff0000ffff0000ffff00190019001000021b2d
0e000fff0000ffffafe0afff0000ffff0000ffff232b232b0007000b1b30
6a006bff0000ffff13c013df0000ffff0000ffff008f008f0007000b1b31
6a006bff0000ffff65c065df0000ffff0000ffff008900890007000b1b32
0cd00cd098009fffafc0afc70000ffff0000ffff0000ffff0015000d1b3c
ef83ef83600067ff8c508c570000ffff0000ffff0000ffff0015000d1b3d
0c000c7f0000ffff1300137f0000ffff0000ffff15861586000900091b3e
ef00ef7f0000ffff6500657f0000ffff0000ffff02020202000900091b3f
684468470000ffff30003fff0000ffff0000ffff00350035000e00041b40
6860687f0000ffffac00adff0000ffff0000ffff00450045000b00071b4b
8120813f0000ffff8e008fff0000ffff0000ffff00710071000b00071b4c
efa0efbf0000ffff660067ff0000ffff0000ffff00350035000b00071b4d
68426842d000dfff0000ffff0000ffff001400170000ffff001400001b61
600067ff0000ffff8c508c570000ffff0000ffff071407150005000d1b63
6850685f0000ffff800087ff0000ffff0000ffff00450045000c00051b65
690069ff0000ffff8c008c3f0000ffff0000ffff003500350008000a1b6c
690069ff0000ffff658065bf0000ffff0000ffff004500450008000a1b6d
690069ff0000ffff138013bf0000ffff0000ffff004500450008000a1b6e
690069ff0000ffff658065bf0000ffff0000ffff001900190008000a1b6f
ee00eeff0000ffff658065bf0000ffff0000ffff020202020008000a1b70
68426842e000ffff13e813eb0000ffff0000ffff0000ffff0013000e1b71
81128112c000dfff8c5c8c5f0000ffff0000ffff0000ffff0013000e1b72
ef83ef8340005fff8c5c8c5f0000ffff0000ffff0000ffff0013000e1b73
600067ff0000ffff8c508c570000ffff0000ffff004500450005000d1b7d
88008fff0000ffff8c508c570000ffff0000ffff004500450005000d1b7e
e000e7ff0000ffff65f865ff0000ffff0000ffff01f401f40005000d1b7f
e000e7ff0000ffff65f865ff0000ffff0000ffff232b232b0005000d1b80
6850685f0000ffff100011ff0000ffff006d006e0000ffff000c00071b81
ef90ef9f0000ffff540055ff0000ffff006d006e0000ffff000c00071b82
6842684200007fff00007fff0000ffff0000ffff00a200a2001100011b83
6c006fff0000ffff65f865ff0000ffff0000ffff006d006e0006000d1b84
6800683f0000ffff640064ff0000ffff0000ffff00500050000a00081b85
efc0efff0000ffff640064ff0000ffff0000ffff00450045000a00081b86
811081110000ffff40007fff0000ffff0000ffff00350035000f00021b8e
e800ebff0000ffff8c408c4f0000ffff0000ffff232b232b0006000c1b90
e800ebff0000ffff65e065ef0000ffff0000ffff008900890006000c1b91
ef83ef836a006bff8c008c3f0000ffff0000ffff0400ffff0017000a1b92
efa0efbf0000ffff600063ff0000ffff0000ffff00450045000b00061b93
ee00eeff0000ffff8c608c7f0000ffff0000ffff066d066e0008000b1b96
ef80ef810000fffff000ffff0000ffff066d066e0000ffff000f00041b98
efc0efff0000ffffec00edff0000ffff0000ffff05990599000a00071b99
0cd00cd080008fffafc0afc70000ffff0000ffff0000ffff0014000d1bcb
00003fff0000ffffafccafcf0000ffff0000ffff020202020002000e1bd5
0d000dff0000ffff640064ff0000ffff001900190000ffff000800081be9
ee00eeff0000ffff640064ff0000ffff059905990000ffff000800081bea
0e000fff0000ffffaf80afbf0000ffff0000ffff232b232b0007000a1beb
6a006bff0000ffffaf80afbf0000ffff0000ffff15ff15ff0007000a1bec
6a006bff0000ffff658065bf0000ffff0000ffff157c157c0007000a1bed
820083ff0000ffffeec0eeff0000ffff0000ffff005000500007000a1bee
0cd10cd10000ffff00007fff0000ffff0000ffff02020202001000011bf1
ef82ef820000ffff00007fff0000ffff0000ffff01f401f4001000011bf2
000007ff0000ffffafe0afff0000ffff0000ffff232b232b0005000b1bf3
0ce00cff0000ffff600063ff0000ffff001900190000ffff000b00061bf5
0c000c7f0000ffffae00aeff0000ffff0000ffff232b232b000900081bf7
08000bff0000ffffaf80afbf0000ffff003500350000ffff0006000a1bfb
e800ebff0000ffffeec0eeff0000ffff005000500000ffff0006000a1bfc
6848684f0000ffffb000bfff0000ffff0000ffff00450045000d00041c00
6848684f0000ffff00000fff0000ffff0000ffff02020202000d00041c01
ef88ef8f0000fffff000ffff0000ffff0000ffff13881388000d00041c02
ef88ef8f0000fffff000ffff0000ffff0000ffff008f008f000d00041c03
690069ff0000ffffaf00af7f0000ffff0000ffff01bd01bd000800091c04
68426842c800cbff65c065df0000ffff0000ffff0000ffff0016000b1c05
600067ff0000ffff8c408c4f0000ffff00a100a10000ffff0005000c1c0b
6c006fff0000ffff8c008c3f0000ffff0000ffff004500450006000a1c0c
600067ff0000ffff8c408c4f0000ffff0000ffff232b232b0005000c1c0d
e000e7ff0000ffff8c408c4f0000ffff0000ffff18ca18ca0005000c1c0e
68426842c800cbff8c008c3f0000ffff0000ffff0000ffff0016000a1c0f
68426842e000ffff65f865ff0000ffff0000ffff0000ffff0013000d1c11
600067ff0000ffff65f465f70000ffff0000ffff001400170005000e1c12
6850685f0000ffff800087ff0000ffff0000ffff232b232b000c00051c1c
ef90ef9f0000ffff800087ff0000ffff0000ffff00350035000c00051c1d
684468470000ffff00001fff0000ffff0000ffff01f401f4000e00031c23
70007fff0000ffff8c508c570000ffff0000ffff005000500004000d1c25
6a006bff0000ffff8c808cff0000ffff0000ffff00500050000700091c29
840087ff0000ffff20c020df0000ffff0000ffff066e066e0006000b1c2a
840087ff0000ffff8c608c7f0000ffff0000ffff003500350006000b1c2b
e800ebff0000ffff8c608c7f0000ffff0000ffff020202020006000b1c2c
a000bfff0000ffff8c5c8c5f0000ffff158615860000ffff0003000e1c30
811281128000bfff571c571f0000ffff0000ffff0400ffff0012000e1c31
88008fff0000ffff571057170000ffff0000ffff001400150005000d1c34
a000bfff0000ffff8c5c8c5f0000ffff0000ffff020202020003000e1c39
efc0efff0000ffff8e008fff0000ffff0000ffff00150015000a00071c3f
efc0efff0000ffff660067ff0000ffff0000ffff00450045000a00071c40
ef80ef810000ffff40007fff0000ffff0000ffff00450045000f00021c41
efa0efbf0000ffffe800ebff0000ffff0000ffff00450045000b00061c43
ef83ef836a006bff8c008c3f0000ffff0000ffff0000ffff0017000a1c49
0e000fff0000ffffdf00df7f0000ffff0000ffff066d066e000700091c4a
0ce00cff0000ffff68006fff0000ffff0000ffff13881388000b00051c55
6860687f0000ffff68006fff0000ffff0000ffff232b232b000b00051c56
efa0efbf0000ffff68006fff0000ffff0000ffff00350035000b00051c57
000007ff0000ffffafe0afff0000ffff0000ffff003500350005000b1c63
e000e7ff0000ffff8c608c7f0000ffff0000ffff020202020005000b1c64
0d000dff0000ffffaf80afbf0000ffff001400170000ffff0008000a1c6c
0cd00cd000007fffafccafcf0000ffff0000ffff0400ffff0011000e1c7d
0cd00cd0c000ffff13e013e70000ffff0000ffff0000ffff0012000d1c84
0cd40cd70000ffffa000bfff0000ffff0000ffff006d006e000e00031c96
6848684f0000ffff60007fff0000ffff0000ffff00450045000d00031ca2
688068ff0000ffffac00adff0000ffff0000ffff1b3a1b3a000900071cac
688068ff0000ffff8e008fff0000ffff0000ffff02020202000900071cad
6c006fff0000ffff138013bf0000ffff0000ffff005000500006000a1cb3
840087ff0000ffff208020bf0000ffff0000ffff004500450006000a1cb4
6850685f0000ffff90009fff0000ffff0000ffff1a2b1a2b000c00041cb8
70007fff0000ffff13f013ff0000ffff0000ffff007700770004000c1cbb
684268428000bfff8c5c8c5f0000ffff0000ffff0000ffff0012000e1cbf
6800683f0000ffff140017ff0000ffff0000ffff00350035000a00061cc1
690069ff0000ffff120012ff0000ffff0000ffff18ca18ca000800081cc5
690069ff0000ffff640064ff0000ffff0000ffff00350035000800081cc6
ee00eeff0000ffff640064ff0000ffff0000ffff00500050000800081cc7
68426842e000ffff65e065ef0000ffff0400ffff0000ffff0013000c1cc8
70007fff0000ffff8c608c7f0000ffff0000ffff020202020004000b1cce
68426842e000ffff13f013ff0000ffff0000ffff0400ffff0013000c1ccf
40007fff0000ffff8c5c8c5f0000ffff0000ffff001600160002000e1cd1
40007fff0000ffff8c5c8c5f0000ffff0000ffff003500350002000e1cd2
8000bfff0000ffff20f420f70000ffff0000ffff003500350002000e1cd3
c000ffff0000ffff8c5c8c5f0000ffff0000ffff003500350002000e1cd4
c000ffff0000ffff8c5c8c5f0000ffff0000ffff1e611e610002000e1cd5
40005fff0000ffff8c508c570000ffff0000ffff003500350003000d1cd6
a000bfff0000ffffdfa0dfa70000ffff0000ffff001900190003000d1cd7
68426842d000dfff8c408c4f0000ffff0000ffff0000ffff0014000c1cd8
81128112e000efff8c408c4f0000ffff0000ffff0000ffff0014000c1cd9
ef83ef8370007fff5700570f0000ffff0000ffff0000ffff0014000c1cda
6800683f0000ffff800087ff0000ffff0000ffff00500050000a00051cdb
820083ff0000ffff8c808cff0000ffff0000ffff232b232b000700091cdc
811481170000ffff00003fff0000ffff00a100a10000ffff000e00021cdf
820083ff0000ffff8d008dff0000ffff0000ffff00500050000700081ce0
81128112f800fbff8c808cff0000ffff0000ffff0400ffff001600091ce1
811281128000bfff20f820ff0000ffff0000ffff0400ffff0012000d1ce2
81128112fc00fdffee00ee7f0000ffff0000ffff0000ffff001700091ce6
8120813f0000fffff000ffff0000ffff0000ffff00500050000b00041ce8
8000bfff0000ffffeeb0eeb70000ffff0000ffff008900890002000d1cec
ef83ef838000ffffeebceebf0000ffff0000ffff0000ffff0011000e1cef
ef83ef8370007fffee80ee9f0000ffff0000ffff0400ffff0014000b1cf2
ef83ef836c006fff658065bf0000ffff0000ffff0000ffff0016000a1cf3
ef88ef8f0000ffff40007fff0000ffff001900190000ffff000d00021cf6
ef88ef8f0000ffff40007fff0000ffff160016000000ffff000d00021cf7
8000ffff0000ffff65f465f70000ffff0000ffff001600160001000e1cf9
ef83ef838000ffff0000ffff0000ffff001400150000ffff001100001cfa
ef82ef820000ffff0000ffff0000ffff0000ffff00450045001000001cfb
e000e7ff0000ffffee80ee9f0000ffff004500450000ffff0005000b1cfc
ef83ef83600067ff65c065df0000ffff0000ffff0000ffff0015000b1cff
0cd00cd0c000ffffdfa0dfa70000ffff0000ffff0000ffff0012000d1d05
0d000dff0000ffffdc00ddff0000ffff0000ffff00190019000800071d11
0cd00cd0a000bfff13c013df0000ffff0000ffff0400ffff0013000b1d17
81128112c000dfff5720573f0000ffff0000ffff0400ffff0013000b1d18
0cc00ccf0000ffffa000bfff0000ffff00a100a10000ffff000c00031d1b
ef90ef9f0000ffff60007fff0000ffff003500350000ffff000c00031d1c
00007fff0000ffffafc0afc70000ffff0000ffff22ab22ab0001000d1d39
000007ff0000ffffaf80afbf0000ffff0000ffff020c020c0005000a1d3a
88008fff0000ffff8c008c3f0000ffff0000ffff059905990005000a1d3b
68426842ce00cfff660067ff0000ffff0000ffff0400ffff001700071d3c
40005fff0000ffff20c020df0000ffff0000ffff020202020003000b1d3d
684268428000bfff65e065ef0000ffff0000ffff0400ffff0012000c1d40
811281128000bfff20e020ef0000ffff0000ffff0400ffff0012000c1d41
6a006bff0000ffff120012ff0000ffff0000ffff00450045000700081d48
6a006bff0000ffff8d008dff0000ffff0000ffff15861586000700081d49
ec00edff0000ffff8d008dff0000ffff0000ffff02020202000700081d4a
6c006fff0000ffff8c808cff0000ffff0000ffff02020202000600091d4b
6c006fff0000ffff8c808cff0000ffff0000ffff00500050000600091d4c
840087ff0000ffff578057ff0000ffff0000ffff00190019000600091d4d
690069ff0000ffff88008bff0000ffff0000ffff02020202000800061d4e
684368430000ffff8c5c8c5f0000ffff0000ffff0400ffff0010000e1d4f
68426842c000c7ff1300137f0000ffff0000ffff0400ffff001500091d50
684468470000ffff8000ffff0000ffff0000ffff00450045000e00011d51
70007fff0000ffff13c013df0000ffff01f401f40000ffff0004000b1d52
f000ffff0000ffff65c065df0000ffff160016000000ffff0004000b1d53
68426842ce00cfff120012ff0000ffff0000ffff0000ffff001700081d68
6848684f0000ffff40007fff0000ffff0000ffff232b232b000d00021d6f
68426842e000ffff13f013ff0000ffff0000ffff0000ffff0013000c1d70
6800683f0000ffff18001fff0000ffff004500450000ffff000a00051d71
811081110000ffff0000ffff0000ffff059905990000ffff000f00001d75
ef80ef810000ffff0000ffff0000ffff003500350000ffff000f00001d76
818081ff0000ffffe800ebff0000ffff0000ffff02020202000900061d7a
ef00ef7f0000ffffe800ebff0000ffff0000ffff00450045000900061d7b
a000bfff0000ffff8c408c4f0000ffff15a415a40000ffff0003000c1d7c
800080ff0000ffffec00edff0000ffff003500350000ffff000800071d7f
840087ff0000ffff8c808cff0000ffff059905990000ffff000600091d84
f000ffff0000ffff8c608c7f0000ffff0000ffff00a200a20004000b1d86
efc0efff0000ffff70007fff0000ffff0000ffff00710071000a00041d87
c000ffff0000ffff8c508c570000ffff0000ffff003500350002000d1d8a
efa0efbf0000fffff000ffff0000ffff0000ffff00450045000b00041d8b
ef83ef836c006fff6500657f0000ffff0000ffff0000ffff001600091d8d
f000ffff0000ffff65e065ef0000ffff0000ffff001400150004000c1d8e
00007fff0000ffffdfa0dfa70000ffff0000ffff007700770001000d1d8f
00007fff0000ffffafc0afc70000ffff0000ffff159a159a0001000d1d90
00007fff0000ffff8c508c570000ffff0000ffff004500450001000d1d91
10001fff0000ffffdfc0dfff0000ffff0000ffff066d066d0004000a1d93
90009fff0000ffff8c008c3f0000ffff0000ffff020202020004000a1d94
f000ffff0000ffffeec0eeff0000ffff0000ffff232b232b0004000a1d95
f000ffff0000ffff658065bf0000ffff0000ffff09f509f50004000a1d96
0e000fff0000ffffa800abff0000ffff0000ffff80068006000700061daa
0c800cbf0000ffff60007fff0000ffff0000ffff00450045000a00031db4
0cd00cd0c000ffff13c013df0000ffff0000ffff0400ffff0012000b1dba
0cd20cd30000ffffafccafcf0000ffff0000ffff0400ffff000f000e1dcb
811081110000ffffeebceebf0000ffff0000ffff0400ffff000f000e1dcc
00003fff0000ffff65e065ef0000ffff0000ffff004500450002000c1dcd
40007fff0000ffff13f013ff0000ffff0000ffff066e066e0002000c1dce
8000bfff0000ffff5700570f0000ffff0000ffff005000500002000c1dcf
8000bfff0000ffffeea0eeaf0000ffff0000ffff22ab22ab0002000c1dd0
c000ffff0000ffff65e065ef0000ffff0000ffff003500350002000c1dd1
0cd00cd098009fff120012ff0000ffff0000ffff0000ffff001500081dd8
0d000dff0000ffffa800abff0000ffff0000ffff00450045000800061dd9
ee00eeff0000ffff88008bff0000ffff0000ffff00190019000800061dda
ee00eeff0000ffff600063ff0000ffff0000ffff00450045000800061ddb
0cd00cd0a000bfffaf80afbf0000ffff0000ffff0000ffff0013000a1de1
6800683f0000ffff30003fff0000ffff0000ffff00450045000a00041de6
0000ffff0000ffffdfa8dfab0000ffff0000ffff004500450000000e1de7
0000ffff0000ffffdfa8dfab0000ffff0000ffff020202020000000e1de8
0000ffff0000ffffdfa8dfab0000ffff0000ffff020202020000000e1de9
6a006bff0000ffff8e008fff0000ffff0000ffff00190019000700071df1
6a006bff0000ffff8e008fff0000ffff0000ffff02020202000700071df2
684368430000ffff65f465f70000ffff0000ffff0000ffff0010000e1df4
68426842d000dfff1300137f0000ffff0000ffff0400ffff001400091df5
70007fff0000ffff8c808cff0000ffff0000ffff1a2b1a2b000400091e02
6c006fff0000ffff8d008dff0000ffff0000ffff00450045000600081e03
e800ebff0000ffff8d008dff0000ffff0000ffff066d066d000600081e04
600067ff0000ffff1300137f0000ffff0000ffff232b232b000500091e05
688068ff0000ffff90009fff0000ffff00a100a10000ffff000900041e08
684268428000bfff8c408c4f0000ffff0000ffff0000ffff0012000c1e0a
6c006fff0000ffff8d008dff0000ffff005000500000ffff000600081e0f
688068ff0000ffff18001fff0000ffff0000ffff02020202000900051e11
688068ff0000ffff68006fff0000ffff0000ffff00450045000900051e12
688068ff0000ffff18001fff0000ffff0000ffff02020202000900051e13
688068ff0000ffff68006fff0000ffff0000ffff00500050000900051e14
ef00ef7f0000ffff68006fff0000ffff0000ffff00450045000900051e15
40005fff0000ffff65c065df0000ffff0000ffff020202020003000b1e16
00007fff0000ffff8c408c4f0000ffff0000ffff066d066d0001000c1e17
ef83ef838000ffff5700570f0000ffff0000ffff0400ffff0011000c1e1f
ef83ef8370007fff8c008c3f0000ffff0000ffff0000ffff0014000a1e21
efc0efff0000ffff60007fff0000ffff00a100a10000ffff000a00031e22
ef83ef838000ffff65f865ff0000ffff0000ffff0000ffff0011000d1e23
ef83ef83600067ff640064ff0000ffff0000ffff0400ffff001500081e24
e000e7ff0000ffff8c808cff0000ffff00a100a10000ffff000500091e25
ef83ef836c006fff660067ff0000ffff0000ffff0400ffff001600071e27
ef82ef820000ffffeeb0eeb70000ffff0400ffff0000ffff0010000d1e2a
0d000dff0000ffff70007fff0000ffff158615860000ffff000800041e32
0d000dff0000ffffb000bfff0000ffff15ae15ae0000ffff000800041e33
08000bff0000ffffac00adff0000ffff0000ffff00450045000600071e51
e800ebff0000ffff540055ff0000ffff0000ffff02020202000600071e52
e800ebff0000ffff660067ff0000ffff0000ffff232b232b000600071e53
00003fff0000ffffafe0afff0000ffff0000ffff004500450002000b1e58
40007fff0000ffff13c013df0000ffff0000ffff020202020002000b1e59
c000ffff0000ffff65c065df0000ffff0000ffff005000500002000b1e5a
0cd80cdf0000ffff0000ffff0000ffff0000ffff02020202000d00001e5b
0e000fff0000ffff140017ff0000ffff0000ffff02020202000700061e6e
ec00edff0000ffff600063ff0000ffff0000ffff00450045000700061e6f
6800683f0000ffffa000bfff0000ffff0000ffff06bb06bb000a00031e72
efc0efff0000ffffe000ffff0000ffff0000ffff02020202000a00031e73
40007fff0000ffffaf80afbf0000ffff005000500000ffff0002000a1e76
684268428000bfffaf80afbf0000ffff0000ffff0400ffff0012000a1e79
684268428000bfff8c008c3f0000ffff0000ffff0400ffff0012000a1e7a
6860687f0000ffff8000bfff0000ffff0000ffff05990599000b00021e7b
8120813f0000ffff40007fff0000ffff0000ffff00500050000b00021e7c
68426842ce00cfff65f465f70000ffff0000ffff0000ffff0017000e1e7d
68426842ce00cfff13e813eb0000ffff0000ffff0000ffff0017000e1e7e
81128112fc00fdff571c571f0000ffff0000ffff0000ffff0017000e1e7f
ef83ef836a006bff8c5c8c5f0000ffff0000ffff0000ffff0017000e1e80
ef83ef836a006bffeebceebf0000ffff0000ffff0000ffff0017000e1e81
690069ff0000ffff800087ff0000ffff0000ffff00710071000800051e85
ee00eeff0000ffffe000e7ff0000ffff0000ffff00450045000800051e86
684068410000ffff13e013e70000ffff0000ffff0400ffff000f000d1e87
ef80ef810000ffff65f865ff0000ffff0000ffff0400ffff000f000d1e88
ef80ef810000ffffeeb0eeb70000ffff0000ffff0400ffff000f000d1e89
684468470000ffff8c5c8c5f0000ffff0000ffff0400ffff000e000e1e97
ef84ef870000ffffeebceebf0000ffff0000ffff0400ffff000e000e1e98
6c006fff0000ffff640064ff0000ffff0000ffff066d066e000600081e9a
6850685f0000ffff8000ffff0000ffff0000ffff05990599000c00011e9b
600067ff0000ffff8d008dff0000ffff0000ffff02020202000500081e9c
688068ff0000ffff90009fff0000ffff01bb01bb0000ffff000900041e9d
40007fff0000ffff138013bf0000ffff0000ffff005000500002000a1e9f
6c006fff0000ffff600063ff0000ffff0000ffff04be04be000600061ea0
68426842c800cbff100011ff0000ffff0000ffff0000ffff001600071ea3
a000bfff0000ffff208020bf0000ffff0000ffff004500450003000a1ea4
a000bfff0000ffff5740577f0000ffff0000ffff005000500003000a1ea5
c000dfff0000ffff5740577f0000ffff0000ffff232b232b0003000a1ea6
0000ffff0000ffffdfb0dfbf0000ffff0000ffff001900190000000c1ea7
8000bfff0000ffffeea0eeaf0000ffff0000ffff071407150002000c1ea8
c000ffff0000ffff5700570f0000ffff0000ffff071407150002000c1ea9
8000ffff0000ffff5700570f0000ffff0000ffff020202020001000c1eaa
811081110000ffff8c5c8c5f0000ffff0000ffff0000ffff000f000e1ead
ef83ef83600067ffec00edff0000ffff0000ffff0400ffff001500071eb2
ef83ef8340005fff658065bf0000ffff0000ffff0000ffff0013000a1ebb
e800ebff0000ffff660067ff0000ffff001900190000ffff000600071ec0
f000ffff0000ffffee00ee7f0000ffff0000ffff1e611e61000400091ec2
f000ffff0000ffff8c808cff0000ffff0000ffff159a159a000400091ec3
0000ffff0000ffffdfa0dfa70000ffff0000ffff020202020000000d1ec4
ef82ef820000ffff8c508c570000ffff0000ffff0000ffff0010000d1eca
0cd00cd080008fff660067ff0000ffff0400ffff0000ffff001400071ed1
0cd80cdf0000ffff13e813eb0000ffff0000ffff0400ffff000d000e1ed2
0cd80cdf0000ffff65f465f70000ffff0000ffff0400ffff000d000e1ed3
0cd00cd0900093ff65f465f70000ffff0000ffff0000ffff0016000e1ed7
68426842c800cbff8c5c8c5f0000ffff0000ffff0000ffff0016000e1ed8
68426842c800cbff13e813eb0000ffff0000ffff0000ffff0016000e1ed9
ef83ef836c006fff65f465f70000ffff0000ffff0000ffff0016000e1eda
0cd40cd70000ffff65f465f70000ffff0000ffff0000ffff000e000e1edb
0cd20cd30000ffffdfb0dfbf0000ffff0000ffff0400ffff000f000c1ee3
811081110000ffff20e020ef0000ffff0000ffff0400ffff000f000c1ee4
0c000c7f0000ffffa000bfff0000ffff160016000000ffff000900031eed
08000bff0000ffffa000a7ff0000ffff0000ffff00a100a1000600051ef2
0cd00cd0c000ffff6500657f0000ffff0000ffff0400ffff001200091ef4
0cd00cd0900093ffa000a7ff0000ffff0000ffff0000ffff001600051efa
0cd00cd098009fffac00adff0000ffff0000ffff0000ffff001500071efc
0d000dff0000ffff70007fff0000ffff0000ffff05990599000800041efd
690069ff0000ffff70007fff0000ffff0000ffff00500050000800041efe
68426842ce00cfffafc0afc70000ffff0000ffff0000ffff0017000d1f10
68426842ce00cfff65f865ff0000ffff0000ffff0000ffff0017000d1f11
81128112fc00fdff8c508c570000ffff0000ffff0000ffff0017000d1f12
81128112fc00fdff20f820ff0000ffff0000ffff0000ffff0017000d1f13
ef83ef836a006bffeeb0eeb70000ffff0000ffff0000ffff0017000d1f14
6a006bff0000ffff800087ff0000ffff0000ffff00350035000700051f1d
820083ff0000ffff28002fff0000ffff0000ffff00450045000700051f1e
ec00edff0000ffff800087ff0000ffff0000ffff00710071000700051f1f
68426842e000ffff8d008dff0000ffff0400ffff0000ffff001300081f23
6c006fff0000ffff140017ff0000ffff00a100a10000ffff000600061f24
0000ffff0000ffffdfb0dfbf0000ffff0000ffff007700770000000c1f27
68426842ce00cfff90009fff0000ffff0400ffff0000ffff001700041f2a
00007fff0000ffff8c008c3f0000ffff0000ffff020202020001000a1f2c
40007fff0000ffff8c808cff0000ffff0000ffff00a100a1000200091f2e
6a006bff0000ffff18001fff0000ffff059905990000ffff000700051f2f
a000bfff0000ffffee00ee7f0000ffff0000ffff02020202000300091f30
8000bfff0000ffff208020bf0000ffff0000ffff15a415a40002000a1f31
c000ffff0000ffff8c008c3f0000ffff0000ffff004500450002000a1f32
840087ff0000ffff500053ff0000ffff0000ffff00450045000600061f38
e800ebff0000ffff600063ff0000ffff0000ffff00190019000600061f39
e000e7ff0000ffff8e008fff0000ffff0000ffff00450045000500071f3c
ef00ef7f0000ffffe000ffff0000ffff0000ffff00890089000900031f42
0cd80cdf0000ffffdfa8dfab0000ffff0000ffff0000ffff000d000e1f44
6848684f0000ffff8c5c8c5f0000ffff0000ffff0000ffff000d000e1f45
000007ff0000ffff18001fff0000ffff0000ffff232b232b000500051f4e
10001fff0000ffffdc00ddff0000ffff0000ffff008f008f000400071f59
70007fff0000ffff8e008fff0000ffff0000ffff02020202000400071f5a
90009fff0000ffff8e008fff0000ffff0000ffff02020202000400071f5b
f000ffff0000ffff8e008fff0000ffff0000ffff18ca18ca000400071f5c
0cd40cd70000ffffafd0afdf0000ffff0000ffff0400ffff000e000c1f5d
0cd40cd70000ffff13f013ff0000ffff0000ffff0400ffff000e000c1f5e
684468470000ffff8c408c4f0000ffff0000ffff0400ffff000e000c1f5f
684468470000ffff13f013ff0000ffff0000ffff0400ffff000e000c1f60
811481170000ffff8c408c4f0000ffff0000ffff0400ffff000e000c1f61
0cd00cd098009fff13e813eb0000ffff0000ffff0000ffff0015000e1f62
0cd00cd098009fff65f465f70000ffff0000ffff0000ffff0015000e1f63
81128112f000f7ff8c5c8c5f0000ffff0000ffff0000ffff0015000e1f64
81128112f000f7ff571c571f0000ffff0000ffff0000ffff0015000e1f65
20003fff0000ffff660067ff0000ffff0000ffff00160016000300071f6a
0cd00cd0c000ffff120012ff0000ffff0000ffff0400ffff001200081f6d
0cd00cd0c000ffffae00aeff0000ffff0000ffff0400ffff001200081f6e
0cd00cd098009fffa800abff0000ffff0000ffff0000ffff001500061f7b
6850685f0000ffffafccafcf0000ffff0000ffff0000ffff000c000e1f82
684068410000ffff65c065df0000ffff0000ffff0000ffff000f000b1f8d
811081110000ffff20c020df0000ffff0000ffff0000ffff000f000b1f8e
6842684200007fff8c808cff0000ffff0000ffff0400ffff001100091f8f
6850685f0000ffff8c5c8c5f0000ffff0000ffff0400ffff000c000e1f90
40005fff0000ffff8d008dff0000ffff0000ffff00450045000300081f91
68426842d000dfff140017ff0000ffff0000ffff0000ffff001400061f92
684268428000bfff8d008dff0000ffff0000ffff0000ffff001200081f93
6c006fff0000ffff18001fff0000ffff0000ffff00500050000600051f94
6c006fff0000ffff800087ff0000ffff0000ffff00190019000600051f95
68426842c800cbff8c508c570000ffff0000ffff0000ffff0016000d1f98
81128112f800fbff20f820ff0000ffff0000ffff0000ffff0016000d1f99
81128112f800fbffeeb0eeb70000ffff0000ffff0000ffff0016000d1f9a
ef83ef836c006fffeeb0eeb70000ffff0000ffff0000ffff0016000d1f9b
ef83ef836c006fff8c508c570000ffff0000ffff0000ffff0016000d1f9c
ef83ef836c006fff65f865ff0000ffff0000ffff0000ffff0016000d1f9d
0000ffff0000ffffdf80df9f0000ffff0000ffff004500450000000b1fa0
0000ffff0000ffffdf80df9f0000ffff0000ffff232b232b0000000b1fa1
688068ff0000ffff00003fff0000ffff0000ffff00450045000900021fa2
6a006bff0000ffff90009fff0000ffff0000ffff02020202000700041fa3
6a006bff0000ffff00000fff0000ffff0000ffff04be04be000700041fa4
820083ff0000ffff30003fff0000ffff0000ffff00190019000700041fa5
ec00edff0000ffff70007fff0000ffff0000ffff00450045000700041fa6
6848684f0000ffff8c508c570000ffff0000ffff0400ffff000d000d1fa7
684468470000ffff8c408c4f0000ffff0000ffff0000ffff000e000c1fa8
00007fff0000ffff8c008c3f0000ffff158615860000ffff0001000a1fa9
8000bfff0000ffff2000207f0000ffff0000ffff066e066e000200091fad
811281128000bfff2000207f0000ffff0000ffff0000ffff001200091fae
90009fff0000ffff88008bff0000ffff0000ffff00450045000400061faf
88008fff0000ffff500053ff0000ffff0000ffff00350035000500061fb0
811481170000ffffeeb0eeb70000ffff0000ffff0000ffff000e000d1fb8
ec00edff0000ffffe000ffff0000ffff0000ffff232b232b000700031fba
ef88ef8f0000ffff65f865ff0000ffff0000ffff0000ffff000d000d1fbb
efa0efbf0000ffff0000ffff0000ffff0000ffff00500050000b00001fbd
ef83ef8370007fffec00edff0000ffff0000ffff0000ffff001400071fbe
8000ffff0000ffff658065bf0000ffff0000ffff232b232b0001000a1fbf
ef83ef836a006bff60007fff0000ffff0000ffff0000ffff001700031fc0
000007ff0000ffffa000a7ff0000ffff0000ffff00500050000500051fca
600067ff0000ffff68006fff0000ffff0000ffff15ae15ae000500051fcb
e000e7ff0000ffff58005fff0000ffff0000ffff02020202000500051fcc
0cd00cd080008fffafccafcf0000ffff0000ffff0000ffff0014000e1fcd
68426842d000dfffafccafcf0000ffff0000ffff0000ffff0014000e1fce
ef83ef8370007fff65f465f70000ffff0000ffff0000ffff0014000e1fcf
0cd00cd0940095ff00001fff0000ffff0000ffff0000ffff001700031fd6
0cd00cd0a000bfff660067ff0000ffff0000ffff0000ffff001300071fe3
81128112c000dfff8e008fff0000ffff0000ffff0000ffff001300071fe4
ef83ef8340005fff660067ff0000ffff0000ffff0000ffff001300071fe5
0cd00cd098009fffafc0afc70000ffff0000ffff0000ffff0015000d1fe6
68426842c000c7ff65f865ff0000ffff0000ffff0000ffff0015000d1fe7
81128112f000f7ff8c508c570000ffff0000ffff0000ffff0015000d1fe8
81128112f000f7ffeeb0eeb70000ffff0000ffff0000ffff0015000d1fe9
0cd00cd080008fffa000a7ff0000ffff0000ffff0000ffff001400051fea
0cd00cd0940095ff8000bfff0000ffff0000ffff0000ffff001700021feb
0cd20cd30000ffff65c065df0000ffff0000ffff0000ffff000f000b1fec
0cc00ccf0000ffffafc0afc70000ffff0000ffff0000ffff000c000d1fed
ef90ef9f0000ffff65f865ff0000ffff0000ffff0000ffff000c000d1fee
0c800cbf0000ffff0000ffff0000ffff0000ffff00190019000a00001ff0
00003fff0000ffff640064ff0000ffff0000ffff159a159a000200081ff7
40007fff0000ffff8d008dff0000ffff0000ffff1e611e61000200081ff8
40007fff0000ffff8d008dff0000ffff0000ffff00500050000200081ff9
40007fff0000ffff120012ff0000ffff0000ffff00450045000200081ffa
8000bfff0000ffffef00efff0000ffff0000ffff00450045000200081ffb
c000ffff0000ffff640064ff0000ffff0000ffff05990599000200081ffc
c000ffff0000ffff8d008dff0000ffff0000ffff00450045000200081ffd
00007fff0000ffffaf00af7f0000ffff0000ffff02020202000100092003
00007fff0000ffff8c808cff0000ffff0000ffff008b008b000100092004
00007fff0000ffff8c808cff0000ffff0000ffff00190019000100092005
684468470000ffff20c020df0000ffff0000ffff0400ffff000e000b2006
68426842ce00cfffafe0afff0000ffff0000ffff0000ffff0017000b200c
68426842c800cbff8c408c4f0000ffff0000ffff0000ffff0016000c2019
ef83ef836c006fff8c408c4f0000ffff0000ffff0000ffff0016000c201a
ef83ef836c006fff65e065ef0000ffff0000ffff0000ffff0016000c201b
70007fff0000ffff88008bff0000ffff0000ffff0045004500040006201c
68426842d000dfff800087ff0000ffff0000ffff0400ffff00140005201f
818081ff0000ffff8000ffff0000ffff0000ffff00500050000900012020
8100810f0000ffff20f820ff0000ffff0000ffff0400ffff000c000d2021
ef90ef9f0000ffff65f865ff0000ffff0000ffff0400ffff000c000d2022
ef90ef9f0000ffffeeb0eeb70000ffff0000ffff0400ffff000c000d2023
8118811f0000ffffeeb0eeb70000ffff0000ffff0000ffff000d000d2028
800080ff0000ffffc000ffff0000ffff059905990000ffff000800022029
c000dfff0000ffff8e008fff0000ffff0000ffff007b007b00030007202a
ec00edff0000ffff40005fff0000ffff0000ffff0045004500070003202d
ec00edff0000ffff80009fff0000ffff0000ffff1b581b5800070003202e
ec00edff0000ffff60007fff0000ffff0000ffff232b232b00070003202f
ef83ef8300003fffec00edff0000ffff0400ffff0000ffff001200072032
c000dfff0000ffff6500657f0000ffff001400170000ffff000300092034
0000ffff0000ffffdfc0dfff0000ffff0000ffff004500450000000a2038
ef80ef810000ffff8c008c3f0000ffff0000ffff0400ffff000f000a203a
00003fff0000ffff660067ff0000ffff0000ffff1b581b5800020007203e
40007fff0000ffff220023ff0000ffff0000ffff15a415a400020007203f
8000bfff0000ffff220023ff0000ffff0000ffff02020202000200072040
c000ffff0000ffff8e008fff0000ffff0000ffff00450045000200072041
0cd00cd0a000bfff13e813eb0000ffff0000ffff0000ffff0013000e2042
0cd00cd0a000bfffdfa8dfab0000ffff0000ffff0000ffff0013000e2043
68426842e000ffff13e813eb0000ffff0000ffff0000ffff0013000e2044
81128112c000dfffeebceebf0000ffff0000ffff0000ffff0013000e2045
ef83ef8340005fffeebceebf0000ffff0000ffff0000ffff0013000e2046
ef83ef8340005fff8c5c8c5f0000ffff0000ffff0000ffff0013000e2047
ef83ef8340005fff65f465f70000ffff0000ffff0000ffff0013000e2048
0cd00cd080008fffdfa0dfa70000ffff0000ffff0000ffff0014000d2049
68426842d000dfff65f865ff0000ffff0000ffff0000ffff0014000d204a
81128112e000efff8c508c570000ffff0000ffff0000ffff0014000d204b
ef83ef8370007fff8c508c570000ffff0000ffff0000ffff0014000d204c
ef83ef8370007fffeeb0eeb70000ffff0000ffff0000ffff0014000d204d
ef83ef8370007fff65f865ff0000ffff0000ffff0000ffff0014000d204e
0cd10cd10000ffffdf00df7f0000ffff0000ffff0000ffff00100009204f
684368430000ffff6500657f0000ffff0000ffff0000ffff001000092050
20003fff0000ffffa800abff0000ffff0000ffff0045004500030006205b
0cc00ccf0000ffff65f865ff0000ffff0000ffff0000ffff000c000d205c
6850685f0000ffff8c508c570000ffff0000ffff0000ffff000c000d205d
0e000fff0000ffff8000bfff0000ffff0000ffff0035003500070002205f
0cd00cd0940095ff138013bf0000ffff0000ffff0000ffff0017000a2060
68426842ce00cfff8c008c3f0000ffff0000ffff0000ffff0017000a2061
81128112fc00fdff5740577f0000ffff0000ffff0000ffff0017000a2062
ef83ef836a006bff658065bf0000ffff0000ffff0000ffff0017000a2063
684068410000ffffaf00af7f0000ffff0000ffff0400ffff000f0009206a
684068410000ffff8c808cff0000ffff0000ffff0400ffff000f0009206b
688068ff0000ffff0000ffff0000ffff0000ffff0202020200090000206c
ef00ef7f0000ffff0000ffff0000ffff0000ffff232b232b00090000206d
68426842d000dfff70007fff0000ffff0000ffff0400ffff00140004206e
6860687f0000ffff13e013e70000ffff0000ffff0400ffff000b000d206f
8120813f0000ffff20f820ff0000ffff0000ffff0400ffff000b000d2070
68426842c000c7ffafd0afdf0000ffff0000ffff0000ffff0015000c2071
68426842c000c7ff8c408c4f0000ffff0000ffff0000ffff0015000c2072
81128112f000f7ff20e020ef0000ffff0000ffff0000ffff0015000c2073
81128112f000f7ffeea0eeaf0000ffff0000ffff0000ffff0015000c2074
ef83ef83600067ff8c408c4f0000ffff0000ffff0000ffff0015000c2075
ef83ef83600067ffeea0eeaf0000ffff0000ffff0000ffff0015000c2076
68426842d000dfff800087ff0000ffff0000ffff0000ffff001400052077
70007fff0000ffff800087ff0000ffff0000ffff0035003500040005207d
6848684f0000ffff8c608c7f0000ffff0000ffff0400ffff000d000b207e
6848684f0000ffff13c013df0000ffff0000ffff0400ffff000d000b207f
684468470000ffff8c008c3f0000ffff0000ffff0400ffff000e000a2091
684468470000ffff658065bf0000ffff0000ffff0400ffff000e000a2092
ef84ef870000ffff8c008c3f0000ffff0000ffff0400ffff000e000a2093
68426842c800cbff00001fff0000ffff0000ffff0000ffff001600032097
68426842c800cbff13c013df0000ffff0000ffff0000ffff0016000b209b
68426842c800cbff8c608c7f0000ffff0000ffff0000ffff0016000b209c
81128112f800fbff5720573f0000ffff0000ffff0000ffff0016000b209d
ef83ef836c006fff65c065df0000ffff0000ffff0000ffff0016000b209e
600067ff0000ffff70007fff0000ffff0000ffff008b008b0005000420a3
811481170000ffffee80ee9f0000ffff0000ffff0000ffff000e000b20a4
8118811f0000ffff8c408c4f0000ffff0000ffff0000ffff000d000c20a9
81128112f000f7ff40005fff0000ffff0000ffff0000ffff0015000320aa
ef83ef8300003fffec00edff0000ffff0000ffff0000ffff0012000720ab
ef00ef7f0000ffff0000ffff0000ffff005000500000ffff0009000020ae
ef83ef836c006fff40007fff0000ffff0000ffff0000ffff0016000220b1
efa0efbf0000ffff65f465f70000ffff0000ffff0000ffff000b000e20b2
ef80ef810000ffffeec0eeff0000ffff0000ffff0000ffff000f000a20b3
ef83ef838000ffff660067ff0000ffff0000ffff0400ffff0011000720b4
0000ffff0000ffffdf00df7f0000ffff0000ffff138813880000000920b6
0cd40cd70000ffff138013bf0000ffff0000ffff0000ffff000e000a20b8
0c800cbf0000ffff65f865ff0000ffff0000ffff0400ffff000a000d20bd
0cd00cd0c000ffff65f465f70000ffff0000ffff0000ffff0012000e20be
0cd00cd098009fff13c013df0000ffff0000ffff0000ffff0015000b20bf
68426842c000c7ff13c013df0000ffff0000ffff0000ffff0015000b20c0
68426842c000c7ff65c065df0000ffff0000ffff0000ffff0015000b20c1
ef83ef83600067ff65c065df0000ffff0000ffff0000ffff0015000b20c2
ef83ef83600067ffee80ee9f0000ffff0000ffff0000ffff0015000b20c3
0cd10cd10000ffff120012ff0000ffff0000ffff0000ffff0010000820c5
08000bff0000ffff8000bfff0000ffff0000ffff06bb06bb0006000220c6
6c006fff0000ffff00003fff0000ffff0000ffff004500450006000220c7
0cd00cd0a000bfffafc0afc70000ffff0000ffff0000ffff0013000d20cd
68426842e000ffff8c508c570000ffff0000ffff0000ffff0013000d20ce
81128112c000dfff571057170000ffff0000ffff0000ffff0013000d20cf
0cd00cd080008fff65e065ef0000ffff0000ffff0000ffff0014000c20d0
68426842d000dfff8c408c4f0000ffff0000ffff0000ffff0014000c20d1
81128112e000efff20e020ef0000ffff0000ffff0000ffff0014000c20d2
ef83ef8370007fff65e065ef0000ffff0000ffff0000ffff0014000c20d3
ef83ef8370007fff8c408c4f0000ffff0000ffff0000ffff0014000c20d4
0cd20cd30000ffff1300137f0000ffff0000ffff0000ffff000f000920d5
10001fff0000ffff70007fff0000ffff0000ffff232b232b0004000420dc
0ce00cff0000ffff65f865ff0000ffff0000ffff0000ffff000b000d20e3
0cd00cd0900093ff8000bfff0000ffff0000ffff0000ffff0016000220e5
40005fff0000ffff68006fff0000ffff0000ffff020202020003000520e6
600067ff0000ffff8000bfff0000ffff0000ffff001900190005000220e7
68426842c000c7ff40005fff0000ffff0000ffff0000ffff0015000320e8
68426842c800cbff8000ffff0000ffff0000ffff0000ffff0016000120f1
0000ffff0000ffffde00deff0000ffff0000ffff004500450000000820f2
0000ffff0000ffffde00deff0000ffff0000ffff232b232b0000000820f3
684368430000ffff660067ff0000ffff0000ffff0400ffff0010000720f7
ef82ef820000ffffec00edff0000ffff0000ffff0400ffff0010000720f8
ef82ef820000ffff660067ff0000ffff0000ffff0400ffff0010000720f9
81128112c000dfffe000e7ff0000ffff0000ffff0000ffff001300052100
ef83ef8340005fffe000e7ff0000ffff0000ffff0000ffff001300052101
ef83ef8340005fff68006fff0000ffff0000ffff0000ffff001300052102
81128112f800fbff8c008c3f0000ffff0000ffff0000ffff0016000a210d
818081ff0000ffffeebceebf0000ffff0000ffff0400ffff0009000e210e
c000ffff0000ffff500053ff0000ffff0000ffff02020202000200062112
8000ffff0000ffff660067ff0000ffff0000ffff00870087000100072114
8000ffff0000ffff660067ff0000ffff0000ffff232b232b000100072115
ef83ef838000ffff600063ff0000ffff0000ffff0400ffff001100062116
efa0efbf0000ffff65e065ef0000ffff0000ffff0000ffff000b000c2118
ef83ef836a006bff0000ffff0000ffff0000ffff0000ffff001700002119
efa0efbf0000ffff8c408c4f0000ffff0000ffff0400ffff000b000c211a
ef83ef8370007fffe000ffff0000ffff0000ffff0000ffff00140003211b
ef83ef8300003fff88008bff0000ffff0000ffff0000ffff00120006211d
0cd00cd0a000bfff65e065ef0000ffff0000ffff0000ffff0013000c2121
68426842e000ffff13f013ff0000ffff0000ffff0000ffff0013000c2122
81128112c000dfff8c408c4f0000ffff0000ffff0000ffff0013000c2123
ef83ef8340005fffeea0eeaf0000ffff0000ffff0000ffff0013000c2124
ef83ef8340005fff8c408c4f0000ffff0000ffff0000ffff0013000c2125
0e000fff0000ffff0000ffff0000ffff0000ffff02020202000700002126
0cd40cd70000ffff640064ff0000ffff0400ffff0000ffff000e00082127
0cd00cd080008fffdf80df9f0000ffff0000ffff0000ffff0014000b2128
68426842d000dfff8c608c7f0000ffff0000ffff0000ffff0014000b2129
0d000dff0000ffffafccafcf0000ffff0000ffff0400ffff0008000e212a
800080ff0000ffff8c5c8c5f0000ffff0000ffff0400ffff0008000e212b
0d000dff0000ffffafccafcf0000ffff0000ffff0000ffff0008000e2133
690069ff0000ffff8c5c8c5f0000ffff0000ffff0000ffff0008000e2134
0cd00cd098009fff00003fff0000ffff0000ffff0000ffff001500022136
0cc00ccf0000ffff13c013df0000ffff0000ffff0000ffff000c000b213a
ef90ef9f0000ffff65c065df0000ffff0000ffff0000ffff000c000b213b
0cd00cd0940095ffae00aeff0000ffff0000ffff0000ffff00170008213e
81128112fc00fdff210021ff0000ffff0000ffff0000ffff00170008213f
0cd00cd000007fff65f465f70000ffff0000ffff0000ffff0011000e2140
6842684200007fff8c5c8c5f0000ffff0000ffff0000ffff0011000e2141
8112811200007fffeebceebf0000ffff0000ffff0000ffff0011000e2142
40005fff0000ffffb000bfff0000ffff005000500000ffff000300042143
40005fff0000ffff00000fff0000ffff157c157c0000ffff000300042144
6848684f0000ffffaf80afbf0000ffff0000ffff0000ffff000d000a2145
6850685f0000ffff8c008c3f0000ffff0000ffff0000ffff000c000a2146
ef90ef9f0000ffff8c008c3f0000ffff0000ffff0000ffff000c000a2147
40007fff0000ffff800087ff0000ffff0000ffff008f008f000200052148
c000ffff0000ffff68006fff0000ffff0000ffff00500050000200052149
6842684200007fff800087ff0000ffff0000ffff0000ffff00110005214a
688068ff0000ffff8c5c8c5f0000ffff0000ffff0000ffff0009000e214b
684268428000bfff800087ff0000ffff0000ffff0000ffff00120005214e
6842684200007fff88008bff0000ffff0000ffff0000ffff001100062150
6800683f0000ffff8c408c4f0000ffff0000ffff0000ffff000a000c2151
8140817f0000ffff5700570f0000ffff0000ffff0000ffff000a000c2152
40007fff0000ffff90009fff0000ffff0000ffff00890089000200042153
0000ffff0000ffffd800dbff0000ffff0000ffff1b581b58000000062154
6848684f0000ffff1300137f0000ffff0000ffff0400ffff000d0009215b
688068ff0000ffff65f865ff0000ffff0000ffff0400ffff0009000d2165
68426842c000c7ff8c008c3f0000ffff0000ffff0000ffff0015000a2166
81128112f000f7ff5740577f0000ffff0000ffff0000ffff0015000a2167
6850685f0000ffff138013bf0000ffff0000ffff0400ffff000c000a2168
811281128000bfff30003fff0000ffff0000ffff0400ffff001200042169
e000e7ff0000ffff00007fff0000ffff0000ffff232b232b00050001216f
c000dfff0000fffff000ffff0000ffff0000ffff00450045000300042170
ef83ef836a006bff0000ffff0000ffff0000ffff0000ffff001700002172
e800ebff0000ffff00007fff0000ffff0000ffff02020202000600012173
e800ebff0000ffff0000ffff0000ffff15a415a40000ffff000600002175
ef83ef8300003fffeeb0eeb70000ffff0000ffff0000ffff0012000d2176
ef83ef8300003fff8c508c570000ffff0000ffff0000ffff0012000d2177
ef82ef820000ffff600063ff0000ffff0000ffff0000ffff00100006217a
ef83ef8340005fff70007fff0000ffff0000ffff0000ffff00130004217b
ef83ef8340005ffff000ffff0000ffff0000ffff0000ffff00130004217c
efc0efff0000ffff65e065ef0000ffff0000ffff0400ffff000a000c217d
0c800cbf0000ffff13c013df0000ffff0000ffff0400ffff000a000b2185
6800683f0000ffffafe0afff0000ffff0000ffff0400ffff000a000b2186
0c000c7f0000ffff13f013ff0000ffff0000ffff0000ffff0009000c2187
ef00ef7f0000ffff65e065ef0000ffff0000ffff0000ffff0009000c2188
0cd00cd0c000ffff00001fff0000ffff0400ffff0000ffff001200032189
0cd00cd080008fff138013bf0000ffff0000ffff0000ffff0014000a218a
81128112e000efffeec0eeff0000ffff0000ffff0000ffff0014000a218b
ef83ef8370007fff658065bf0000ffff0000ffff0000ffff0014000a218c
00007fff0000ffffa000a7ff0000ffff0000ffff8006800600010005218d
00007fff0000ffff800087ff0000ffff0000ffff00a200a200010005218e
8000ffff0000ffff68006fff0000ffff0000ffff232b232b00010005218f
0cd20cd30000ffffac00adff0000ffff0000ffff0000ffff000f00072190
0cd80cdf0000ffff1300137f0000ffff0000ffff0000ffff000d00092191
0cd00cd0c000ffff65e065ef0000ffff0000ffff0000ffff0012000c2192
684268428000bfff8c408c4f0000ffff0000ffff0000ffff0012000c2193
811281128000bfff8c408c4f0000ffff0000ffff0000ffff0012000c2194
ef83ef8300003fffeea0eeaf0000ffff0000ffff0000ffff0012000c2195
0ce00cff0000ffff13c013df0000ffff0000ffff0000ffff000b000b2198
00003fff0000ffffb000bfff0000ffff0000ffff00a200a200020004219b
8000bfff0000fffff000ffff0000ffff0000ffff066e066e00020004219c
c000ffff0000ffff70007fff0000ffff0000ffff157c157c00020004219d
0c000c7f0000ffffafd0afdf0000ffff0000ffff0400ffff0009000c21a2
40005fff0000ffff40007fff0000ffff0000ffff005000500003000221a3
40005fff0000ffff00003fff0000ffff0000ffff020202020003000221a4
6850685f0000ffffaf00af7f0000ffff0000ffff0400ffff000c000921a7
6842684200007fffa000a7ff0000ffff0000ffff0000ffff0011000521a8
6842684200007fffafc0afc70000ffff0000ffff0000ffff0011000d21a9
6842684200007fff65f865ff0000ffff0000ffff0000ffff0011000d21aa
6842684200007fff13e013e70000ffff0000ffff0000ffff0011000d21ab
684468470000ffffac00adff0000ffff0000ffff0000ffff000e000721ac
6a006bff0000ffffafccafcf0000ffff0000ffff0000ffff0007000e21ad
820083ff0000ffffeebceebf0000ffff0000ffff0000ffff0007000e21ae
68426842e000ffff8c608c7f0000ffff0000ffff0000ffff0013000b21b3
ef83ef8340005fff5720573f0000ffff0000ffff0000ffff0013000b21b4
ef83ef8340005fffee80ee9f0000ffff0000ffff0000ffff0013000b21b5
ef83ef8340005fff65c065df0000ffff0000ffff0000ffff0013000b21b6
684268428000bfff90009fff0000ffff0000ffff0000ffff0012000421b8
6c006fff0000ffff0000ffff0000ffff005000500000ffff0006000021b9
6850685f0000ffff138013bf0000ffff0000ffff0000ffff000c000a21bd
600067ff0000ffff0000ffff0000ffff0000ffff001900190005000021be
688068ff0000ffff13e013e70000ffff0000ffff0000ffff0009000d21bf
0000ffff0000ffffd800dbff0000ffff0000ffff007700770000000621c5
684368430000ffff8c5c8c5f0000ffff0000ffff0000ffff0010000e21c6
684368430000ffff13e813eb0000ffff0000ffff0000ffff0010000e21c7
ef82ef820000ffff8c5c8c5f0000ffff0000ffff0000ffff0010000e21c8
ef82ef820000ffff65f465f70000ffff0000ffff0000ffff0010000e21c9
690069ff0000ffff8c508c570000ffff0000ffff0000ffff0008000d21ca
81128112c000dfff20003fff0000ffff0000ffff0000ffff0013000321cb
800080ff0000ffff8c5c8c5f0000ffff0000ffff0000ffff0008000e21cc
a000bfff0000ffffe000ffff0000ffff0000ffff004500450003000321cd
81128112f800fbffef00efff0000ffff0000ffff0000ffff0016000821cf
ef83ef836c006fffef00efff0000ffff0000ffff0000ffff0016000821d0
81128112f000f7ff578057ff0000ffff0000ffff0000ffff0015000921d2
840087ff0000ffff0000ffff0000ffff0000ffff232b232b0006000021d3
ef90ef9f0000ffff6500657f0000ffff0000ffff0000ffff000c000921d6
ef83ef8300003fffe000ffff0000ffff0000ffff0400ffff0012000321d7
efa0efbf0000ffffeec0eeff0000ffff0000ffff0000ffff000b000a21d8
ef84ef870000ffff8d008dff0000ffff0000ffff0000ffff000e000821d9
efa0efbf0000ffff658065bf0000ffff0000ffff0400ffff000b000a21da
f000ffff0000ffff8000bfff0000ffff0000ffff232b232b0004000221dd
0cd00cd0900093ffdc00ddff0000ffff0000ffff0000ffff0016000721e0
ef83ef836c006fff660067ff0000ffff0000ffff0000ffff0016000721e1
ef83ef836c006fff8e008fff0000ffff0000ffff0000ffff0016000721e2
0cd00cd0c000ffff13c013df0000ffff0000ffff0000ffff0012000b21e9
811281128000bfffee80ee9f0000ffff0000ffff0000ffff0012000b21ea
0cc00ccf0000ffff640064ff0000ffff0000ffff0000ffff000c000821eb
0cd20cd30000ffff13e813eb0000ffff0000ffff0000ffff000f000e21ec
684068410000ffff65f465f70000ffff0000ffff0000ffff000f000e21ed
684068410000ffff8c5c8c5f0000ffff0000ffff0000ffff000f000e21ee
ef80ef810000ffff571c571f0000ffff0000ffff0000ffff000f000e21ef
ef80ef810000ffff65f465f70000ffff0000ffff0000ffff000f000e21f0
0cd00cd000007fffafd0afdf0000ffff0000ffff0000ffff0011000c21f6
6842684200007fff8c408c4f0000ffff0000ffff0000ffff0011000c21f7
0cd40cd70000ffffa800abff0000ffff0000ffff0400ffff000e000621f8
08000bff0000ffff65f465f70000ffff0000ffff0400ffff0006000e21f9
840087ff0000ffff571c571f0000ffff0000ffff0400ffff0006000e21fa
0cd80cdf0000ffffae00aeff0000ffff0000ffff0000ffff000d000821fb
0cd00cd080008fff2000207f0000ffff0000ffff0000ffff001400092201
68426842d000dfff1300137f0000ffff0000ffff0000ffff001400092202
ef83ef8370007fff6500657f0000ffff0000ffff0000ffff001400092203
0cc00ccf0000ffffae00aeff0000ffff0000ffff0400ffff000c00082204
6850685f0000ffff120012ff0000ffff0000ffff0400ffff000c00082205
ef90ef9f0000ffff8d008dff0000ffff0000ffff0400ffff000c00082206
0d000dff0000ffffafc0afc70000ffff0000ffff0000ffff0008000d220c
20003fff0000ffff40007fff0000ffff0000ffff0050005000030002220e
40005fff0000ffff8000bfff0000ffff0000ffff0202020200030002220f
c000dfff0000ffff40007fff0000ffff0000ffff00450045000300022210
0c000c7f0000ffff13c013df0000ffff0400ffff0000ffff0009000b2212
688068ff0000ffff20e020ef0000ffff0000ffff0000ffff0009000c2213
684368430000ffff65f865ff0000ffff0000ffff0000ffff0010000d2214
811381130000ffff571057170000ffff0000ffff0000ffff0010000d2215
811381130000ffff8c508c570000ffff0000ffff0000ffff0010000d2216
ef82ef820000ffffeeb0eeb70000ffff0000ffff0000ffff0010000d2217
600067ff0000ffff0000ffff0000ffff0000ffff00500050000500002218
e000e7ff0000ffff0000ffff0000ffff0000ffff008f008f000500002219
40007fff0000ffffa000bfff0000ffff0000ffff0089008900020003221a
40007fff0000ffffa000bfff0000ffff0000ffff0202020200020003221b
6a006bff0000ffff20f820ff0000ffff0000ffff0400ffff0007000d221c
688068ff0000ffffafe0afff0000ffff0000ffff0400ffff0009000b2220
00007fff0000ffff80009fff0000ffff0000ffff00190019000100032224
8000ffff0000ffff60007fff0000ffff0000ffff00450045000100032225
68426842c000c7ff8d008dff0000ffff0000ffff0000ffff001500082226
ef83ef83600067ff8d008dff0000ffff0000ffff0000ffff001500082227
684368430000ffff00000fff0000ffff0000ffff0000ffff00100004222c
684268428000bfff00001fff0000ffff0000ffff0000ffff00120003222d
ef83ef8300003fffe000ffff0000ffff0000ffff0000ffff00120003222e
6848684f0000ffff8e008fff0000ffff0000ffff0400ffff000d00072232
6a006bff0000ffff65f465f70000ffff0000ffff0000ffff0007000e2233
820083ff0000ffff8c5c8c5f0000ffff0000ffff0000ffff0007000e2234
684468470000ffff8e008fff0000ffff0000ffff0000ffff000e00072235
6860687f0000ffff1300137f0000ffff0000ffff0400ffff000b00092236
6800683f0000ffff8c008c3f0000ffff0000ffff0400ffff000a000a2237
efc0efff0000ffff8c008c3f0000ffff0000ffff0400ffff000a000a2238
8118811f0000ffff8e008fff0000ffff0000ffff0000ffff000d0007223a
818081ff0000ffff8c608c7f0000ffff0000ffff0000ffff0009000b223b
81128112c000dfff8c008c3f0000ffff0000ffff0000ffff0013000a223c
ef83ef8340005fffeec0eeff0000ffff0000ffff0000ffff0013000a223d
efc0efff0000ffff5720573f0000ffff0000ffff0000ffff000a000b2240
efc0efff0000ffff65c065df0000ffff0000ffff0000ffff000a000b2241
efc0efff0000ffff65c065df0000ffff0000ffff0000ffff000a000b2242
ef83ef836a006bff88008bff0000ffff0000ffff0000ffff001700062243
ef83ef836a006bff600063ff0000ffff0000ffff0000ffff001700062244
c000ffff0000ffff8000bfff0000ffff0000ffff00450045000200022245
efc0efff0000ffffeec0eeff0000ffff0000ffff0000ffff000a000a2246
f000ffff0000ffff00007fff0000ffff0000ffff00500050000400012247
0000ffff0000ffffd000d7ff0000ffff0000ffff00350035000000052248
ef80ef810000ffff88008bff0000ffff0000ffff0000ffff000f00062249
efa0efbf0000ffff8c008c3f0000ffff0000ffff0000ffff000b000a224b
ee00eeff0000ffff65e065ef0000ffff0000ffff0400ffff0008000c224c
ef83ef8300003fff40007fff0000ffff0000ffff0400ffff00120002224d
ef80ef810000ffff68006fff0000ffff0000ffff0000ffff000f0005224f
ef80ef810000ffff800087ff0000ffff0400ffff0000ffff000f00052250
ef90ef9f0000ffff6500657f0000ffff0000ffff0000ffff000c00092251
0cd10cd10000ffff70007fff0000ffff0000ffff0000ffff001000042252
00003fff0000ffff00007fff0000ffff0000ffff00350035000200012257
0cd40cd70000ffffafccafcf0000ffff0000ffff0000ffff000e000e2258
0cd20cd30000ffff13e013e70000ffff0000ffff0000ffff000f000d225f
684068410000ffff8c508c570000ffff0000ffff0000ffff000f000d2260
0cd20cd30000ffffb000bfff0000ffff0000ffff0400ffff000f00042266
0cd20cd30000ffffa000a7ff0000ffff0000ffff0000ffff000f00052267
20003fff0000ffff0000ffff0000ffff0000ffff00890089000300002268
0d000dff0000ffffafe0afff0000ffff0000ffff0000ffff0008000b2269
0d000dff0000ffffafe0afff0000ffff0000ffff0000ffff0008000b226a
ee00eeff0000ffff65c065df0000ffff0000ffff0000ffff0008000b226b
ee00eeff0000ffff8c608c7f0000ffff0000ffff0000ffff0008000b226c
ee00eeff0000ffffdf80df9f0000ffff0000ffff0000ffff0008000b226d
40007fff0000ffff00003fff0000ffff0000ffff00350035000200022270
c000ffff0000ffff40007fff0000ffff0000ffff06bb06bb000200022271
684468470000ffffa000a7ff0000ffff0000ffff0400ffff000e00052272
6842684200007fff65c065df0000ffff0000ffff0000ffff0011000b2273
8112811200007fffee80ee9f0000ffff0000ffff0000ffff0011000b2274
684468470000ffffa800abff0000ffff0000ffff0000ffff000e00062275
684468470000ffff600063ff0000ffff0000ffff0000ffff000e00062276
0000ffff0000ffffc000dfff0000ffff0000ffff00500050000000032277
0000ffff0000ffffc000dfff0000ffff0000ffff00a200a2000000032278
6800683f0000ffff658065bf0000ffff0000ffff0000ffff000a000a227c
6800683f0000ffff8c008c3f0000ffff0000ffff0000ffff000a000a227d
8140817f0000ffff5740577f0000ffff0000ffff0000ffff000a000a227e
efc0efff0000ffff5740577f0000ffff0000ffff0000ffff000a000a227f
efc0efff0000ffffeec0eeff0000ffff0000ffff0000ffff000a000a2280
684368430000ffff8c408c4f0000ffff0000ffff0000ffff0010000c2281
811381130000ffff8c408c4f0000ffff0000ffff0000ffff0010000c2282
6c006fff0000ffff8c508c570000ffff0000ffff0400ffff0006000d2283
68426842e000ffff8c808cff0000ffff0000ffff0000ffff00130009228a
68426842e000ffff1300137f0000ffff0000ffff0000ffff00130009228b
6850685f0000ffff8e008fff0000ffff0000ffff0000ffff000c0007228d
8120813f0000ffff560056ff0000ffff0000ffff0400ffff000b00082290
8100810f0000ffff8d008dff0000ffff0000ffff0000ffff000c00082291
81128112f000f7ff540055ff0000ffff0000ffff0000ffff001500072292
81128112fc00fdff800087ff0000ffff0000ffff0000ffff001700052293
818081ff0000ffff5740577f0000ffff0000ffff0400ffff0009000a2294
8118811f0000ffff88008bff0000ffff0000ffff0000ffff000d00062295
efc0efff0000ffff578057ff0000ffff0000ffff0000ffff000a00092298
ef88ef8f0000ffffe800ebff0000ffff0000ffff0400ffff000d00062299
f000ffff0000ffff0000ffff0000ffff0000ffff0050005000040000229a
f000ffff0000ffff0000ffff0000ffff0000ffff0019001900040000229b
0000ffff0000ffffc000cfff0000ffff0000ffff232b232b00000004229d
ef83ef8300003fff658065bf0000ffff0000ffff0000ffff0012000a229e
ef00ef7f0000ffff658065bf0000ffff0000ffff0000ffff0009000a229f
ef83ef8340005fff8000ffff0000ffff0000ffff0000ffff0013000122a0
ef83ef8300003fff40007fff0000ffff0000ffff0000ffff0012000222a1
ec00edff0000ffff65e065ef0000ffff0000ffff0400ffff0007000c22a2
0cd10cd10000ffffdf80df9f0000ffff0000ffff0000ffff0010000b22a3
684368430000ffff65c065df0000ffff0000ffff0000ffff0010000b22a4
ef82ef820000ffff5720573f0000ffff0000ffff0000ffff0010000b22a5
0cd20cd30000ffffdfb0dfbf0000ffff0000ffff0000ffff000f000c22a6
684068410000ffff65e065ef0000ffff0000ffff0000ffff000f000c22a7
684068410000ffff13f013ff0000ffff0000ffff0000ffff000f000c22a8
0cd00cd0a000bfff640064ff0000ffff0000ffff0000ffff0013000822a9
0cd00cd0a000bfffae00aeff0000ffff0000ffff0000ffff0013000822aa
81128112c000dfff560056ff0000ffff0000ffff0000ffff0013000822ab
0cd00cd0c000ffff6500657f0000ffff0000ffff0000ffff0012000922ac
684268428000bfff1300137f0000ffff0000ffff0000ffff0012000922ad
0000ffff0000ffffc000dfff0000ffff0000ffff007100710000000322b1
0000ffff0000ffffc000dfff0000ffff0000ffff004500450000000322b2
0000ffff0000ffffc000dfff0000ffff0000ffff232b232b0000000322b3
0000ffff0000ffffc000dfff0000ffff0000ffff004500450000000322b4
0cd80cdf0000ffff13e813eb0000ffff0000ffff0000ffff000d000e22b5
6848684f0000ffff8c5c8c5f0000ffff0000ffff0000ffff000d000e22b6
8118811f0000ffffafccafcf0000ffff0000ffff0000ffff000d000e22b7
ef88ef8f0000ffff65f465f70000ffff0000ffff0000ffff000d000e22b8
0cd40cd70000ffffafc0afc70000ffff0000ffff0000ffff000e000d22b9
684468470000ffff8c508c570000ffff0000ffff0000ffff000e000d22ba
684468470000ffff65f865ff0000ffff0000ffff0000ffff000e000d22bb
ef84ef870000ffff8c508c570000ffff0000ffff0000ffff000e000d22bc
ef84ef870000ffff65f865ff0000ffff0000ffff0000ffff000e000d22bd
0d000dff0000ffffafe0afff0000ffff0000ffff0000ffff0008000b22be
00003fff0000ffff8000ffff0000ffff0000ffff020202020002000122bf
00003fff0000ffff8000ffff0000ffff0000ffff04be04be0002000122c0
08000bff0000ffff65f865ff0000ffff0000ffff0000ffff0006000d22c3
6c006fff0000ffffafc0afc70000ffff0000ffff0000ffff0006000d22c4
840087ff0000ffffeeb0eeb70000ffff0000ffff0000ffff0006000d22c5
e800ebff0000ffffeeb0eeb70000ffff0000ffff0000ffff0006000d22c6
0cd80cdf0000ffffa000a7ff0000ffff0000ffff0400ffff000d000522cc
08000bff0000ffff13f013ff0000ffff0000ffff0000ffff0006000c22cd
00007fff0000ffff8000bfff0000ffff0000ffff020202020001000222ce
00007fff0000ffff8000bfff0000ffff0000ffff007700770001000222cf
8000ffff0000ffff40007fff0000ffff0000ffff020202020001000222d0
8000ffff0000ffff40007fff0000ffff0000ffff232b232b0001000222d1
684068410000ffff90009fff0000ffff0000ffff0000ffff000f000422d2
68426842c800cbff800087ff0000ffff0000ffff0000ffff0016000522d3
ef83ef836c006fffe000e7ff0000ffff0000ffff0000ffff0016000522d4
0000ffff0000ffffc000dfff0000ffff15ae15ae0000ffff0000000322d7
684468470000ffff90009fff0000ffff0000ffff0400ffff000e000422d8
ef84ef870000ffff70007fff0000ffff0000ffff0400ffff000e000422d9
6842684200007fff658065bf0000ffff0000ffff0000ffff0011000a22da
6842684200007fff138013bf0000ffff0000ffff0000ffff0011000a22db
8112811200007fffeec0eeff0000ffff0000ffff0000ffff0011000a22dc
ef83ef838000ffff658065bf0000ffff0000ffff0000ffff0011000a22dd
6848684f0000ffff88008bff0000ffff0000ffff0000ffff000d000622de
6c006fff0000ffff65e065ef0000ffff0000ffff0400ffff0006000c22e1
684068410000ffff60007fff0000ffff0000ffff0000ffff000f000322e2
68426842c000c7ff88008bff0000ffff0000ffff0000ffff0015000622e3
40005fff0000ffff0000ffff0000ffff0000ffff020202020003000022e4
a000bfff0000ffff0000ffff0000ffff0000ffff232b232b0003000022e5
a000bfff0000ffff0000ffff0000ffff0000ffff09f509f50003000022e6
40007fff0000ffff0000ffff0000ffff0000ffff020202020002000022eb
8100810f0000ffff220023ff0000ffff0000ffff0000ffff000c000722f7
ef90ef9f0000ffffec00edff0000ffff0000ffff0000ffff000c000722f8
ef90ef9f0000ffffec00edff0000ffff0000ffff0000ffff000c000722f9
818081ff0000ffff2000207f0000ffff0000ffff0000ffff0009000922fb
8112811200007fff40007fff0000ffff0000ffff0000ffff0011000222fc
8140817f0000ffff8d008dff0000ffff0000ffff0000ffff000a000822fd
8120813f0000ffff540055ff0000ffff0000ffff0000ffff000b000722fe
efa0efbf0000ffff660067ff0000ffff0000ffff0000ffff000b000722ff
ef82ef820000ffffe000ffff0000ffff0000ffff0000ffff001000032300
ef83ef8300003fff8000ffff0000ffff0000ffff0000ffff001200012303
efa0efbf0000ffff8d008dff0000ffff0000ffff0000ffff000b00082304
ef83ef8300003fff0000ffff0000ffff0000ffff0000ffff001200002305
ef00ef7f0000ffff6500657f0000ffff0000ffff0400ffff000900092306
ef88ef8f0000ffff68006fff0000ffff0000ffff0000ffff000d00052307
efc0efff0000ffff6500657f0000ffff0000ffff0000ffff000a00092308
ef83ef836a006bff70007fff0000ffff0000ffff0000ffff00170004230a
e000e7ff0000ffff8c508c570000ffff0000ffff0400ffff0005000d230b
ec00edff0000ffff8c608c7f0000ffff0000ffff0400ffff0007000b230c
0cd00cd0c000ffffde00deff0000ffff0000ffff0000ffff00120008230d
684268428000bfff8d008dff0000ffff0000ffff0000ffff00120008230e
811281128000bfffef00efff0000ffff0000ffff0000ffff00120008230f
0cd00cd0940095ff00001fff0000ffff0000ffff0000ffff001700032313
ef83ef836a006bff80009fff0000ffff0000ffff0000ffff001700032314
000007ff0000ffff13e013e70000ffff0000ffff0000ffff0005000d2317
e000e7ff0000ffff571057170000ffff0000ffff0000ffff0005000d2318
00007fff0000ffff0000ffff0000ffff0000ffff008b008b00010000231d
00007fff0000ffff0000ffff0000ffff0000ffff0202020200010000231e
8000ffff0000ffff0000ffff0000ffff0000ffff0599059900010000231f
0cd80cdf0000ffff13e013e70000ffff0000ffff0000ffff000d000d2325
0cd80cdf0000ffffafc0afc70000ffff0000ffff0000ffff000d000d2326
8118811f0000ffff571057170000ffff0000ffff0000ffff000d000d2327
ef88ef8f0000ffff8c508c570000ffff0000ffff0000ffff000d000d2328
ef88ef8f0000ffff65f865ff0000ffff0000ffff0000ffff000d000d2329
ef88ef8f0000ffffeeb0eeb70000ffff0000ffff0000ffff000d000d232a
00007fff0000ffff8000ffff0000ffff0000ffff0050005000010001232b
8000ffff0000ffff00007fff0000ffff0000ffff0202020200010001232c
0cd00cd0a000bfffac00adff0000ffff0000ffff0000ffff00130007232d
81128112c000dfff540055ff0000ffff0000ffff0000ffff00130007232e
0e000fff0000ffffaf80afbf0000ffff0000ffff0000ffff0007000a232f
0cd10cd10000ffffaf80afbf0000ffff0000ffff0000ffff0010000a2330
ef82ef820000ffff8c008c3f0000ffff0000ffff0000ffff0010000a2331
ef82ef820000ffffeec0eeff0000ffff0000ffff0000ffff0010000a2332
0c800cbf0000ffff120012ff0000ffff0000ffff0000ffff000a00082337
0c800cbf0000ffff100011ff0000ffff0000ffff0000ffff000a00072339
00003fff0000ffff0000ffff0000ffff0000ffff0077007700020000233a
40007fff0000ffff0000ffff0000ffff0000ffff00a200a200020000233b
40007fff0000ffff0000ffff0000ffff0000ffff0087008700020000233c
8000bfff0000ffff0000ffff0000ffff0000ffff0202020200020000233d
8000bfff0000ffff0000ffff0000ffff0000ffff232b232b00020000233e
c000ffff0000ffff0000ffff0000ffff0000ffff232b232b00020000233f
0d000dff0000ffffaf00af7f0000ffff0000ffff0400ffff000800092340
6a006bff0000ffff20c020df0000ffff0000ffff0000ffff0007000b2342
6848684f0000ffff70007fff0000ffff0000ffff0400ffff000d00042343
0000ffff0000ffff8000ffff0000ffff0000ffff008f008f000000012345
684068410000ffff65c065df0000ffff0000ffff0000ffff000f000b2346
811081110000ffff5720573f0000ffff0000ffff0000ffff000f000b2347
684468470000ffff80009fff0000ffff0000ffff0000ffff000e00032349
6850685f0000ffff600063ff0000ffff0000ffff0000ffff000c0006234a
8100810f0000ffff88008bff0000ffff0000ffff0000ffff000c0006234b
40005fff0000ffff13e813eb0000ffff0000ffff0000ffff0003000e234c
688068ff0000ffff8c808cff0000ffff0000ffff0000ffff00090009234e
40007fff0000ffff0000ffff0000ffff159015900000ffff00020000234f
0000ffff0000ffffc000ffff0000ffff0000ffff00350035000000022350
81128112e000efff88008bff0000ffff0000ffff0000ffff001400062351
90009fff0000ffff8c5c8c5f0000ffff0000ffff0000ffff0004000e2352
f000ffff0000ffff8c5c8c5f0000ffff0000ffff0000ffff0004000e2353
ef83ef838000ffff578057ff0000ffff0000ffff0000ffff001100092357
ef83ef836c006fff40004fff0000ffff0000ffff0000ffff001600042358
ef00ef7f0000ffffef00efff0000ffff0000ffff0400ffff000900082359
ef84ef870000ffff90009fff0000ffff0000ffff0000ffff000e0004235b
efa0efbf0000ffff660067ff0000ffff0000ffff0000ffff000b0007235c
ef83ef83600067ff68006fff0000ffff0000ffff0000ffff00150005235d
e000e7ff0000ffff65e065ef0000ffff0000ffff0000ffff0005000c235e
ee00eeff0000ffff8c008c3f0000ffff0000ffff0000ffff0008000a235f
ee00eeff0000ffff8c808cff0000ffff0000ffff0000ffff000800092360
0cd40cd70000ffff13c013df0000ffff0000ffff0000ffff000e000b2365
ef84ef870000ffff65c065df0000ffff0000ffff0000ffff000e000b2366
00007fff0000ffff0000ffff0000ffff008700870000ffff000100002367
0cd00cd080008fffd000d7ff0000ffff0000ffff0000ffff001400052368
ef83ef8370007fff68006fff0000ffff0000ffff0000ffff001400052369
0cd00cd098009fffc000cfff0000ffff0000ffff0000ffff00150004236a
68426842c000c7ff90009fff0000ffff0000ffff0000ffff00150004236b
ef83ef83600067ff70007fff0000ffff0000ffff0000ffff00150004236c
00007fff0000ffff0000ffff0000ffff0000ffff01f401f400010000236d
00007fff0000ffff0000ffff0000ffff0000ffff066e066e00010000236e
8000ffff0000ffff0000ffff0000ffff0000ffff1586158600010000236f
8000ffff0000ffff0000ffff0000ffff0000ffff00450045000100002370
8000ffff0000ffff0000ffff0000ffff0000ffff02020202000100002371
0cd10cd10000ffff6500657f0000ffff0000ffff0000ffff001000092376
684368430000ffff8c808cff0000ffff0000ffff0000ffff001000092377
ef82ef820000ffff6500657f0000ffff0000ffff0000ffff001000092378
0000ffff0000ffff8000ffff0000ffff0000ffff0045004500000001237b
0000ffff0000ffff8000ffff0000ffff0000ffff0202020200000001237c
0000ffff0000ffff8000ffff0000ffff0000ffff8006800600000001237d
0000ffff0000ffff8000ffff0000ffff0000ffff06bb06bb00000001237e
0000ffff0000ffff8000ffff0000ffff0000ffff0045004500000001237f
0000ffff0000ffff8000ffff0000ffff0000ffff05990599000000012380
0000ffff0000ffff8000ffff0000ffff0000ffff00350035000000012381
0000ffff0000ffff8000ffff0000ffff0000ffff02020202000000012382
0000ffff0000ffff0000ffff0000ffff0000ffff1b581b58000000002388
0000ffff0000ffff0000ffff0000ffff0000ffff05990599000000002389
0000ffff0000ffff0000ffff0000ffff0000ffff0050005000000000238a
0000ffff0000ffff0000ffff0000ffff0000ffff0202020200000000238b
0000ffff0000ffff0000ffff0000ffff0000ffff0016001600000000238c
0000ffff0000ffff0000ffff0000ffff0000ffff0035003500000000238d
0000ffff0000ffff0000ffff0000ffff0000ffff066d066d00000000238e
0000ffff0000ffff0000ffff0000ffff0000ffff157c157c00000000238f
0cd00cd000007fff0000ffff0000ffff0000ffff0000ffff001100002391
6860687f0000ffff13e813eb0000ffff0000ffff0000ffff000b000e2393
efa0efbf0000ffffeebceebf0000ffff0000ffff0000ffff000b000e2394
efa0efbf0000ffff65f465f70000ffff0000ffff0000ffff000b000e2395
6800683f0000ffff140017ff0000ffff0000ffff0400ffff000a00062396
efc0efff0000ffff600063ff0000ffff0000ffff0400ffff000a00062397
68426842ce00cfff00003fff0000ffff0000ffff0000ffff00170002239a
68426842ce00cfff8000bfff0000ffff0000ffff0000ffff00170002239b
6850685f0000ffff13e013e70000ffff0000ffff0000ffff000c000d239c
600067ff0000ffff65e065ef0000ffff0000ffff0000ffff0005000c23a0
684268428000bfff8e008fff0000ffff0000ffff0000ffff0012000723a1
40007fff0000ffff13e813eb0000ffff0000ffff0000ffff0002000e23a4
68426842c800cbff00001fff0000ffff0000ffff0000ffff0016000323a5
8112811200007fff8d008dff0000ffff0000ffff0000ffff0011000823a6
811081110000ffff208020bf0000ffff0000ffff0000ffff000f000a23a7
8140817f0000ffff220023ff0000ffff0000ffff0000ffff000a000723a8
90009fff0000ffff20f820ff0000ffff0000ffff0000ffff0004000d23ac
8120813f0000ffff58005fff0000ffff0000ffff0000ffff000b000523ae
8140817f0000ffff500053ff0000ffff0000ffff0000ffff000a000623af
8118811f0000ffff5700570f0000ffff0000ffff0000ffff000d000c23b0
ef88ef8f0000ffff65e065ef0000ffff0000ffff0000ffff000d000c23b1
ef82ef820000ffff00007fff0000ffff0000ffff0000ffff0010000123b2
ef82ef820000ffff8000ffff0000ffff0000ffff0000ffff0010000123b3
ef90ef9f0000ffff40004fff0000ffff0000ffff0400ffff000c000423b4
ef00ef7f0000ffffec00edff0000ffff0000ffff0000ffff0009000723b5
ec00edff0000ffff6500657f0000ffff0000ffff0400ffff0007000923b9
c000dfff0000ffff65f865ff0000ffff0000ffff0000ffff0003000d23ba
0cd40cd70000ffff138013bf0000ffff0000ffff0000ffff000e000a23bb
0cd40cd70000ffffaf80afbf0000ffff0000ffff0000ffff000e000a23bc
684468470000ffff8c008c3f0000ffff0000ffff0000ffff000e000a23bd
811481170000ffff5740577f0000ffff0000ffff0000ffff000e000a23be
0000ffff0000ffff0000ffff0000ffff0000ffff003500350000000023bf
0000ffff0000ffff0000ffff0000ffff0000ffff232b232b0000000023c0
0000ffff0000ffff0000ffff0000ffff0000ffff020202020000000023c1
0000ffff0000ffff0000ffff0000ffff0000ffff059905990000000023c2
0000ffff0000ffff0000ffff0000ffff0000ffff008900890000000023c3
0000ffff0000ffff0000ffff0000ffff0000ffff001900190000000023c4
0000ffff0000ffff0000ffff0000ffff0000ffff15ae15ae0000000023c5
0000ffff0000ffff0000ffff0000ffff0000ffff003500350000000023c6
0000ffff0000ffff0000ffff0000ffff0000ffff15ff15ff0000000023c7
0000ffff0000ffff0000ffff0000ffff0000ffff159015900000000023c8
0000ffff0000ffff0000ffff0000ffff0000ffff007100710000000023c9
0000ffff0000ffff0000ffff0000ffff0000ffff005000500000000023ca
0000ffff0000ffff0000ffff0000ffff0000ffff008b008b0000000023cb
0000ffff0000ffff0000ffff0000ffff0000ffff004500450000000023cc
0000ffff0000ffff0000ffff0000ffff0000ffff1a2b1a2b0000000023cd
0000ffff0000ffff0000ffff0000ffff0000ffff09f509f50000000023ce
0000ffff0000ffff0000ffff0000ffff0000ffff005000500000000023cf
0000ffff0000ffff0000ffff0000ffff0000ffff020202020000000023d0
0000ffff0000ffff0000ffff0000ffff0000ffff001700170000000023d1
0000ffff0000ffff0000ffff0000ffff0000ffff007700770000000023d2
0000ffff0000ffff0000ffff0000ffff0000ffff008b008b0000000023d3
0000ffff0000ffff0000ffff0000ffff0000ffff004500450000000023d4
0ce00cff0000ffff65f865ff0000ffff0000ffff0000ffff000b000d23d5
6860687f0000ffffafc0afc70000ffff0000ffff0000ffff000b000d23d6
6860687f0000ffff8c508c570000ffff0000ffff0000ffff000b000d23d7
efa0efbf0000ffff571057170000ffff0000ffff0000ffff000b000d23d8
0cd10cd10000ffff640064ff0000ffff0000ffff0000ffff0010000823d9
811381130000ffff560056ff0000ffff0000ffff0000ffff0010000823da
0cc00ccf0000ffff00000fff0000ffff0000ffff0000ffff000c000423db
6850685f0000ffff70007fff0000ffff0000ffff0000ffff000c000423dc
8100810f0000fffff000ffff0000ffff0000ffff0000ffff000c000423dd
0c800cbf0000ffffd800dbff0000ffff0000ffff0000ffff000a000623de
8140817f0000ffff240027ff0000ffff0000ffff0000ffff000a000623df
0c800cbf0000ffffdfa8dfab0000ffff0000ffff0000ffff000a000e23e0
0c800cbf0000ffff65f465f70000ffff0000ffff0000ffff000a000e23e1
6800683f0000ffff8c5c8c5f0000ffff0000ffff0000ffff000a000e23e2
6800683f0000ffff13e813eb0000ffff0000ffff0000ffff000a000e23e3
8140817f0000ffff20f420f70000ffff0000ffff0000ffff000a000e23e4
efc0efff0000ffff65f465f70000ffff0000ffff0000ffff000a000e23e5
0cd00cd0940095ff8000ffff0000ffff0000ffff0000ffff0017000123e6
81128112fc00fdff00007fff0000ffff0000ffff0000ffff0017000123e7
81128112fc00fdff8000ffff0000ffff0000ffff0000ffff0017000123e8
0cd80cdf0000ffff60007fff0000ffff0000ffff0000ffff000d000323ec
0e000fff0000ffffaf00af7f0000ffff0000ffff0000ffff0007000923f0
ec00edff0000ffffee00ee7f0000ffff0000ffff0000ffff0007000923f1
0cd00cd098009fffa000bfff0000ffff0000ffff0000ffff0015000323f2
ef83ef83600067ffe000ffff0000ffff0000ffff0000ffff0015000323f3
0cd00cd0c000ffffa800abff0000ffff0000ffff0000ffff0012000623f4
684268428000bfff600063ff0000ffff0000ffff0000ffff0012000623f5
811281128000bfff500053ff0000ffff0000ffff0000ffff0012000623f6
08000bff0000ffffaf80afbf0000ffff0000ffff0000ffff0006000a23f7
840087ff0000ffffeec0eeff0000ffff0000ffff0000ffff0006000a23f8
68426842e000ffff28002fff0000ffff0000ffff0000ffff0013000523f9
81128112c000dfff28002fff0000ffff0000ffff0000ffff0013000523fa
684068410000ffff00007fff0000ffff0000ffff0000ffff000f000123fb
811081110000ffff00007fff0000ffff0000ffff0000ffff000f000123fc
600067ff0000ffff138013bf0000ffff0000ffff0000ffff0005000a2403
690069ff0000ffff8d008dff0000ffff0000ffff0000ffff000800082404
6848684f0000ffff8c608c7f0000ffff0000ffff0000ffff000d000b2405
6848684f0000ffff13c013df0000ffff0000ffff0000ffff000d000b2406
ef88ef8f0000ffff65c065df0000ffff0000ffff0000ffff000d000b2407
684468470000ffff40007fff0000ffff0000ffff0000ffff000e00022409
688068ff0000ffff600063ff0000ffff0000ffff0000ffff00090006240a
68426842d000dfff90009fff0000ffff0000ffff0000ffff00140004240b
ef83ef8370007fff90009fff0000ffff0000ffff0000ffff00140004240c
ef83ef8370007fff70007fff0000ffff0000ffff0000ffff00140004240d
684368430000ffff0000ffff0000ffff0000ffff0000ffff001000002413
684068410000ffff1300137f0000ffff0000ffff0000ffff000f00092414
8100810f0000ffff5700570f0000ffff0000ffff0000ffff000c000c2415
ef90ef9f0000ffff65e065ef0000ffff0000ffff0000ffff000c000c2416
90009fff0000ffff5720573f0000ffff0000ffff0400ffff0004000b2419
ef83ef836c006fff40007fff0000ffff0000ffff0000ffff00160002241c
c000dfff0000ffff571057170000ffff0000ffff0000ffff0003000d241d
0000ffff0000ffff0000ffff0000ffff00a100a10000ffff000000002422
ef00ef7f0000ffff660067ff0000ffff0000ffff0000ffff000900072423
c000ffff0000ffff65f465f70000ffff0000ffff0000ffff0002000e2424
0cc00ccf0000ffff65c065df0000ffff0000ffff0000ffff000c000b2429
0cc00ccf0000ffffafe0afff0000ffff0000ffff0000ffff000c000b242a
6850685f0000ffff8c608c7f0000ffff0000ffff0000ffff000c000b242b
8100810f0000ffff5720573f0000ffff0000ffff0000ffff000c000b242c
ef90ef9f0000ffffee80ee9f0000ffff0000ffff0000ffff000c000b242d
0e000fff0000ffffac00adff0000ffff0000ffff0400ffff000700072433
0c000c7f0000ffffafccafcf0000ffff0000ffff0000ffff0009000e2434
ef00ef7f0000ffffeebceebf0000ffff0000ffff0000ffff0009000e2435
ef00ef7f0000ffff65f465f70000ffff0000ffff0000ffff0009000e2436
0cd00cd0a000bfffb000bfff0000ffff0000ffff0000ffff001300042439
6a006bff0000ffffae00aeff0000ffff0000ffff0000ffff00070008243a
6850685f0000ffff80009fff0000ffff0000ffff0000ffff000c0003243d
6850685f0000ffff60007fff0000ffff0000ffff0000ffff000c0003243e
684468470000ffff8c808cff0000ffff0000ffff0000ffff000e0009243f
6848684f0000ffff8c008c3f0000ffff0000ffff0000ffff000d000a2440
690069ff0000ffff660067ff0000ffff0000ffff0000ffff000800072441
40007fff0000ffff13e013e70000ffff0000ffff0000ffff0002000d2442
68426842c000c7ff40007fff0000ffff0000ffff0000ffff001500022445
68426842c000c7ff8000bfff0000ffff0000ffff0000ffff001500022446
ef83ef83600067ff40007fff0000ffff0000ffff0000ffff001500022447
688068ff0000ffff140017ff0000ffff0000ffff0000ffff000900062448
6800683f0000ffff13e013e70000ffff0000ffff0000ffff000a000d2449
8140817f0000ffff571057170000ffff0000ffff0000ffff000a000d244a
68426842ce00cfff0000ffff0000ffff0000ffff0000ffff00170000244b
684068410000ffff640064ff0000ffff0000ffff0000ffff000f0008244c
6860687f0000ffff13f013ff0000ffff0000ffff0000ffff000b000c244d
6860687f0000ffff8c408c4f0000ffff0000ffff0000ffff000b000c244e
8120813f0000ffff8c408c4f0000ffff0000ffff0000ffff000b000c244f
8120813f0000ffffeea0eeaf0000ffff0000ffff0000ffff000b000c2450
68426842c800cbff8000ffff0000ffff0000ffff0000ffff001600012451
40005fff0000ffff8c408c4f0000ffff0000ffff0000ffff0003000c2456
81128112e000efff20003fff0000ffff0000ffff0000ffff001400032457
88008fff0000ffff2000207f0000ffff0000ffff0400ffff000500092458
818081ff0000ffff28002fff0000ffff0000ffff0000ffff000900052459
c000dfff0000ffffee80ee9f0000ffff0000ffff0400ffff0003000b245b
ee00eeff0000ffff88008bff0000ffff0000ffff0000ffff00080006245e
ef83ef8300003fff68006fff0000ffff0000ffff0000ffff00120005245f
08000bff0000ffff100011ff0000ffff0000ffff0000ffff000600072460
0c000c7f0000ffffa000a7ff0000ffff0000ffff0000ffff000900052465
0cd10cd10000ffffa800abff0000ffff0000ffff0000ffff001000062466
684368430000ffff88008bff0000ffff0000ffff0000ffff001000062467
ef82ef820000ffffe800ebff0000ffff0000ffff0000ffff001000062468
0cd40cd70000ffff640064ff0000ffff0000ffff0000ffff000e00082469
0cd80cdf0000ffff1300137f0000ffff0000ffff0000ffff000d0009246d
6848684f0000ffffaf00af7f0000ffff0000ffff0000ffff000d0009246e
6848684f0000ffff8c808cff0000ffff0000ffff0000ffff000d0009246f
8118811f0000ffff8c808cff0000ffff0000ffff0000ffff000d00092470
ef88ef8f0000ffffee00ee7f0000ffff0000ffff0000ffff000d00092471
ef88ef8f0000ffff6500657f0000ffff0000ffff0000ffff000d00092472
0cd20cd30000ffffac00adff0000ffff0000ffff0000ffff000f00072473
0d000dff0000ffff13e813eb0000ffff0000ffff0000ffff0008000e2474
690069ff0000ffffafccafcf0000ffff0000ffff0000ffff0008000e2475
690069ff0000ffff65f465f70000ffff0000ffff0000ffff0008000e2476
10001fff0000ffff658065bf0000ffff0000ffff0000ffff0004000a2477
70007fff0000ffff8c008c3f0000ffff0000ffff0000ffff0004000a2478
0000ffff0000ffffdfa8dfab0000ffff0000ffff0000ffff0000000e2479
6850685f0000ffff138013bf0000ffff0000ffff0000ffff000c000a247a
ef90ef9f0000ffffeec0eeff0000ffff0000ffff0000ffff000c000a247b
6848684f0000ffff0000ffff0000ffff0400ffff0000ffff000d0000247c
68426842c000c7ff00007fff0000ffff0000ffff0000ffff00150001247d
81128112f000f7ff00007fff0000ffff0000ffff0000ffff00150001247e
6860687f0000ffff8c608c7f0000ffff0000ffff0000ffff000b000b247f
efa0efbf0000ffff65c065df0000ffff0000ffff0000ffff000b000b2480
40005fff0000ffff8c608c7f0000ffff0000ffff0000ffff0003000b2482
40005fff0000ffff8c608c7f0000ffff0000ffff0000ffff0003000b2483
690069ff0000ffff68006fff0000ffff0000ffff0400ffff000800052484
600067ff0000ffff8c808cff0000ffff0000ffff0000ffff000500092485
e000e7ff0000ffffee00ee7f0000ffff0000ffff0000ffff000500092486
690069ff0000ffff140017ff0000ffff0000ffff0000ffff000800062487
68426842d000dfff8000bfff0000ffff0000ffff0000ffff00140002248c
81128112e000efffc000ffff0000ffff0000ffff0000ffff00140002248d
ef83ef8370007fff40007fff0000ffff0000ffff0000ffff00140002248e
840087ff0000ffff8d008dff0000ffff0000ffff0000ffff000600082493
81128112c000dfffe000ffff0000ffff0000ffff0000ffff001300032497
efc0efff0000ffff60007fff0000ffff0000ffff0000ffff000a00032498
efc0efff0000ffff80009fff0000ffff0000ffff0000ffff000a00032499
ef83ef838000ffffe000e7ff0000ffff0000ffff0000ffff00110005249a
ef83ef836c006fff0000ffff0000ffff0000ffff0000ffff00160000249b
efc0efff0000ffff65e065ef0000ffff0000ffff0000ffff000a000c249c
0d000dff0000ffffdfa0dfa70000ffff0000ffff0000ffff0008000d249f
690069ff0000ffff8c508c570000ffff0000ffff0000ffff0008000d24a0
690069ff0000ffff13e013e70000ffff0000ffff0000ffff0008000d24a1
ee00eeff0000ffff571057170000ffff0000ffff0000ffff0008000d24a2
0cd10cd10000ffffa000a7ff0000ffff0000ffff0000ffff0010000524a7
684368430000ffff800087ff0000ffff0000ffff0000ffff0010000524a8
811381130000ffff800087ff0000ffff0000ffff0000ffff0010000524a9
ef82ef820000ffff58005fff0000ffff0000ffff0000ffff0010000524aa
ef82ef820000ffff68006fff0000ffff0000ffff0000ffff0010000524ab
0e000fff0000ffffafccafcf0000ffff0000ffff0000ffff0007000e24ac
ec00edff0000ffffeebceebf0000ffff0000ffff0000ffff0007000e24ad
ec00edff0000ffff8c5c8c5f0000ffff0000ffff0000ffff0007000e24ae
0d000dff0000ffffa000a7ff0000ffff0000ffff0000ffff0008000524af
0cd00cd098009fff0000ffff0000ffff0000ffff0000ffff0015000024b0
81128112f000f7ff0000ffff0000ffff0000ffff0000ffff0015000024b1
0c800cbf0000ffffafe0afff0000ffff0000ffff0000ffff000a000b24b2
6800683f0000ffff13c013df0000ffff0000ffff0000ffff000a000b24b3
6800683f0000ffff65c065df0000ffff0000ffff0000ffff000a000b24b4
6800683f0000ffff8c608c7f0000ffff0000ffff0000ffff000a000b24b5
8140817f0000ffff8c608c7f0000ffff0000ffff0000ffff000a000b24b6
efc0efff0000ffff5720573f0000ffff0000ffff0000ffff000a000b24b7
6860687f0000ffff208020bf0000ffff0000ffff0000ffff000b000a24b8
8120813f0000ffff5740577f0000ffff0000ffff0000ffff000b000a24b9
8120813f0000ffffeec0eeff0000ffff0000ffff0000ffff000b000a24ba
efa0efbf0000ffff658065bf0000ffff0000ffff0000ffff000b000a24bb
688068ff0000ffff20e020ef0000ffff0000ffff0000ffff0009000c24bc
688068ff0000ffffafd0afdf0000ffff0000ffff0000ffff0009000c24bd
688068ff0000ffff8c408c4f0000ffff0000ffff0000ffff0009000c24be
688068ff0000ffff65e065ef0000ffff0000ffff0000ffff0009000c24bf
ef00ef7f0000ffff8c408c4f0000ffff0000ffff0000ffff0009000c24c0
ef00ef7f0000ffffeea0eeaf0000ffff0000ffff0000ffff0009000c24c1
684268428000bfff80009fff0000ffff0000ffff0000ffff0012000324c2
811281128000bfff40005fff0000ffff0000ffff0000ffff0012000324c3
ef83ef8300003fff80009fff0000ffff0000ffff0000ffff0012000324c4
684068410000ffff600063ff0000ffff0000ffff0000ffff000f000624c5
ef80ef810000ffff600063ff0000ffff0000ffff0000ffff000f000624c6
6848684f0000ffff640064ff0000ffff0000ffff0000ffff000d000824c7
6848684f0000ffff8d008dff0000ffff0000ffff0000ffff000d000824c8
8118811f0000ffff560056ff0000ffff0000ffff0000ffff000d000824c9
40005fff0000ffff138013bf0000ffff0000ffff0000ffff0003000a24cd
684468470000ffff8e008fff0000ffff0000ffff0000ffff000e000724ce
684468470000ffff100011ff0000ffff0000ffff0000ffff000e000724cf
684468470000ffff660067ff0000ffff0000ffff0000ffff000e000724d0
ef84ef870000ffff540055ff0000ffff0000ffff0000ffff000e000724d1
ef84ef870000ffff660067ff0000ffff0000ffff0000ffff000e000724d2
ef84ef870000ffffec00edff0000ffff0000ffff0000ffff000e000724d3
40007fff0000ffff13c013df0000ffff0000ffff0000ffff0002000b24d4
6c006fff0000ffff8e008fff0000ffff0000ffff0000ffff0006000724d7
840087ff0000ffff220023ff0000ffff0000ffff0000ffff0006000724d8
68426842d000dfff8000ffff0000ffff0000ffff0000ffff0014000124d9
81128112e000efff8000ffff0000ffff0000ffff0000ffff0014000124da
00007fff0000ffff8c408c4f0000ffff0000ffff0000ffff0001000c24db
8000ffff0000ffff65e065ef0000ffff0000ffff0000ffff0001000c24dc
68426842e000ffff8000bfff0000ffff0000ffff0000ffff0013000224dd
81128112c000dfff8000bfff0000ffff0000ffff0000ffff0013000224de
8100810f0000ffff8c808cff0000ffff0000ffff0000ffff000c000924df
8100810f0000ffffee00ee7f0000ffff0000ffff0000ffff000c000924e0
ef90ef9f0000ffff8c808cff0000ffff0000ffff0000ffff000c000924e1
ef90ef9f0000ffff6500657f0000ffff0000ffff0000ffff000c000924e2
a000bfff0000ffff8c808cff0000ffff0000ffff0000ffff0003000924e5
e000e7ff0000ffff8e008fff0000ffff0000ffff0000ffff0005000724e6
ef00ef7f0000ffff70007fff0000ffff0000ffff0000ffff0009000424e7
ef00ef7f0000ffff90009fff0000ffff0000ffff0000ffff0009000424e8
ef00ef7f0000ffff90009fff0000ffff0000ffff0000ffff0009000424e9
ef83ef838000ffff70007fff0000ffff0000ffff0000ffff0011000424ea
ec00edff0000ffffe000e7ff0000ffff0000ffff0000ffff0007000524eb
ec00edff0000ffff600063ff0000ffff0000ffff0000ffff0007000624ec
ee00eeff0000ffff70007fff0000ffff0000ffff0000ffff0008000424ed
0e000fff0000ffffdfa0dfa70000ffff0000ffff0000ffff0007000d24ef
6a006bff0000ffff8c508c570000ffff0000ffff0000ffff0007000d24f0
ec00edff0000ffffeeb0eeb70000ffff0000ffff0000ffff0007000d24f1
ec00edff0000ffff65f865ff0000ffff0000ffff0000ffff0007000d24f2
0cd20cd30000ffff68006fff0000ffff0000ffff0000ffff000f000524f3
0cd20cd30000ffff18001fff0000ffff0000ffff0000ffff000f000524f4
684068410000ffff800087ff0000ffff0000ffff0000ffff000f000524f5
811081110000ffff58005fff0000ffff0000ffff0000ffff000f000524f6
ef80ef810000ffff68006fff0000ffff0000ffff0000ffff000f000524f7
0cd80cdf0000ffffdc00ddff0000ffff0000ffff0000ffff000d000724f8
6848684f0000ffff660067ff0000ffff0000ffff0000ffff000d000724f9
0ce00cff0000ffff1300137f0000ffff0000ffff0000ffff000b000924fa
6860687f0000ffff8c808cff0000ffff0000ffff0000ffff000b000924fb
6860687f0000ffff1300137f0000ffff0000ffff0000ffff000b000924fc
efa0efbf0000ffffee00ee7f0000ffff0000ffff0000ffff000b000924fd
efa0efbf0000ffff6500657f0000ffff0000ffff0000ffff000b000924fe
0cd10cd10000ffff00000fff0000ffff0000ffff0000ffff0010000424ff
684368430000ffff00000fff0000ffff0000ffff0000ffff001000042500
ef82ef820000ffff90009fff0000ffff0000ffff0000ffff001000042501
0d000dff0000ffffafd0afdf0000ffff0000ffff0000ffff0008000c2502
ee00eeff0000ffff5700570f0000ffff0000ffff0000ffff0008000c2503
ee00eeff0000ffff8c408c4f0000ffff0000ffff0000ffff0008000c2504
688068ff0000ffff65c065df0000ffff0000ffff0000ffff0009000b2506
6850685f0000ffff8d008dff0000ffff0000ffff0000ffff000c00082507
8100810f0000ffff560056ff0000ffff0000ffff0000ffff000c00082508
8100810f0000ffff8d008dff0000ffff0000ffff0000ffff000c00082509
ef90ef9f0000ffff560056ff0000ffff0000ffff0000ffff000c0008250a
ef90ef9f0000ffff8d008dff0000ffff0000ffff0000ffff000c0008250b
6800683f0000ffff8c008c3f0000ffff0000ffff0000ffff000a000a250c
6800683f0000ffff138013bf0000ffff0000ffff0000ffff000a000a250d
8140817f0000ffff5740577f0000ffff0000ffff0000ffff000a000a250e
684468470000ffff600063ff0000ffff0000ffff0000ffff000e0006250f
811481170000ffffe800ebff0000ffff0000ffff0000ffff000e00062510
6c006fff0000ffff8c5c8c5f0000ffff0000ffff0000ffff0006000e2511
840087ff0000ffff8c5c8c5f0000ffff0000ffff0000ffff0006000e2512
e800ebff0000ffff65f465f70000ffff0000ffff0000ffff0006000e2513
68426842e000ffff8000ffff0000ffff0000ffff0000ffff001300012514
840087ff0000ffffa000a7ff0000ffff0000ffff0000ffff000600052517
ef00ef7f0000ffff40005fff0000ffff0000ffff0000ffff000900032518
c000dfff0000ffff560056ff0000ffff0000ffff0000ffff000300082519
ee00eeff0000ffff60007fff0000ffff0000ffff0000ffff00080003251b
ef83ef838000ffff80009fff0000ffff0000ffff0000ffff00110003251c
ef83ef838000ffff60007fff0000ffff0000ffff0000ffff00110003251d
0e000fff0000ffff13f013ff0000ffff0000ffff0000ffff0007000c2523
6a006bff0000ffff8c408c4f0000ffff0000ffff0000ffff0007000c2524
ec00edff0000ffffeea0eeaf0000ffff0000ffff0000ffff0007000c2525
0cd80cdf0000ffffd800dbff0000ffff0000ffff0000ffff000d00062526
0cd80cdf0000ffff600063ff0000ffff0000ffff0000ffff000d00062527
8118811f0000ffff500053ff0000ffff0000ffff0000ffff000d00062528
0ce00cff0000ffff0000ffff0000ffff0000ffff0000ffff000b00002529
6860687f0000ffff0000ffff0000ffff0000ffff0000ffff000b0000252a
efa0efbf0000ffff0000ffff0000ffff0000ffff0000ffff000b0000252b
08000bff0000ffffb000bfff0000ffff0000ffff0000ffff00060004252c
0c800cbf0000ffff1300137f0000ffff0000ffff0000ffff000a0009252d
6800683f0000ffff1300137f0000ffff0000ffff0000ffff000a0009252e
8140817f0000ffff578057ff0000ffff0000ffff0000ffff000a0009252f
0d000dff0000ffffa000bfff0000ffff0000ffff0000ffff000800032530
0d000dff0000ffffafe0afff0000ffff0000ffff0000ffff0008000b2531
ee00eeff0000ffff8c608c7f0000ffff0000ffff0000ffff0008000b2532
ee00eeff0000ffff65c065df0000ffff0000ffff0000ffff0008000b2533
0000ffff0000ffffdfc0dfff0000ffff0000ffff0000ffff0000000a2534
0cc00ccf0000ffff100011ff0000ffff0000ffff0000ffff000c00072535
6850685f0000ffff8e008fff0000ffff0000ffff0000ffff000c00072536
8100810f0000ffff540055ff0000ffff0000ffff0000ffff000c00072537
08000bff0000ffff20f820ff0000ffff0000ffff0000ffff0006000d2538
6c006fff0000ffffafc0afc70000ffff0000ffff0000ffff0006000d2539
6c006fff0000ffff571057170000ffff0000ffff0000ffff0006000d253a
840087ff0000ffff571057170000ffff0000ffff0000ffff0006000d253b
840087ff0000ffff8c508c570000ffff0000ffff0000ffff0006000d253c
e800ebff0000ffffeeb0eeb70000ffff0000ffff0000ffff0006000d253d
e800ebff0000ffff65f865ff0000ffff0000ffff0000ffff0006000d253e
684368430000ffff60007fff0000ffff0000ffff0000ffff00100003253f
684368430000ffff80009fff0000ffff0000ffff0000ffff001000032540
688068ff0000ffff8c008c3f0000ffff0000ffff0000ffff0009000a2543
688068ff0000ffff138013bf0000ffff0000ffff0000ffff0009000a2544
600067ff0000ffff13e813eb0000ffff0000ffff0000ffff0005000e2545
88008fff0000ffff571c571f0000ffff0000ffff0000ffff0005000e2546
e000e7ff0000ffffeebceebf0000ffff0000ffff0000ffff0005000e2547
688068ff0000ffff8000bfff0000ffff0000ffff0000ffff000900022548
811081110000ffff90009fff0000ffff0000ffff0000ffff000f00042549
ec00edff0000ffff60007fff0000ffff0000ffff0000ffff00070003254b
efc0efff0000ffff0000ffff0000ffff0000ffff0000ffff000a0000254c
efc0efff0000ffff8000ffff0000ffff0000ffff0000ffff000a0001254d
ef83ef838000ffff40007fff0000ffff0000ffff0000ffff00110002254e
0c800cbf0000ffffde00deff0000ffff0000ffff0000ffff000a0008254f
0c800cbf0000ffff640064ff0000ffff0000ffff0000ffff000a00082550
6800683f0000ffffae00aeff0000ffff0000ffff0000ffff000a00082551
6800683f0000ffff8d008dff0000ffff0000ffff0000ffff000a00082552
8140817f0000ffffef00efff0000ffff0000ffff0000ffff000a00082553
8140817f0000ffff560056ff0000ffff0000ffff0000ffff000a00082554
efc0efff0000ffff8d008dff0000ffff0000ffff0000ffff000a00082555
0e000fff0000ffffdf80df9f0000ffff0000ffff0000ffff0007000b2556
6a006bff0000ffff65c065df0000ffff0000ffff0000ffff0007000b2557
6a006bff0000ffff8c608c7f0000ffff0000ffff0000ffff0007000b2558
ec00edff0000ffff65c065df0000ffff0000ffff0000ffff0007000b2559
10001fff0000ffffa800abff0000ffff0000ffff0000ffff00040006255a
10001fff0000ffff140017ff0000ffff0000ffff0000ffff00040006255b
70007fff0000ffffa800abff0000ffff0000ffff0000ffff00040006255c
0cd00cd0c000ffff0000ffff0000ffff0000ffff0000ffff00120000255d
00003fff0000ffff660067ff0000ffff0000ffff0000ffff00020007255e
0d000dff0000ffffaf80afbf0000ffff0000ffff0000ffff0008000a255f
690069ff0000ffff658065bf0000ffff0000ffff0000ffff0008000a2560
690069ff0000ffff8c008c3f0000ffff0000ffff0000ffff0008000a2561
ee00eeff0000ffff8c008c3f0000ffff0000ffff0000ffff0008000a2562
ee00eeff0000ffff5740577f0000ffff0000ffff0000ffff0008000a2563
ee00eeff0000ffff658065bf0000ffff0000ffff0000ffff0008000a2564
0c000c7f0000ffff6500657f0000ffff0000ffff0000ffff000900092565
688068ff0000ffff1300137f0000ffff0000ffff0000ffff000900092566
818081ff0000ffff2000207f0000ffff0000ffff0000ffff000900092567
818081ff0000ffff578057ff0000ffff0000ffff0000ffff000900092568
ef00ef7f0000ffff8c808cff0000ffff0000ffff0000ffff000900092569
000007ff0000ffffb000bfff0000ffff0000ffff0000ffff00050004256a
6860687f0000ffffac00adff0000ffff0000ffff0000ffff000b0007256c
6860687f0000ffff100011ff0000ffff0000ffff0000ffff000b0007256d
efa0efbf0000ffffdc00ddff0000ffff0000ffff0000ffff000b0007256e
efa0efbf0000ffffec00edff0000ffff0000ffff0000ffff000b0007256f
6c006fff0000ffffafd0afdf0000ffff0000ffff0000ffff0006000c2570
6c006fff0000ffff13f013ff0000ffff0000ffff0000ffff0006000c2571
840087ff0000ffff8c408c4f0000ffff0000ffff0000ffff0006000c2572
e800ebff0000ffff65e065ef0000ffff0000ffff0000ffff0006000c2573
e800ebff0000ffff8c408c4f0000ffff0000ffff0000ffff0006000c2574
6842684200007fff8000ffff0000ffff0000ffff0000ffff001100012575
ef83ef838000ffff00007fff0000ffff0000ffff0000ffff001100012576
600067ff0000ffff65f865ff0000ffff0000ffff0000ffff0005000d2577
600067ff0000ffff8c508c570000ffff0000ffff0000ffff0005000d2578
6848684f0000ffff800087ff0000ffff0000ffff0000ffff000d00052579
ef88ef8f0000ffff68006fff0000ffff0000ffff0000ffff000d0005257a
6850685f0000ffff88008bff0000ffff0000ffff0000ffff000c0006257b
8100810f0000ffff500053ff0000ffff0000ffff0000ffff000c0006257c
684368430000ffff00003fff0000ffff0000ffff0000ffff00100002257e
ef82ef820000ffffc000ffff0000ffff0000ffff0000ffff00100002257f
90009fff0000ffff8c5c8c5f0000ffff0000ffff0000ffff0004000e2580
811081110000ffffe000ffff0000ffff0000ffff0000ffff000f00032581
ef00ef7f0000ffff8000ffff0000ffff0000ffff0000ffff000900012583
ef84ef870000ffff90009fff0000ffff0000ffff0000ffff000e00042584
0cc00ccf0000ffff68006fff0000ffff0000ffff0000ffff000c00052585
6850685f0000ffffa000a7ff0000ffff0000ffff0000ffff000c00052586
6850685f0000ffff68006fff0000ffff0000ffff0000ffff000c00052587
6850685f0000ffff800087ff0000ffff0000ffff0000ffff000c00052588
8100810f0000ffffe000e7ff0000ffff0000ffff0000ffff000c00052589
0cd40cd70000ffffc000dfff0000ffff0000ffff0000ffff000e0003258a
684468470000ffffa000bfff0000ffff0000ffff0000ffff000e0003258b
684468470000ffff80009fff0000ffff0000ffff0000ffff000e0003258c
811481170000ffff40005fff0000ffff0000ffff0000ffff000e0003258d
ef84ef870000ffff80009fff0000ffff0000ffff0000ffff000e0003258e
0cd10cd10000ffff8000ffff0000ffff0000ffff0000ffff00100001258f
684368430000ffff00007fff0000ffff0000ffff0000ffff001000012590
ef82ef820000ffff8000ffff0000ffff0000ffff0000ffff001000012591
10001fff0000ffffafc0afc70000ffff0000ffff0000ffff0004000d2592
70007fff0000ffff13e013e70000ffff0000ffff0000ffff0004000d2593
70007fff0000ffff8c508c570000ffff0000ffff0000ffff0004000d2594
0cd20cd30000ffff8000bfff0000ffff0000ffff0000ffff000f00022595
684068410000ffff40007fff0000ffff0000ffff0000ffff000f00022596
684068410000ffff8000bfff0000ffff0000ffff0000ffff000f00022597
811081110000ffffc000ffff0000ffff0000ffff0000ffff000f00022598
ef80ef810000ffff40007fff0000ffff0000ffff0000ffff000f00022599
0d000dff0000ffff1300137f0000ffff0000ffff0000ffff00080009259a
690069ff0000ffff1300137f0000ffff0000ffff0000ffff00080009259b
800080ff0000ffff2000207f0000ffff0000ffff0000ffff00080009259c
ee00eeff0000ffffee00ee7f0000ffff0000ffff0000ffff00080009259d
0cd80cdf0000ffff00000fff0000ffff0000ffff0000ffff000d0004259e
8118811f0000ffff30003fff0000ffff0000ffff0000ffff000d0004259f
ef88ef8f0000fffff000ffff0000ffff0000ffff0000ffff000d000425a0
ef88ef8f0000ffff70007fff0000ffff0000ffff0000ffff000d000425a1
ef88ef8f0000ffff90009fff0000ffff0000ffff0000ffff000d000425a2
000007ff0000ffffa000bfff0000ffff0000ffff0000ffff0005000325a3
600067ff0000ffff80009fff0000ffff0000ffff0000ffff0005000325a4
6a006bff0000ffff8000bfff0000ffff0000ffff0000ffff0007000225a5
6a006bff0000ffff40007fff0000ffff0000ffff0000ffff0007000225a6
600067ff0000ffff70007fff0000ffff0000ffff0000ffff0005000425a7
6a006bff0000ffff8c008c3f0000ffff0000ffff0000ffff0007000a25a8
ec00edff0000ffff5740577f0000ffff0000ffff0000ffff0007000a25a9
70007fff0000ffff800087ff0000ffff0000ffff0000ffff0004000525aa
6842684200007fff0000ffff0000ffff0000ffff0000ffff0011000025ab
8112811200007fff0000ffff0000ffff0000ffff0000ffff0011000025ac
6c006fff0000ffff8000bfff0000ffff0000ffff0000ffff0006000225ad
e800ebff0000ffff8000bfff0000ffff0000ffff0000ffff0006000225ae
6c006fff0000ffff13c013df0000ffff0000ffff0000ffff0006000b25af
e800ebff0000ffff5720573f0000ffff0000ffff0000ffff0006000b25b0
688068ff0000ffff8d008dff0000ffff0000ffff0000ffff0009000825b1
818081ff0000ffff560056ff0000ffff0000ffff0000ffff0009000825b2
8120813f0000ffff240027ff0000ffff0000ffff0000ffff000b000625b3
88008fff0000ffffeea0eeaf0000ffff0000ffff0000ffff0005000c25b4
efc0efff0000ffff660067ff0000ffff0000ffff0000ffff000a000725b6
c000dfff0000ffff8c5c8c5f0000ffff0000ffff0000ffff0003000e25b7
0cd40cd70000ffff40007fff0000ffff0000ffff0000ffff000e000225b8
ef84ef870000ffffc000ffff0000ffff0000ffff0000ffff000e000225b9
10001fff0000ffffdfb0dfbf0000ffff0000ffff0000ffff0004000c25ba
90009fff0000ffff8c408c4f0000ffff0000ffff0000ffff0004000c25bb
f000ffff0000ffff65e065ef0000ffff0000ffff0000ffff0004000c25bc
0e000fff0000ffffdf00df7f0000ffff0000ffff0000ffff0007000925bd
6a006bff0000ffff6500657f0000ffff0000ffff0000ffff0007000925be
820083ff0000ffffee00ee7f0000ffff0000ffff0000ffff0007000925bf
820083ff0000ffff8c808cff0000ffff0000ffff0000ffff0007000925c0
ec00edff0000ffffee00ee7f0000ffff0000ffff0000ffff0007000925c1
ec00edff0000ffff6500657f0000ffff0000ffff0000ffff0007000925c2
000007ff0000ffff13c013df0000ffff0000ffff0000ffff0005000b25c3
000007ff0000ffff65c065df0000ffff0000ffff0000ffff0005000b25c4
600067ff0000ffffafe0afff0000ffff0000ffff0000ffff0005000b25c5
600067ff0000ffff13c013df0000ffff0000ffff0000ffff0005000b25c6
e000e7ff0000ffff8c608c7f0000ffff0000ffff0000ffff0005000b25c7
08000bff0000ffffaf80afbf0000ffff0000ffff0000ffff0006000a25c8
6c006fff0000ffff658065bf0000ffff0000ffff0000ffff0006000a25c9
e800ebff0000ffff658065bf0000ffff0000ffff0000ffff0006000a25ca
0d000dff0000ffffae00aeff0000ffff0000ffff0000ffff0008000825cb
0d000dff0000ffff120012ff0000ffff0000ffff0000ffff0008000825cc
690069ff0000ffff640064ff0000ffff0000ffff0000ffff0008000825cd
800080ff0000ffff560056ff0000ffff0000ffff0000ffff0008000825ce
20003fff0000ffffafc0afc70000ffff0000ffff0000ffff0003000d25cf
40005fff0000ffff8c508c570000ffff0000ffff0000ffff0003000d25d0
c000dfff0000ffff8c508c570000ffff0000ffff0000ffff0003000d25d1
688068ff0000ffff220023ff0000ffff0000ffff0000ffff0009000725d4
ef00ef7f0000ffff8e008fff0000ffff0000ffff0000ffff0009000725d5
ef00ef7f0000ffff660067ff0000ffff0000ffff0000ffff0009000725d6
6848684f0000ffffa000bfff0000ffff0000ffff0000ffff000d000325d7
6848684f0000ffff00001fff0000ffff0000ffff0000ffff000d000325d8
6848684f0000ffff80009fff0000ffff0000ffff0000ffff000d000325d9
ef88ef8f0000ffffe000ffff0000ffff0000ffff0000ffff000d000325da
ef88ef8f0000ffff60007fff0000ffff0000ffff0000ffff000d000325db
6850685f0000ffff70007fff0000ffff0000ffff0000ffff000c000425dd
ef90ef9f0000fffff000ffff0000ffff0000ffff0000ffff000c000425de
6c006fff0000ffff40007fff0000ffff0000ffff0000ffff0006000225df
6860687f0000ffff800087ff0000ffff0000ffff0000ffff000b000525e0
8120813f0000ffffe000e7ff0000ffff0000ffff0000ffff000b000525e1
811381130000ffff0000ffff0000ffff0000ffff0000ffff0010000025e2
8000bfff0000ffff20f420f70000ffff0000ffff0000ffff0002000e25e3
c000ffff0000ffff8c5c8c5f0000ffff0000ffff0000ffff0002000e25e4
8140817f0000ffff500053ff0000ffff0000ffff0000ffff000a000625e5
8140817f0000ffffe800ebff0000ffff0000ffff0000ffff000a000625e6
ec00edff0000ffff8000ffff0000ffff0000ffff0000ffff0007000125e7
ec00edff0000ffff00007fff0000ffff0000ffff0000ffff0007000125e8
0000ffff0000ffffdc00ddff0000ffff0000ffff0000ffff0000000725e9
c000ffff0000ffff800087ff0000ffff0000ffff0000ffff0002000525ea
ef80ef810000ffff00007fff0000ffff0000ffff0000ffff000f000125eb
000007ff0000ffffdfc0dfff0000ffff0000ffff0000ffff0005000a25ec
000007ff0000ffffaf80afbf0000ffff0000ffff0000ffff0005000a25ed
88008fff0000ffff208020bf0000ffff0000ffff0000ffff0005000a25ee
88008fff0000ffff5740577f0000ffff0000ffff0000ffff0005000a25ef
e000e7ff0000ffffeec0eeff0000ffff0000ffff0000ffff0005000a25f0
e000e7ff0000ffff8c008c3f0000ffff0000ffff0000ffff0005000a25f1
00007fff0000ffffdfa8dfab0000ffff0000ffff0000ffff0001000e25f2
00007fff0000ffff8c5c8c5f0000ffff0000ffff0000ffff0001000e25f3
0c000c7f0000ffffd800dbff0000ffff0000ffff0000ffff0009000625f4
688068ff0000ffff140017ff0000ffff0000ffff0000ffff0009000625f5
818081ff0000ffffe800ebff0000ffff0000ffff0000ffff0009000625f6
10001fff0000ffff8000bfff0000ffff0000ffff0000ffff0004000225f7
0cd80cdf0000ffff40007fff0000ffff0000ffff0000ffff000d000225f8
ef88ef8f0000ffff40007fff0000ffff0000ffff0000ffff000d000225f9
00007fff0000ffffa800abff0000ffff0000ffff0000ffff0001000625fa
0c800cbf0000ffff68006fff0000ffff0000ffff0000ffff000a000525fb
6800683f0000ffff68006fff0000ffff0000ffff0000ffff000a000525fc
8140817f0000ffff800087ff0000ffff0000ffff0000ffff000a000525fd
efc0efff0000ffff800087ff0000ffff0000ffff0000ffff000a000525fe
10001fff0000ffffafe0afff0000ffff0000ffff0000ffff0004000b25ff
90009fff0000ffff5720573f0000ffff0000ffff0000ffff0004000b2600
f000ffff0000ffff65c065df0000ffff0000ffff0000ffff0004000b2601
00003fff0000ffff65f865ff0000ffff0000ffff0000ffff0002000d2602
40007fff0000ffff20f820ff0000ffff0000ffff0000ffff0002000d2603
40007fff0000ffffafc0afc70000ffff0000ffff0000ffff0002000d2604
c000ffff0000ffff8c508c570000ffff0000ffff0000ffff0002000d2605
0e000fff0000ffff0000ffff0000ffff0000ffff0000ffff000700002606
6a006bff0000ffff0000ffff0000ffff0000ffff0000ffff000700002607
0e000fff0000ffffae00aeff0000ffff0000ffff0000ffff000700082608
6a006bff0000ffff120012ff0000ffff0000ffff0000ffff000700082609
6a006bff0000ffff8d008dff0000ffff0000ffff0000ffff00070008260a
820083ff0000ffff560056ff0000ffff0000ffff0000ffff00070008260b
ec00edff0000ffff640064ff0000ffff0000ffff0000ffff00070008260c
00007fff0000ffff800087ff0000ffff0000ffff0000ffff00010005260e
40005fff0000ffff8c408c4f0000ffff0000ffff0000ffff0003000c260f
40005fff0000ffff65e065ef0000ffff0000ffff0000ffff0003000c2610
6c006fff0000ffff8c808cff0000ffff0000ffff0000ffff000600092611
840087ff0000ffffee00ee7f0000ffff0000ffff0000ffff000600092612
e800ebff0000ffff6500657f0000ffff0000ffff0000ffff000600092613
40007fff0000ffff800087ff0000ffff0000ffff0000ffff000200052614
6850685f0000ffff00001fff0000ffff0000ffff0000ffff000c00032615
0000ffff0000ffffdc00ddff0000ffff0000ffff0000ffff000000072616
811081110000ffff0000ffff0000ffff0000ffff0000ffff000f00002617
ee00eeff0000ffffec00edff0000ffff0000ffff0000ffff000800072618
ee00eeff0000ffff660067ff0000ffff0000ffff0000ffff000800072619
efa0efbf0000ffff70007fff0000ffff0000ffff0000ffff000b0004261a
f000ffff0000ffff60007fff0000ffff0000ffff0000ffff00040003261b
0d000dff0000ffffd800dbff0000ffff0000ffff0000ffff00080006261c
0d000dff0000ffff140017ff0000ffff0000ffff0000ffff00080006261d
690069ff0000ffffa800abff0000ffff0000ffff0000ffff00080006261e
690069ff0000ffff88008bff0000ffff0000ffff0000ffff00080006261f
690069ff0000ffff140017ff0000ffff0000ffff0000ffff000800062620
800080ff0000ffff500053ff0000ffff0000ffff0000ffff000800062621
ee00eeff0000ffff600063ff0000ffff0000ffff0000ffff000800062622
0e000fff0000ffffdc00ddff0000ffff0000ffff0000ffff000700072623
00007fff0000ffffafc0afc70000ffff0000ffff0000ffff0001000d2624
00003fff0000ffffafd0afdf0000ffff0000ffff0000ffff0002000c2625
c000ffff0000ffff8c408c4f0000ffff0000ffff0000ffff0002000c2626
70007fff0000ffff658065bf0000ffff0000ffff0000ffff0004000a2627
40007fff0000ffff20003fff0000ffff0000ffff0000ffff000200032628
40007fff0000ffff00001fff0000ffff0000ffff0000ffff000200032629
6848684f0000ffff00007fff0000ffff0000ffff0000ffff000d0001262a
600067ff0000ffff8c808cff0000ffff0000ffff0000ffff00050009262b
e000e7ff0000ffffee00ee7f0000ffff0000ffff0000ffff00050009262c
6c006fff0000ffff8d008dff0000ffff0000ffff0000ffff00060008262d
6c006fff0000ffff640064ff0000ffff0000ffff0000ffff00060008262e
00007fff0000ffff90009fff0000ffff0000ffff0000ffff00010004262f
40007fff0000ffff90009fff0000ffff0000ffff0000ffff000200042630
c000ffff0000ffff70007fff0000ffff0000ffff0000ffff000200042631
6800683f0000ffff70007fff0000ffff0000ffff0000ffff000a00042632
0000ffff0000ffffdfa8dfab0000ffff0000ffff0000ffff0000000e2633
684468470000ffff0000ffff0000ffff0000ffff0000ffff000e00002634
0000ffff0000ffffd800dbff0000ffff0000ffff0000ffff000000062635
8100810f0000ffffc000ffff0000ffff0000ffff0000ffff000c00022636
8100810f0000ffff00003fff0000ffff0000ffff0000ffff000c00022637
c000dfff0000ffff8c608c7f0000ffff0000ffff0000ffff0003000b2638
0000ffff0000ffffd000d7ff0000ffff0000ffff0000ffff000000052639
e000e7ff0000ffff8000ffff0000ffff0000ffff0000ffff00050001263a
ef00ef7f0000ffffe000e7ff0000ffff0000ffff0000ffff00090005263b
20003fff0000ffffdfc0dfff0000ffff0000ffff0000ffff0003000a263c
c000dfff0000ffff8c008c3f0000ffff0000ffff0000ffff0003000a263d
c000dfff0000ffffeec0eeff0000ffff0000ffff0000ffff0003000a263e
0cc00ccf0000ffff00007fff0000ffff0000ffff0000ffff000c0001263f
0c800cbf0000ffffa000bfff0000ffff0000ffff0000ffff000a00032640
6800683f0000ffff00001fff0000ffff0000ffff0000ffff000a00032641
6800683f0000ffff80009fff0000ffff0000ffff0000ffff000a00032642
8140817f0000ffff40005fff0000ffff0000ffff0000ffff000a00032643
08000bff0000ffffac00adff0000ffff0000ffff0000ffff000600072644
e800ebff0000ffff660067ff0000ffff0000ffff0000ffff000600072645
20003fff0000ffff40007fff0000ffff0000ffff0000ffff000300022646
a000bfff0000ffffc000ffff0000ffff0000ffff0000ffff000300022647
c000dfff0000ffff8000bfff0000ffff0000ffff0000ffff000300022648
600067ff0000ffffae00aeff0000ffff0000ffff0000ffff000500082649
600067ff0000ffff8d008dff0000ffff0000ffff0000ffff00050008264a
00007fff0000ffffa000bfff0000ffff0000ffff0000ffff00010003264b
688068ff0000ffffb000bfff0000ffff0000ffff0000ffff00090004264c
818081ff0000fffff000ffff0000ffff0000ffff0000ffff00090004264d
70007fff0000ffff8c808cff0000ffff0000ffff0000ffff00040009264e
70007fff0000ffff1300137f0000ffff0000ffff0000ffff00040009264f
6848684f0000ffff0000ffff0000ffff0000ffff0000ffff000d00002650
ef88ef8f0000ffff0000ffff0000ffff0000ffff0000ffff000d00002651
0000ffff0000ffffc000cfff0000ffff0000ffff0000ffff000000042652
8000bfff0000ffffee80ee9f0000ffff0000ffff0000ffff0002000b2653
c000ffff0000ffff8c608c7f0000ffff0000ffff0000ffff0002000b2654
c000ffff0000ffff65c065df0000ffff0000ffff0000ffff0002000b2655
820083ff0000ffffe800ebff0000ffff0000ffff0000ffff000700062656
ec00edff0000ffff600063ff0000ffff0000ffff0000ffff000700062657
f000ffff0000ffff8000ffff0000ffff0000ffff0000ffff000400012658
8000ffff0000ffff70007fff0000ffff0000ffff0000ffff000100042659
e000e7ff0000ffff0000ffff0000ffff0000ffff0000ffff00050000265a
efa0efbf0000ffff8000bfff0000ffff0000ffff0000ffff000b0002265b
0000ffff0000ffffdfb0dfbf0000ffff0000ffff0000ffff0000000c265c
08000bff0000ffffa800abff0000ffff0000ffff0000ffff00060006265d
6c006fff0000ffff88008bff0000ffff0000ffff0000ffff00060006265e
e800ebff0000ffff600063ff0000ffff0000ffff0000ffff00060006265f
e800ebff0000ffffe800ebff0000ffff0000ffff0000ffff000600062660
0000ffff0000ffffc000cfff0000ffff0000ffff0000ffff000000042661
0000ffff0000ffffc000cfff0000ffff0000ffff0000ffff000000042662
0000ffff0000ffffc000cfff0000ffff0000ffff0000ffff000000042663
40007fff0000ffff8000ffff0000ffff0000ffff0000ffff000200012664
40005fff0000ffff00007fff0000ffff0000ffff0000ffff000300012665
40005fff0000ffff8000ffff0000ffff0000ffff0000ffff000300012666
40007fff0000ffff138013bf0000ffff0000ffff0000ffff0002000a2667
8000bfff0000ffffeec0eeff0000ffff0000ffff0000ffff0002000a2668
c000ffff0000ffff8c008c3f0000ffff0000ffff0000ffff0002000a2669
6a006bff0000ffff18001fff0000ffff0000ffff0000ffff00070005266a
6a006bff0000ffff800087ff0000ffff0000ffff0000ffff00070005266b
820083ff0000ffff28002fff0000ffff0000ffff0000ffff00070005266c
820083ff0000ffffe000e7ff0000ffff0000ffff0000ffff00070005266d
690069ff0000ffff70007fff0000ffff0000ffff0000ffff00080004266e
ee00eeff0000fffff000ffff0000ffff0000ffff0000ffff00080004266f
70007fff0000ffff120012ff0000ffff0000ffff0000ffff000400082670
70007fff0000ffff8d008dff0000ffff0000ffff0000ffff000400082671
8000ffff0000ffff40007fff0000ffff0000ffff0000ffff000100022672
8000ffff0000ffff40005fff0000ffff0000ffff0000ffff000100032673
8000ffff0000ffff60007fff0000ffff0000ffff0000ffff000100032674
90009fff0000ffff0000ffff0000ffff0000ffff0000ffff000400002675
e000e7ff0000ffff660067ff0000ffff0000ffff0000ffff000500072676
c000dfff0000ffffee00ee7f0000ffff0000ffff0000ffff000300092677
efc0efff0000ffffc000ffff0000ffff0000ffff0000ffff000a00022678
c000ffff0000ffff40007fff0000ffff0000ffff0000ffff000200022679
efa0efbf0000ffff00007fff0000ffff0000ffff0000ffff000b0001267a
8000ffff0000ffff65c065df0000ffff0000ffff0000ffff0001000b267b
000007ff0000ffff600063ff0000ffff0000ffff0000ffff00050006267c
600067ff0000ffff88008bff0000ffff0000ffff0000ffff00050006267d
20003fff0000ffff0000ffff0000ffff0000ffff0000ffff00030000267e
0d000dff0000ffffa000bfff0000ffff0000ffff0000ffff00080003267f
0d000dff0000ffff00001fff0000ffff0000ffff0000ffff000800032680
0000ffff0000ffffc000ffff0000ffff0000ffff0000ffff000000022681
40007fff0000ffff8000ffff0000ffff0000ffff0000ffff000200012682
40007fff0000ffff00007fff0000ffff0000ffff0000ffff000200012683
c000ffff0000ffff8000ffff0000ffff0000ffff0000ffff000200012684
6800683f0000ffff00007fff0000ffff0000ffff0000ffff000a00012685
6860687f0000ffff0000ffff0000ffff0000ffff0000ffff000b00002686
6a006bff0000ffff90009fff0000ffff0000ffff0000ffff000700042687
820083ff0000ffff40004fff0000ffff0000ffff0000ffff000700042688
70007fff0000ffff8e008fff0000ffff0000ffff0000ffff000400072689
a000bfff0000ffffef00efff0000ffff0000ffff0000ffff00030008268a
a000bfff0000ffff560056ff0000ffff0000ffff0000ffff00030008268b
8000ffff0000ffff00007fff0000ffff0000ffff0000ffff00010001268c
0000ffff0000ffffdf80df9f0000ffff0000ffff0000ffff0000000b268d
8000ffff0000ffff40007fff0000ffff0000ffff0000ffff00010002268e
8000ffff0000ffff40007fff0000ffff0000ffff0000ffff00010002268f
e800ebff0000ffff68006fff0000ffff0000ffff0000ffff000600052690
c000ffff0000ffff6500657f0000ffff0000ffff0000ffff000200092691
ef00ef7f0000ffffc000ffff0000ffff0000ffff0000ffff000900022692
20003fff0000ffffdc00ddff0000ffff0000ffff0000ffff000300072693
40005fff0000ffff8e008fff0000ffff0000ffff0000ffff000300072694
c000dfff0000ffff660067ff0000ffff0000ffff0000ffff000300072695
10001fff0000ffffd800dbff0000ffff0000ffff0000ffff000400062696
f000ffff0000ffff600063ff0000ffff0000ffff0000ffff000400062697
000007ff0000ffffa000a7ff0000ffff0000ffff0000ffff000500052698
600067ff0000ffff800087ff0000ffff0000ffff0000ffff000500052699
e000e7ff0000ffff68006fff0000ffff0000ffff0000ffff00050005269a
08000bff0000ffff00000fff0000ffff0000ffff0000ffff00060004269b
e800ebff0000fffff000ffff0000ffff0000ffff0000ffff00060004269c
e800ebff0000ffff40004fff0000ffff0000ffff0000ffff00060004269d
00003fff0000ffff640064ff0000ffff0000ffff0000ffff00020008269e
40007fff0000ffff120012ff0000ffff0000ffff0000ffff00020008269f
0000ffff0000ffff8000ffff0000ffff0000ffff0000ffff0000000126a0
00007fff0000ffffaf00af7f0000ffff0000ffff0000ffff0001000926a1
00007fff0000ffff8c808cff0000ffff0000ffff0000ffff0001000926a2
8000ffff0000ffff6500657f0000ffff0000ffff0000ffff0001000926a3
0000ffff0000ffffc000ffff0000ffff0000ffff0000ffff0000000226a4
0000ffff0000ffffc000ffff0000ffff0000ffff0000ffff0000000226a5
00007fff0000ffff0000ffff0000ffff0000ffff0000ffff0001000026a6
00007fff0000ffff8000ffff0000ffff0000ffff0000ffff0001000126a7
8000ffff0000ffff00007fff0000ffff0000ffff0000ffff0001000126a8
8000ffff0000ffff00007fff0000ffff0000ffff0000ffff0001000126a9
818081ff0000ffff8000ffff0000ffff0000ffff0000ffff0009000126aa
c000ffff0000ffff0000ffff0000ffff0000ffff0000ffff0002000026ab
c000ffff0000ffff0000ffff0000ffff0000ffff0000ffff0002000026ac
00003fff0000ffffdc00ddff0000ffff0000ffff0000ffff0002000726ad
40007fff0000ffff100011ff0000ffff0000ffff0000ffff0002000726ae
c000ffff0000ffff540055ff0000ffff0000ffff0000ffff0002000726af
0000ffff0000ffff0000ffff0000ffff0000ffff0000ffff0000000026b0
0000ffff0000ffff0000ffff0000ffff0000ffff0000ffff0000000026b1
0000ffff0000ffff0000ffff0000ffff0000ffff0000ffff0000000026b2
0000ffff0000ffff0000ffff0000ffff0000ffff0000ffff0000000026b3
0000ffff0000ffff0000ffff0000ffff0000ffff0000ffff0000000026b4
0d000dff0000ffff8000ffff0000ffff0000ffff0000ffff0008000126b5
690069ff0000ffff00007fff0000ffff0000ffff0000ffff0008000126b6
0e000fff0000ffff8000bfff0000ffff0000ffff0000ffff0007000226b7
6a006bff0000ffff40007fff0000ffff0000ffff0000ffff0007000226b8
6a006bff0000ffff8000bfff0000ffff0000ffff0000ffff0007000226b9
820083ff0000ffff40007fff0000ffff0000ffff0000ffff0007000226ba
000007ff0000ffff00000fff0000ffff0000ffff0000ffff0005000426bb
e000e7ff0000fffff000ffff0000ffff0000ffff0000ffff0005000426bc
0000ffff0000ffff8000ffff0000ffff0000ffff0000ffff0000000126bd
0000ffff0000ffff8000ffff0000ffff0000ffff0000ffff0000000126be
0000ffff0000ffff8000ffff0000ffff0000ffff0000ffff0000000126bf
6c006fff0000ffffa000bfff0000ffff0000ffff0000ffff0006000326c0
840087ff0000ffff40005fff0000ffff0000ffff0000ffff0006000326c1
e800ebff0000ffff80009fff0000ffff0000ffff0000ffff0006000326c2
688068ff0000ffff0000ffff0000ffff0000ffff0000ffff0009000026c3
70007fff0000ffff800087ff0000ffff0000ffff0000ffff0004000526c4
f000ffff0000ffff58005fff0000ffff0000ffff0000ffff0004000526c5
f000ffff0000ffff800087ff0000ffff0000ffff0000ffff0004000526c6
00007fff0000ffff0000ffff0000ffff0000ffff0000ffff0001000026c7
8000ffff0000ffff0000ffff0000ffff0000ffff0000ffff0001000026c8
8000ffff0000ffff0000ffff0000ffff0000ffff0000ffff0001000026c9
00007fff0000ffff8d008dff0000ffff0000ffff0000ffff0001000826ca
8000ffff0000ffff640064ff0000ffff0000ffff0000ffff0001000826cb
c000dfff0000ffff88008bff0000ffff0000ffff0000ffff0003000626cc
c000dfff0000ffff600063ff0000ffff0000ffff0000ffff0003000626cd
0000ffff0000ffff0000ffff0000ffff0000ffff0000ffff0000000026ce
0000ffff0000ffff0000ffff0000ffff0000ffff0000ffff0000000026cf
0000ffff0000ffff0000ffff0000ffff0000ffff0000ffff0000000026d0
0000ffff0000ffff0000ffff0000ffff0000ffff0000ffff0000000026d1
20003fff0000ffff18001fff0000ffff0000ffff0000ffff0003000526d2
20003fff0000ffff68006fff0000ffff0000ffff0000ffff0003000526d3
40005fff0000ffff800087ff0000ffff0000ffff0000ffff0003000526d4
c000dfff0000ffff800087ff0000ffff0000ffff0000ffff0003000526d5
0000ffff0000ffffde00deff0000ffff0000ffff0000ffff0000000826d6
10001fff0000ffff00000fff0000ffff0000ffff0000ffff0004000426d7
90009fff0000fffff000ffff0000ffff0000ffff0000ffff0004000426d8
0e000fff0000ffff8000ffff0000ffff0000ffff0000ffff0007000126d9
ec00edff0000ffff8000ffff0000ffff0000ffff0000ffff0007000126da
6c006fff0000ffff40007fff0000ffff0000ffff0000ffff0006000226db
840087ff0000ffff40007fff0000ffff0000ffff0000ffff0006000226dc
e800ebff0000ffff40007fff0000ffff0000ffff0000ffff0006000226dd
e800ebff0000ffff8000bfff0000ffff0000ffff0000ffff0006000226de
600067ff0000ffff80009fff0000ffff0000ffff0000ffff0005000326df
88008fff0000ffffe000ffff0000ffff0000ffff0000ffff0005000326e0
e000e7ff0000ffff60007fff0000ffff0000ffff0000ffff0005000326e1
e000e7ff0000ffff80009fff0000ffff0000ffff0000ffff0005000326e2
690069ff0000ffff0000ffff0000ffff0000ffff0000ffff0008000026e3
ee00eeff0000ffff0000ffff0000ffff0000ffff0000ffff0008000026e4
c000ffff0000ffff88008bff0000ffff0000ffff0000ffff0002000626e5
10001fff0000ffff00001fff0000ffff0000ffff0000ffff0004000326e6
90009fff0000ffff80009fff0000ffff0000ffff0000ffff0004000326e7
20003fff0000ffff00000fff0000ffff0000ffff0000ffff0003000426e8
40005fff0000ffff90009fff0000ffff0000ffff0000ffff0003000426e9
c000dfff0000ffff70007fff0000ffff0000ffff0000ffff0003000426ea
40007fff0000ffff800087ff0000ffff0000ffff0000ffff0002000526eb
8000bfff0000ffff58005fff0000ffff0000ffff0000ffff0002000526ec
c000ffff0000ffff68006fff0000ffff0000ffff0000ffff0002000526ed
c000ffff0000ffff800087ff0000ffff0000ffff0000ffff0002000526ee
00007fff0000ffff88008bff0000ffff0000ffff0000ffff0001000626ef
8000ffff0000ffff240027ff0000ffff0000ffff0000ffff0001000626f0
0000ffff0000ffffdc00ddff0000ffff0000ffff0000ffff0000000726f1
88008fff0000ffff40007fff0000ffff0000ffff0000ffff0005000226f2
ec00edff0000ffff0000ffff0000ffff0000ffff0000ffff0007000026f3
e800ebff0000ffff8000ffff0000ffff0000ffff0000ffff0006000126f4
00007fff0000ffffa000a7ff0000ffff0000ffff0000ffff0001000526f5
00007fff0000ffff800087ff0000ffff0000ffff0000ffff0001000526f6
40005fff0000ffffa000bfff0000ffff0000ffff0000ffff0003000326f7
c000dfff0000ffffe000ffff0000ffff0000ffff0000ffff0003000326f8
70007fff0000ffff00003fff0000ffff0000ffff0000ffff0004000226f9
0000ffff0000ffffd800dbff0000ffff0000ffff0000ffff0000000626fa
600067ff0000ffff8000ffff0000ffff0000ffff0000ffff0005000126fb
840087ff0000ffff0000ffff0000ffff0000ffff0000ffff0006000026fc
8000bfff0000ffff40004fff0000ffff0000ffff0000ffff0002000426fd
c000ffff0000ffff40004fff0000ffff0000ffff0000ffff0002000426fe
20003fff0000ffffc000ffff0000ffff0000ffff0000ffff0003000226ff
20003fff0000ffff40007fff0000ffff0000ffff0000ffff000300022700
40005fff0000ffff8000bfff0000ffff0000ffff0000ffff000300022701
c000dfff0000ffff40007fff0000ffff0000ffff0000ffff000300022702
00007fff0000ffffc000cfff0000ffff0000ffff0000ffff000100042703
8000ffff0000ffff30003fff0000ffff0000ffff0000ffff000100042704
8000ffff0000ffff40004fff0000ffff0000ffff0000ffff000100042705
10001fff0000ffff8000ffff0000ffff0000ffff0000ffff000400012706
70007fff0000ffff8000ffff0000ffff0000ffff0000ffff000400012707
40007fff0000ffff00001fff0000ffff0000ffff0000ffff000200032708
8000bfff0000ffffe000ffff0000ffff0000ffff0000ffff000200032709
8000bfff0000ffff40005fff0000ffff0000ffff0000ffff00020003270a
600067ff0000ffff0000ffff0000ffff0000ffff0000ffff00050000270b
0000ffff0000ffffd000d7ff0000ffff0000ffff0000ffff00000005270c
00003fff0000ffffc000ffff0000ffff0000ffff0000ffff00020002270d
10001fff0000ffff0000ffff0000ffff0000ffff0000ffff00040000270e
70007fff0000ffff0000ffff0000ffff0000ffff0000ffff00040000270f
f000ffff0000ffff0000ffff0000ffff0000ffff0000ffff000400002710
0000ffff0000ffffc000cfff0000ffff0000ffff0000ffff000000042711
40005fff0000ffff00007fff0000ffff0000ffff0000ffff000300012712
40005fff0000ffff8000ffff0000ffff0000ffff0000ffff000300012713
c000dfff0000ffff8000ffff0000ffff0000ffff0000ffff000300012714
00007fff0000ffff80009fff0000ffff0000ffff0000ffff000100032715
8000ffff0000ffff40005fff0000ffff0000ffff0000ffff000100032716
0000ffff0000ffffc000dfff0000ffff0000ffff0000ffff000000032717
00007fff0000ffff8000bfff0000ffff0000ffff0000ffff000100022718
8000ffff0000ffff40007fff0000ffff0000ffff0000ffff000100022719
40007fff0000ffff00007fff0000ffff0000ffff0000ffff00020001271a
40007fff0000ffff8000ffff0000ffff0000ffff0000ffff00020001271b
8000bfff0000ffff00007fff0000ffff0000ffff0000ffff00020001271c
c000ffff0000ffff00007fff0000ffff0000ffff0000ffff00020001271d
c000ffff0000ffff8000ffff0000ffff0000ffff0000ffff00020001271e
40005fff0000ffff0000ffff0000ffff0000ffff0000ffff00030000271f
a000bfff0000ffff0000ffff0000ffff0000ffff0000ffff000300002720
c000dfff0000ffff0000ffff0000ffff0000ffff0000ffff000300002721
00003fff0000ffff0000ffff0000ffff0000ffff0000ffff000200002722
40007fff0000ffff0000ffff0000ffff0000ffff0000ffff000200002723
8000bfff0000ffff0000ffff0000ffff0000ffff0000ffff000200002724
c000ffff0000ffff0000ffff0000ffff0000ffff0000ffff000200002725
0000ffff0000ffffc000ffff0000ffff0000ffff0000ffff000000022726
00007fff0000ffff8000ffff0000ffff0000ffff0000ffff000100012727
8000ffff0000ffff00007fff0000ffff0000ffff0000ffff000100012728
0000ffff0000ffff8000ffff0000ffff0000ffff0000ffff000000012729
00007fff0000ffff0000ffff0000ffff0000ffff0000ffff00010000272a
8000ffff0000ffff0000ffff0000ffff0000ffff0000ffff00010000272b
0000ffff0000ffff0000ffff0000ffff0000ffff0000ffff00000000272c
