81128112fe61fe618c5b8c5b1c471c470599059918ca18ca002000200000
81128112fe61fe6120f320f365c265c2008f008f00160016002000200001
81128112fe61fe6157185718ca5fca5f0599059900450045002000200002
81128112fe61fe61eebbeebb57c857c9008f008f004500450020001f0003
ef83ef8368fd68fd8c5b8c5b1c441c4501f401f4066d066e0020001f0004
68426842cc20cc2313ec13eca8b2a8b300a100a102020202001e001f0005
81128112fe70fe7f8c5b8c5b1c471c470035003500450045001c00200006
81128112fe64fe67eebbeebb57c057c70016001600500050001e001d0007
68426842cc20cc238c5b8c5b1c501c5f00a100a102020202001e001c0008
ef83ef8368c068df65f165f1381c381d0016001600a200a2001b001f0009
68426842cc00cc1f8c5b8c5b1c441c451590159000140015001b001f000a
68426842cc20cc23afc8afc81100117f0050005000190019001e0019000b
68426842cd00cdff8c5b8c5b1c441c4505990599232b232b0018001f000c
81128112fe00fe3f8c5b8c5b1c481c4f15a415a401bd01bd001a001d000d
ef83ef836800687f8c5b8c5b1c401c4300a100a1005000500019001e000e
0cd00cd096ef96ef13ec13eca8b0a8b00000ffff02020202002000200011
0cd00cd096ef96efdfacdfac774177410000ffff00450045002000200012
68426842cc27cc2765f165f1381f381f0000ffff00500050002000200013
68426842cc26cc268c5b8c5b1c471c470000ffff00450045002000200014
68426842cc26cc2665f165f1381f381f0000ffff02020202002000200015
68426842cc26cc268c5b8c5b1c471c470000ffff232b232b002000200016
81128112fe61fe618c5b8c5b1c471c470000ffff02020202002000200017
81128112fe61fe61eebbeebb57ca57ca0000ffff00a100a1002000200018
81128112fe61fe61eebbeebb57ca57ca0000ffff00890089002000200019
ef83ef8368fd68fdeebbeebb57ca57ca0000ffff0016001600200020001a
ef83ef8368fd68fd8c5b8c5b1c471c470000ffff0071007100200020001b
68426842cc27cc2713ec13eca8b0a8b0007b007b0000ffff00200020001c
68426842cc27cc278c5b8c5b1c471c47003500350000ffff00200020001d
68426842cc26cc2613ec13eca8b0a8b015a415a40000ffff00200020001e
68426842cc26cc268c5b8c5b1c471c4700a100a10000ffff00200020001f
68426842cc26cc2613ec13eca8b0a8b0059905990000ffff002000200020
0cd00cd096ef96efdfacdfac7741774101f401f40000ffff002000200022
0cd00cd096ef96efafc8afc811a111a1001400140000ffff002000200023
0cd00cd096ef96ef13ec13eca8b0a8b0001900190000ffff002000200024
68426842cc26cc268c5b8c5b1c471c4700a100a10000ffff002000200025
68426842cc26cc268c5b8c5b1c471c47159015900000ffff002000200026
81128112fe61fe61afc8afc811a111a1001600160000ffff002000200027
81128112fe61fe6157185718ca5fca5f001900190000ffff002000200028
ef83ef8368fd68fd8c5b8c5b1c471c4700a100a10000ffff002000200029
0cd00cd096ef96efafc8afc811a111a10000ffff1b3a1b3a00200020002a
0cd00cd096ef96efafc8afc811a111a10000ffff09f509f500200020002b
0cd00cd096ef96efafc8afc811a111a10000ffff0045004500200020002c
0cd00cd096ef96ef65f165f1381f381f0000ffff0035003500200020002d
0cd00cd096ef96ef65f165f1381f381f0000ffff0050005000200020002e
0cd00cd096ef96ef13ec13eca8b0a8b00000ffff0045004500200020002f
0cd00cd096ef96efafc8afc811a111a10000ffff232b232b002000200030
0cd00cd096ef96ef65f165f1381f381f0000ffff02020202002000200031
0cd00cd096ef96efafc8afc811a111a10000ffff00350035002000200032
0cd00cd096ef96efafc8afc811a111a10000ffff008b008b002000200033
0cd00cd096ef96efafc8afc811a111a10000ffff00190019002000200034
68426842cc27cc2720f320f365c265c20000ffff00350035002000200035
68426842cc27cc27afc8afc811a111a10000ffff00190019002000200036
68426842cc27cc27afc8afc811a111a10000ffff232b232b002000200037
68426842cc27cc2713ec13eca8b0a8b00000ffff1a2b1a2b002000200038
68426842cc27cc2713ec13eca8b0a8b00000ffff00500050002000200039
68426842cc27cc278c5b8c5b1c471c470000ffff0045004500200020003a
68426842cc27cc2765f165f1381f381f0000ffff0019001900200020003b
68426842cc26cc2613ec13eca8b0a8b00000ffff0045004500200020003c
68426842cc26cc2665f165f1381f381f0000ffff0019001900200020003d
68426842cc26cc268c5b8c5b1c471c470000ffff0045004500200020003e
68426842cc26cc268c5b8c5b1c471c470000ffff00a200a200200020003f
68426842cc26cc268c5b8c5b1c471c470000ffff00500050002000200040
68426842cc26cc268c5b8c5b1c471c470000ffff00500050002000200041
68426842cc26cc268c5b8c5b1c471c470000ffff02020202002000200042
68426842cc26cc2613ec13eca8b0a8b00000ffff00190019002000200043
68426842cc26cc268c5b8c5b1c471c470000ffff00890089002000200044
68426842cc26cc2613ec13eca8b0a8b00000ffff00170017002000200045
81128112fe61fe6120f320f365c265c20000ffff02020202002000200046
81128112fe61fe618c5b8c5b1c471c470000ffff09f509f5002000200047
81128112fe61fe618c5b8c5b1c471c470000ffff00710071002000200048
81128112fe61fe61eebbeebb57ca57ca0000ffff13231323002000200049
81128112fe61fe6157185718ca5fca5f0000ffff0202020200200020004a
81128112fe61fe618c5b8c5b1c471c470000ffff232b232b00200020004b
81128112fe61fe6157185718ca5fca5f0000ffff1b581b5800200020004c
81128112fe61fe618c5b8c5b1c471c470000ffff0050005000200020004d
81128112fe61fe618c5b8c5b1c471c470000ffff0045004500200020004e
81128112fe61fe618c5b8c5b1c471c470000ffff0077007700200020004f
ef83ef8368fc68fc57185718ca5fca5f0000ffff02020202002000200050
ef83ef8368fc68fc8c5b8c5b1c471c470000ffff00a200a2002000200051
ef83ef8368fc68fc8c5b8c5b1c471c470000ffff00350035002000200052
ef83ef8368fc68fc8c5b8c5b1c471c470000ffff232b232b002000200053
ef83ef8368fc68fc57185718ca5fca5f0000ffff00350035002000200054
ef83ef8368fc68fc57185718ca5fca5f0000ffff02020202002000200055
ef83ef8368fc68fc65f165f1381e381e0000ffff15ff15ff002000200056
ef83ef8368fc68fc65f165f1381e381e0000ffff00500050002000200057
ef83ef8368fc68fc8c5b8c5b1c471c470000ffff008b008b002000200058
ef83ef8368fc68fc8c5b8c5b1c471c470000ffff09f509f5002000200059
ef83ef8368fd68fd65f165f1381e381e0000ffff0035003500200020005a
ef83ef8368fd68fd65f165f1381e381e0000ffff0035003500200020005b
ef83ef8368fd68fd65f165f1381f381f0000ffff0087008700200020005c
ef83ef8368fd68fd65f165f1381f381f0000ffff006e006e00200020005d
ef83ef8368fd68fd65f165f1381f381f0000ffff0202020200200020005e
ef83ef8368fd68fd8c5b8c5b1c471c470000ffff0089008900200020005f
ef83ef8368fd68fdeebbeebb57ca57ca0000ffff00500050002000200060
ef83ef8368fd68fd65f165f1381f381f0000ffff00450045002000200061
ef83ef8368fd68fd65f165f1381f381f0000ffff232b232b002000200062
ef83ef8368fd68fdeebbeebb57ca57ca0000ffff05990599002000200063
ef83ef8368fd68fd8c5b8c5b1c471c470000ffff09f509f5002000200064
ef83ef8368fd68fd65f165f1381f381f0000ffff00500050002000200065
ef83ef8368fd68fd65f165f1381f381f0000ffff066d066d002000200066
ef83ef8368fd68fd8c5b8c5b1c471c470000ffff232b232b002000200067
0cd00cd096ec96ed13ec13eca8b0a8b0003500350000ffff001f00200068
0cd00cd096ec96ed65f165f1381f381f0000ffff00350035001f00200069
0cd00cd096ec96ed13ec13eca8b0a8b00000ffff1a2b1a2b001f0020006a
68426842cc24cc258c5b8c5b1c471c470000ffff06bb06bb001f0020006b
68426842cc24cc258c5b8c5b1c471c470000ffff05990599001f0020006c
81128112fe62fe6320f320f365c265c20000ffff00350035001f0020006d
ef83ef8368fe68ff57185718ca5fca5f0000ffff00450045001f0020006e
ef83ef8368fe68ff8c5b8c5b1c471c470000ffff00450045001f0020006f
ef83ef8368fe68ff65f165f1381e381e0000ffff02020202001f00200070
ef83ef8368fe68ffeebbeebb57ca57ca0000ffff04be04be001f00200071
68426842cc27cc27afc8afc811a211a30000ffff008f008f0020001f0072
68426842cc26cc268c5b8c5b1c441c450000ffff232b232b0020001f0073
68426842cc26cc268c5b8c5b1c441c450000ffff004500450020001f0074
68426842cc26cc2665f165f1381c381d0000ffff066d066d0020001f0075
81128112fe61fe6157185718ca5cca5d0000ffff020202020020001f0076
ef83ef8368fc68fceebbeebb57c857c90000ffff020202020020001f0077
ef83ef8368fc68fc8c5b8c5b1c441c450000ffff020202020020001f0078
ef83ef8368fc68fc8c5b8c5b1c441c450000ffff001900190020001f0079
ef83ef8368fd68fd65f165f1381c381d0000ffff09f509f50020001f007a
68426842cc26cc2613ec13eca8b0a8b00000ffff0714071500200020007b
ef83ef8368fd68fd8c5b8c5b1c441c4500a100a10000ffff0020001f007d
0cd00cd096ec96ed20f320f365c265c2160016000000ffff001f0020007e
0cd00cd096ec96edafc8afc811a111a1001900190000ffff001f0020007f
0cd00cd096ec96edafc8afc811a111a1059905990000ffff001f00200080
81128112fe62fe6357185718ca5fca5f001600160000ffff001f00200081
ef83ef8368fe68ff8c5b8c5b1c471c47158615860000ffff001f00200082
ef83ef8368fe68ff65f165f1381f381f001600160000ffff001f00200083
0cd00cd096ef96efdfacdfac774277430000ffff004500450020001f0084
0cd00cd096ef96efdfacdfac774277430000ffff008f008f0020001f0085
0cd00cd096ef96efdfacdfac774277430000ffff001500150020001f0086
0cd00cd096ef96efafc8afc811a211a30000ffff020202020020001f0087
0cd00cd096ef96efafc8afc811a211a30000ffff004500450020001f0088
0cd00cd096ef96efafc8afc811a211a30000ffff003500350020001f0089
0cd00cd096ef96ef13ec13eca8b2a8b30000ffff004500450020001f008a
0cd00cd096ef96efafc8afc811a211a30000ffff232b232b0020001f008b
0cd00cd096ef96efafc8afc811a211a30000ffff020202020020001f008c
0cd00cd096ef96ef65f165f1381c381d0000ffff232b232b0020001f008d
68426842cc27cc2765f165f1381c381d0000ffff020202020020001f008e
68426842cc27cc27afc8afc811a211a30000ffff007700770020001f008f
68426842cc27cc2765f165f1381c381d0000ffff020202020020001f0090
68426842cc27cc2713ec13eca8b2a8b30000ffff059905990020001f0091
68426842cc27cc2765f165f1381c381d0000ffff157c157c0020001f0092
68426842cc27cc278c5b8c5b1c441c450000ffff004500450020001f0093
68426842cc27cc2713ec13eca8b2a8b30000ffff020202020020001f0094
68426842cc26cc268c5b8c5b1c441c450000ffff008900890020001f0095
68426842cc26cc2665f165f1381c381d0000ffff232b232b0020001f0096
68426842cc26cc268c5b8c5b1c441c450000ffff004500450020001f0097
68426842cc26cc2665f165f1381c381d0000ffff020c020c0020001f0098
68426842cc26cc268c5b8c5b1c441c450000ffff005000500020001f0099
68426842cc26cc2613ec13eca8b2a8b30000ffff004500450020001f009a
68426842cc26cc2665f165f1381c381d0000ffff007100710020001f009b
68426842cc26cc268c5b8c5b1c441c450000ffff004500450020001f009c
81128112fe61fe6120f320f365c065c10000ffff005000500020001f009d
81128112fe61fe61eebbeebb57c857c90000ffff020202020020001f009e
81128112fe61fe6157185718ca5cca5d0000ffff020202020020001f009f
81128112fe61fe6157185718ca5cca5d0000ffff232b232b0020001f00a0
81128112fe61fe6157185718ca5cca5d0000ffff020202020020001f00a1
ef83ef8368fc68fc57185718ca5cca5d0000ffff020202020020001f00a2
ef83ef8368fc68fc8c5b8c5b1c441c450000ffff020202020020001f00a3
ef83ef8368fc68fc8c5b8c5b1c441c450000ffff005000500020001f00a4
ef83ef8368fc68fceebbeebb57c857c90000ffff005000500020001f00a5
ef83ef8368fd68fdeebbeebb57c857c90000ffff020202020020001f00a6
ef83ef8368fd68fd65f165f1381c381d0000ffff020202020020001f00a7
ef83ef8368fd68fd8c5b8c5b1c441c450000ffff059905990020001f00a8
ef83ef8368fd68fd8c5b8c5b1c441c450000ffff020202020020001f00a9
ef83ef8368fd68fd8c5b8c5b1c441c450000ffff004500450020001f00aa
0cd00cd096ec96ed13ec13eca8b0a8b00000ffff00890089001f002000ab
0cd00cd096ec96ed13ec13eca8b0a8b00000ffff00190019001f002000ac
0cd00cd096ec96edafc8afc811a111a10000ffff00770077001f002000ad
0cd00cd096ec96ed13ec13eca8b0a8b00000ffff02020202001f002000ae
0cd00cd096ec96edafc8afc811a111a10000ffff00500050001f002000af
0cd00cd096ec96ed13ec13eca8b0a8b00000ffff00870087001f002000b0
0cd00cd096ec96edafc8afc811a111a10000ffff00170017001f002000b1
0cd00cd096ec96edafc8afc811a111a10000ffff00450045001f002000b2
68426842cc24cc2513ec13eca8b0a8b00000ffff00190019001f002000b3
68426842cc24cc2513ec13eca8b0a8b00000ffff00450045001f002000b4
68426842cc24cc258c5b8c5b1c471c470000ffff00190019001f002000b5
68426842cc24cc2565f165f1381f381f0000ffff00190019001f002000b6
68426842cc24cc2513ec13eca8b0a8b00000ffff02020202001f002000b7
68426842cc24cc2565f165f1381f381f0000ffff00500050001f002000b8
68426842cc24cc258c5b8c5b1c471c470000ffff00a100a1001f002000b9
81128112fe62fe63eebbeebb57ca57ca0000ffff02020202001f002000ba
81128112fe62fe638c5b8c5b1c471c470000ffff02020202001f002000bb
81128112fe62fe6320f320f365c265c20000ffff02020202001f002000bc
81128112fe62fe6320f320f365c265c20000ffff00a200a2001f002000bd
81128112fe62fe638c5b8c5b1c471c470000ffff008f008f001f002000be
81128112fe62fe638c5b8c5b1c471c470000ffff066e066e001f002000bf
81128112fe62fe6357185718ca5fca5f0000ffff066e066e001f002000c0
81128112fe62fe6357185718ca5fca5f0000ffff020c020c001f002000c1
81128112fe62fe638c5b8c5b1c471c470000ffff00450045001f002000c2
81128112fe62fe6357185718ca5fca5f0000ffff00a100a1001f002000c3
ef83ef8368fe68ffeebbeebb57ca57ca0000ffff00500050001f002000c4
ef83ef8368fe68ff8c5b8c5b1c471c470000ffff00350035001f002000c5
ef83ef8368fe68ff65f165f1381e381e0000ffff1e611e61001f002000c6
ef83ef8368fe68ff8c5b8c5b1c471c470000ffff00450045001f002000c7
ef83ef8368fe68ff65f165f1381e381e0000ffff02020202001f002000c8
ef83ef8368fe68ffeebbeebb57ca57ca0000ffff00450045001f002000c9
ef83ef8368fe68ff8c5b8c5b1c471c470000ffff066e066e001f002000ca
ef83ef8368fe68ffeebbeebb57ca57ca0000ffff00350035001f002000cb
ef83ef8368fe68ff65f165f1381f381f0000ffff00450045001f002000cc
ef83ef8368fe68ff8c5b8c5b1c471c470000ffff1a2b1a2b001f002000cd
ef83ef8368fe68ffeebbeebb57ca57ca0000ffff00350035001f002000ce
ef83ef8368fe68ff8c5b8c5b1c471c470000ffff232b232b001f002000cf
0cd00cd096ef96efdfacdfac774477470000ffff020202020020001e00d0
68426842cc27cc278c5b8c5b1c401c430000ffff004500450020001e00d1
68426842cc26cc268c5b8c5b1c401c430000ffff005000500020001e00d2
ef83ef8368fc68fc57185718ca58ca5b0000ffff059905990020001e00d3
ef83ef8368fd68fd8c5b8c5b1c401c430000ffff232b232b0020001e00d4
0cd00cd096e896ebdfacdfac7741774100a100a10000ffff001e002000d5
68426842cc20cc238c5b8c5b1c471c4700a100a10000ffff001e002000d6
0cd00cd096ef96ef13ec13eca8b2a8b300a100a10000ffff0020001f00d7
0cd00cd096ef96ef65f165f1381c381d005000500000ffff0020001f00d8
68426842cc26cc2613ec13eca8b2a8b300a100a10000ffff0020001f00d9
81128112fe61fe6157185718ca5cca5d059905990000ffff0020001f00da
ef83ef8368fc68fceebbeebb57c857c915a415a40000ffff0020001f00db
ef83ef8368fc68fc65f165f1381c381d001900190000ffff0020001f00dc
68426842cc26cc2613ec13eca8b4a8b7059905990000ffff0020001e00dd
68426842cc24cc2513ec13eca8b2a8b30000ffff00350035001f001f00de
ef83ef8368fe68ff8c5b8c5b1c441c450000ffff008f008f001f001f00df
ef83ef8368fe68ff57185718ca5cca5d0000ffff008b008b001f001f00e0
ef83ef8368fe68ff8c5b8c5b1c441c450000ffff007b007b001f001f00e1
68426842cc20cc2365f165f1381f381f0000ffff00500050001e002000e2
68426842cc20cc238c5b8c5b1c471c470000ffff066d066d001e002000e3
81128112fe64fe6720f320f365c265c20000ffff02020202001e002000e4
81128112fe64fe6720f320f365c265c20000ffff05990599001e002000e5
81128112fe64fe6757185718ca5fca5f0000ffff15ae15ae001e002000e6
ef83ef8368f868fb8c5b8c5b1c471c470000ffff18ca18ca001e002000e7
ef83ef8368f868fb65f165f1381f381f0000ffff02020202001e002000e8
81128112fe61fe618c5b8c5b1c471c470000ffff001400150020002000ea
ef83ef8368fd68fdeebbeebb57ca57ca0000ffff006d006e0020002000eb
ef83ef8368fe68ffeebbeebb57ca57ca0000ffff066d066e001f002000ec
ef83ef8368fe68ff65f165f1381e381e0000ffff07140715001f002000ed
ef83ef8368fd68fdeebbeebb57c857c9001400150000ffff0020001f00ee
0cd00cd096ec96eddfacdfac7742774300a100a10000ffff001f001f00ef
68426842cc24cc25afc8afc811a211a3059905990000ffff001f001f00f0
68426842cc24cc258c5b8c5b1c441c45003500350000ffff001f001f00f1
68426842cc24cc258c5b8c5b1c441c4515ff15ff0000ffff001f001f00f2
81128112fe62fe63eebbeebb57c857c9005000500000ffff001f001f00f3
81128112fe62fe63eebbeebb57c857c900a100a10000ffff001f001f00f4
ef83ef8368fe68ffdfacdfac7742774300a100a10000ffff001f001f00f5
ef83ef8368fe68ffeebbeebb57c857c9003500350000ffff001f001f00f6
ef83ef8368fe68ff65f165f1381c381d00a100a10000ffff001f001f00f7
ef83ef8368fe68ff8c5b8c5b1c441c45157c157c0000ffff001f001f00f8
ef83ef8368fe68ff65f165f1381c381d059905990000ffff001f001f00f9
ef83ef8368fe68ffeebbeebb57c857c9005000500000ffff001f001f00fa
0cd00cd096ef96efdfacdfac774477470000ffff004500450020001e00fb
0cd00cd096ef96efdfacdfac774477470000ffff004500450020001e00fc
0cd00cd096ef96efafc8afc811a411a70000ffff15a415a40020001e00fd
0cd00cd096ef96ef13ec13eca8b4a8b70000ffff15ae15ae0020001e00fe
0cd00cd096ef96ef65f165f13818381b0000ffff232b232b0020001e00ff
68426842cc27cc2720f320f365c465c70000ffff008b008b0020001e0100
68426842cc27cc27afc8afc811a411a70000ffff004500450020001e0101
68426842cc27cc2713ec13eca8b4a8b70000ffff001600160020001e0102
68426842cc26cc2665f165f13818381b0000ffff001900190020001e0103
68426842cc26cc268c5b8c5b1c401c430000ffff232b232b0020001e0104
68426842cc26cc2665f165f13818381b0000ffff003500350020001e0105
68426842cc26cc268c5b8c5b1c401c430000ffff066d066d0020001e0106
81128112fe61fe6120f320f365c465c70000ffff020202020020001e0107
81128112fe61fe61eebbeebb57cc57cf0000ffff007700770020001e0108
81128112fe61fe6157185718ca58ca5b0000ffff020202020020001e0109
ef83ef8368fc68fceebbeebb57cc57cf0000ffff004500450020001e010a
ef83ef8368fc68fc8c5b8c5b1c401c430000ffff003500350020001e010b
ef83ef8368fc68fcdfacdfac774477470000ffff004500450020001e010c
ef83ef8368fc68fc65f165f13818381b0000ffff00a100a10020001e010d
ef83ef8368fc68fcdfacdfac774477470000ffff020202020020001e010e
ef83ef8368fc68fceebbeebb57cc57cf0000ffff066e066e0020001e010f
ef83ef8368fd68fd8c5b8c5b1c401c430000ffff232b232b0020001e0110
ef83ef8368fd68fd8c5b8c5b1c401c430000ffff003500350020001e0111
ef83ef8368fd68fd65f165f13818381b0000ffff004500450020001e0112
ef83ef8368fd68fd65f165f13818381b0000ffff232b232b0020001e0113
ef83ef8368fd68fd65f165f13818381b0000ffff020202020020001e0114
ef83ef8368fd68fd8c5b8c5b1c401c430000ffff00a100a10020001e0115
ef83ef8368fd68fd8c5b8c5b1c401c430000ffff1b581b580020001e0116
0cd00cd096e896eb65f165f1381f381f0000ffff020c020c001e00200117
0cd00cd096e896eb65f165f1381f381f0000ffff00450045001e00200118
0cd00cd096e896ebdfacdfac774177410000ffff00710071001e00200119
0cd00cd096e896ebafc8afc811a111a10000ffff1e611e61001e0020011a
0cd00cd096e896ebafc8afc811a111a10000ffff00190019001e0020011b
0cd00cd096e896ebafc8afc811a111a10000ffff232b232b001e0020011c
0cd00cd096e896eb65f165f1381f381f0000ffff02020202001e0020011d
68426842cc20cc23afc8afc811a111a10000ffff00450045001e0020011e
68426842cc20cc23afc8afc811a111a10000ffff00350035001e0020011f
68426842cc20cc238c5b8c5b1c471c470000ffff00350035001e00200120
68426842cc20cc238c5b8c5b1c471c470000ffff00450045001e00200121
68426842cc20cc2365f165f1381f381f0000ffff00450045001e00200122
68426842cc20cc2313ec13eca8b0a8b00000ffff00450045001e00200123
68426842cc20cc2365f165f1381f381f0000ffff15a415a4001e00200124
68426842cc20cc238c5b8c5b1c471c470000ffff00500050001e00200125
81128112fe64fe678c5b8c5b1c471c470000ffff00500050001e00200126
81128112fe64fe6720f320f365c265c20000ffff02020202001e00200127
81128112fe64fe67eebbeebb57ca57ca0000ffff00a100a1001e00200128
81128112fe64fe6720f320f365c265c20000ffff00350035001e00200129
81128112fe64fe678c5b8c5b1c471c470000ffff1a2b1a2b001e0020012a
81128112fe64fe678c5b8c5b1c471c470000ffff02020202001e0020012b
81128112fe64fe6757185718ca5fca5f0000ffff00890089001e0020012c
81128112fe64fe6757185718ca5fca5f0000ffff066d066d001e0020012d
ef83ef8368f868fb8c5b8c5b1c471c470000ffff00500050001e0020012e
ef83ef8368f868fb65f165f1381e381e0000ffff00350035001e0020012f
ef83ef8368f868fb65f165f1381e381e0000ffff006e006e001e00200130
ef83ef8368f868fb8c5b8c5b1c471c470000ffff15a415a4001e00200131
ef83ef8368f868fb65f165f1381f381f0000ffff00190019001e00200132
ef83ef8368f868fb65f165f1381f381f0000ffff02020202001e00200133
ef83ef8368f868fbeebbeebb57ca57ca0000ffff02020202001e00200134
ef83ef8368f868fb65f165f1381f381f0000ffff00160016001e00200135
0cd00cd096ef96efdfacdfac774277430000ffff006d006e0020001f0136
0cd00cd096ef96ef13ec13eca8b2a8b30000ffff066d066e0020001f0137
68426842cc26cc2613ec13eca8b2a8b30000ffff006d006e0020001f0138
ef83ef8368fd68fd65f165f1381c381d0000ffff066d066e0020001f0139
0cd00cd096ec96eddfacdfac774277430000ffff22ab22ab001f001f013a
0cd00cd096ec96eddfacdfac774277430000ffff232b232b001f001f013b
0cd00cd096ec96edafc8afc811a211a30000ffff00190019001f001f013c
0cd00cd096ec96ed65f165f1381c381d0000ffff00710071001f001f013d
0cd00cd096ec96ed13ec13eca8b2a8b30000ffff00450045001f001f013e
0cd00cd096ec96ed13ec13eca8b2a8b30000ffff00500050001f001f013f
68426842cc24cc2513ec13eca8b2a8b30000ffff22ab22ab001f001f0140
68426842cc24cc2565f165f1381c381d0000ffff02020202001f001f0141
68426842cc24cc2513ec13eca8b2a8b30000ffff06bb06bb001f001f0142
68426842cc24cc258c5b8c5b1c441c450000ffff066e066e001f001f0143
68426842cc24cc2513ec13eca8b2a8b30000ffff00350035001f001f0144
68426842cc24cc258c5b8c5b1c441c450000ffff02020202001f001f0145
68426842cc24cc258c5b8c5b1c441c450000ffff15a415a4001f001f0146
68426842cc24cc258c5b8c5b1c441c450000ffff1e611e61001f001f0147
81128112fe62fe6320f320f365c065c10000ffff00500050001f001f0148
81128112fe62fe6357185718ca5cca5d0000ffff00a100a1001f001f0149
81128112fe62fe638c5b8c5b1c441c450000ffff00350035001f001f014a
ef83ef8368fe68ff57185718ca5cca5d0000ffff02020202001f001f014b
ef83ef8368fe68ff57185718ca5cca5d0000ffff06bb06bb001f001f014c
ef83ef8368fe68ff65f165f1381c381d0000ffff00450045001f001f014d
ef83ef8368fe68ffeebbeebb57c857c90000ffff00450045001f001f014e
ef83ef8368fe68ff65f165f1381c381d0000ffff232b232b001f001f014f
ef83ef8368fe68ff65f165f1381c381d0000ffff02020202001f001f0150
0cd00cd096e096e7afc8afc811a111a10000ffff232b232b001d00200151
0cd00cd096e096e7afc8afc811a111a10000ffff02020202001d00200152
68426842cc28cc2f8c5b8c5b1c471c470000ffff02020202001d00200153
0cd00cd096ef96efafc8afc811a811af0000ffff003500350020001d0154
ef83ef8368fd68fdeebbeebb57c057c70000ffff005000500020001d0155
ef83ef8368fd68fd65f165f1381038170000ffff004500450020001d0156
0cd00cd096ef96ef13ec13eca8b0a8b0001400170000ffff002000200157
68426842cc20cc238c5b8c5b1c441c45001600160000ffff001e001f0158
68426842cc20cc238c5b8c5b1c441c4500a100a10000ffff001e001f0159
81128112fe64fe6757185718ca5cca5d06bb06bb0000ffff001e001f015a
68426842cc27cc2765f165f13818381b00a100a10000ffff0020001e015b
68426842cc27cc278c5b8c5b1c401c4315a415a40000ffff0020001e015c
68426842cc27cc2713ec13eca8b4a8b7005000500000ffff0020001e015d
ef83ef8368fd68fdeebbeebb57cc57cf003500350000ffff0020001e015e
68426842cc27cc2765f165f1381f381f0000ffff0014001700200020015f
68426842cc24cc2513ec13eca8b0a8b00000ffff00140015001f00200160
68426842cc24cc258c5b8c5b1c441c45006d006e0000ffff001f001f0161
81128112fe62fe6320f320f365c065c1066d066e0000ffff001f001f0162
68426842cc27cc278c5b8c5b1c401c43006d006e0000ffff0020001e0163
81128112fe61fe61eebbeebb57cc57cf006d006e0000ffff0020001e0164
68426842cc27cc278c5b8c5b1c441c45066d066e0000ffff0020001f0165
81128112fe61fe61eebbeebb57c857c9006d006e0000ffff0020001f0166
ef83ef8368fd68fd65f165f1381c381d001400150000ffff0020001f0167
68426842cc20cc238c5b8c5b1c441c450000ffff00710071001e001f0168
ef83ef8368f868fb8c5b8c5b1c441c450000ffff05990599001e001f0169
68426842cc24cc258c5b8c5b1c401c430000ffff02020202001f001e016a
ef83ef8368fe68ff8c5b8c5b1c401c430000ffff02020202001f001e016b
68426842cc24cc2565f165f13818381b001400140000ffff001f001e016c
81128112fe64fe67eebbeebb57ca57ca008700870000ffff001e0020016d
ef83ef8368f868fbeebbeebb57ca57ca15a415a40000ffff001e0020016e
ef83ef8368fc68fceebbeebb57cc57cf0000ffff071407150020001e016f
ef83ef8368f068f765f165f1381e381e003500350000ffff001d00200170
ef83ef8368f868fb65f165f1381f381f0000ffff00140015001e00200171
0cd00cd096e896ebdfacdfac774277430000ffff00890089001e001f0172
0cd00cd096e896ebafc8afc811a211a30000ffff05990599001e001f0173
0cd00cd096e896eb13ec13eca8b2a8b30000ffff00190019001e001f0174
0cd00cd096e896eb65f165f1381c381d0000ffff00450045001e001f0175
0cd00cd096e896ebafc8afc811a211a30000ffff00500050001e001f0176
68426842cc20cc2313ec13eca8b2a8b30000ffff02020202001e001f0177
68426842cc20cc2365f165f1381c381d0000ffff00160016001e001f0178
68426842cc20cc2313ec13eca8b2a8b30000ffff00450045001e001f0179
68426842cc20cc2365f165f1381c381d0000ffff00500050001e001f017a
68426842cc20cc2313ec13eca8b2a8b30000ffff00350035001e001f017b
68426842cc20cc2365f165f1381c381d0000ffff09f509f5001e001f017c
68426842cc20cc2313ec13eca8b2a8b30000ffff02020202001e001f017d
68426842cc20cc238c5b8c5b1c441c450000ffff232b232b001e001f017e
68426842cc20cc238c5b8c5b1c441c450000ffff02020202001e001f017f
68426842cc20cc238c5b8c5b1c441c450000ffff00500050001e001f0180
81128112fe64fe6757185718ca5cca5d0000ffff00890089001e001f0181
ef83ef8368f868fbeebbeebb57c857c90000ffff02020202001e001f0182
ef83ef8368f868fbeebbeebb57c857c90000ffff00450045001e001f0183
ef83ef8368f868fbeebbeebb57c857c90000ffff159a159a001e001f0184
ef83ef8368f868fb8c5b8c5b1c441c450000ffff00350035001e001f0185
0cd00cd096ef96efdfacdfac7748774f0000ffff005000500020001d0186
0cd00cd096ef96ef65f165f1381038170000ffff232b232b0020001d0187
0cd00cd096ef96efafc8afc811a811af0000ffff020202020020001d0188
0cd00cd096ef96efafc8afc811a811af0000ffff066e066e0020001d0189
0cd00cd096ef96ef13ec13eca8b8a8bf0000ffff003500350020001d018a
68426842cc27cc2765f165f1381038170000ffff005000500020001d018b
68426842cc27cc2713ec13eca8b8a8bf0000ffff020202020020001d018c
68426842cc26cc268c5b8c5b1c481c4f0000ffff004500450020001d018d
68426842cc26cc2613ec13eca8b8a8bf0000ffff232b232b0020001d018e
ef83ef8368fc68fceebbeebb57c057c70000ffff007100710020001d018f
ef83ef8368fc68fc8c5b8c5b1c481c4f0000ffff001900190020001d0190
ef83ef8368fc68fc65f165f1381038170000ffff008b008b0020001d0191
ef83ef8368fd68fd65f165f1381038170000ffff005000500020001d0192
ef83ef8368fd68fd65f165f1381038170000ffff007100710020001d0193
ef83ef8368fd68fdeebbeebb57c057c70000ffff007700770020001d0194
0cd00cd096e096e7dfacdfac77417741003500350000ffff001d00200195
81128112fe68fe6f20f320f365c265c2059905990000ffff001d00200196
81128112fe68fe6feebbeebb57ca57ca003500350000ffff001d00200197
81128112fe68fe6feebbeebb57ca57ca00a100a10000ffff001d00200198
ef83ef8368f068f78c5b8c5b1c471c47001600160000ffff001d00200199
ef83ef8368f068f7eebbeebb57ca57ca00a100a10000ffff001d0020019a
ef83ef8368f068f7eebbeebb57ca57ca005000500000ffff001d0020019b
0cd00cd096ec96ed13ec13eca8b4a8b70000ffff00500050001f001e019c
0cd00cd096ec96ed13ec13eca8b4a8b70000ffff066d066d001f001e019d
0cd00cd096ec96edafc8afc811a411a70000ffff1a2b1a2b001f001e019e
68426842cc24cc2513ec13eca8b4a8b70000ffff00350035001f001e019f
68426842cc24cc258c5b8c5b1c401c430000ffff232b232b001f001e01a0
68426842cc24cc258c5b8c5b1c401c430000ffff00450045001f001e01a1
68426842cc24cc258c5b8c5b1c401c430000ffff00500050001f001e01a2
68426842cc24cc2565f165f13818381b0000ffff232b232b001f001e01a3
68426842cc24cc2513ec13eca8b4a8b70000ffff00350035001f001e01a4
68426842cc24cc258c5b8c5b1c401c430000ffff1a2b1a2b001f001e01a5
68426842cc24cc2513ec13eca8b4a8b70000ffff00450045001f001e01a6
68426842cc24cc258c5b8c5b1c401c430000ffff00190019001f001e01a7
68426842cc24cc258c5b8c5b1c401c430000ffff00500050001f001e01a8
68426842cc24cc2565f165f13818381b0000ffff00890089001f001e01a9
81128112fe62fe63eebbeebb57cc57cf0000ffff00770077001f001e01aa
81128112fe62fe6357185718ca58ca5b0000ffff02020202001f001e01ab
ef83ef8368fe68ffeebbeebb57cc57cf0000ffff00350035001f001e01ac
ef83ef8368fe68ff65f165f13818381b0000ffff00450045001f001e01ad
ef83ef8368fe68ff65f165f13818381b0000ffff00350035001f001e01ae
ef83ef8368fe68ff8c5b8c5b1c401c430000ffff00450045001f001e01af
ef83ef8368fe68ff65f165f13818381b0000ffff1a2b1a2b001f001e01b0
ef83ef8368fe68ffeebbeebb57cc57cf0000ffff00450045001f001e01b1
ef83ef8368fe68ffeebbeebb57cc57cf0000ffff02020202001f001e01b2
ef83ef8368fe68ff8c5b8c5b1c401c430000ffff02020202001f001e01b3
0cd00cd096e096e713ec13eca8b0a8b00000ffff02020202001d002001b4
0cd00cd096e096e7dfacdfac774177410000ffff00890089001d002001b5
0cd00cd096e096e7afc8afc811a111a10000ffff00770077001d002001b6
0cd00cd096e096e7afc8afc811a111a10000ffff02020202001d002001b7
68426842cc28cc2fafc8afc811a111a10000ffff00190019001d002001b8
68426842cc28cc2f65f165f1381f381f0000ffff00190019001d002001b9
68426842cc28cc2f8c5b8c5b1c471c470000ffff00890089001d002001ba
68426842cc28cc2f8c5b8c5b1c471c470000ffff00170017001d002001bb
81128112fe68fe6feebbeebb57ca57ca0000ffff00870087001d002001bc
81128112fe68fe6f57185718ca5fca5f0000ffff00710071001d002001bd
ef83ef8368f068f78c5b8c5b1c471c470000ffff00500050001d002001be
ef83ef8368f068f7eebbeebb57ca57ca0000ffff05990599001d002001bf
ef83ef8368f068f7eebbeebb57ca57ca0000ffff008b008b001d002001c0
ef83ef8368f068f78c5b8c5b1c471c470000ffff00500050001d002001c1
ef83ef8368f068f765f165f1381f381f0000ffff00a100a1001d002001c2
ef83ef8368f068f765f165f1381f381f0000ffff15861586001d002001c3
ef83ef8368f068f7eebbeebb57ca57ca0000ffff00500050001d002001c4
ef83ef8368f068f765f165f1381f381f0000ffff15ff15ff001d002001c5
0cd00cd096ef96efafc8afc811a811af001400150000ffff0020001d01c6
0cd00cd096ec96ed13ec13eca8b0a8b0001400170000ffff001f002001c7
0cd00cd096e896eb13ec13eca8b0a8b0066d066e0000ffff001e002001c8
0cd00cd096e896ebafc8afc811a411a70000ffff00350035001e001e01c9
68426842cc20cc2365f165f13818381b0000ffff00350035001e001e01ca
ef83ef8368f868fb8c5b8c5b1c401c430000ffff00350035001e001e01cb
68426842cc27cc2713ec13eca8a0a8af00a100a10000ffff0020001c01cc
81128112fe61fe61eebbeebb57d057df00a100a10000ffff0020001c01cd
ef83ef8368fd68fd65f165f13800380f01f401f40000ffff0020001c01ce
68426842cc28cc2f65f165f1381c381d0000ffff02020202001d001f01cf
ef83ef8368f068f78c5b8c5b1c441c450000ffff00710071001d001f01d0
68426842cc24cc258c5b8c5b1c481c4f0000ffff00500050001f001d01d1
68426842cc24cc258c5b8c5b1c481c4f0000ffff00450045001f001d01d2
68426842cc27cc2765f165f13800380f0000ffff005000500020001c01d3
ef83ef8368fc68fc65f165f13800380f0000ffff008b008b0020001c01d4
ef83ef8368fd68fdeebbeebb57d057df0000ffff004500450020001c01d5
68426842cc28cc2f13ec13eca8b2a8b300a100a10000ffff001d001f01d6
68426842cc24cc2513ec13eca8b4a8b700a100a10000ffff001f001e01d7
81128112fe62fe638c5b8c5b1c401c4300a100a10000ffff001f001e01d8
68426842cc20cc2313ec13eca8b4a8b7159015900000ffff001e001e01d9
81128112fe64fe6720f320f365c465c7158615860000ffff001e001e01da
68426842cc20cc238c5b8c5b1c471c470000ffff00140015001e002001db
81128112fe64fe6720f320f365c265c20000ffff006d006e001e002001dc
81128112fe64fe6757185718ca5fca5f0000ffff006d006e001e002001dd
ef83ef8368f868fb57185718ca5fca5f0000ffff07140715001e002001de
68426842cc28cc2f13ec13eca8b0a8b00000ffff006d006e001d002001df
81128112fe68fe6f57185718ca5fca5f0000ffff006d006e001d002001e0
68426842cc27cc2765f165f1381c381d0000ffff001400170020001f01e1
ef83ef8368fd68fd65f165f1381c381d0000ffff001400170020001f01e2
68426842cc24cc2513ec13eca8b8a8bf00a100a10000ffff001f001d01e3
68426842cc20cc238c5b8c5b1c441c45008f008f0000ffff001e001f01e4
68426842cc24cc258c5b8c5b1c441c450000ffff066d066e001f001f01e5
68426842cc24cc258c5b8c5b1c441c45066d066e0000ffff001f001f01e6
ef83ef8368fe68ff8c5b8c5b1c441c45006d006e0000ffff001f001f01e7
81128112fe64fe67eebbeebb57c857c9066d066e0000ffff001e001f01e8
ef83ef8368e068ef65f165f1381e381e0000ffff00450045001c002001e9
ef83ef8368e068ef65f165f1381f381f0000ffff066d066d001c002001ea
ef83ef8368f068f7eebbeebb57ca57ca006d006e0000ffff001d002001eb
ef83ef8368fd68fdeebbeebb57cc57cf0000ffff001400170020001e01ec
ef83ef8368fd68fd65f165f13810381700a100a10000ffff0020001d01ed
0cd00cd096e896ebdfacdfac7744774715a415a40000ffff001e001e01ee
0cd00cd096e896eb65f165f13818381b00a100a10000ffff001e001e01ef
81128112fe64fe6757185718ca58ca5b003500350000ffff001e001e01f0
ef83ef8368f868fb65f165f13818381b00a100a10000ffff001e001e01f1
ef83ef8368f868fb65f165f13818381b00a100a10000ffff001e001e01f2
0cd00cd096ef96efdfacdfac7750775f0000ffff1b3a1b3a0020001c01f3
0cd00cd096ef96ef13ec13eca8a0a8af0000ffff020202020020001c01f4
0cd00cd096ef96ef65f165f13800380f0000ffff059905990020001c01f5
0cd00cd096ef96ef13ec13eca8a0a8af0000ffff004500450020001c01f6
68426842cc26cc268c5b8c5b1c501c5f0000ffff005000500020001c01f7
68426842cc26cc268c5b8c5b1c501c5f0000ffff157c157c0020001c01f8
68426842cc26cc268c5b8c5b1c501c5f0000ffff004500450020001c01f9
68426842cc26cc268c5b8c5b1c501c5f0000ffff007100710020001c01fa
68426842cc26cc268c5b8c5b1c501c5f0000ffff232b232b0020001c01fb
68426842cc26cc268c5b8c5b1c501c5f0000ffff232b232b0020001c01fc
81128112fe61fe61eebbeebb57d057df0000ffff003500350020001c01fd
81128112fe61fe6120f320f365d065df0000ffff020202020020001c01fe
81128112fe61fe6157185718ca40ca4f0000ffff008900890020001c01ff
ef83ef8368fd68fd65f165f13800380f0000ffff004500450020001c0200
ef83ef8368fd68fd65f165f13800380f0000ffff020202020020001c0201
0cd00cd096f096ffdfacdfac774177410000ffff22ab22ab001c00200202
0cd00cd096f096ff13ec13eca8b0a8b00000ffff00450045001c00200203
0cd00cd096f096ff65f165f1381f381f0000ffff00450045001c00200204
68426842cc30cc3f13ec13eca8b0a8b00000ffff00450045001c00200205
68426842cc30cc3f65f165f1381f381f0000ffff00350035001c00200206
68426842cc30cc3f13ec13eca8b0a8b00000ffff00500050001c00200207
68426842cc30cc3f8c5b8c5b1c471c470000ffff232b232b001c00200208
68426842cc30cc3f8c5b8c5b1c471c470000ffff00450045001c00200209
68426842cc30cc3f13ec13eca8b0a8b00000ffff22ab22ab001c0020020a
68426842cc30cc3f65f165f1381f381f0000ffff232b232b001c0020020b
68426842cc30cc3f8c5b8c5b1c471c470000ffff00170017001c0020020c
81128112fe70fe7f8c5b8c5b1c471c470000ffff00350035001c0020020d
81128112fe70fe7f57185718ca5fca5f0000ffff00500050001c0020020e
81128112fe70fe7f57185718ca5fca5f0000ffff00710071001c0020020f
81128112fe70fe7f8c5b8c5b1c471c470000ffff00500050001c00200210
81128112fe70fe7f57185718ca5fca5f0000ffff00450045001c00200211
ef83ef8368e068ef57185718ca5fca5f0000ffff00450045001c00200212
ef83ef8368e068ef8c5b8c5b1c471c470000ffff00500050001c00200213
ef83ef8368e068ef8c5b8c5b1c471c470000ffff15ff15ff001c00200214
ef83ef8368e068ef65f165f1381f381f0000ffff00350035001c00200215
0cd00cd096e896ebafc8afc811a411a70000ffff232b232b001e001e0216
0cd00cd096e896eb13ec13eca8b4a8b70000ffff00450045001e001e0217
0cd00cd096e896ebafc8afc811a411a70000ffff00450045001e001e0218
0cd00cd096e896eb13ec13eca8b4a8b70000ffff00350035001e001e0219
68426842cc20cc238c5b8c5b1c401c430000ffff00150015001e001e021a
68426842cc20cc2313ec13eca8b4a8b70000ffff02020202001e001e021b
68426842cc20cc238c5b8c5b1c401c430000ffff1a2b1a2b001e001e021c
81128112fe64fe6720f320f365c465c70000ffff00710071001e001e021d
81128112fe64fe6757185718ca58ca5b0000ffff066d066d001e001e021e
81128112fe64fe678c5b8c5b1c401c430000ffff00450045001e001e021f
ef83ef8368f868fb8c5b8c5b1c401c430000ffff00450045001e001e0220
ef83ef8368f868fb57185718ca58ca5b0000ffff00190019001e001e0221
ef83ef8368f868fb65f165f13818381b0000ffff066d066d001e001e0222
ef83ef8368f868fb8c5b8c5b1c401c430000ffff00450045001e001e0223
0cd00cd096ec96edafc8afc811a811af0000ffff00450045001f001d0224
0cd00cd096ec96ed65f165f1381038170000ffff00350035001f001d0225
68426842cc24cc2513ec13eca8b8a8bf0000ffff00890089001f001d0226
68426842cc24cc258c5b8c5b1c481c4f0000ffff00450045001f001d0227
68426842cc24cc2513ec13eca8b8a8bf0000ffff1b3a1b3a001f001d0228
68426842cc24cc258c5b8c5b1c481c4f0000ffff232b232b001f001d0229
68426842cc24cc258c5b8c5b1c481c4f0000ffff00500050001f001d022a
68426842cc24cc2565f165f1381038170000ffff020c020c001f001d022b
81128112fe62fe638c5b8c5b1c481c4f0000ffff00350035001f001d022c
ef83ef8368fe68ff8c5b8c5b1c481c4f0000ffff00350035001f001d022d
ef83ef8368fe68ff65f165f1381038170000ffff232b232b001f001d022e
ef83ef8368fe68ffeebbeebb57c057c70000ffff00150015001f001d022f
ef83ef8368fe68ff65f165f1381038170000ffff02020202001f001d0230
ef83ef8368fe68ff8c5b8c5b1c481c4f0000ffff02020202001f001d0231
0cd00cd096e096e713ec13eca8b4a8b706bb06bb0000ffff001d001e0232
68426842cc28cc2f13ec13eca8b4a8b7001900190000ffff001d001e0233
0cd00cd096e096e713ec13eca8b2a8b30000ffff00710071001d001f0234
0cd00cd096e096e765f165f1381c381d0000ffff00870087001d001f0235
0cd00cd096e096e7afc8afc811a211a30000ffff22ab22ab001d001f0236
68426842cc28cc2f8c5b8c5b1c441c450000ffff06bb06bb001d001f0237
68426842cc28cc2f8c5b8c5b1c441c450000ffff02020202001d001f0238
68426842cc28cc2f65f165f1381c381d0000ffff13881388001d001f0239
68426842cc28cc2f13ec13eca8b2a8b30000ffff02020202001d001f023a
81128112fe68fe6feebbeebb57c857c90000ffff00450045001d001f023b
81128112fe68fe6feebbeebb57c857c90000ffff066e066e001d001f023c
ef83ef8368f068f757185718ca5cca5d0000ffff02020202001d001f023d
ef83ef8368f068f78c5b8c5b1c441c450000ffff00190019001d001f023e
ef83ef8368f068f765f165f1381c381d0000ffff232b232b001d001f023f
ef83ef8368f068f78c5b8c5b1c441c450000ffff22ab22ab001d001f0240
ef83ef8368f068f78c5b8c5b1c441c450000ffff02020202001d001f0241
ef83ef8368f068f765f165f1381c381d0000ffff1b581b58001d001f0242
ef83ef8368f068f765f165f1381c381d0000ffff00870087001d001f0243
ef83ef8368f068f765f165f1381c381d0000ffff00350035001d001f0244
ef83ef8368f068f78c5b8c5b1c441c450000ffff15a415a4001d001f0245
0cd00cd096e896eb65f165f1381c381d001400170000ffff001e001f0246
0cd00cd096f096ff13ec13eca8b0a8b0003500350000ffff001c00200247
68426842cc30cc3f8c5b8c5b1c471c47003500350000ffff001c00200248
68426842cc30cc3f8c5b8c5b1c471c47059905990000ffff001c00200249
0cd00cd096ec96edafc8afc811a811af159015900000ffff001f001d024a
81128112fe62fe63eebbeebb57c057c7159015900000ffff001f001d024b
ef83ef8368fe68ff8c5b8c5b1c481c4f001900190000ffff001f001d024c
0cd00cd096e096e713ec13eca8b0a8b0001400150000ffff001d0020024d
68426842cc28cc2f8c5b8c5b1c471c47001400150000ffff001d0020024e
ef83ef8368f068f78c5b8c5b1c471c47001400150000ffff001d0020024f
68426842cc20cc2365f165f1381038170000ffff00450045001e001d0250
68426842cc20cc238c5b8c5b1c481c4f0000ffff00500050001e001d0251
ef83ef8368f868fbeebbeebb57c057c70000ffff00890089001e001d0252
68426842cc30cc3fafc8afc811a211a30000ffff00190019001c001f0253
81128112fe70fe7f8c5b8c5b1c441c450000ffff04be04be001c001f0254
68426842cc28cc2f65f165f13818381b0000ffff008f008f001d001e0255
68426842cc27cc2713ec13eca8a0a8af006d006e0000ffff0020001c0256
68426842cc26cc2613ec13eca8a0a8af005000500000ffff0020001c0257
68426842cc26cc268c5b8c5b1c501c5f003500350000ffff0020001c0258
ef83ef8368fc68fceebbeebb57d057df15ff15ff0000ffff0020001c0259
ef83ef8368fc68fc8c5b8c5b1c501c5f15a415a40000ffff0020001c025a
ef83ef8368fd68fdeebbeebb57d057df003500350000ffff0020001c025b
ef83ef8368fd68fd65f165f13800380f008f008f0000ffff0020001c025c
ef83ef8368fd68fd65f165f13800380f007b007b0000ffff0020001c025d
68426842cc24cc258c5b8c5b1c501c5f0000ffff80068006001f001c025e
81128112fe62fe6357185718ca40ca4f0000ffff02020202001f001c025f
68426842cc00cc1f8c5b8c5b1c471c470000ffff02020202001b00200260
81128112fe40fe5f20f320f365c265c20000ffff02020202001b00200261
ef83ef8368c068dfeebbeebb57ca57ca0000ffff00450045001b00200262
68426842cc26cc2613ec13eca880a89f0000ffff232b232b0020001b0263
81128112fe61fe61eebbeebb57e057ff0000ffff004500450020001b0264
81128112fe61fe6157185718ca50ca570000ffff066d066e0020001d0265
ef83ef8368fd68fd65f165f1381038170000ffff006d006e0020001d0266
ef83ef8368f868fb65f165f1381e381e0000ffff00140017001e00200267
ef83ef8368fc68fc65f165f138103817006d006e0000ffff0020001d0268
ef83ef8368fe68ffeebbeebb57cc57cf0000ffff066d066e001f001e0269
0cd00cd096c096dfdfacdfac774177410000ffff02020202001b0020026a
0cd00cd096c096df13ec13eca8b0a8b00000ffff02020202001b0020026b
0cd00cd096c096dfafc8afc811a111a10000ffff00350035001b0020026c
68426842cc00cc1fafc8afc811a111a10000ffff008b008b001b0020026d
68426842cc00cc1f8c5b8c5b1c471c470000ffff232b232b001b0020026e
68426842cc00cc1f8c5b8c5b1c471c470000ffff02020202001b0020026f
81128112fe40fe5f20f320f365c265c20000ffff00710071001b00200270
81128112fe40fe5f57185718ca5fca5f0000ffff02020202001b00200271
81128112fe40fe5f57185718ca5fca5f0000ffff00350035001b00200272
81128112fe40fe5f8c5b8c5b1c471c470000ffff00890089001b00200273
ef83ef8368c068dfeebbeebb57ca57ca0000ffff00890089001b00200274
ef83ef8368c068dfdfacdfac774177410000ffff02020202001b00200275
0cd00cd096f096ffdfacdfac774277430000ffff00450045001c001f0276
0cd00cd096f096ff65f165f1381c381d0000ffff232b232b001c001f0277
0cd00cd096f096ff13ec13eca8b2a8b30000ffff02020202001c001f0278
68426842cc30cc3f65f165f1381c381d0000ffff00450045001c001f0279
68426842cc30cc3f65f165f1381c381d0000ffff00170017001c001f027a
68426842cc30cc3f13ec13eca8b2a8b30000ffff00450045001c001f027b
68426842cc30cc3f8c5b8c5b1c441c450000ffff02020202001c001f027c
ef83ef8368e068ef57185718ca5cca5d0000ffff00190019001c001f027d
ef83ef8368e068ef65f165f1381c381d0000ffff00500050001c001f027e
ef83ef8368e068ef8c5b8c5b1c441c450000ffff008f008f001c001f027f
ef83ef8368e068ef65f165f1381c381d0000ffff008b008b001c001f0280
ef83ef8368e068ef8c5b8c5b1c441c450000ffff00450045001c001f0281
0cd00cd096ec96eddfacdfac7750775f0000ffff02020202001f001c0282
0cd00cd096ec96edafc8afc811b011bf0000ffff232b232b001f001c0283
68426842cc24cc2565f165f13800380f0000ffff00a200a2001f001c0284
68426842cc24cc2565f165f13800380f0000ffff00450045001f001c0285
68426842cc24cc258c5b8c5b1c501c5f0000ffff232b232b001f001c0286
68426842cc24cc258c5b8c5b1c501c5f0000ffff02020202001f001c0287
68426842cc24cc258c5b8c5b1c501c5f0000ffff008f008f001f001c0288
81128112fe62fe63eebbeebb57d057df0000ffff02020202001f001c0289
81128112fe62fe6357185718ca40ca4f0000ffff00770077001f001c028a
81128112fe62fe6357185718ca40ca4f0000ffff00190019001f001c028b
81128112fe62fe6357185718ca40ca4f0000ffff00350035001f001c028c
81128112fe62fe638c5b8c5b1c501c5f0000ffff00890089001f001c028d
ef83ef8368fe68ff57185718ca40ca4f0000ffff02020202001f001c028e
ef83ef8368fe68ffeebbeebb57d057df0000ffff00450045001f001c028f
ef83ef8368fe68ff57185718ca40ca4f0000ffff00190019001f001c0290
ef83ef8368fe68ff8c5b8c5b1c501c5f0000ffff00500050001f001c0291
0cd00cd096c096dfdfacdfac774277430000ffff00450045001b001f0292
68426842cc00cc1f8c5b8c5b1c441c450000ffff00350035001b001f0293
ef83ef8368c068df65f165f1381c381d0000ffff02020202001b001f0294
0cd00cd096e896eb65f165f13810381700a100a10000ffff001e001d0295
68426842cc20cc238c5b8c5b1c481c4f059905990000ffff001e001d0296
68426842cc20cc2313ec13eca8b8a8bf003500350000ffff001e001d0297
68426842cc20cc238c5b8c5b1c481c4f001900190000ffff001e001d0298
ef83ef8368f868fb65f165f13810381715a415a40000ffff001e001d0299
0cd00cd096e096e7afc8afc811a811af0000ffff1a2b1a2b001d001d029a
0cd00cd096f096ffafc8afc811a411a70000ffff00890089001c001e029b
68426842cc30cc3f8c5b8c5b1c401c430000ffff232b232b001c001e029c
ef83ef8368e068ef65f165f13818381b0000ffff00160016001c001e029d
0cd00cd096e096e765f165f13818381b0000ffff02020202001d001e029e
0cd00cd096e096e7afc8afc811a411a70000ffff13881388001d001e029f
0cd00cd096e096e7afc8afc811a411a70000ffff00450045001d001e02a0
0cd00cd096e096e7afc8afc811a411a70000ffff232b232b001d001e02a1
68426842cc28cc2fafc8afc811a411a70000ffff1b581b58001d001e02a2
68426842cc28cc2f8c5b8c5b1c401c430000ffff00500050001d001e02a3
68426842cc28cc2f65f165f13818381b0000ffff02020202001d001e02a4
68426842cc28cc2f65f165f13818381b0000ffff00450045001d001e02a5
68426842cc28cc2f65f165f13818381b0000ffff232b232b001d001e02a6
68426842cc28cc2f8c5b8c5b1c401c430000ffff22ab22ab001d001e02a7
81128112fe68fe6f20f320f365c465c70000ffff02020202001d001e02a8
81128112fe68fe6f57185718ca58ca5b0000ffff00500050001d001e02a9
81128112fe68fe6feebbeebb57cc57cf0000ffff02020202001d001e02aa
81128112fe68fe6feebbeebb57cc57cf0000ffff00350035001d001e02ab
ef83ef8368f068f78c5b8c5b1c401c430000ffff15ff15ff001d001e02ac
ef83ef8368f068f765f165f13818381b0000ffff00160016001d001e02ad
ef83ef8368f068f78c5b8c5b1c401c430000ffff00450045001d001e02ae
ef83ef8368f068f7eebbeebb57cc57cf0000ffff00500050001d001e02af
0cd00cd096ec96edafc8afc81180119f0000ffff00450045001f001b02b0
0cd00cd096ec96ed65f165f13820383f0000ffff232b232b001f001b02b1
0cd00cd096e096e765f165f13818381b008f008f0000ffff001d001e02b2
68426842cc28cc2f13ec13eca8b4a8b700a100a10000ffff001d001e02b3
68426842cc28cc2f8c5b8c5b1c401c43005000500000ffff001d001e02b4
68426842cc28cc2f13ec13eca8b4a8b7159015900000ffff001d001e02b5
81128112fe68fe6f57185718ca58ca5b005000500000ffff001d001e02b6
81128112fe68fe6f8c5b8c5b1c401c43001400140000ffff001d001e02b7
0cd00cd096ef96efafc8afc81180119f0000ffff004500450020001b02b8
0cd00cd096ef96efafc8afc81180119f0000ffff003500350020001b02b9
0cd00cd096ef96efafc8afc81180119f0000ffff020202020020001b02ba
68426842cc27cc278c5b8c5b1c601c7f0000ffff1a2b1a2b0020001b02bb
68426842cc26cc268c5b8c5b1c601c7f0000ffff09f509f50020001b02bc
68426842cc26cc2665f165f13820383f0000ffff00a100a10020001b02bd
68426842cc26cc268c5b8c5b1c601c7f0000ffff066d066d0020001b02be
81128112fe61fe618c5b8c5b1c601c7f0000ffff003500350020001b02bf
0cd00cd096e896ebafc8afc811a811af0000ffff232b232b001e001d02c0
68426842cc20cc2313ec13eca8b8a8bf0000ffff00a200a2001e001d02c1
81128112fe64fe6720f320f365c865cf0000ffff232b232b001e001d02c2
ef83ef8368f868fb65f165f1381038170000ffff02020202001e001d02c3
ef83ef8368f868fbeebbeebb57c057c70000ffff00500050001e001d02c4
ef83ef8368f868fbeebbeebb57c057c70000ffff15a415a4001e001d02c5
0cd00cd096e896eb13ec13eca8b4a8b7001400150000ffff001e001e02c6
ef83ef8368f868fbeebbeebb57cc57cf001400150000ffff001e001e02c7
0cd00cd096ef96ef65f165f13820383f001900190000ffff0020001b02c8
81128112fe61fe61eebbeebb57e057ff005000500000ffff0020001b02c9
81128112fe61fe6120f320f365e065ff003500350000ffff0020001b02ca
ef83ef8368fd68fd65f165f13820383f005000500000ffff0020001b02cb
68426842cc24cc25afc8afc811a811af001400170000ffff001f001d02cc
68426842cc00cc1f65f165f1381f381f00a100a10000ffff001b002002cd
ef83ef8368c068df8c5b8c5b1c471c4700a100a10000ffff001b002002ce
ef83ef8368c068df65f165f1381f381f00a100a10000ffff001b002002cf
68426842cc24cc258c5b8c5b1c481c4f066d066e0000ffff001f001d02d0
81128112fe62fe638c5b8c5b1c481c4f066d066e0000ffff001f001d02d1
68426842cc20cc2365f165f13818381b0000ffff066d066e001e001e02d2
68426842cc20cc2365f165f13800380f00a100a10000ffff001e001c02d3
68426842cc28cc2f8c5b8c5b1c401c43006d006e0000ffff001d001e02d4
68426842cc24cc258c5b8c5b1c501c5f158615860000ffff001f001c02d5
81128112fe62fe63eebbeebb57d057df00a100a10000ffff001f001c02d6
68426842cc28cc2f13ec13eca8b4a8b70000ffff006d006e001d001e02d7
ef83ef8368f068f78c5b8c5b1c401c430000ffff00140015001d001e02d8
68426842cc30cc3f8c5b8c5b1c471c470000ffff006d006e001c002002d9
ef83ef8368e068ef57185718ca5fca5f0000ffff00140015001c002002da
ef83ef8368e068ef8c5b8c5b1c471c470000ffff066d066e001c002002db
68426842cc26cc268c5b8c5b1c601c7f006d006e0000ffff0020001b02dc
81128112fe61fe61eebbeebb57e057ff001400150000ffff0020001b02dd
68426842cc30cc3f8c5b8c5b1c441c45003500350000ffff001c001f02de
ef83ef8368e068ef65f165f1381c381d001900190000ffff001c001f02df
81128112fe68fe6f8c5b8c5b1c471c470000ffff00140017001d002002e0
ef83ef8368f068f7eebbeebb57ca57ca0000ffff00140017001d002002e1
81128112fe62fe63eebbeebb57c057c70000ffff07140715001f001d02e2
81128112fe61fe6157185718ca00ca3f008f008f0000ffff0020001a02e3
ef83ef8368fd68fd8c5b8c5b1c001c3f004500450000ffff0020001a02e4
ef83ef8368f068f7dfacdfac774277430000ffff006d006e001d001f02e5
ef83ef8368f068f765f165f1381c381d0000ffff066d066e001d001f02e6
ef83ef8368fc68fc57185718ca00ca3f0000ffff004500450020001a02e7
ef83ef8368fd68fd65f165f13840387f0000ffff005000500020001a02e8
ef83ef8368fe68ff57185718ca40ca4f001400150000ffff001f001c02e9
ef83ef8368f868fbeebbeebb57cc57cf001400170000ffff001e001e02ea
ef83ef8368fe68ff8c5b8c5b1c401c43001400170000ffff001f001e02eb
ef83ef83688068bf65f165f1381e381e0000ffff00500050001a002002ec
ef83ef8368fe68ff8c5b8c5b1c401c430000ffff00140017001f001e02ed
ef83ef8368c068dfeebbeebb57c857c9001900190000ffff001b001f02ee
0cd00cd096f096ffdfacdfac77447747008700870000ffff001c001e02ef
0cd00cd096f096ff13ec13eca8b4a8b7008900890000ffff001c001e02f0
68426842cc30cc3f8c5b8c5b1c401c4300a100a10000ffff001c001e02f1
ef83ef8368e068ef57185718ca58ca5b059905990000ffff001c001e02f2
ef83ef8368e068ef65f165f13818381b15a415a40000ffff001c001e02f3
0cd00cd096c096dfdfacdfac774277430000ffff02020202001b001f02f4
0cd00cd096c096dfafc8afc811a211a30000ffff00190019001b001f02f5
0cd00cd096c096dfafc8afc811a211a30000ffff02020202001b001f02f6
0cd00cd096c096df65f165f1381c381d0000ffff00350035001b001f02f7
68426842cc00cc1fafc8afc811a211a30000ffff159a159a001b001f02f8
68426842cc00cc1f8c5b8c5b1c441c450000ffff232b232b001b001f02f9
68426842cc00cc1f13ec13eca8b2a8b30000ffff008f008f001b001f02fa
68426842cc00cc1f8c5b8c5b1c441c450000ffff00450045001b001f02fb
68426842cc00cc1f8c5b8c5b1c441c450000ffff15ae15ae001b001f02fc
68426842cc00cc1f8c5b8c5b1c441c450000ffff00350035001b001f02fd
68426842cc00cc1f8c5b8c5b1c441c450000ffff02020202001b001f02fe
68426842cc00cc1f8c5b8c5b1c441c450000ffff00a200a2001b001f02ff
81128112fe40fe5f20f320f365c065c10000ffff15ff15ff001b001f0300
81128112fe40fe5f20f320f365c065c10000ffff0d3d0d3d001b001f0301
81128112fe40fe5f8c5b8c5b1c441c450000ffff80068006001b001f0302
81128112fe40fe5f57185718ca5cca5d0000ffff00450045001b001f0303
ef83ef8368c068df8c5b8c5b1c441c450000ffff00500050001b001f0304
ef83ef8368c068dfeebbeebb57c857c90000ffff02020202001b001f0305
ef83ef8368c068df57185718ca5cca5d0000ffff02020202001b001f0306
ef83ef8368c068df8c5b8c5b1c441c450000ffff00190019001b001f0307
ef83ef8368c068df8c5b8c5b1c441c450000ffff00160016001b001f0308
ef83ef8368c068df65f165f1381c381d0000ffff232b232b001b001f0309
ef83ef8368c068df8c5b8c5b1c441c450000ffff02020202001b001f030a
ef83ef8368c068df65f165f1381c381d0000ffff02020202001b001f030b
ef83ef8368c068dfeebbeebb57c857c90000ffff00500050001b001f030c
0cd00cd096ec96ed13ec13eca880a89f0000ffff00350035001f001b030d
0cd00cd096ec96ed65f165f13820383f0000ffff18ca18ca001f001b030e
0cd00cd096ec96ed13ec13eca880a89f0000ffff02020202001f001b030f
0cd00cd096ec96ed65f165f13820383f0000ffff00350035001f001b0310
0cd00cd096ec96edafc8afc81180119f0000ffff15a415a4001f001b0311
68426842cc24cc2513ec13eca880a89f0000ffff232b232b001f001b0312
68426842cc24cc258c5b8c5b1c601c7f0000ffff00450045001f001b0313
81128112fe62fe6320f320f365e065ff0000ffff00350035001f001b0314
81128112fe62fe63eebbeebb57e057ff0000ffff00190019001f001b0315
81128112fe62fe6357185718ca60ca7f0000ffff00450045001f001b0316
ef83ef8368fe68ff57185718ca60ca7f0000ffff00350035001f001b0317
ef83ef8368fe68ff8c5b8c5b1c601c7f0000ffff1b3a1b3a001f001b0318
ef83ef8368fe68ffeebbeebb57e057ff0000ffff15ae15ae001f001b0319
ef83ef8368fe68ffeebbeebb57e057ff0000ffff066d066d001f001b031a
0cd00cd096e096e713ec13eca8b8a8bf006d006e0000ffff001d001d031b
ef83ef8368f068f78c5b8c5b1c481c4f066d066e0000ffff001d001d031c
0cd00cd0968096bfdfacdfac774177410000ffff02020202001a0020031d
68426842cc40cc7fafc8afc811a111a10000ffff00450045001a0020031e
68426842cc40cc7f8c5b8c5b1c471c470000ffff00500050001a0020031f
68426842cc40cc7f13ec13eca8b0a8b00000ffff00450045001a00200320
68426842cc40cc7f8c5b8c5b1c471c470000ffff02020202001a00200321
68426842cc40cc7f8c5b8c5b1c471c470000ffff00190019001a00200322
ef83ef83688068bf57185718ca5fca5f0000ffff020c020c001a00200323
ef83ef83688068bf8c5b8c5b1c471c470000ffff00450045001a00200324
ef83ef83688068bfeebbeebb57ca57ca0000ffff00500050001a00200325
0cd00cd096e896eb13ec13eca8a0a8af0000ffff1b3a1b3a001e001c0326
0cd00cd096e896ebafc8afc811b011bf0000ffff00500050001e001c0327
68426842cc20cc23afc8afc811b011bf0000ffff00500050001e001c0328
68426842cc20cc2313ec13eca8a0a8af0000ffff06bb06bb001e001c0329
68426842cc20cc2365f165f13800380f0000ffff15901590001e001c032a
68426842cc20cc2365f165f13800380f0000ffff00190019001e001c032b
81128112fe64fe6720f320f365d065df0000ffff00190019001e001c032c
81128112fe64fe67eebbeebb57d057df0000ffff18ca18ca001e001c032d
81128112fe64fe67eebbeebb57d057df0000ffff00350035001e001c032e
81128112fe64fe678c5b8c5b1c501c5f0000ffff00450045001e001c032f
ef83ef8368f868fb57185718ca40ca4f0000ffff09f509f5001e001c0330
ef83ef8368f868fb65f165f13800380f0000ffff00500050001e001c0331
ef83ef8368f868fbeebbeebb57d057df0000ffff008b008b001e001c0332
ef83ef8368f868fb65f165f13800380f0000ffff05990599001e001c0333
ef83ef8368f868fb65f165f13800380f0000ffff00710071001e001c0334
0cd00cd096ef96ef13ec13eca8c0a8ff00a100a10000ffff0020001a0335
68426842cc27cc27afc8afc811c011ff15ff15ff0000ffff0020001a0336
81128112fe61fe6120f320f3658065bf001600160000ffff0020001a0337
81128112fe61fe618c5b8c5b1c001c3f003500350000ffff0020001a0338
ef83ef8368fd68fd65f165f13840387f008f008f0000ffff0020001a0339
0cd00cd096c096dfdfacdfac7742774300a100a10000ffff001b001f033a
68426842cc00cc1fafc8afc811a211a3059905990000ffff001b001f033b
81128112fe40fe5f57185718ca5cca5d003500350000ffff001b001f033c
ef83ef8368c068dfeebbeebb57c857c9157c157c0000ffff001b001f033d
ef83ef8368c068df57185718ca5cca5d059905990000ffff001b001f033e
ef83ef8368c068df65f165f1381c381d007b007b0000ffff001b001f033f
0cd00cd096ec96eddfacdfac7700773f159a159a0000ffff001f001a0340
0cd00cd096ec96edafc8afc81180119f06bb06bb0000ffff001f001b0341
0cd00cd096ec96ed13ec13eca880a89f003500350000ffff001f001b0342
68426842cc24cc258c5b8c5b1c601c7f001900190000ffff001f001b0343
68426842cc24cc258c5b8c5b1c601c7f15a415a40000ffff001f001b0344
ef83ef8368fe68ff8c5b8c5b1c601c7f00a100a10000ffff001f001b0345
0cd00cd096e096e7afc8afc811a811af001600160000ffff001d001d0346
0cd00cd096e096e7afc8afc811a811af003500350000ffff001d001d0347
68426842cc28cc2f8c5b8c5b1c481c4f001900190000ffff001d001d0348
81128112fe68fe6f8c5b8c5b1c481c4f003500350000ffff001d001d0349
ef83ef8368f068f765f165f138103817001600160000ffff001d001d034a
0cd00cd096e096e7afc8afc811a211a30000ffff00140017001d001f034b
0cd00cd096e096e7afc8afc811b011bf003500350000ffff001d001c034c
ef83ef8368f068f765f165f13800380f00a100a10000ffff001d001c034d
ef83ef8368f068f765f165f13800380f160016000000ffff001d001c034e
0cd00cd096e096e765f165f13818381b0000ffff00140017001d001e034f
0cd00cd096f096ff65f165f138103817159a159a0000ffff001c001d0350
0cd00cd096f096ffafc8afc811a411a70000ffff00450045001c001e0351
68426842cc30cc3fafc8afc811a411a70000ffff00500050001c001e0352
68426842cc30cc3fafc8afc811a411a70000ffff00890089001c001e0353
68426842cc30cc3f13ec13eca8b4a8b70000ffff02020202001c001e0354
ef83ef8368e068ef57185718ca58ca5b0000ffff00450045001c001e0355
ef83ef8368e068ef65f165f13818381b0000ffff00190019001c001e0356
ef83ef8368e068ef8c5b8c5b1c401c430000ffff232b232b001c001e0357
ef83ef8368e068efeebbeebb57cc57cf0000ffff00500050001c001e0358
ef83ef8368e068ef65f165f13818381b0000ffff00500050001c001e0359
ef83ef8368e068ef65f165f13818381b0000ffff00350035001c001e035a
ef83ef8368e068ef65f165f13818381b0000ffff02020202001c001e035b
ef83ef8368e068ef65f165f13818381b0000ffff232b232b001c001e035c
ef83ef8368e068ef8c5b8c5b1c401c430000ffff02020202001c001e035d
68426842cc28cc2f20f320f365d065df0000ffff00450045001d001c035e
ef83ef8368f068f765f165f13800380f0000ffff00500050001d001c035f
68426842cc40cc7fafc8afc811a211a30000ffff232b232b001a001f0360
ef83ef83688068bf8c5b8c5b1c441c450000ffff00160016001a001f0361
68426842cc20cc23afc8afc81180119f003500350000ffff001e001b0362
68426842cc20cc2365f165f13820383f00a100a10000ffff001e001b0363
68426842cc20cc238c5b8c5b1c601c7f005000500000ffff001e001b0364
ef83ef8368f868fb57185718ca60ca7f00a100a10000ffff001e001b0365
ef83ef8368f868fb57185718ca60ca7f008f008f0000ffff001e001b0366
ef83ef8368f868fb8c5b8c5b1c601c7f00a100a10000ffff001e001b0367
68426842cc28cc2fafc8afc811a811af0000ffff00770077001d001d0368
68426842cc28cc2f13ec13eca8b8a8bf0000ffff00500050001d001d0369
68426842cc28cc2f8c5b8c5b1c481c4f0000ffff15901590001d001d036a
68426842cc28cc2f8c5b8c5b1c481c4f0000ffff05990599001d001d036b
68426842cc28cc2f8c5b8c5b1c481c4f0000ffff232b232b001d001d036c
81128112fe68fe6f8c5b8c5b1c481c4f0000ffff00190019001d001d036d
81128112fe68fe6f20f320f365c865cf0000ffff00150015001d001d036e
ef83ef8368f068f7eebbeebb57c057c70000ffff01f401f4001d001d036f
ef83ef8368f068f765f165f1381038170000ffff18ca18ca001d001d0370
ef83ef8368f068f765f165f1381038170000ffff02020202001d001d0371
ef83ef8368f068f765f165f1381038170000ffff00500050001d001d0372
ef83ef8368f068f7eebbeebb57c057c70000ffff066d066d001d001d0373
68426842cc30cc3f8c5b8c5b1c481c4f0000ffff00450045001c001d0374
ef83ef8368e068ef57185718ca50ca570000ffff00450045001c001d0375
68426842cc20cc238c5b8c5b1c501c5f005000500000ffff001e001c0376
68426842cc24cc258c5b8c5b1c001c3f0000ffff232b232b001f001a0377
68426842cc24cc258c5b8c5b1c001c3f0000ffff00710071001f001a0378
81128112fe62fe6357185718ca00ca3f0000ffff05990599001f001a0379
81128112fe62fe63eebbeebb578057bf0000ffff232b232b001f001a037a
ef83ef8368fe68ffeebbeebb578057bf0000ffff232b232b001f001a037b
68426842cc30cc3f8c5b8c5b1c441c450000ffff006d006e001c001f037c
68426842cc30cc3f13ec13eca8b2a8b30000ffff00140015001c001f037d
68426842cc30cc3f13ec13eca8b2a8b30000ffff006d006e001c001f037e
68426842cc30cc3f8c5b8c5b1c441c45066d066e0000ffff001c001f037f
81128112fe70fe7f8c5b8c5b1c441c45001400150000ffff001c001f0380
68426842cc24cc258c5b8c5b1c501c5f0000ffff006d006e001f001c0381
68426842cc26cc2613ec13eca8c0a8ff0000ffff008f008f0020001a0382
68426842cc26cc268c5b8c5b1c001c3f0000ffff001900190020001a0383
ef83ef8368fc68fc8c5b8c5b1c001c3f0000ffff004500450020001a0384
81128112fe62fe63dfacdfac7748774f001400170000ffff001f001d0385
81128112fe40fe5f8c5b8c5b1c441c450000ffff00140015001b001f0386
81128112fe40fe5f57185718ca5cca5d0000ffff006d006e001b001f0387
81128112fe70fe7f57185718ca58ca5b0000ffff00140015001c001e0388
ef83ef8368f068f7eebbeebb57cc57cf0000ffff006d006e001d001e0389
ef83ef8368fc68fceebbeebb57e057ff001400150000ffff0020001b038a
ef83ef8368c068df65f165f13818381b0000ffff232b232b001b001e038b
ef83ef8368fd68fd65f165f13840387f066d066e0000ffff0020001a038c
ef83ef8368f868fb8c5b8c5b1c481c4f001400150000ffff001e001d038d
0cd00cd0968096bfdfacdfac774277430000ffff02020202001a001f038e
0cd00cd0968096bfdfacdfac774277430000ffff02020202001a001f038f
0cd00cd0968096bfdfacdfac774277430000ffff00500050001a001f0390
0cd00cd0968096bf13ec13eca8b2a8b30000ffff00500050001a001f0391
0cd00cd0968096bf65f165f1381c381d0000ffff02020202001a001f0392
68426842cc40cc7fafc8afc811a211a30000ffff00450045001a001f0393
68426842cc40cc7f13ec13eca8b2a8b30000ffff00500050001a001f0394
68426842cc40cc7f8c5b8c5b1c441c450000ffff00450045001a001f0395
81128112fe00fe3f8c5b8c5b1c441c450000ffff00500050001a001f0396
81128112fe00fe3f8c5b8c5b1c441c450000ffff1e611e61001a001f0397
ef83ef83688068bf57185718ca5cca5d0000ffff02020202001a001f0398
ef83ef83688068bf65f165f1381c381d0000ffff00a200a2001a001f0399
ef83ef83688068bf8c5b8c5b1c441c450000ffff00890089001a001f039a
0cd00cd096c096df13ec13eca8b4a8b70000ffff00770077001b001e039b
0cd00cd096c096dfdfacdfac774477470000ffff00450045001b001e039c
0cd00cd096c096dfafc8afc811a411a70000ffff15ff15ff001b001e039d
0cd00cd096c096dfafc8afc811a411a70000ffff00350035001b001e039e
0cd00cd096c096dfafc8afc811a411a70000ffff008b008b001b001e039f
68426842cc00cc1fafc8afc811a411a70000ffff232b232b001b001e03a0
68426842cc00cc1f13ec13eca8b4a8b70000ffff02020202001b001e03a1
68426842cc00cc1f13ec13eca8b4a8b70000ffff008f008f001b001e03a2
68426842cc00cc1f8c5b8c5b1c401c430000ffff00a200a2001b001e03a3
68426842cc00cc1f65f165f13818381b0000ffff00a200a2001b001e03a4
68426842cc00cc1f8c5b8c5b1c401c430000ffff00450045001b001e03a5
81128112fe40fe5f8c5b8c5b1c401c430000ffff00450045001b001e03a6
81128112fe40fe5f20f320f365c465c70000ffff02020202001b001e03a7
ef83ef8368c068df8c5b8c5b1c401c430000ffff008b008b001b001e03a8
ef83ef8368c068df65f165f13818381b0000ffff00710071001b001e03a9
0cd00cd09600967fdfacdfac774177410000ffff06bb06bb0019002003aa
0cd00cd09600967f65f165f1381f381f0000ffff008f008f0019002003ab
0cd00cd09600967f65f165f1381f381f0000ffff004500450019002003ac
68426842cc80ccff65f165f1381f381f0000ffff001900190019002003ad
68426842cc80ccff65f165f1381f381f0000ffff09f509f50019002003ae
68426842cc80ccff8c5b8c5b1c471c470000ffff001900190019002003af
81128112fe80feff20f320f365c265c20000ffff020202020019002003b0
81128112fe80feff57185718ca5fca5f0000ffff232b232b0019002003b1
ef83ef836800687f65f165f1381e381e0000ffff001600160019002003b2
0cd00cd096f096ff13ec13eca8b8a8bf059905990000ffff001c001d03b3
81128112fe70fe7f57185718ca50ca57005000500000ffff001c001d03b4
ef83ef8368e068ef65f165f13810381700a100a10000ffff001c001d03b5
0cd00cd096ec96ed65f165f13840387f0000ffff00450045001f001a03b6
68426842cc24cc258c5b8c5b1c001c3f0000ffff02020202001f001a03b7
81128112fe62fe63eebbeebb578057bf0000ffff02020202001f001a03b8
ef83ef8368fe68ff65f165f13840387f0000ffff00450045001f001a03b9
ef83ef8368fe68ffeebbeebb578057bf0000ffff00170017001f001a03ba
0cd00cd096e096e765f165f13800380f0000ffff00a200a2001d001c03bb
0cd00cd096e096e7afc8afc811b011bf0000ffff00500050001d001c03bc
68426842cc28cc2f8c5b8c5b1c501c5f0000ffff00350035001d001c03bd
68426842cc28cc2f13ec13eca8a0a8af0000ffff00500050001d001c03be
68426842cc28cc2f8c5b8c5b1c501c5f0000ffff02020202001d001c03bf
81128112fe68fe6f8c5b8c5b1c501c5f0000ffff02020202001d001c03c0
81128112fe68fe6f57185718ca40ca4f0000ffff02020202001d001c03c1
ef83ef8368f068f7eebbeebb57d057df0000ffff00500050001d001c03c2
ef83ef8368f068f7eebbeebb57d057df0000ffff02020202001d001c03c3
ef83ef8368f068f765f165f13800380f0000ffff02020202001d001c03c4
0cd00cd096e896eb65f165f13820383f0000ffff00500050001e001b03c5
68426842cc20cc238c5b8c5b1c601c7f0000ffff00190019001e001b03c6
81128112fe64fe67eebbeebb57e057ff0000ffff02020202001e001b03c7
ef83ef8368f868fb65f165f13820383f0000ffff00350035001e001b03c8
0cd00cd096ec96edafc8afc81180119f006d006e0000ffff001f001b03c9
0cd00cd096f096ffafc8afc811a811af0000ffff02020202001c001d03ca
0cd00cd096f096ffafc8afc811a811af0000ffff02020202001c001d03cb
68426842cc30cc3f65f165f1381038170000ffff00770077001c001d03cc
68426842cc30cc3f8c5b8c5b1c481c4f0000ffff00a100a1001c001d03cd
81128112fe70fe7f20f320f365c865cf0000ffff232b232b001c001d03ce
81128112fe70fe7f57185718ca50ca570000ffff00190019001c001d03cf
81128112fe70fe7f8c5b8c5b1c481c4f0000ffff02020202001c001d03d0
81128112fe70fe7feebbeebb57c057c70000ffff232b232b001c001d03d1
ef83ef8368e068efeebbeebb57c057c70000ffff00450045001c001d03d2
ef83ef8368e068ef8c5b8c5b1c481c4f0000ffff00160016001c001d03d3
ef83ef8368e068ef65f165f1381038170000ffff00350035001c001d03d4
0cd00cd0968096bf13ec13eca8b4a8b70000ffff02020202001a001e03d5
68426842cc40cc7fafc8afc811a111a10000ffff066d066e001a002003d6
68426842cc20cc23afc8afc811b011bf001400150000ffff001e001c03d7
68426842cc27cc27afc8afc81100117f138813890000ffff0020001903d8
68426842cc26cc2665f165f1388038ff138813890000ffff0020001903d9
68426842cc24cc258c5b8c5b1c001c3f066d066e0000ffff001f001a03da
68426842cc24cc2565f165f13840387f008f008f0000ffff001f001a03db
68426842cc24cc258c5b8c5b1c001c3f001600160000ffff001f001a03dc
ef83ef8368fe68ff8c5b8c5b1c001c3f005000500000ffff001f001a03dd
68426842cc00cc1f65f165f1381038170000ffff00a100a1001b001d03de
68426842cc40cc7f13ec13eca8b2a8b3159a159a0000ffff001a001f03df
81128112fe00fe3f57185718ca5cca5d008f008f0000ffff001a001f03e0
ef83ef83688068bf65f165f1381c381d160016000000ffff001a001f03e1
68426842cc20cc238c5b8c5b1c001c3f00a100a10000ffff001e001a03e2
ef83ef8368f868fb65f165f13840387f001900190000ffff001e001a03e3
ef83ef8368f868fb65f165f13840387f159015900000ffff001e001a03e4
68426842cc00cc1f8c5b8c5b1c481c4f00a100a10000ffff001b001d03e5
81128112fe40fe5f8c5b8c5b1c481c4f005000500000ffff001b001d03e6
ef83ef8368c068dfeebbeebb57c057c701bb01bb0000ffff001b001d03e7
68426842cc26cc268c5b8c5b1c801cff003500350000ffff0020001903e8
68426842cc00cc1f13ec13eca8b4a8b700a100a10000ffff001b001e03e9
ef83ef8368c068df8c5b8c5b1c401c43003500350000ffff001b001e03ea
68426842cc24cc258c5b8c5b1c801cff059905990000ffff001f001903eb
68426842cc24cc2565f165f13820383f001400170000ffff001f001b03ec
81128112fe64fe67eebbeebb57d057df0000ffff00140017001e001c03ed
81128112fe61fe618c5b8c5b1c801cff0000ffff059905990020001903ee
81128112fe61fe6120f320f3658065bf001400150000ffff0020001a03ef
81128112fe70fe7f20f320f365d065df0000ffff05990599001c001c03f0
81128112fe70fe7feebbeebb57d057df0000ffff00160016001c001c03f1
81128112fe80feffeebbeebb57c857c90000ffff020202020019001f03f2
ef83ef836800687feebbeebb57c857c90000ffff007700770019001f03f3
81128112fe64fe6757185718ca60ca7f00a100a10000ffff001e001b03f4
81128112fe64fe6757185718ca60ca7f15ae15ae0000ffff001e001b03f5
81128112fe64fe6757185718ca60ca7f00a100a10000ffff001e001b03f6
ef83ef8368f868fbeebbeebb57e057ff160016000000ffff001e001b03f7
ef83ef8368f868fb8c5b8c5b1c601c7f00a100a10000ffff001e001b03f8
ef83ef8368f868fb8c5b8c5b1c601c7f001900190000ffff001e001b03f9
81128112fe61fe6157185718ca60ca7f001400170000ffff0020001b03fa
ef83ef8368f068f757185718ca40ca4f003500350000ffff001d001c03fb
ef83ef836800687f57185718ca5cca5d003500350000ffff0019001f03fc
ef83ef8368c068df8c5b8c5b1c441c450000ffff00140015001b001f03fd
ef83ef8368c068df65f165f1381c381d0000ffff00140015001b001f03fe
ef83ef8368fc68fceebbeebb560056ff01f401f40000ffff0020001803ff
ef83ef8368e068ef57185718ca5cca5d001400170000ffff001c001f0400
ef83ef83690069ffeebbeebb57ca57ca0000ffff02020202001800200401
ef83ef8368fe68ff8c5b8c5b1c601c7f0000ffff07140715001f001b0402
ef83ef8368f868fb65f165f13840387f0000ffff00190019001e001a0403
ef83ef8368f068f765f165f13820383f0000ffff00190019001d001b0404
ef83ef83690069ffeebbeebb57ca57ca005000500000ffff001800200405
0cd00cd096e096e765f165f13820383f0000ffff00140015001d001b0406
0cd00cd0968096bf13ec13eca8b4a8b70000ffff00450045001a001e0407
0cd00cd0968096bfdfacdfac774477470000ffff008f008f001a001e0408
0cd00cd0968096bfafc8afc811a411a70000ffff008b008b001a001e0409
0cd00cd0968096bfafc8afc811a411a70000ffff00190019001a001e040a
68426842cc40cc7fafc8afc811a411a70000ffff00350035001a001e040b
68426842cc40cc7fafc8afc811a411a70000ffff02020202001a001e040c
68426842cc40cc7f13ec13eca8b4a8b70000ffff157c157c001a001e040d
68426842cc40cc7f8c5b8c5b1c401c430000ffff00350035001a001e040e
81128112fe00fe3f20f320f365c465c70000ffff00a200a2001a001e040f
81128112fe00fe3f20f320f365c465c70000ffff00190019001a001e0410
ef83ef83688068bfeebbeebb57cc57cf0000ffff04be04be001a001e0411
ef83ef83688068bf8c5b8c5b1c401c430000ffff00500050001a001e0412
ef83ef83688068bf65f165f13818381b0000ffff02020202001a001e0413
ef83ef83688068bf65f165f13818381b0000ffff00450045001a001e0414
0cd00cd096e096e7dfacdfac7700773f0000ffff00190019001d001a0415
68426842cc28cc2f13ec13eca8c0a8ff0000ffff008f008f001d001a0416
81128112fe68fe6feebbeebb578057bf0000ffff00a100a1001d001a0417
0cd00cd096c096df13ec13eca8b8a8bf0000ffff00350035001b001d0418
0cd00cd096c096dfafc8afc811a811af0000ffff00350035001b001d0419
68426842cc00cc1f20f320f365c865cf0000ffff00500050001b001d041a
68426842cc00cc1f65f165f1381038170000ffff00500050001b001d041b
81128112fe40fe5fafc8afc811a811af0000ffff00450045001b001d041c
81128112fe40fe5f57185718ca50ca570000ffff00a100a1001b001d041d
ef83ef8368c068dfeebbeebb57c057c70000ffff02020202001b001d041e
ef83ef8368c068df65f165f1381038170000ffff02020202001b001d041f
ef83ef8368c068df65f165f1381038170000ffff00450045001b001d0420
0cd00cd096ef96ef13ec13eca900a9ff0000ffff02020202002000180421
68426842cc27cc278c5b8c5b1d001dff0000ffff00160016002000180422
68426842cc26cc268c5b8c5b1d001dff0000ffff00a100a1002000180423
68426842cc26cc2613ec13eca900a9ff0000ffff00160016002000180424
ef83ef8368fd68fd8c5b8c5b1d001dff0000ffff232b232b002000180425
ef83ef8368fd68fd65f165f1390039ff0000ffff008f008f002000180426
0cd00cd096e896eb13ec13eca800a87f0000ffff02020202001e00190427
0cd00cd096f096ff65f165f13820383f0000ffff00450045001c001b0428
0cd00cd096ec96edafc8afc81100117f0000ffff00350035001f00190429
0cd00cd096ec96ed13ec13eca800a87f0000ffff00450045001f0019042a
68426842cc24cc258c5b8c5b1c801cff0000ffff09f509f5001f0019042b
81128112fe62fe6357185718ca80caff0000ffff04be04be001f0019042c
0cd00cd096c096dfafc8afc811a211a30000ffff00140017001b001f042d
81128112fe40fe5feebbeebb57c857c90000ffff00140017001b001f042e
ef83ef8368c068df65f165f1381c381d0000ffff00140017001b001f042f
0cd00cd09600967f13ec13eca8b4a8b70000ffff003500350019001e0430
0cd00cd09600967fafc8afc811a411a70000ffff004500450019001e0431
0cd00cd096e096e765f165f13820383f0000ffff00500050001d001b0432
68426842cc28cc2f65f165f13820383f0000ffff1a2b1a2b001d001b0433
68426842cc28cc2f8c5b8c5b1c601c7f0000ffff02020202001d001b0434
81128112fe68fe6f8c5b8c5b1c601c7f0000ffff02020202001d001b0435
ef83ef8368f068f78c5b8c5b1c601c7f0000ffff00450045001d001b0436
ef83ef8368f068f765f165f13820383f0000ffff00a100a1001d001b0437
ef83ef8368f068f765f165f13820383f0000ffff00870087001d001b0438
ef83ef8368f068f765f165f13820383f0000ffff020c020c001d001b0439
ef83ef8368f068f765f165f13820383f0000ffff00350035001d001b043a
0cd00cd096e096e765f165f13820383f066d066e0000ffff001d001b043b
0cd00cd096e896ebafc8afc811c011ff15a415a40000ffff001e001a043c
0cd00cd096e896eb13ec13eca8c0a8ff005000500000ffff001e001a043d
68426842cc20cc238c5b8c5b1c001c3f003500350000ffff001e001a043e
68426842cc20cc238c5b8c5b1c001c3f159015900000ffff001e001a043f
ef83ef8368f868fbeebbeebb578057bf158615860000ffff001e001a0440
ef83ef8368f868fbeebbeebb578057bf159015900000ffff001e001a0441
ef83ef8368f868fbeebbeebb578057bf003500350000ffff001e001a0442
ef83ef8368f868fbeebbeebb578057bf00a100a10000ffff001e001a0443
0cd00cd0970097ffafc8afc811a111a10000ffff02020202001800200444
68426842cd00cdffafc8afc811a111a10000ffff02020202001800200445
68426842cd00cdff8c5b8c5b1c471c470000ffff00190019001800200446
68426842cd00cdff13ec13eca8b0a8b00000ffff02020202001800200447
68426842cd00cdff8c5b8c5b1c471c470000ffff00500050001800200448
68426842cd00cdff65f165f1381f381f0000ffff00500050001800200449
81128112ff00ffff8c5b8c5b1c471c470000ffff0050005000180020044a
81128112ff00ffff57185718ca5fca5f0000ffff008b008b00180020044b
ef83ef83690069ffeebbeebb57ca57ca0000ffff006e006e00180020044c
ef83ef83690069ffeebbeebb57ca57ca0000ffff0035003500180020044d
ef83ef83690069ff65f165f1381f381f0000ffff0045004500180020044e
0cd00cd096ec96edafc8afc8100010ff0000ffff00770077001f0018044f
ef83ef8368fe68ff65f165f1390039ff0000ffff02020202001f00180450
0cd00cd096f096ff13ec13eca8a0a8af0000ffff15a415a4001c001c0451
68426842cc30cc3fafc8afc811b011bf0000ffff00500050001c001c0452
68426842cc30cc3f8c5b8c5b1c501c5f0000ffff02020202001c001c0453
81128112fe70fe7f20f320f365d065df0000ffff00450045001c001c0454
ef83ef8368e068ef57185718ca40ca4f0000ffff00a200a2001c001c0455
ef83ef8368e068ef65f165f13800380f0000ffff00450045001c001c0456
ef83ef8368e068ef65f165f13800380f0000ffff00190019001c001c0457
ef83ef8368e068ef8c5b8c5b1c501c5f0000ffff00450045001c001c0458
ef83ef8368e068ef65f165f13800380f0000ffff00500050001c001c0459
0cd00cd096e096e713ec13eca8a0a8af0000ffff006d006e001d001c045a
81128112fe68fe6f57185718ca40ca4f0000ffff006d006e001d001c045b
0cd00cd096c096dfafc8afc811a811af003500350000ffff001b001d045c
68426842cc00cc1f13ec13eca8b8a8bf008f008f0000ffff001b001d045d
68426842cc00cc1f13ec13eca8b8a8bf005000500000ffff001b001d045e
68426842cc00cc1f13ec13eca8b8a8bf00a100a10000ffff001b001d045f
0cd00cd096e896ebafc8afc811c011ff0000ffff232b232b001e001a0460
68426842cc20cc2320f320f3658065bf0000ffff01f401f4001e001a0461
68426842cc20cc2320f320f3658065bf0000ffff232b232b001e001a0462
68426842cc20cc23afc8afc811c011ff0000ffff00450045001e001a0463
68426842cc20cc23afc8afc811c011ff0000ffff02020202001e001a0464
68426842cc20cc2365f165f13840387f0000ffff00500050001e001a0465
81128112fe64fe678c5b8c5b1c001c3f0000ffff00190019001e001a0466
81128112fe64fe678c5b8c5b1c001c3f0000ffff00450045001e001a0467
81128112fe64fe67eebbeebb578057bf0000ffff008b008b001e001a0468
ef83ef8368f868fbeebbeebb578057bf0000ffff00450045001e001a0469
ef83ef8368f868fb65f165f13840387f0000ffff05990599001e001a046a
ef83ef8368f868fb65f165f13840387f0000ffff00500050001e001a046b
68426842cc80ccffafc8afc811a111a10000ffff006d006e00190020046c
68426842cc80ccff65f165f1381f381f0000ffff0714071500190020046d
68426842cc80ccff13ec13eca8b0a8b00000ffff1388138900190020046e
ef83ef836800687f65f165f1381e381e0000ffff006d006e00190020046f
68426842cc40cc7fafc8afc811a411a7059905990000ffff001a001e0470
68426842cc40cc7fafc8afc811a211a30000ffff00140015001a001f0471
68426842cc80ccff13ec13eca8b0a8b00000ffff00140017001900200472
68426842cc80ccff13ec13eca8b2a8b30000ffff005000500019001f0473
68426842cc80ccff8c5b8c5b1c441c450000ffff04be04be0019001f0474
68426842cc80ccff65f165f1381c381d0000ffff020202020019001f0475
68426842cc80ccff65f165f1381c381d0000ffff232b232b0019001f0476
81128112fe80feff57185718ca5cca5d0000ffff005000500019001f0477
ef83ef836800687f65f165f1381c381d0000ffff232b232b0019001f0478
ef83ef836800687f8c5b8c5b1c441c450000ffff004500450019001f0479
ef83ef836800687f65f165f1381c381d0000ffff020202020019001f047a
ef83ef836800687f65f165f1381c381d0000ffff232b232b0019001f047b
ef83ef836800687f65f165f1381c381d0000ffff158615860019001f047c
68426842cc00cc1f8c5b8c5b1c401c430000ffff00140015001b001e047d
81128112fe40fe5f8c5b8c5b1c401c430000ffff00140015001b001e047e
68426842cc00cc1f8c5b8c5b1c501c5f0000ffff02020202001b001c047f
81128112fe40fe5f8c5b8c5b1c501c5f0000ffff00190019001b001c0480
81128112fe40fe5f57185718ca40ca4f0000ffff02020202001b001c0481
ef83ef8368c068df8c5b8c5b1c501c5f0000ffff00870087001b001c0482
68426842cc00cc1f8c5b8c5b1c501c5f003500350000ffff001b001c0483
68426842cc24cc258c5b8c5b1c001c3f066d066e0000ffff001f001a0484
68426842cc26cc268c5b8c5b1d001dff00a100a10000ffff002000180485
68426842cc28cc2f8c5b8c5b1c001c3f15ff15ff0000ffff001d001a0486
81128112fe00fe3f8c5b8c5b1c471c470000ffff00140017001a00200487
ef83ef83688068bf8c5b8c5b1c471c470000ffff00140017001a00200488
81128112fe70fe7f20f320f365c865cf0000ffff066d066e001c001d048a
81128112fe64fe678c5b8c5b1c801cff059905990000ffff001e0019048b
81128112fe68fe6feebbeebb57c057c7001400170000ffff001d001d048c
ef83ef8368f068f78c5b8c5b1c501c5f001400150000ffff001d001c048d
ef83ef8368c068df8c5b8c5b1c481c4f0000ffff006d006e001b001d048e
ef83ef8368fc68fc57185718ca80caff0000ffff006d006e00200019048f
ef83ef8368fd68fd65f165f1388038ff0000ffff066d066e002000190490
ef83ef8368f068f78c5b8c5b1c501c5f0000ffff00140017001d001c0491
ef83ef83690069ff65f165f1381c381d0000ffff005000500018001f0492
ef83ef8368f068f765f165f13820383f059905990000ffff001d001b0493
ef83ef83688068bfeebbeebb57c857c9001400150000ffff001a001f0495
ef83ef83690069ff8c5b8c5b1c441c45159a159a0000ffff0018001f0496
ef83ef836800687f65f165f1381c381d005000500000ffff0019001f0497
ef83ef8368fe68ff8c5b8c5b1d001dff008f008f0000ffff001f00180498
ef83ef8368e068ef8c5b8c5b1c501c5f005000500000ffff001c001c0499
ef83ef83690069ff65f165f1381f381f003500350000ffff00180020049a
0cd00cd096e096e713ec13eca800a87f001900190000ffff001d0019049c
0cd00cd096e096e7afc8afc81100117f044a044a0000ffff001d0019049d
68426842cc28cc2f8c5b8c5b1c801cff15a415a40000ffff001d0019049e
0cd00cd096c096dfdfacdfac7750775f059905990000ffff001b001c049f
68426842cc00cc1fafc8afc811b011bf059905990000ffff001b001c04a0
81128112fe40fe5f57185718ca40ca4f158615860000ffff001b001c04a1
ef83ef8368c068df65f165f13800380f001600160000ffff001b001c04a2
0cd00cd096ef96efdfacdfac760076ff001400170000ffff0020001804a3
0cd00cd0970097ff13ec13eca8b2a8b30000ffff004500450018001f04a4
0cd00cd0970097ffafc8afc811a211a30000ffff001900190018001f04a5
68426842cd00cdff8c5b8c5b1c441c450000ffff020202020018001f04a6
68426842cd00cdff8c5b8c5b1c441c450000ffff020202020018001f04a7
68426842cd00cdff65f165f1381c381d0000ffff004500450018001f04a8
81128112ff00ffffeebbeebb57c857c90000ffff020202020018001f04a9
ef83ef83690069ff65f165f1381c381d0000ffff1a2b1a2b0018001f04aa
ef83ef83690069ff65f165f1381c381d0000ffff004500450018001f04ab
ef83ef83690069ff65f165f1381c381d0000ffff232b232b0018001f04ac
0cd00cd096f096ffdfacdfac7760777f0000ffff00500050001c001b04ad
0cd00cd096f096ffafc8afc81180119f0000ffff00a100a1001c001b04ae
0cd00cd096f096ffafc8afc81180119f0000ffff15ae15ae001c001b04af
68426842cc30cc3f65f165f13820383f0000ffff00350035001c001b04b0
68426842cc30cc3f13ec13eca880a89f0000ffff00350035001c001b04b1
68426842cc30cc3f8c5b8c5b1c601c7f0000ffff00a100a1001c001b04b2
68426842cc30cc3f8c5b8c5b1c601c7f0000ffff00770077001c001b04b3
81128112fe70fe7f20f320f365e065ff0000ffff02020202001c001b04b4
ef83ef8368e068ef65f165f13820383f0000ffff00450045001c001b04b5
ef83ef8368e068ef65f165f13820383f0000ffff00190019001c001b04b6
ef83ef8368e068efdfacdfac7760777f0000ffff00500050001c001b04b7
0cd00cd096ec96eddfacdfac760076ff00a100a10000ffff001f001804b8
0cd00cd096ec96edafc8afc8100010ff00a100a10000ffff001f001804b9
68426842cc24cc2520f320f3640064ff01f401f40000ffff001f001804ba
ef83ef8368fe68ff65f165f1390039ff157c157c0000ffff001f001804bb
0cd00cd096c096dfafc8afc81180119f0000ffff00450045001b001b04bc
0cd00cd096e896eb13ec13eca800a87f0000ffff066d066e001e001904bd
68426842cc20cc2313ec13eca800a87f0000ffff006d006e001e001904be
0cd00cd096e896ebafc8afc8100010ff0000ffff00500050001e001804bf
81128112fe64fe6720f320f3640064ff0000ffff232b232b001e001804c0
0cd00cd0968096bfafc8afc811a811af0000ffff00890089001a001d04c1
0cd00cd0968096bf65f165f1381038170000ffff00450045001a001d04c2
0cd00cd0968096bf13ec13eca8b8a8bf0000ffff232b232b001a001d04c3
0cd00cd0968096bfafc8afc811a811af0000ffff02020202001a001d04c4
68426842cc40cc7f65f165f1381038170000ffff02020202001a001d04c5
68426842cc40cc7f13ec13eca8b8a8bf0000ffff02020202001a001d04c6
68426842cc40cc7f8c5b8c5b1c481c4f0000ffff00450045001a001d04c7
81128112fe00fe3feebbeebb57c057c70000ffff00160016001a001d04c8
81128112fe00fe3feebbeebb57c057c70000ffff00450045001a001d04c9
81128112fe00fe3feebbeebb57c057c70000ffff05990599001a001d04ca
81128112fe00fe3f57185718ca50ca570000ffff00190019001a001d04cb
ef83ef83688068bfeebbeebb57c057c70000ffff00160016001a001d04cc
ef83ef83688068bf65f165f1381038170000ffff02020202001a001d04cd
0cd00cd0970097ff65f165f1381c381d15ae15ae0000ffff0018001f04ce
68426842cd00cdff8c5b8c5b1c441c4515a415a40000ffff0018001f04cf
68426842cd00cdff65f165f1381c381d059905990000ffff0018001f04d0
ef83ef83690069ff57185718ca5cca5d001900190000ffff0018001f04d1
ef83ef83690069ff57185718ca5cca5d15ae15ae0000ffff0018001f04d2
0cd00cd096c096dfafc8afc811b011bf0000ffff00450045001b001c04d3
0cd00cd096c096dfafc8afc811b011bf0000ffff01f401f4001b001c04d4
0cd00cd096c096dfafc8afc811b011bf0000ffff00350035001b001c04d5
68426842cc00cc1f8c5b8c5b1c501c5f0000ffff00500050001b001c04d6
68426842cc00cc1f8c5b8c5b1c501c5f0000ffff80068006001b001c04d7
68426842cc00cc1f65f165f13800380f0000ffff02020202001b001c04d8
68426842cc00cc1f13ec13eca8a0a8af0000ffff00500050001b001c04d9
68426842cc00cc1f8c5b8c5b1c501c5f0000ffff06bb06bb001b001c04da
81128112fe40fe5feebbeebb57d057df0000ffff02020202001b001c04db
ef83ef8368c068df57185718ca40ca4f0000ffff02020202001b001c04dc
ef83ef8368c068dfeebbeebb57d057df0000ffff00190019001b001c04dd
ef83ef8368c068df57185718ca40ca4f0000ffff00160016001b001c04de
ef83ef8368c068df8c5b8c5b1c501c5f0000ffff02020202001b001c04df
0cd00cd0968096bfafc8afc811b011bf00a100a10000ffff001a001c04e2
68426842cc40cc7f65f165f13800380f00a100a10000ffff001a001c04e3
81128112fe00fe3f57185718ca40ca4f003500350000ffff001a001c04e4
68426842cc00cc1f65f165f13818381b0000ffff00140017001b001e04ee
68426842cc00cc1f65f165f13800380f066d066e0000ffff001b001c04ef
68426842cc40cc7f13ec13eca8b8a8bf15ae15ae0000ffff001a001d04f0
68426842cc28cc2f65f165f13840387f001600160000ffff001d001a04f3
68426842cc28cc2f65f165f13840387f001900190000ffff001d001a04f4
ef83ef8368f068f765f165f13840387f15ae15ae0000ffff001d001a04f5
68426842cc24cc2565f165f1390039ff0000ffff02020202001f001804f6
68426842cc24cc258c5b8c5b1d001dff0000ffff00710071001f001804f7
68426842cc80ccff65f165f1381c381d0000ffff066d066e0019001f04f9
68426842cc40cc7f8c5b8c5b1c441c450000ffff00140017001a001f04fa
68426842cc24cc2513ec13eca800a87f006d006e0000ffff001f001904fe
68426842cc80ccff8c5b8c5b1c401c4300a100a10000ffff0019001e04ff
68426842cc80ccff65f165f13818381b001900190000ffff0019001e0500
ef83ef836800687f57185718ca58ca5b00a100a10000ffff0019001e0501
ef83ef836800687feebbeebb57cc57cf00a100a10000ffff0019001e0502
68426842cc20cc2365f165f13820383f0000ffff00140017001e001b0503
68426842cc20cc238c5b8c5b1c801cff0000ffff00890089001e00190504
68426842cc40cc7f65f165f13818381b001400170000ffff001a001e0505
68426842cc00cc1f8c5b8c5b1c501c5f0000ffff006d006e001b001c0506
68426842cc80ccff13ec13eca8b4a8b70000ffff001600160019001e0507
81128112fe80feff57185718ca58ca5b0000ffff01f401f40019001e0508
ef83ef836800687f57185718ca58ca5b0000ffff003500350019001e0509
ef83ef836800687f65f165f13818381b0000ffff004500450019001e050a
ef83ef836800687f8c5b8c5b1c401c430000ffff003500350019001e050b
81128112ff00ffff20f320f365c465c70000ffff020202020018001e050c
81128112fe80feff57185718ca50ca570000ffff005000500019001d050d
ef83ef836800687f65f165f1381038170000ffff020202020019001d050e
81128112fe68fe6f8c5b8c5b1c001c3f0000ffff00890089001d001a050f
ef83ef8368f068f7eebbeebb578057bf0000ffff00500050001d001a0510
ef83ef8368f068f78c5b8c5b1c001c3f0000ffff066e066e001d001a0511
ef83ef8368f068f765f165f13840387f0000ffff00500050001d001a0512
81128112fe00fe3feebbeebb57d057df0000ffff00350035001a001c0513
ef83ef83688068bfeebbeebb57d057df0000ffff02020202001a001c0514
ef83ef836800687f57185718ca5cca5d001400170000ffff0019001f0517
ef83ef836800687f65f165f1381c381d0000ffff001400170019001f0518
ef83ef83690069ff65f165f1381e381e0000ffff006d006e001800200519
ef83ef8368f068f765f165f1388038ff0000ffff00350035001d0019051a
ef83ef8368f068f765f165f13820383f0000ffff00140017001d001b051b
ef83ef8368f868fb8c5b8c5b1c801cff001600160000ffff001e0019051d
ef83ef8368f068f78c5b8c5b1c501c5f001400170000ffff001d001c0520
ef83ef8368f868fbeebbeebb578057bf006d006e0000ffff001e001a0521
0cd00cd096e896ebdfacdfac7700773f001400170000ffff001e001a0522
0cd00cd0970097ffdfacdfac774477470000ffff020202020018001e0523
68426842cd00cdffafc8afc811a411a70000ffff232b232b0018001e0524
68426842cd00cdff65f165f13818381b0000ffff001900190018001e0525
68426842cd00cdff8c5b8c5b1c401c430000ffff00a100a10018001e0526
81128112ff00ffff20f320f365c465c70000ffff020202020018001e0527
81128112ff00ffffeebbeebb57cc57cf0000ffff232b232b0018001e0528
81128112ff00ffff20f320f365c465c70000ffff001700170018001e0529
81128112ff00ffffeebbeebb57cc57cf0000ffff004500450018001e052a
81128112ff00ffffeebbeebb57cc57cf0000ffff059905990018001e052b
ef83ef83690069ffeebbeebb57cc57cf0000ffff004500450018001e052c
0cd00cd096f096ffdfacdfac7700773f0000ffff066d066d001c001a052d
0cd00cd096f096ff65f165f13840387f0000ffff00450045001c001a052e
68426842cc30cc3f13ec13eca8c0a8ff0000ffff00500050001c001a052f
81128112fe70fe7feebbeebb578057bf0000ffff02020202001c001a0530
81128112fe70fe7f57185718ca00ca3f0000ffff00190019001c001a0531
0cd00cd0968096bfdfacdfac7748774f0000ffff006d006e001a001d0532
0cd00cd096f096ffafc8afc811c011ff00a100a10000ffff001c001a0533
68426842cc30cc3f65f165f13840387f00a100a10000ffff001c001a0534
68426842cc30cc3f8c5b8c5b1c001c3f059905990000ffff001c001a0535
0cd00cd09600967fafc8afc811a411a70000ffff066d066e0019001e0536
0cd00cd096c096dfafc8afc811b011bf0000ffff066d066e001b001c0537
ef83ef8368c068df65f165f13800380f0000ffff07140715001b001c0538
ef83ef8368c068dfeebbeebb57d057df0000ffff00140015001b001c0539
0cd00cd096e096e7afc8afc81100117f008f008f0000ffff001d0019053f
0cd00cd096e096e765f165f1388038ff0000ffff00450045001d00190540
0cd00cd096e096e765f165f1388038ff0000ffff008f008f001d00190541
68426842cc28cc2f13ec13eca800a87f0000ffff008f008f001d00190542
ef83ef8368f068f765f165f1388038ff0000ffff00450045001d00190543
0cd00cd0968096bf65f165f13800380f0000ffff00450045001a001c0544
68426842cc40cc7f13ec13eca8a0a8af0000ffff00770077001a001c0545
68426842cc40cc7f8c5b8c5b1c501c5f0000ffff232b232b001a001c0546
81128112fe00fe3f20f320f365d065df0000ffff00450045001a001c0547
81128112fe00fe3feebbeebb57d057df0000ffff00190019001a001c0548
ef83ef83688068bfeebbeebb57d057df0000ffff00350035001a001c0549
ef83ef83688068bfeebbeebb57d057df0000ffff066e066e001a001c054a
68426842cd00cdff65f165f1381c381d0000ffff006d006e0018001f0551
ef83ef83690069ff8c5b8c5b1c441c450000ffff001400150018001f0552
68426842cc40cc7f8c5b8c5b1c601c7f0000ffff00500050001a001b0555
68426842cc00cc1f65f165f13820383f0000ffff02020202001b001b0557
68426842cc00cc1f8c5b8c5b1c601c7f0000ffff00450045001b001b0558
81128112fe40fe5f20f320f365e065ff0000ffff02020202001b001b0559
81128112fe40fe5f8c5b8c5b1c601c7f0000ffff00450045001b001b055a
81128112fe40fe5f8c5b8c5b1c601c7f0000ffff02020202001b001b055b
ef83ef8368c068df8c5b8c5b1c601c7f0000ffff00350035001b001b055c
ef83ef8368c068df65f165f13820383f0000ffff00190019001b001b055d
ef83ef8368c068df65f165f13820383f0000ffff232b232b001b001b055e
68426842cc20cc2313ec13eca900a9ff0000ffff1a2b1a2b001e0018055f
68426842cc20cc238c5b8c5b1d001dff0000ffff02020202001e00180560
68426842cd00cdff13ec13eca8b8a8bf0000ffff020c020c0018001d0561
68426842cd00cdff65f165f13818381b003500350000ffff0018001e0562
68426842cc40cc7f8c5b8c5b1c601c7f159015900000ffff001a001b0563
68426842cc80ccff8c5b8c5b1c481c4f0000ffff003500350019001d0564
68426842cc80ccff65f165f1381038170000ffff004500450019001d0565
68426842cc80ccff13ec13eca8b8a8bf0000ffff232b232b0019001d0566
68426842cc80ccff8c5b8c5b1c481c4f0000ffff232b232b0019001d0567
68426842cc80ccff13ec13eca8b8a8bf0000ffff003500350019001d0568
81128112fe80feff8c5b8c5b1c481c4f0000ffff004500450019001d0569
ef83ef836800687f65f165f1381038170000ffff004500450019001d056a
ef83ef836800687f65f165f1381038170000ffff003500350019001d056b
ef83ef836800687f65f165f1381038170000ffff020202020019001d056c
68426842cc00cc1f13ec13eca8a0a8af066d066e0000ffff001b001c056d
68426842cc28cc2f65f165f13840387f006d006e0000ffff001d001a056e
68426842cc24cc2565f165f1390039ff066d066e0000ffff001f0018056f
ef83ef8368fe68ffeebbeebb560056ff001400150000ffff001f00180570
68426842cc40cc7f8c5b8c5b1c481c4f001400170000ffff001a001d0578
68426842cc30cc3f13ec13eca800a87f0000ffff02020202001c00190579
68426842cc20cc238c5b8c5b1d001dff001600160000ffff001e0018057d
ef83ef8368f868fb65f165f1390039ff005000500000ffff001e0018057e
68426842cc40cc7f8c5b8c5b1c501c5f159a159a0000ffff001a001c0583
ef83ef83688068bf65f165f13800380f158615860000ffff001a001c0584
ef83ef83688068bf65f165f13800380f00a100a10000ffff001a001c0585
81128112fe68fe6f8c5b8c5b1d001dff00a100a10000ffff001d0018058c
81128112fe40fe5f20f320f365e065ff059905990000ffff001b001b058d
81128112fe40fe5f57185718ca60ca7f001900190000ffff001b001b058e
ef83ef8368c068dfeebbeebb57e057ff157c157c0000ffff001b001b058f
81128112fe68fe6f57185718ca00ca3f0000ffff006d006e001d001a0590
ef83ef8368f068f757185718ca00ca3f0000ffff006d006e001d001a0591
81128112fe68fe6feebbeebb560056ff0000ffff00450045001d00180592
81128112fe40fe5f57185718ca40ca4f0000ffff00140017001b001c0594
ef83ef836800687feebbeebb57d057df0000ffff007100710019001c0595
ef83ef8368f068f7eebbeebb578057bf0000ffff00140017001d001a0596
ef83ef83690069ffeebbeebb57c857c9138813890000ffff0018001f0597
ef83ef836800687feebbeebb57c057c700a100a10000ffff0019001d0598
ef83ef8368f068f7eebbeebb5700577f066d066e0000ffff001d0019059c
ef83ef8368fe68ffeebbeebb560056ff001400170000ffff001f0018059d
ef83ef83690069ffeebbeebb57c057c700a100a10000ffff0018001d059e
0cd00cd09600967f65f165f13800380f0000ffff020202020019001c05a0
ef83ef836800687f57185718ca40ca4f0000ffff003500350019001c05a1
0cd00cd0970097ffdfacdfac7748774f0000ffff1a2b1a2b0018001d05a2
68426842cd00cdffafc8afc811a811af0000ffff001900190018001d05a3
68426842cd00cdff8c5b8c5b1c481c4f0000ffff001500150018001d05a4
81128112ff00ffffeebbeebb57c057c70000ffff004500450018001d05a5
81128112ff00ffff57185718ca50ca570000ffff004500450018001d05a6
81128112ff00ffff57185718ca50ca570000ffff15a415a40018001d05a7
81128112ff00ffff57185718ca50ca570000ffff059905990018001d05a8
ef83ef83690069ff8c5b8c5b1c481c4f0000ffff004500450018001d05a9
ef83ef83690069ff65f165f1381038170000ffff004500450018001d05aa
ef83ef83690069ff8c5b8c5b1c481c4f0000ffff005000500018001d05ab
0cd00cd09600967f13ec13eca8a0a8af005000500000ffff0019001c05ae
81128112fe80feff57185718ca40ca4f001900190000ffff0019001c05af
ef83ef836800687feebbeebb57d057df001900190000ffff0019001c05b0
0cd00cd096e096e7dfacdfac7700773f001400170000ffff001d001a05b1
0cd00cd096c096dfdfacdfac7700773f158615860000ffff001b001a05b2
0cd00cd096e096e7dfacdfac760076ff0000ffff05990599001d001805b3
0cd00cd096e096e7afc8afc8100010ff0000ffff00890089001d001805b4
81128112fe68fe6f57185718cb00cbff0000ffff00500050001d001805b5
0cd00cd0970097ffafc8afc811b011bf15ae15ae0000ffff0018001c05b6
81128112ff00ffff8c5b8c5b1c501c5f005000500000ffff0018001c05b7
0cd00cd0970097ffafc8afc811a811af006d006e0000ffff0018001d05c5
0cd00cd096c096df65f165f1388038ff003500350000ffff001b001905c8
0cd00cd096f096ffafc8afc81100117f0000ffff00350035001c001905c9
0cd00cd096f096ffafc8afc81100117f0000ffff00450045001c001905ca
68426842cc30cc3fafc8afc81100117f0000ffff00450045001c001905cb
68426842cc30cc3f8c5b8c5b1c801cff0000ffff00350035001c001905cc
ef83ef8368e068efeebbeebb5700577f0000ffff02020202001c001905cd
0cd00cd096c096df65f165f13800380f0000ffff00140017001b001c05ce
ef83ef8368c068df8c5b8c5b1c501c5f0000ffff00140017001b001c05cf
0cd00cd096e896eb13ec13eca900a9ff066d066e0000ffff001e001805d0
68426842cc28cc2f65f165f1388038ff066d066e0000ffff001d001905e2
68426842cc40cc7f8c5b8c5b1c601c7f008f008f0000ffff001a001b05e5
ef83ef83688068bfeebbeebb57e057ff00a100a10000ffff001a001b05e6
ef83ef83688068bfeebbeebb57e057ff00a100a10000ffff001a001b05e7
68426842cd00cdff65f165f1381038170000ffff001400150018001d05e8
68426842cc40cc7f57185718ca60ca7f0000ffff02020202001a001b05eb
81128112fe00fe3f57185718ca60ca7f0000ffff00890089001a001b05ec
ef83ef83688068bf65f165f13820383f0000ffff00500050001a001b05ed
ef83ef83688068bf8c5b8c5b1c601c7f0000ffff00450045001a001b05ee
68426842cc80ccff8c5b8c5b1c601c7f0000ffff059905990019001b05ef
81128112fe80feff57185718ca60ca7f0000ffff020202020019001b05f0
68426842cc30cc3f65f165f1390039ff003500350000ffff001c001805f1
68426842cc00cc1f8c5b8c5b1c801cff0000ffff00160016001b001905f7
ef83ef8368c068df8c5b8c5b1c801cff0000ffff05990599001b001905f8
68426842cc00cc1f8c5b8c5b1c001c3f0000ffff02020202001b001a05fa
ef83ef8368c068dfeebbeebb578057bf0000ffff00350035001b001a05fb
ef83ef8368c068df65f165f13840387f0000ffff232b232b001b001a05fc
ef83ef8368c068df65f165f13840387f0000ffff02020202001b001a05fd
68426842cc40cc7f65f165f13800380f001400150000ffff001a001c05fe
68426842cc40cc7f65f165f13800380f0000ffff00140017001a001c05ff
81128112fe00fe3f8c5b8c5b1c481c4f0000ffff00140017001a001d0605
81128112fe80feff57185718ca50ca570000ffff138813890019001d0607
81128112ff00ffff57185718ca58ca5b0000ffff066d066e0018001e0608
81128112fe40fe5feebbeebb57e057ff001400150000ffff001b001b0609
ef83ef8368c068df65f165f13820383f001400150000ffff001b001b060a
81128112fe80feff57185718ca60ca7f15ae15ae0000ffff0019001b060b
ef83ef83690069ff57185718ca5cca5d001400170000ffff0018001f060c
ef83ef8368f068f765f165f1390039ff005000500000ffff001d0018060d
ef83ef8368f068f765f165f1390039ff007b007b0000ffff001d0018060e
ef83ef8368f068f765f165f1390039ff001600160000ffff001d0018060f
ef83ef8368f868fb65f165f1390039ff0000ffff00140015001e00180612
ef83ef83688068bf65f165f138103817001400170000ffff001a001d0614
0cd00cd096f096ffdfacdfac7700773f0000ffff00140017001c001a061a
0cd00cd09600967fdfacdfac7700773f0000ffff00a100a10019001a061b
68426842cc80ccff13ec13eca8c0a8ff0000ffff18ca18ca0019001a061c
81128112fe80feff20f320f3658065bf0000ffff005000500019001a061d
0cd00cd096f096ffdfacdfac760076ff0000ffff02020202001c00180624
68426842cc30cc3f8c5b8c5b1d001dff0000ffff15861586001c00180625
68426842cc30cc3f8c5b8c5b1d001dff0000ffff00450045001c00180626
81128112fe70fe7f57185718cb00cbff0000ffff232b232b001c00180627
ef83ef8368e068ef57185718cb00cbff0000ffff232b232b001c00180628
ef83ef8368e068ef57185718cb00cbff0000ffff00450045001c00180629
ef83ef8368e068ef65f165f1390039ff0000ffff066d066d001c0018062a
ef83ef8368e068ef65f165f1390039ff0000ffff00710071001c0018062b
0cd00cd096c096df65f165f1388038ff0000ffff157c157c001b0019063b
68426842cc00cc1f13ec13eca800a87f0000ffff00450045001b0019063c
81128112fe40fe5f8c5b8c5b1c801cff0000ffff02020202001b0019063d
81128112fe40fe5feebbeebb5700577f0000ffff00450045001b0019063e
ef83ef8368c068dfeebbeebb5700577f0000ffff00890089001b0019063f
0cd00cd0970097ffafc8afc81180119f0000ffff066e066e0018001b0648
81128112ff00ffff8c5b8c5b1c601c7f0000ffff007100710018001b0649
81128112ff00ffff20f320f365e065ff0000ffff020202020018001b064a
0cd00cd0970097ffafc8afc811a811af0000ffff006d006e0018001d064b
ef83ef83690069ff8c5b8c5b1c481c4f0000ffff001400150018001d064c
0cd00cd0968096bfafc8afc811c011ff0000ffff02020202001a001a0653
68426842cc40cc7f65f165f13840387f0000ffff18ca18ca001a001a0654
81128112fe00fe3f8c5b8c5b1c001c3f0000ffff00a200a2001a001a0655
81128112fe00fe3f57185718ca00ca3f0000ffff232b232b001a001a0656
ef83ef83688068bf65f165f13840387f0000ffff00450045001a001a0657
ef83ef83688068bf65f165f13840387f0000ffff00350035001a001a0658
ef83ef83688068bfeebbeebb578057bf0000ffff00450045001a001a0659
0cd00cd096c096dfafc8afc81100117f15a415a40000ffff001b00190663
0cd00cd096c096dfafc8afc81100117f001900190000ffff001b00190664
ef83ef8368c068df57185718ca80caff001900190000ffff001b00190665
68426842cc40cc7f13ec13eca8c0a8ff159015900000ffff001a001a0668
ef83ef83688068bfeebbeebb578057bf005000500000ffff001a001a0669
ef83ef83688068bf65f165f13840387f00a100a10000ffff001a001a066a
68426842cd00cdff8c5b8c5b1c501c5f0000ffff005000500018001c066b
68426842cd00cdff8c5b8c5b1c501c5f0000ffff059905990018001c066c
68426842cd00cdff65f165f13800380f0000ffff004500450018001c066d
68426842cc80ccff65f165f13820383f0000ffff004500450019001b066f
68426842cc80ccff8c5b8c5b1c601c7f0000ffff005000500019001b0670
68426842cc80ccff8c5b8c5b1c601c7f0000ffff18ca18ca0019001b0671
68426842cc80ccff8c5b8c5b1c601c7f0000ffff020202020019001b0672
68426842cc80ccff13ec13eca880a89f0000ffff001500150019001b0673
68426842cc80ccff13ec13eca880a89f0000ffff008f008f0019001b0674
81128112fe80feff20f320f365e065ff0000ffff004500450019001b0675
81128112fe80feff8c5b8c5b1c601c7f0000ffff0d3d0d3d0019001b0676
ef83ef836800687feebbeebb57e057ff0000ffff004500450019001b0677
ef83ef836800687f57185718ca60ca7f0000ffff22ab22ab0019001b0678
ef83ef836800687feebbeebb57e057ff0000ffff005000500019001b0679
ef83ef836800687f65f165f13820383f0000ffff00a200a20019001b067a
68426842cc00cc1f8c5b8c5b1c801cff066d066e0000ffff001b00190682
68426842cc80ccff13ec13eca880a89f008f008f0000ffff0019001b0683
ef83ef836800687f65f165f13820383f00a100a10000ffff0019001b0684
ef83ef836800687f65f165f13820383f00a100a10000ffff0019001b0685
68426842cc30cc3f13ec13eca900a9ff01f401f40000ffff001c00180686
68426842cc40cc7f13ec13eca8a0a8af0000ffff00140017001a001c0687
81128112fe00fe3feebbeebb57d057df0000ffff00140017001a001c0688
68426842cc28cc2f8c5b8c5b1d001dff006d006e0000ffff001d00180689
ef83ef8368f068f765f165f1390039ff001400150000ffff001d0018068a
ef83ef83690069ff8c5b8c5b1c501c5f003500350000ffff0018001c068f
ef83ef83690069ff65f165f13800380f157c157c0000ffff0018001c0690
ef83ef8368f068f78c5b8c5b1d001dff0000ffff00140015001d00180692
ef83ef83690069ffeebbeebb57cc57cf0000ffff001400170018001e0693
ef83ef836800687feebbeebb57c057c70000ffff001400170019001d0694
ef83ef836800687f65f165f1381038170000ffff001400170019001d0695
ef83ef83688068bfeebbeebb57e057ff001400170000ffff001a001b0696
ef83ef83688068bf65f165f13820383f001400170000ffff001a001b0697
ef83ef8368c068df65f165f1390039ff003500350000ffff001b0018069b
ef83ef8368c068df65f165f1388038ff0000ffff066d066e001b0019069c
0cd00cd0968096bfdfacdfac778077ff0000ffff02020202001a001906a4
68426842cc40cc7fafc8afc81100117f0000ffff00350035001a001906a5
68426842cc40cc7f13ec13eca800a87f0000ffff02020202001a001906a6
81128112fe00fe3f20f320f36500657f0000ffff00890089001a001906a7
81128112fe00fe3f57185718ca80caff0000ffff04be04be001a001906a8
ef83ef83688068bf8c5b8c5b1c801cff0000ffff00190019001a001906a9
ef83ef83688068bf65f165f1388038ff0000ffff00500050001a001906aa
0cd00cd09600967fafc8afc811c011ff00a100a10000ffff0019001a06ad
68426842cc80ccff8c5b8c5b1c001c3f059905990000ffff0019001a06ae
0cd00cd09600967fafc8afc811c011ff0000ffff005000500019001a06b4
68426842cc80ccffafc8afc811c011ff0000ffff232b232b0019001a06b5
68426842cc80ccff65f165f13840387f0000ffff003500350019001a06b6
81128112fe80feff20f320f3658065bf0000ffff004500450019001a06b7
ef83ef836800687f57185718ca00ca3f0000ffff004500450019001a06b8
ef83ef836800687f8c5b8c5b1c001c3f0000ffff020202020019001a06b9
ef83ef836800687f8c5b8c5b1c001c3f0000ffff159a159a0019001a06ba
68426842cd00cdffafc8afc81180119f0000ffff001900190018001b06cb
68426842cd00cdff8c5b8c5b1c601c7f0000ffff005000500018001b06cc
81128112ff00ffff20f320f365e065ff0000ffff00a200a20018001b06cd
ef83ef83690069ff65f165f13820383f0000ffff004500450018001b06ce
68426842cd00cdff8c5b8c5b1c601c7f001400150000ffff0018001b06db
68426842cc30cc3f13ec13eca800a87f001400170000ffff001c001906de
68426842cc28cc2f8c5b8c5b1d001dff001400170000ffff001d001806df
68426842cc80ccff65f165f13800380f001400170000ffff0019001c06e7
68426842cc80ccff8c5b8c5b1c601c7f0000ffff001400150019001b06eb
68426842cc40cc7f13ec13eca880a89f001400170000ffff001a001b06ec
81128112ff00ffff8c5b8c5b1c501c5f001400150000ffff0018001c06f2
81128112fe70fe7f20f320f3640064ff0000ffff006d006e001c001806f5
81128112fe00fe3f8c5b8c5b1c001c3f066d066e0000ffff001a001a06f6
ef83ef8368c068df57185718ca80caff0000ffff006d006e001b001906fa
ef83ef83690069ff8c5b8c5b1c001c3f0000ffff003500350018001a06fc
ef83ef83690069ff65f165f13840387f0000ffff004500450018001a06fd
ef83ef83688068bf57185718ca80caff001900190000ffff001a00190703
ef83ef83688068bf8c5b8c5b1d001dff01f401f40000ffff001a00180706
ef83ef83688068bf65f165f1390039ff0000ffff00890089001a00180708
ef83ef836800687feebbeebb5700577f0000ffff1b581b58001900190709
ef83ef836800687f65f165f13820383f0000ffff001400170019001b070a
0cd00cd0970097ff65f165f13840387f008f008f0000ffff0018001a0713
68426842cd00cdff8c5b8c5b1c001c3f00a100a10000ffff0018001a0714
0cd00cd09600967fafc8afc8100010ff008700870000ffff001900180728
68426842cc80ccffafc8afc81100117f001900190000ffff00190019072e
ef83ef836800687f8c5b8c5b1c801cff003500350000ffff00190019072f
ef83ef836800687f65f165f1388038ff15ae15ae0000ffff001900190730
68426842cd00cdffafc8afc811b011bf001400170000ffff0018001c0731
68426842cc80ccff8c5b8c5b1c001c3f0000ffff006d006e0019001a0739
68426842cc40cc7f8c5b8c5b1d001dff0000ffff00140015001a0018073c
68426842cc80ccff8c5b8c5b1c801cff0000ffff232b232b001900190741
81128112fe80feff20f320f36500657f0000ffff00450045001900190742
81128112fe80feff57185718ca80caff0000ffff00190019001900190743
81128112fe80feff57185718ca80caff0000ffff232b232b001900190744
ef83ef836800687f65f165f1388038ff0000ffff00190019001900190745
68426842cc40cc7f8c5b8c5b1d001dff001600160000ffff001a00180746
ef83ef83690069ff57185718ca00ca3f0000ffff15a415a40018001a075e
ef83ef83690069ff65f165f13840387f0000ffff004500450018001a075f
ef83ef83688068bf57185718ca80caff0000ffff066d066e001a00190761
ef83ef83690069ff57185718ca00ca3f0000ffff006d006e0018001a0762
ef83ef8368e068ef65f165f1390039ff0000ffff00140017001c00180765
ef83ef8368c068df8c5b8c5b1d001dff0000ffff066d066e001b00180766
ef83ef836800687f8c5b8c5b1d001dff0000ffff00450045001900180768
ef83ef83690069ff65f165f1388038ff0000ffff00450045001800190769
ef83ef83688068bf65f165f1390039ff0000ffff00890089001a0018076c
ef83ef83688068bf65f165f1390039ff0000ffff1b581b58001a0018076d
0cd00cd096ef96ef13ec13eca8b0a8b00000ffff0400ffff002000200777
0cd00cd096ef96efafc8afc811a111a10000ffff0400ffff002000200778
0cd00cd096ef96ef65f165f1381f381f0000ffff0400ffff002000200779
68426842cc27cc27afc8afc811a111a10000ffff0400ffff00200020077a
68426842cc27cc2765f165f1381f381f0000ffff0400ffff00200020077b
68426842cc27cc2713ec13eca8b0a8b00000ffff0400ffff00200020077c
68426842cc27cc278c5b8c5b1c471c470000ffff0400ffff00200020077d
68426842cc26cc268c5b8c5b1c471c470000ffff0400ffff00200020077e
68426842cc26cc2613ec13eca8b0a8b00000ffff0400ffff00200020077f
68426842cc26cc2665f165f1381f381f0000ffff0400ffff002000200780
81128112fe61fe6120f320f365c265c20000ffff0400ffff002000200781
81128112fe61fe618c5b8c5b1c471c470000ffff0400ffff002000200782
81128112fe61fe61eebbeebb57ca57ca0000ffff0400ffff002000200783
81128112fe61fe6157185718ca5fca5f0000ffff0400ffff002000200784
81128112fe61fe61afc8afc811a111a10000ffff0400ffff002000200785
ef83ef8368fc68fc8c5b8c5b1c471c470000ffff0400ffff002000200786
ef83ef8368fc68fc57185718ca5fca5f0000ffff0400ffff002000200787
ef83ef8368fc68fceebbeebb57ca57ca0000ffff0400ffff002000200788
ef83ef8368fc68fc65f165f1381e381e0000ffff0400ffff002000200789
ef83ef8368fd68fd65f165f1381e381e0000ffff0400ffff00200020078a
ef83ef8368fd68fd8c5b8c5b1c471c470000ffff0400ffff00200020078b
ef83ef8368fd68fddfacdfac774177410000ffff0400ffff00200020078c
ef83ef8368fd68fd65f165f1381f381f0000ffff0400ffff00200020078d
ef83ef8368fd68fdeebbeebb57ca57ca0000ffff0400ffff00200020078e
0cd00cd09600967f65f165f1390039ff0000ffff00450045001900180799
81128112fe80feffeebbeebb560056ff0000ffff0050005000190018079a
ef83ef836800687f8c5b8c5b1d001dff0000ffff0045004500190018079b
ef83ef836800687f65f165f1390039ff0000ffff0045004500190018079c
ef83ef836800687f65f165f1390039ff0000ffff0050005000190018079d
68426842cd00cdffafc8afc81100117f158615860000ffff0018001907b6
ef83ef83690069ffeebbeebb5700577f00a100a10000ffff0018001907b7
68426842cd00cdff65f165f1388038ff0000ffff004500450018001907b8
81128112ff00ffffeebbeebb5700577f0000ffff003500350018001907b9
ef83ef83690069ff57185718ca80caff0000ffff008b008b0018001907ba
ef83ef83690069ff65f165f1388038ff0000ffff003500350018001907bb
ef83ef83690069ffdfacdfac778077ff0000ffff004500450018001907bc
ef83ef83690069ff65f165f1388038ff0000ffff004500450018001907bd
ef83ef83690069ff65f165f1388038ff0000ffff020202020018001907be
68426842cd00cdff8c5b8c5b1c001c3f0000ffff001400150018001a07c2
68426842cd00cdff13ec13eca900a9ff15ae15ae0000ffff0018001807c3
68426842cc80ccff8c5b8c5b1d001dff0000ffff071407150019001807c6
81128112fe61fe6157185718ca5fca5f0000ffff0000ffff0020002007e4
81128112fe80feff57185718cb00cbff005000500000ffff0019001807e8
ef83ef83688068bf65f165f1390039ff0000ffff00140015001a001807ec
ef83ef83690069ff65f165f1388038ff006d006e0000ffff0018001907ed
ef83ef8368c068df8c5b8c5b1d001dff001400170000ffff001b001807ef
0cd00cd096ef96efdfacdfac774277430000ffff0400ffff0020001f07f5
0cd00cd096ef96ef65f165f1381c381d0000ffff0400ffff0020001f07f6
0cd00cd096ef96efafc8afc811a211a30000ffff0400ffff0020001f07f7
0cd00cd096ef96ef13ec13eca8b2a8b30000ffff0400ffff0020001f07f8
68426842cc27cc27afc8afc811a211a30000ffff0400ffff0020001f07f9
68426842cc27cc2765f165f1381c381d0000ffff0400ffff0020001f07fa
68426842cc27cc2713ec13eca8b2a8b30000ffff0400ffff0020001f07fb
68426842cc27cc278c5b8c5b1c441c450000ffff0400ffff0020001f07fc
68426842cc26cc268c5b8c5b1c441c450000ffff0400ffff0020001f07fd
68426842cc26cc2613ec13eca8b2a8b30000ffff0400ffff0020001f07fe
68426842cc26cc2665f165f1381c381d0000ffff0400ffff0020001f07ff
81128112fe61fe6157185718ca5cca5d0000ffff0400ffff0020001f0800
81128112fe61fe61eebbeebb57c857c90000ffff0400ffff0020001f0801
ef83ef8368fc68fc57185718ca5cca5d0000ffff0400ffff0020001f0802
ef83ef8368fc68fc8c5b8c5b1c441c450000ffff0400ffff0020001f0803
ef83ef8368fc68fc65f165f1381c381d0000ffff0400ffff0020001f0804
ef83ef8368fd68fd65f165f1381c381d0000ffff0400ffff0020001f0805
ef83ef8368fd68fd8c5b8c5b1c441c450000ffff0400ffff0020001f0806
0cd00cd096ec96ed13ec13eca8b0a8b00000ffff0400ffff001f0020080d
0cd00cd096ec96edafc8afc811a111a10000ffff0400ffff001f0020080e
0cd00cd096ec96ed65f165f1381f381f0000ffff0400ffff001f0020080f
68426842cc24cc2565f165f1381f381f0000ffff0400ffff001f00200810
68426842cc24cc25afc8afc811a111a10000ffff0400ffff001f00200811
68426842cc24cc2513ec13eca8b0a8b00000ffff0400ffff001f00200812
68426842cc24cc258c5b8c5b1c471c470000ffff0400ffff001f00200813
81128112fe62fe638c5b8c5b1c471c470000ffff0400ffff001f00200814
81128112fe62fe63eebbeebb57ca57ca0000ffff0400ffff001f00200815
81128112fe62fe6357185718ca5fca5f0000ffff0400ffff001f00200816
ef83ef8368fe68ffeebbeebb57ca57ca0000ffff0400ffff001f00200817
ef83ef8368fe68ff8c5b8c5b1c471c470000ffff0400ffff001f00200818
ef83ef8368fe68ff65f165f1381e381e0000ffff0400ffff001f00200819
0cd00cd0970097ffdfacdfac760076ff0000ffff066e066e00180018081c
0cd00cd0970097ffafc8afc8100010ff0000ffff0202020200180018081d
81128112ff00ffff57185718cb00cbff0000ffff159a159a00180018081e
0cd00cd0970097ff13ec13eca900a9ff00a100a10000ffff00180018082c
ef83ef83690069ffdfacdfac760076ff059905990000ffff00180018082d
68426842cc26cc268c5b8c5b1c471c470000ffff0000ffff002000200860
ef83ef83688068bf57185718cb00cbff0000ffff00140017001a00180868
0cd00cd096e896ebdfacdfac774177410000ffff0400ffff001e00200879
0cd00cd096e896eb13ec13eca8b0a8b00000ffff0400ffff001e0020087a
0cd00cd096e896ebafc8afc811a111a10000ffff0400ffff001e0020087b
68426842cc20cc23afc8afc811a111a10000ffff0400ffff001e0020087c
68426842cc20cc238c5b8c5b1c471c470000ffff0400ffff001e0020087d
68426842cc20cc2365f165f1381f381f0000ffff0400ffff001e0020087e
81128112fe64fe6720f320f365c265c20000ffff0400ffff001e0020087f
81128112fe64fe67eebbeebb57ca57ca0000ffff0400ffff001e00200880
81128112fe64fe6757185718ca5fca5f0000ffff0400ffff001e00200881
ef83ef8368f868fb8c5b8c5b1c471c470000ffff0400ffff001e00200882
ef83ef8368f868fb57185718ca5fca5f0000ffff0400ffff001e00200883
ef83ef8368f868fb65f165f1381e381e0000ffff0400ffff001e00200884
ef83ef8368f868fbeebbeebb57ca57ca0000ffff0400ffff001e00200885
ef83ef8368f868fb65f165f1381f381f0000ffff0400ffff001e00200886
0cd00cd096ef96ef20f320f365c465c70000ffff0400ffff0020001e088c
0cd00cd096ef96efafc8afc811a411a70000ffff0400ffff0020001e088d
0cd00cd096ef96ef65f165f13818381b0000ffff0400ffff0020001e088e
0cd00cd096ef96ef13ec13eca8b4a8b70000ffff0400ffff0020001e088f
68426842cc27cc27afc8afc811a411a70000ffff0400ffff0020001e0890
68426842cc27cc2765f165f13818381b0000ffff0400ffff0020001e0891
68426842cc27cc278c5b8c5b1c401c430000ffff0400ffff0020001e0892
68426842cc26cc268c5b8c5b1c401c430000ffff0400ffff0020001e0893
68426842cc26cc2613ec13eca8b4a8b70000ffff0400ffff0020001e0894
68426842cc26cc2665f165f13818381b0000ffff0400ffff0020001e0895
81128112fe61fe618c5b8c5b1c401c430000ffff0400ffff0020001e0896
81128112fe61fe6157185718ca58ca5b0000ffff0400ffff0020001e0897
ef83ef8368fc68fc57185718ca58ca5b0000ffff0400ffff0020001e0898
ef83ef8368fc68fc8c5b8c5b1c401c430000ffff0400ffff0020001e0899
ef83ef8368fc68fc65f165f13818381b0000ffff0400ffff0020001e089a
ef83ef8368fd68fdeebbeebb57cc57cf0000ffff0400ffff0020001e089b
ef83ef8368fd68fd65f165f13818381b0000ffff0400ffff0020001e089c
0cd00cd096ec96ed65f165f1381c381d0000ffff0400ffff001f001f08a2
68426842cc24cc25afc8afc811a211a30000ffff0400ffff001f001f08a3
68426842cc24cc2513ec13eca8b2a8b30000ffff0400ffff001f001f08a4
68426842cc24cc258c5b8c5b1c441c450000ffff0400ffff001f001f08a5
68426842cc24cc2565f165f1381c381d0000ffff0400ffff001f001f08a6
81128112fe62fe6320f320f365c065c10000ffff0400ffff001f001f08a7
81128112fe62fe638c5b8c5b1c441c450000ffff0400ffff001f001f08a8
81128112fe62fe63eebbeebb57c857c90000ffff0400ffff001f001f08a9
81128112fe62fe6357185718ca5cca5d0000ffff0400ffff001f001f08aa
ef83ef8368fe68ff8c5b8c5b1c441c450000ffff0400ffff001f001f08ab
ef83ef8368fe68ff65f165f1381c381d0000ffff0400ffff001f001f08ac
ef83ef8368fe68ffeebbeebb57c857c90000ffff0400ffff001f001f08ad
68426842cd00cdffafc8afc81100117f0000ffff001400170018001908ba
68426842cc24cc2513ec13eca8b0a8b00000ffff0000ffff001f002008c0
68426842cc24cc258c5b8c5b1c441c450000ffff0000ffff001f001f08d3
68426842cc80ccff57185718cb00cbff0000ffff001400170019001808d7
ef83ef8368fd68fd65f165f13818381b0000ffff0000ffff0020001e08ec
0cd00cd096ef96ef65f165f1381038170000ffff0400ffff0020001d08f2
68426842cc27cc27afc8afc811a811af0000ffff0400ffff0020001d08f3
68426842cc27cc2765f165f1381038170000ffff0400ffff0020001d08f4
68426842cc27cc2713ec13eca8b8a8bf0000ffff0400ffff0020001d08f5
68426842cc26cc2665f165f1381038170000ffff0400ffff0020001d08f6
81128112fe61fe618c5b8c5b1c481c4f0000ffff0400ffff0020001d08f7
ef83ef8368fc68fceebbeebb57c057c70000ffff0400ffff0020001d08f8
ef83ef8368fd68fd65f165f1381038170000ffff0400ffff0020001d08f9
ef83ef8368fd68fd8c5b8c5b1c481c4f0000ffff0400ffff0020001d08fa
0cd00cd096e896ebdfacdfac774277430000ffff0400ffff001e001f08fb
0cd00cd096e896ebafc8afc811a211a30000ffff0400ffff001e001f08fc
0cd00cd096e896eb13ec13eca8b2a8b30000ffff0400ffff001e001f08fd
68426842cc20cc238c5b8c5b1c441c450000ffff0400ffff001e001f08fe
68426842cc20cc2313ec13eca8b2a8b30000ffff0400ffff001e001f08ff
68426842cc20cc2365f165f1381c381d0000ffff0400ffff001e001f0900
81128112fe64fe67eebbeebb57c857c90000ffff0400ffff001e001f0901
ef83ef8368f868fb57185718ca5cca5d0000ffff0400ffff001e001f0902
ef83ef8368f868fbeebbeebb57c857c90000ffff0400ffff001e001f0903
ef83ef8368f868fb8c5b8c5b1c441c450000ffff0400ffff001e001f0904
ef83ef8368f868fb65f165f1381c381d0000ffff0400ffff001e001f0905
0cd00cd096ec96eddfacdfac774477470000ffff0400ffff001f001e0906
0cd00cd096ec96edafc8afc811a411a70000ffff0400ffff001f001e0907
0cd00cd096ec96ed13ec13eca8b4a8b70000ffff0400ffff001f001e0908
0cd00cd096ec96ed65f165f13818381b0000ffff0400ffff001f001e0909
68426842cc24cc2565f165f13818381b0000ffff0400ffff001f001e090a
68426842cc24cc2513ec13eca8b4a8b70000ffff0400ffff001f001e090b
68426842cc24cc258c5b8c5b1c401c430000ffff0400ffff001f001e090c
81128112fe62fe638c5b8c5b1c401c430000ffff0400ffff001f001e090d
81128112fe62fe6320f320f365c465c70000ffff0400ffff001f001e090e
ef83ef8368fe68ffdfacdfac774477470000ffff0400ffff001f001e090f
ef83ef8368fe68ff65f165f13818381b0000ffff0400ffff001f001e0910
ef83ef8368fe68ff8c5b8c5b1c401c430000ffff0400ffff001f001e0911
0cd00cd096e096e713ec13eca8b0a8b00000ffff0400ffff001d00200915
0cd00cd096e096e7afc8afc811a111a10000ffff0400ffff001d00200916
68426842cc28cc2f20f320f365c265c20000ffff0400ffff001d00200917
68426842cc28cc2f65f165f1381f381f0000ffff0400ffff001d00200918
68426842cc28cc2f8c5b8c5b1c471c470000ffff0400ffff001d00200919
68426842cc28cc2f13ec13eca8b0a8b00000ffff0400ffff001d0020091a
81128112fe68fe6feebbeebb57ca57ca0000ffff0400ffff001d0020091b
81128112fe68fe6f57185718ca5fca5f0000ffff0400ffff001d0020091c
81128112fe68fe6f8c5b8c5b1c471c470000ffff0400ffff001d0020091d
ef83ef8368f068f765f165f1381e381e0000ffff0400ffff001d0020091e
ef83ef8368f068f7eebbeebb57ca57ca0000ffff0400ffff001d0020091f
0cd00cd096e896eb65f165f1381f381f0000ffff0000ffff001e00200930
68426842cc20cc2313ec13eca8b0a8b00000ffff0000ffff001e00200931
68426842cc24cc2513ec13eca8b4a8b70000ffff0000ffff001f001e093a
81128112fe61fe6157185718ca50ca570000ffff0000ffff0020001d0959
0cd00cd096ef96efdfacdfac7750775f0000ffff0400ffff0020001c096a
68426842cc27cc2757185718ca40ca4f0000ffff0400ffff0020001c096b
68426842cc26cc2665f165f13800380f0000ffff0400ffff0020001c096c
68426842cc26cc268c5b8c5b1c501c5f0000ffff0400ffff0020001c096d
ef83ef8368fc68fceebbeebb57d057df0000ffff0400ffff0020001c096e
ef83ef8368fc68fc8c5b8c5b1c501c5f0000ffff0400ffff0020001c096f
ef83ef8368fd68fd65f165f13800380f0000ffff0400ffff0020001c0970
0cd00cd096e096e7dfacdfac774277430000ffff0400ffff001d001f0979
68426842cc28cc2f65f165f1381c381d0000ffff0400ffff001d001f097a
68426842cc28cc2f13ec13eca8b2a8b30000ffff0400ffff001d001f097b
68426842cc28cc2f8c5b8c5b1c441c450000ffff0400ffff001d001f097c
81128112fe68fe6feebbeebb57c857c90000ffff0400ffff001d001f097d
81128112fe68fe6f8c5b8c5b1c441c450000ffff0400ffff001d001f097e
81128112fe68fe6f57185718ca5cca5d0000ffff0400ffff001d001f097f
ef83ef8368f068f757185718ca5cca5d0000ffff0400ffff001d001f0980
ef83ef8368f068f765f165f1381c381d0000ffff0400ffff001d001f0981
ef83ef8368f068f78c5b8c5b1c441c450000ffff0400ffff001d001f0982
0cd00cd096ec96ed13ec13eca8b8a8bf0000ffff0400ffff001f001d0983
0cd00cd096ec96edafc8afc811a811af0000ffff0400ffff001f001d0984
0cd00cd096ec96ed65f165f1381038170000ffff0400ffff001f001d0985
68426842cc24cc258c5b8c5b1c481c4f0000ffff0400ffff001f001d0986
68426842cc24cc2565f165f1381038170000ffff0400ffff001f001d0987
81128112fe62fe6320f320f365c865cf0000ffff0400ffff001f001d0988
81128112fe62fe6357185718ca50ca570000ffff0400ffff001f001d0989
0cd00cd096e096e7afc8afc811a111a10000ffff0000ffff001d0020098f
81128112fe68fe6f20f320f365c265c20000ffff0000ffff001d00200990
0cd00cd096e096e765f165f1381c381d0000ffff0000ffff001d001f0998
0cd00cd096f096ff65f165f1381f381f0000ffff0400ffff001c00200999
68426842cc30cc3f13ec13eca8b0a8b00000ffff0400ffff001c0020099a
68426842cc30cc3f8c5b8c5b1c471c470000ffff0400ffff001c0020099b
68426842cc30cc3f65f165f1381f381f0000ffff0400ffff001c0020099c
81128112fe70fe7f57185718ca5fca5f0000ffff0400ffff001c0020099d
ef83ef8368e068ef8c5b8c5b1c471c470000ffff0400ffff001c0020099e
ef83ef8368e068ef65f165f1381e381e0000ffff0400ffff001c0020099f
ef83ef8368e068ef65f165f1381f381f0000ffff0400ffff001c002009a0
ef83ef8368e068efeebbeebb57ca57ca0000ffff0400ffff001c002009a1
0cd00cd096e896eb13ec13eca8b4a8b70000ffff0400ffff001e001e09a9
68426842cc20cc2320f320f365c465c70000ffff0400ffff001e001e09aa
68426842cc20cc23afc8afc811a411a70000ffff0400ffff001e001e09ab
68426842cc20cc2365f165f13818381b0000ffff0400ffff001e001e09ac
68426842cc20cc238c5b8c5b1c401c430000ffff0400ffff001e001e09ad
81128112fe64fe678c5b8c5b1c401c430000ffff0400ffff001e001e09ae
81128112fe64fe67eebbeebb57cc57cf0000ffff0400ffff001e001e09af
ef83ef8368f868fb57185718ca58ca5b0000ffff0400ffff001e001e09b0
ef83ef8368f868fb8c5b8c5b1c401c430000ffff0400ffff001e001e09b1
ef83ef8368f868fb65f165f13818381b0000ffff0400ffff001e001e09b2
68426842cc20cc23afc8afc811a211a30000ffff0000ffff001e001f09ba
81128112fe61fe6120f320f365c865cf0000ffff0000ffff0020001d09cf
81128112fe00fe3f20f320f365c465c70000ffff001409cf001a001e09d1
ef83ef8368fe68ff65f165f13818381b0000ffff0000ffff001f001e09dc
0cd00cd096e096e765f165f13818381b0000ffff0400ffff001d001e09e1
68426842cc28cc2fafc8afc811a411a70000ffff0400ffff001d001e09e2
68426842cc28cc2f8c5b8c5b1c401c430000ffff0400ffff001d001e09e3
68426842cc28cc2f65f165f13818381b0000ffff0400ffff001d001e09e4
81128112fe68fe6f20f320f365c465c70000ffff0400ffff001d001e09e5
81128112fe68fe6feebbeebb57cc57cf0000ffff0400ffff001d001e09e6
81128112fe68fe6f57185718ca58ca5b0000ffff0400ffff001d001e09e7
ef83ef8368f068f78c5b8c5b1c401c430000ffff0400ffff001d001e09e8
ef83ef8368f068f757185718ca58ca5b0000ffff0400ffff001d001e09e9
ef83ef8368f068f765f165f13818381b0000ffff0400ffff001d001e09ea
0cd00cd096f096ffdfacdfac774277430000ffff0400ffff001c001f09ec
0cd00cd096f096ff13ec13eca8b2a8b30000ffff0400ffff001c001f09ed
68426842cc30cc3f13ec13eca8b2a8b30000ffff0400ffff001c001f09ee
68426842cc30cc3f65f165f1381c381d0000ffff0400ffff001c001f09ef
ef83ef8368e068efeebbeebb57c857c90000ffff0400ffff001c001f09f0
ef83ef8368e068ef65f165f1381c381d0000ffff0400ffff001c001f09f1
ef83ef8368e068ef8c5b8c5b1c441c450000ffff0400ffff001c001f09f2
0cd00cd096c096df65f165f1381f381f0000ffff0400ffff001b002009f6
0cd00cd096c096dfafc8afc811a111a10000ffff0400ffff001b002009f7
68426842cc00cc1f65f165f1381f381f0000ffff0400ffff001b002009f8
68426842cc00cc1f8c5b8c5b1c471c470000ffff0400ffff001b002009f9
81128112fe40fe5f57185718ca5fca5f0000ffff0400ffff001b002009fa
ef83ef8368c068df8c5b8c5b1c471c470000ffff0400ffff001b002009fb
ef83ef8368c068dfeebbeebb57ca57ca0000ffff0400ffff001b002009fc
0cd00cd096ec96edafc8afc811b011bf0000ffff0400ffff001f001c09fe
0cd00cd096ec96ed65f165f13800380f0000ffff0400ffff001f001c09ff
68426842cc24cc2565f165f13800380f0000ffff0400ffff001f001c0a00
68426842cc24cc258c5b8c5b1c501c5f0000ffff0400ffff001f001c0a01
81128112fe62fe6320f320f365d065df0000ffff0400ffff001f001c0a02
ef83ef8368fe68ffeebbeebb57d057df0000ffff0400ffff001f001c0a03
ef83ef8368fe68ff65f165f13800380f0000ffff0400ffff001f001c0a04
0cd00cd096e896ebafc8afc811a411a70000ffff0000ffff001e001e0a05
ef83ef8368f868fb65f165f13818381b0000ffff0000ffff001e001e0a06
0cd00cd096e896ebafc8afc811a811af0000ffff0400ffff001e001d0a08
68426842cc20cc238c5b8c5b1c481c4f0000ffff0400ffff001e001d0a09
81128112fe64fe6720f320f365c865cf0000ffff0400ffff001e001d0a0a
81128112fe64fe6757185718ca50ca570000ffff0400ffff001e001d0a0b
ef83ef8368f868fb8c5b8c5b1c481c4f0000ffff0400ffff001e001d0a0c
ef83ef8368f868fb57185718ca50ca570000ffff0400ffff001e001d0a0d
ef83ef8368f868fb65f165f1381038170000ffff0400ffff001e001d0a0e
ef83ef8368f868fbeebbeebb57c057c70000ffff0400ffff001e001d0a0f
0cd00cd096ef96ef65f165f13820383f0000ffff0400ffff0020001b0a11
68426842cc27cc278c5b8c5b1c601c7f0000ffff0400ffff0020001b0a12
68426842cc26cc2665f165f13820383f0000ffff0400ffff0020001b0a13
68426842cc26cc268c5b8c5b1c601c7f0000ffff0400ffff0020001b0a14
68426842cc26cc2613ec13eca880a89f0000ffff0400ffff0020001b0a15
81128112fe61fe6120f320f365e065ff0000ffff0400ffff0020001b0a16
ef83ef8368fd68fd65f165f13820383f0000ffff0400ffff0020001b0a17
ef83ef8368fd68fdeebbeebb57e057ff0000ffff0400ffff0020001b0a18
0cd00cd096f096ffafc8afc811a111a10000ffff0000ffff001c00200a19
68426842cc00cc1f13ec13eca8b0a8b00000ffff0000ffff001b00200a20
68426842cc26cc2665f165f13800380f0000ffff0000ffff0020001c0a2b
68426842cc30cc3f8c5b8c5b1c441c450000ffff0000ffff001c001f0a2c
ef83ef8368f068f765f165f1381c381d0000ffff0000ffff001d001f0a44
0cd00cd096ef96efdfacdfac7700773f0000ffff0400ffff0020001a0a46
0cd00cd096ef96ef65f165f13840387f0000ffff0400ffff0020001a0a47
68426842cc27cc2765f165f13840387f0000ffff0400ffff0020001a0a48
81128112fe61fe6157185718ca00ca3f0000ffff0400ffff0020001a0a49
ef83ef8368fc68fceebbeebb578057bf0000ffff0400ffff0020001a0a4a
ef83ef8368fd68fd8c5b8c5b1c001c3f0000ffff0400ffff0020001a0a4b
ef83ef8368fd68fd65f165f13840387f0000ffff0400ffff0020001a0a4c
0cd00cd096ec96ed65f165f13820383f0000ffff0400ffff001f001b0a4d
0cd00cd096ec96edafc8afc81180119f0000ffff0400ffff001f001b0a4e
68426842cc24cc258c5b8c5b1c601c7f0000ffff0400ffff001f001b0a4f
ef83ef8368fe68ff65f165f13820383f0000ffff0400ffff001f001b0a50
0cd00cd096e896eb65f165f13800380f0000ffff0000ffff001e001c0a51
0cd00cd096f096ff13ec13eca8b4a8b70000ffff0400ffff001c001e0a52
0cd00cd096f096ffafc8afc811a411a70000ffff0400ffff001c001e0a53
68426842cc30cc3fafc8afc811a411a70000ffff0400ffff001c001e0a54
68426842cc30cc3f13ec13eca8b4a8b70000ffff0400ffff001c001e0a55
68426842cc30cc3f8c5b8c5b1c401c430000ffff0400ffff001c001e0a56
81128112fe70fe7f8c5b8c5b1c401c430000ffff0400ffff001c001e0a57
ef83ef8368e068ef57185718ca58ca5b0000ffff0400ffff001c001e0a58
ef83ef8368e068ef65f165f13818381b0000ffff0400ffff001c001e0a59
0cd00cd0968096bf65f165f1381f381f0000ffff0400ffff001a00200a5f
68426842cc40cc7f20f320f365c265c20000ffff0400ffff001a00200a60
68426842cc40cc7f65f165f1381f381f0000ffff0400ffff001a00200a61
68426842cc40cc7f8c5b8c5b1c471c470000ffff0400ffff001a00200a62
ef83ef83688068bf8c5b8c5b1c471c470000ffff0400ffff001a00200a63
ef83ef83688068bfeebbeebb57ca57ca0000ffff0400ffff001a00200a64
ef83ef83688068bf65f165f1381e381e0000ffff0400ffff001a00200a65
0cd00cd096e896eb13ec13eca8a0a8af0000ffff0400ffff001e001c0a66
68426842cc20cc2365f165f13800380f0000ffff0400ffff001e001c0a67
68426842cc20cc238c5b8c5b1c501c5f0000ffff0400ffff001e001c0a68
68426842cc20cc2313ec13eca8a0a8af0000ffff0400ffff001e001c0a69
81128112fe64fe67eebbeebb57d057df0000ffff0400ffff001e001c0a6a
81128112fe64fe6757185718ca40ca4f0000ffff0400ffff001e001c0a6b
81128112fe64fe678c5b8c5b1c501c5f0000ffff0400ffff001e001c0a6c
ef83ef8368f868fbeebbeebb57d057df0000ffff0400ffff001e001c0a6d
ef83ef8368f868fb65f165f13800380f0000ffff0400ffff001e001c0a6e
ef83ef8368f868fb8c5b8c5b1c501c5f0000ffff0400ffff001e001c0a6f
0cd00cd096c096dfafc8afc811a211a30000ffff0400ffff001b001f0a70
68426842cc00cc1fafc8afc811a211a30000ffff0400ffff001b001f0a71
68426842cc00cc1f65f165f1381c381d0000ffff0400ffff001b001f0a72
68426842cc00cc1f13ec13eca8b2a8b30000ffff0400ffff001b001f0a73
68426842cc00cc1f8c5b8c5b1c441c450000ffff0400ffff001b001f0a74
81128112fe40fe5f8c5b8c5b1c441c450000ffff0400ffff001b001f0a75
81128112fe40fe5feebbeebb57c857c90000ffff0400ffff001b001f0a76
81128112fe40fe5f57185718ca5cca5d0000ffff0400ffff001b001f0a77
ef83ef8368c068df57185718ca5cca5d0000ffff0400ffff001b001f0a78
ef83ef8368c068dfeebbeebb57c857c90000ffff0400ffff001b001f0a79
ef83ef8368c068df8c5b8c5b1c441c450000ffff0400ffff001b001f0a7a
ef83ef8368c068df65f165f1381c381d0000ffff0400ffff001b001f0a7b
0cd00cd096e096e765f165f13818381b0000ffff0000ffff001d001e0a7c
68426842cc28cc2f13ec13eca8b8a8bf0000ffff0400ffff001d001d0a89
68426842cc28cc2f8c5b8c5b1c481c4f0000ffff0400ffff001d001d0a8a
ef83ef8368f068f757185718ca50ca570000ffff0400ffff001d001d0a8b
ef83ef8368f068f78c5b8c5b1c481c4f0000ffff0400ffff001d001d0a8c
ef83ef8368f068f7dfacdfac7748774f0000ffff0400ffff001d001d0a8d
ef83ef8368f068f7eebbeebb57c057c70000ffff0400ffff001d001d0a8e
ef83ef8368f068f765f165f1381038170000ffff0400ffff001d001d0a8f
68426842cc27cc278c5b8c5b1c001c3f0000ffff0000ffff0020001a0a90
68426842cc26cc268c5b8c5b1c001c3f0400ffff0000ffff0020001a0a9e
68426842cc30cc3f13ec13eca8b2a8b30000ffff0000ffff001c001f0aa1
81128112fe40fe5f57185718ca5fca5f0000ffff0000ffff001b00200aaa
ef83ef8368fe68ffeebbeebb57d057df0000ffff0000ffff001f001c0aab
0cd00cd096e096e7dfacdfac7748774f0000ffff0000ffff001d001d0ab2
0cd00cd096c096df13ec13eca8b4a8b70000ffff0400ffff001b001e0ab3
0cd00cd096c096df65f165f13818381b0000ffff0400ffff001b001e0ab4
0cd00cd096c096dfafc8afc811a411a70000ffff0400ffff001b001e0ab5
81128112fe40fe5f8c5b8c5b1c401c430000ffff0400ffff001b001e0ab6
81128112fe40fe5f20f320f365c465c70000ffff0400ffff001b001e0ab7
ef83ef8368c068df57185718ca58ca5b0000ffff0400ffff001b001e0ab8
ef83ef8368c068df65f165f13818381b0000ffff0400ffff001b001e0ab9
ef83ef8368c068df8c5b8c5b1c401c430000ffff0400ffff001b001e0aba
0cd00cd0968096bf65f165f1381c381d0000ffff0400ffff001a001f0abb
0cd00cd0968096bfafc8afc811a211a30000ffff0400ffff001a001f0abc
68426842cc40cc7f13ec13eca8b2a8b30000ffff0400ffff001a001f0abd
81128112fe00fe3f20f320f365c065c10000ffff0400ffff001a001f0abe
ef83ef83688068bf57185718ca5cca5d0000ffff0400ffff001a001f0abf
ef83ef83688068bf8c5b8c5b1c441c450000ffff0400ffff001a001f0ac0
ef83ef83688068bf65f165f1381c381d0000ffff0400ffff001a001f0ac1
ef83ef83688068bfeebbeebb57c857c90000ffff0400ffff001a001f0ac2
0cd00cd09600967fdfacdfac774177410000ffff0400ffff001900200ac3
0cd00cd09600967f65f165f1381f381f0000ffff0400ffff001900200ac4
0cd00cd09600967fafc8afc811a111a10000ffff0400ffff001900200ac5
68426842cc80ccff20f320f365c265c20000ffff0400ffff001900200ac6
68426842cc80ccff13ec13eca8b0a8b00000ffff0400ffff001900200ac7
68426842cc80ccff65f165f1381f381f0000ffff0400ffff001900200ac8
81128112fe80feff20f320f365c265c20000ffff0400ffff001900200ac9
81128112fe80feff57185718ca5fca5f0000ffff0400ffff001900200aca
ef83ef836800687f57185718ca5fca5f0000ffff0400ffff001900200acb
ef83ef836800687f65f165f1381e381e0000ffff0400ffff001900200acc
ef83ef836800687fdfacdfac774177410000ffff0400ffff001900200acd
0cd00cd096e896ebdfacdfac7760777f0000ffff0400ffff001e001b0ace
0cd00cd096e896eb65f165f13820383f0000ffff0400ffff001e001b0acf
68426842cc20cc2313ec13eca880a89f0000ffff0400ffff001e001b0ad0
68426842cc20cc238c5b8c5b1c601c7f0000ffff0400ffff001e001b0ad1
81128112fe64fe678c5b8c5b1c601c7f0000ffff0400ffff001e001b0ad2
ef83ef8368f868fb65f165f13820383f0000ffff0400ffff001e001b0ad3
0cd00cd096f096ffafc8afc811a811af0000ffff0400ffff001c001d0ad4
0cd00cd096f096ff13ec13eca8b8a8bf0000ffff0400ffff001c001d0ad5
68426842cc30cc3fafc8afc811a811af0000ffff0400ffff001c001d0ad6
68426842cc30cc3f65f165f1381038170000ffff0400ffff001c001d0ad7
68426842cc30cc3f8c5b8c5b1c481c4f0000ffff0400ffff001c001d0ad8
81128112fe70fe7feebbeebb57c057c70000ffff0400ffff001c001d0ad9
81128112fe70fe7f57185718ca50ca570000ffff0400ffff001c001d0ada
ef83ef8368e068efeebbeebb57c057c70000ffff0400ffff001c001d0adb
ef83ef8368e068ef65f165f1381038170000ffff0400ffff001c001d0adc
ef83ef8368e068ef8c5b8c5b1c481c4f0000ffff0400ffff001c001d0add
0cd00cd096e096e713ec13eca8a0a8af0000ffff0400ffff001d001c0ade
0cd00cd096e096e7afc8afc811b011bf0000ffff0400ffff001d001c0adf
68426842cc28cc2fafc8afc811b011bf0000ffff0400ffff001d001c0ae0
68426842cc28cc2f13ec13eca8a0a8af0000ffff0400ffff001d001c0ae1
ef83ef8368f068f765f165f13800380f0000ffff0400ffff001d001c0ae2
0cd00cd096ec96edafc8afc81180119f0000ffff0000ffff001f001b0ae5
0cd00cd096ec96edafc8afc811c011ff0000ffff0400ffff001f001a0ae6
68426842cc24cc2513ec13eca8c0a8ff0000ffff0400ffff001f001a0ae7
ef83ef8368fe68ff8c5b8c5b1c001c3f0000ffff0400ffff001f001a0ae8
ef83ef8368fe68ff65f165f13840387f0000ffff0400ffff001f001a0ae9
0cd00cd096ef96efafc8afc81100117f0000ffff0400ffff002000190aeb
68426842cc27cc2713ec13eca800a87f0000ffff0400ffff002000190aec
68426842cc26cc268c5b8c5b1c801cff0000ffff0400ffff002000190aed
81128112fe61fe6120f320f36500657f0000ffff0400ffff002000190aee
ef83ef8368fc68fc65f165f1388038ff0000ffff0400ffff002000190aef
68426842cc80ccffafc8afc811a111a10000ffff0000ffff001900200af1
68426842cc30cc3f13ec13eca8b4a8b70000ffff0000ffff001c001e0af2
68426842cc30cc3f13ec13eca8b4a8b70000ffff0000ffff001c001e0af3
68426842cc40cc7f65f165f1381f381f0000ffff0000ffff001a00200af6
68426842cc40cc7f8c5b8c5b1c471c470000ffff0000ffff001a00200af7
68426842cc00cc1f8c5b8c5b1c441c450000ffff0000ffff001b001f0af8
68426842cc20cc2365f165f13800380f0000ffff0000ffff001e001c0afc
68426842cc30cc3f13ec13eca8b8a8bf0000ffff0000ffff001c001d0afe
ef83ef8368f868fbeebbeebb57e057ff0000ffff0000ffff001e001b0b0f
0cd00cd096ec96ed13ec13eca800a87f0000ffff0400ffff001f00190b12
68426842cc24cc2565f165f1388038ff0000ffff0400ffff001f00190b13
68426842cc24cc258c5b8c5b1c801cff0000ffff0400ffff001f00190b14
81128112fe62fe63eebbeebb5700577f0000ffff0400ffff001f00190b15
81128112fe62fe6320f320f36500657f0000ffff0400ffff001f00190b16
ef83ef8368fe68ff65f165f1388038ff0000ffff0400ffff001f00190b17
ef83ef8368fe68ffeebbeebb5700577f0000ffff0400ffff001f00190b18
0cd00cd096ef96ef13ec13eca900a9ff0000ffff0400ffff002000180b1d
68426842cc26cc2613ec13eca900a9ff0000ffff0400ffff002000180b1e
ef83ef8368fd68fd65f165f1390039ff0000ffff0400ffff002000180b1f
0cd00cd096e896eb13ec13eca880a89f0000ffff0000ffff001e001b0b20
0cd00cd096e096e765f165f13820383f0000ffff0400ffff001d001b0b28
68426842cc28cc2f13ec13eca880a89f0000ffff0400ffff001d001b0b29
68426842cc28cc2f8c5b8c5b1c601c7f0000ffff0400ffff001d001b0b2a
81128112fe68fe6f8c5b8c5b1c601c7f0000ffff0400ffff001d001b0b2b
ef83ef8368f068f7eebbeebb57e057ff0000ffff0400ffff001d001b0b2c
0cd00cd096f096ffafc8afc811b011bf0000ffff0400ffff001c001c0b2d
0cd00cd096f096ff65f165f13800380f0000ffff0400ffff001c001c0b2e
68426842cc30cc3fafc8afc811b011bf0000ffff0400ffff001c001c0b2f
68426842cc30cc3f13ec13eca8a0a8af0000ffff0400ffff001c001c0b30
68426842cc30cc3f8c5b8c5b1c501c5f0000ffff0400ffff001c001c0b31
81128112fe70fe7f8c5b8c5b1c501c5f0000ffff0400ffff001c001c0b32
ef83ef8368e068ef65f165f13800380f0000ffff0400ffff001c001c0b33
0cd00cd096e896eb13ec13eca8c0a8ff0000ffff0400ffff001e001a0b36
81128112fe64fe6720f320f3658065bf0000ffff0400ffff001e001a0b37
ef83ef8368f868fb8c5b8c5b1c001c3f0000ffff0400ffff001e001a0b38
0cd00cd096f096ffafc8afc811a811af0000ffff0000ffff001c001d0b3b
68426842cd00cdff65f165f1381f381f0000ffff0400ffff001800200b3c
68426842cd00cdff8c5b8c5b1c471c470000ffff0400ffff001800200b3d
68426842cd00cdff13ec13eca8b0a8b00000ffff0400ffff001800200b3e
81128112ff00ffff8c5b8c5b1c471c470000ffff0400ffff001800200b3f
81128112ff00ffff57185718ca5fca5f0000ffff0400ffff001800200b40
ef83ef83690069ff8c5b8c5b1c471c470000ffff0400ffff001800200b41
ef83ef83690069ff65f165f1381e381e0000ffff0400ffff001800200b42
ef83ef83690069ff65f165f1381f381f0000ffff0400ffff001800200b43
68426842cc80ccff8c5b8c5b1c471c470000ffff0000ffff001900200b44
68426842cc80ccff13ec13eca8b0a8b00000ffff0000ffff001900200b45
81128112fe80feffeebbeebb57ca57ca0000ffff0000ffff001900200b46
68426842cc00cc1f8c5b8c5b1c401c430000ffff0000ffff001b001e0b48
68426842cc40cc7f8c5b8c5b1c401c430000ffff0400ffff001a001e0b4e
81128112fe00fe3f20f320f365c465c70000ffff0400ffff001a001e0b4f
81128112fe00fe3feebbeebb57cc57cf0000ffff0400ffff001a001e0b50
68426842cc80ccff65f165f1381c381d0000ffff0400ffff0019001f0b51
81128112fe80feff20f320f365c065c10000ffff0400ffff0019001f0b52
ef83ef836800687f57185718ca5cca5d0000ffff0400ffff0019001f0b53
ef83ef836800687f8c5b8c5b1c441c450000ffff0400ffff0019001f0b54
ef83ef836800687f65f165f1381c381d0000ffff0400ffff0019001f0b55
68426842cc40cc7f57185718ca5cca5d0000ffff0000ffff001a001f0b59
68426842cc40cc7f8c5b8c5b1c441c450000ffff0000ffff001a001f0b5a
68426842cc00cc1f13ec13eca8b8a8bf0000ffff0400ffff001b001d0b5c
68426842cc00cc1f8c5b8c5b1c481c4f0000ffff0400ffff001b001d0b5d
81128112fe40fe5f20f320f365c865cf0000ffff0400ffff001b001d0b5e
81128112fe40fe5f57185718ca50ca570000ffff0400ffff001b001d0b5f
81128112fe40fe5f8c5b8c5b1c481c4f0000ffff0400ffff001b001d0b60
ef83ef8368c068df8c5b8c5b1c481c4f0000ffff0400ffff001b001d0b61
ef83ef8368c068df65f165f1381038170000ffff0400ffff001b001d0b62
ef83ef8368c068dfeebbeebb57c057c70000ffff0400ffff001b001d0b63
68426842cc26cc2613ec13eca800a87f0000ffff0000ffff002000190b66
81128112fe68fe6feebbeebb57d057df0000ffff0000ffff001d001c0b6e
ef83ef8368f068f757185718ca40ca4f0000ffff0000ffff001d001c0b6f
81128112fe80feff57185718ca00ca3f0000ffff001409cf0019001a0b70
ef83ef836800687f57185718ca5cca5d0000ffff0000ffff0019001f0b73
ef83ef8368fe68ff8c5b8c5b1c001c3f0000ffff0000ffff001f001a0b74
ef83ef83690069ffeebbeebb57ca57ca0000ffff0000ffff001800200b77
ef83ef83688068bf8c5b8c5b1c401c430000ffff0000ffff001a001e0b7b
ef83ef8368fe68ff8c5b8c5b1c801cff0400ffff0000ffff001f00190b7c
0cd00cd0968096bfdfacdfac7748774f0000ffff0400ffff001a001d0b80
0cd00cd0968096bfafc8afc811a811af0000ffff0400ffff001a001d0b81
68426842cc40cc7f8c5b8c5b1c481c4f0000ffff0400ffff001a001d0b82
81128112fe00fe3fdfacdfac7748774f0000ffff0400ffff001a001d0b83
81128112fe00fe3f8c5b8c5b1c481c4f0000ffff0400ffff001a001d0b84
ef83ef83688068bfeebbeebb57c057c70000ffff0400ffff001a001d0b85
0cd00cd096c096df13ec13eca8a0a8af0000ffff0400ffff001b001c0b8b
68426842cc00cc1fafc8afc811b011bf0000ffff0400ffff001b001c0b8c
68426842cc00cc1f8c5b8c5b1c501c5f0000ffff0400ffff001b001c0b8d
0cd00cd09600967fdfacdfac774477470000ffff0400ffff0019001e0b90
68426842cc80ccff8c5b8c5b1c401c430000ffff0400ffff0019001e0b91
81128112fe80feff8c5b8c5b1c401c430000ffff0400ffff0019001e0b92
81128112fe80feff57185718ca58ca5b0000ffff0400ffff0019001e0b93
ef83ef836800687feebbeebb57cc57cf0000ffff0400ffff0019001e0b94
0cd00cd096f096ffdfacdfac7760777f0000ffff0400ffff001c001b0b95
0cd00cd096f096ff13ec13eca880a89f0000ffff0400ffff001c001b0b96
0cd00cd096f096ffafc8afc81180119f0000ffff0400ffff001c001b0b97
ef83ef8368e068efeebbeebb57e057ff0000ffff0400ffff001c001b0b98
0cd00cd096e096e713ec13eca8c0a8ff0000ffff0400ffff001d001a0b9a
68426842cc28cc2f13ec13eca8c0a8ff0000ffff0400ffff001d001a0b9b
68426842cc28cc2f8c5b8c5b1c001c3f0000ffff0400ffff001d001a0b9c
81128112fe68fe6f57185718ca00ca3f0000ffff0400ffff001d001a0b9d
ef83ef8368f068f78c5b8c5b1c001c3f0000ffff0400ffff001d001a0b9e
ef83ef8368f068f765f165f13840387f0000ffff0400ffff001d001a0b9f
0cd00cd0968096bf13ec13eca8b4a8b70000ffff0000ffff001a001e0baa
ef83ef83688068bfeebbeebb57cc57cf0000ffff0000ffff001a001e0bab
0cd00cd0970097ffafc8afc811a211a30000ffff0400ffff0018001f0bac
0cd00cd0970097ff65f165f1381c381d0000ffff0400ffff0018001f0bad
68426842cd00cdff8c5b8c5b1c441c450000ffff0400ffff0018001f0bae
68426842cd00cdff13ec13eca8b2a8b30000ffff0400ffff0018001f0baf
ef83ef83690069ffeebbeebb57c857c90000ffff0400ffff0018001f0bb0
ef83ef83690069ff65f165f1381c381d0000ffff0400ffff0018001f0bb1
0cd00cd096e896eb65f165f1388038ff0000ffff0000ffff001e00190bb8
68426842cc20cc23afc8afc81100117f0000ffff0400ffff001e00190bba
68426842cc20cc2365f165f1388038ff0000ffff0400ffff001e00190bbb
81128112fe64fe6757185718ca80caff0000ffff0400ffff001e00190bbc
ef83ef8368f868fb65f165f1388038ff0000ffff0400ffff001e00190bbd
ef83ef8368f868fb8c5b8c5b1c801cff0000ffff0400ffff001e00190bbe
68426842cc27cc27afc8afc811a111a10000ffff0000ffff002000200bbf
68426842cc27cc2713ec13eca8b0a8b00000ffff0000ffff002000200bc0
68426842cc30cc3f65f165f13800380f0000ffff0000ffff001c001c0bc1
ef83ef8368e068efeebbeebb57d057df0000ffff0000ffff001c001c0bc2
68426842cc24cc258c5b8c5b1d001dff0000ffff0400ffff001f00180bcc
ef83ef8368fe68ffeebbeebb560056ff0000ffff0400ffff001f00180bcd
68426842cc28cc2f8c5b8c5b1c001c3f0000ffff0000ffff001d001a0bd2
68426842cc80ccff8c5b8c5b1c441c450000ffff0000ffff0019001f0bd5
68426842cd00cdff8c5b8c5b1c441c450000ffff0000ffff0018001f0bd7
ef83ef83690069ff57185718ca5cca5d0000ffff0000ffff0018001f0bd8
ef83ef8368c068df57185718ca50ca570000ffff0000ffff001b001d0bde
ef83ef8368f868fbeebbeebb578057bf0000ffff0000ffff001e001a0be4
ef83ef83690069ff8c5b8c5b1c471c470000ffff0000ffff001800200be5
0cd00cd0968096bfdfacdfac7750775f0000ffff0400ffff001a001c0bec
0cd00cd0968096bfafc8afc811b011bf0000ffff0400ffff001a001c0bed
68426842cc40cc7fafc8afc811b011bf0000ffff0400ffff001a001c0bee
68426842cc40cc7f65f165f13800380f0000ffff0400ffff001a001c0bef
ef83ef83688068bf57185718ca40ca4f0000ffff0400ffff001a001c0bf0
ef83ef83688068bf8c5b8c5b1c501c5f0000ffff0400ffff001a001c0bf1
0cd00cd096e096e7dfacdfac778077ff0000ffff0000ffff001d00190bf2
0cd00cd09600967fafc8afc811a811af0000ffff0400ffff0019001d0bf4
68426842cc80ccff20f320f365c865cf0000ffff0400ffff0019001d0bf5
81128112fe80feff57185718ca50ca570000ffff0400ffff0019001d0bf6
ef83ef836800687f65f165f1381038170000ffff0400ffff0019001d0bf7
0cd00cd0970097ffafc8afc811a411a70000ffff0400ffff0018001e0bf8
81128112ff00ffff57185718ca58ca5b0000ffff0400ffff0018001e0bf9
ef83ef83690069ff8c5b8c5b1c401c430000ffff0400ffff0018001e0bfa
ef83ef83690069ff65f165f13818381b0000ffff0400ffff0018001e0bfb
0cd00cd096e096e7afc8afc81100117f0000ffff0400ffff001d00190bfe
68426842cc28cc2f8c5b8c5b1c801cff0000ffff0400ffff001d00190bff
81128112fe68fe6f20f320f36500657f0000ffff0400ffff001d00190c00
81128112fe68fe6f57185718ca80caff0000ffff0400ffff001d00190c01
81128112fe68fe6feebbeebb5700577f0000ffff0400ffff001d00190c02
68426842cc20cc2365f165f1390039ff0000ffff0400ffff001e00180c04
68426842cc20cc238c5b8c5b1d001dff0000ffff0400ffff001e00180c05
ef83ef8368f868fb8c5b8c5b1d001dff0000ffff0400ffff001e00180c06
68426842cc30cc3fafc8afc811c011ff0000ffff0400ffff001c001a0c0a
68426842cc30cc3f65f165f13840387f0000ffff0400ffff001c001a0c0b
68426842cc30cc3f8c5b8c5b1c001c3f0000ffff0400ffff001c001a0c0c
81128112fe70fe7feebbeebb578057bf0000ffff0400ffff001c001a0c0d
ef83ef8368e068ef57185718ca00ca3f0000ffff0400ffff001c001a0c0e
ef83ef8368e068efeebbeebb578057bf0000ffff0400ffff001c001a0c0f
ef83ef8368e068ef65f165f13840387f0000ffff0400ffff001c001a0c10
68426842cc28cc2f8c5b8c5b1c001c3f0000ffff0000ffff001d001a0c14
68426842cd00cdff8c5b8c5b1c401c430000ffff0000ffff0018001e0c1a
68426842cc00cc1f65f165f13800380f0000ffff0000ffff001b001c0c1d
81128112fe62fe638c5b8c5b1d001dff0000ffff0000ffff001f00180c27
81128112fe62fe6320f320f3640064ff0000ffff0000ffff001f00180c28
ef83ef8368fe68ffeebbeebb560056ff0000ffff0000ffff001f00180c29
81128112fe00fe3f57185718ca50ca570000ffff0000ffff001a001d0c30
ef83ef83688068bf65f165f1381038170000ffff0000ffff001a001d0c31
81128112fe40fe5feebbeebb57e057ff0000ffff0400ffff001b001b0c32
ef83ef8368c068dfeebbeebb57e057ff0000ffff0400ffff001b001b0c33
ef83ef8368c068df8c5b8c5b1c601c7f0000ffff0400ffff001b001b0c34
81128112fe61fe618c5b8c5b1c441c450000ffff0000ffff0020001f0c36
ef83ef8368fd68fd65f165f1381c381d0000ffff0000ffff0020001f0c37
81128112fe62fe63eebbeebb57ca57ca0000ffff0000ffff001f00200c38
ef83ef8368fe68ffeebbeebb57ca57ca0000ffff0000ffff001f00200c39
ef83ef8368fe68ff65f165f1381e381e0000ffff0000ffff001f00200c3a
ef83ef836800687f8c5b8c5b1c401c430000ffff0000ffff0019001e0c41
ef83ef836800687f65f165f13818381b0000ffff0000ffff0019001e0c42
ef83ef836800687f65f165f13818381b0000ffff0000ffff0019001e0c43
ef83ef836800687feebbeebb57cc57cf0000ffff0000ffff0019001e0c44
ef83ef83690069ff65f165f1381c381d0000ffff0000ffff0018001f0c49
ef83ef83688068bf8c5b8c5b1c501c5f0400ffff0000ffff001a001c0c4a
0cd00cd09600967f65f165f13800380f0000ffff0000ffff0019001c0c4c
68426842cc80ccff8c5b8c5b1c501c5f0000ffff0000ffff0019001c0c4d
68426842cc80ccff13ec13eca8a0a8af0000ffff0000ffff0019001c0c4e
0cd00cd09600967fdfacdfac7750775f0000ffff0400ffff0019001c0c51
68426842cc80ccff13ec13eca8a0a8af0000ffff0400ffff0019001c0c52
ef83ef836800687f65f165f13800380f0000ffff0400ffff0019001c0c53
0cd00cd096f096ff13ec13eca800a87f0000ffff0400ffff001c00190c54
68426842cc30cc3fafc8afc81100117f0000ffff0400ffff001c00190c55
81128112fe70fe7f57185718ca80caff0000ffff0400ffff001c00190c56
ef83ef8368e068efeebbeebb5700577f0000ffff0400ffff001c00190c57
ef83ef8368e068ef8c5b8c5b1c801cff0000ffff0400ffff001c00190c58
0cd00cd096e896eb13ec13eca8b0a8b00000ffff0000ffff001e00200c5b
81128112fe64fe678c5b8c5b1c471c470000ffff0000ffff001e00200c5c
ef83ef8368f868fb65f165f1381e381e0000ffff0000ffff001e00200c5d
0cd00cd09600967fafc8afc811a811af0000ffff0000ffff0019001d0c6c
81128112fe80feff20f320f365c865cf0000ffff0000ffff0019001d0c6d
0cd00cd0968096bfafc8afc81180119f0000ffff0400ffff001a001b0c6e
68426842cc40cc7f13ec13eca880a89f0000ffff0400ffff001a001b0c6f
68426842cc40cc7f8c5b8c5b1c601c7f0000ffff0400ffff001a001b0c70
ef83ef83688068bf8c5b8c5b1c601c7f0000ffff0400ffff001a001b0c71
0cd00cd096c096df13ec13eca8c0a8ff0000ffff0400ffff001b001a0c76
0cd00cd096c096df65f165f13840387f0000ffff0400ffff001b001a0c77
68426842cc00cc1f8c5b8c5b1c001c3f0000ffff0400ffff001b001a0c78
81128112fe40fe5feebbeebb578057bf0000ffff0400ffff001b001a0c79
68426842cc24cc25afc8afc811a211a30000ffff0000ffff001f001f0c7f
68426842cc24cc2565f165f1381c381d0000ffff0000ffff001f001f0c80
ef83ef8368fe68ff8c5b8c5b1c441c450000ffff0000ffff001f001f0c81
68426842cc00cc1fafc8afc81180119f0000ffff0000ffff001b001b0c82
ef83ef8368c068df57185718ca60ca7f0000ffff0000ffff001b001b0c83
68426842cc28cc2f65f165f1390039ff0000ffff0400ffff001d00180c8c
81128112fe68fe6f57185718cb00cbff0000ffff0400ffff001d00180c8d
ef83ef8368f068f765f165f1390039ff0000ffff0400ffff001d00180c8e
68426842cc20cc238c5b8c5b1d001dff0000ffff0000ffff001e00180c92
81128112fe64fe678c5b8c5b1d001dff0000ffff0000ffff001e00180c93
81128112fe64fe6757185718cb00cbff0000ffff0000ffff001e00180c94
68426842cc26cc268c5b8c5b1c401c430000ffff0000ffff0020001e0c95
81128112fe61fe618c5b8c5b1c401c430000ffff0000ffff0020001e0c96
ef83ef8368fc68fc57185718ca58ca5b0000ffff0000ffff0020001e0c97
81128112fe40fe5f20f320f3658065bf0000ffff0000ffff001b001a0ca4
ef83ef83690069ffeebbeebb57cc57cf0000ffff0000ffff0018001e0ca9
ef83ef83690069ff8c5b8c5b1c481c4f0000ffff0400ffff0018001d0cab
ef83ef83690069ffeebbeebb57c057c70000ffff0400ffff0018001d0cac
ef83ef8368e068efeebbeebb5700577f0000ffff0000ffff001c00190cb4
ef83ef8368e068ef8c5b8c5b1c001c3f0000ffff0000ffff001c001a0cb7
ef83ef8368e068efdfacdfac7700773f0000ffff0000ffff001c001a0cb8
0cd00cd096f096ff13ec13eca800a87f0000ffff0000ffff001c00190cbc
0cd00cd096f096ffafc8afc81100117f0000ffff0000ffff001c00190cbd
68426842cc30cc3f8c5b8c5b1c801cff0000ffff0000ffff001c00190cbe
68426842cc30cc3f13ec13eca800a87f0000ffff0000ffff001c00190cbf
81128112fe70fe7f20f320f36500657f0000ffff0000ffff001c00190cc0
0cd00cd0968096bf65f165f13840387f0000ffff0400ffff001a001a0cc3
0cd00cd0968096bfafc8afc811c011ff0000ffff0400ffff001a001a0cc4
81128112fe00fe3f57185718ca00ca3f0000ffff0400ffff001a001a0cc5
ef83ef83688068bfeebbeebb578057bf0000ffff0400ffff001a001a0cc6
ef83ef83688068bf65f165f13840387f0000ffff0400ffff001a001a0cc7
0cd00cd096ef96efafc8afc811a811af0000ffff0000ffff0020001d0cc8
68426842cc27cc27afc8afc811a811af0000ffff0000ffff0020001d0cc9
68426842cc27cc278c5b8c5b1c481c4f0000ffff0000ffff0020001d0cca
81128112fe61fe618c5b8c5b1c481c4f0000ffff0000ffff0020001d0ccb
0cd00cd09600967fafc8afc81180119f0000ffff0400ffff0019001b0cce
68426842cc80ccff65f165f13820383f0000ffff0400ffff0019001b0ccf
68426842cc80ccff8c5b8c5b1c601c7f0000ffff0400ffff0019001b0cd0
81128112fe80feff20f320f365e065ff0000ffff0400ffff0019001b0cd1
81128112fe80feff8c5b8c5b1c601c7f0000ffff0400ffff0019001b0cd2
ef83ef836800687feebbeebb57e057ff0000ffff0400ffff0019001b0cd3
0cd00cd096e896ebafc8afc811a211a30000ffff0000ffff001e001f0cd9
81128112fe64fe6757185718ca5cca5d0000ffff0000ffff001e001f0cda
ef83ef8368f868fb8c5b8c5b1c441c450000ffff0000ffff001e001f0cdb
0cd00cd096f096ff13ec13eca900a9ff0000ffff0400ffff001c00180cdc
68426842cc30cc3f8c5b8c5b1d001dff0000ffff0400ffff001c00180cdd
68426842cc30cc3f13ec13eca900a9ff0000ffff0400ffff001c00180cde
ef83ef8368e068efeebbeebb560056ff0000ffff0400ffff001c00180cdf
68426842cc00cc1f65f165f13840387f0000ffff0000ffff001b001a0ce4
ef83ef8368c068df57185718ca00ca3f0000ffff0000ffff001b001a0ce5
68426842cc24cc2565f165f13818381b0000ffff0000ffff001f001e0ce7
81128112fe62fe6320f320f365c465c70000ffff0000ffff001f001e0ce8
68426842cd00cdff13ec13eca8a0a8af0000ffff0000ffff0018001c0cee
ef83ef83690069ff8c5b8c5b1c501c5f0000ffff0000ffff0018001c0cef
68426842cc80ccff65f165f13800380f0000ffff0000ffff0019001c0cfb
81128112fe80feff8c5b8c5b1c501c5f0000ffff0000ffff0019001c0cfc
ef83ef836800687feebbeebb57d057df0000ffff0000ffff0019001c0cfd
68426842cc28cc2f8c5b8c5b1c471c470000ffff0000ffff001d00200cff
ef83ef8368f068f765f165f1381e381e0000ffff0000ffff001d00200d00
68426842cc30cc3f65f165f1390039ff0000ffff0000ffff001c00180d01
68426842cc00cc1f8c5b8c5b1c801cff0000ffff0400ffff001b00190d02
ef83ef8368c068df65f165f1388038ff0000ffff0400ffff001b00190d03
68426842cc00cc1f8c5b8c5b1c801cff0000ffff0000ffff001b00190d07
68426842cc80ccff13ec13eca880a89f0000ffff0000ffff0019001b0d08
ef83ef836800687f65f165f13820383f0000ffff0000ffff0019001b0d09
68426842cc40cc7f65f165f13820383f0000ffff0000ffff001a001b0d12
81128112fe00fe3feebbeebb57e057ff0000ffff0000ffff001a001b0d13
81128112fe00fe3f57185718ca60ca7f0000ffff0000ffff001a001b0d14
81128112ff00ffff57185718ca40ca4f0000ffff0400ffff0018001c0d21
ef83ef83690069ff8c5b8c5b1c501c5f0000ffff0400ffff0018001c0d22
ef83ef83690069ffeebbeebb57d057df0000ffff0400ffff0018001c0d23
ef83ef83690069ff57185718ca50ca570000ffff0000ffff0018001d0d2b
ef83ef83690069ff8c5b8c5b1c481c4f0000ffff0000ffff0018001d0d2c
ef83ef83688068bf65f165f13840387f0000ffff0000ffff001a001a0d33
ef83ef8368e068ef65f165f1390039ff0400ffff0000ffff001c00180d35
0cd00cd0968096bfdfacdfac778077ff0000ffff0400ffff001a00190d38
81128112fe00fe3f8c5b8c5b1c801cff0000ffff0400ffff001a00190d39
0cd00cd096c096df13ec13eca900a9ff0000ffff0000ffff001b00180d41
0cd00cd096f096ff65f165f1381f381f0000ffff0000ffff001c00200d45
0cd00cd096f096ffafc8afc811a111a10000ffff0000ffff001c00200d46
68426842cc30cc3f8c5b8c5b1c471c470000ffff0000ffff001c00200d47
ef83ef8368e068ef65f165f1381e381e0000ffff0000ffff001c00200d48
ef83ef8368e068ef65f165f1381f381f0000ffff0000ffff001c00200d49
0cd00cd096e896eb65f165f13818381b0000ffff0000ffff001e001e0d50
68426842cc20cc23afc8afc811a411a70000ffff0000ffff001e001e0d51
81128112fe64fe6720f320f365c465c70000ffff0000ffff001e001e0d52
ef83ef8368f868fb57185718ca58ca5b0000ffff0000ffff001e001e0d53
ef83ef8368f868fb65f165f13818381b0000ffff0000ffff001e001e0d54
ef83ef8368f868fbeebbeebb57cc57cf0000ffff0000ffff001e001e0d55
68426842cc30cc3fafc8afc8100010ff0000ffff0000ffff001c00180d61
68426842cc30cc3f8c5b8c5b1d001dff0000ffff0000ffff001c00180d62
68426842cc80ccff13ec13eca8c0a8ff0400ffff0000ffff0019001a0d6a
68426842cc80ccff13ec13eca8c0a8ff0000ffff0400ffff0019001a0d71
68426842cc80ccff8c5b8c5b1c001c3f0000ffff0400ffff0019001a0d72
81128112fe80feff8c5b8c5b1c001c3f0000ffff0400ffff0019001a0d73
ef83ef836800687f65f165f13840387f0000ffff0400ffff0019001a0d74
68426842cc24cc258c5b8c5b1c481c4f0000ffff0000ffff001f001d0d82
68426842cc24cc2513ec13eca8b8a8bf0000ffff0000ffff001f001d0d83
81128112fe62fe63eebbeebb57c057c70000ffff0000ffff001f001d0d84
81128112fe62fe638c5b8c5b1c481c4f0000ffff0000ffff001f001d0d85
ef83ef8368fe68ff8c5b8c5b1c481c4f0000ffff0000ffff001f001d0d86
ef83ef8368fe68ff65f165f1381038170000ffff0000ffff001f001d0d87
68426842cd00cdff65f165f13820383f0000ffff0000ffff0018001b0d88
68426842cc80ccff13ec13eca880a89f0000ffff0000ffff0019001b0d8f
ef83ef836800687f65f165f13820383f0000ffff0000ffff0019001b0d90
68426842cc40cc7f13ec13eca8c0a8ff0000ffff0000ffff001a001a0d91
ef83ef83688068bfeebbeebb578057bf0000ffff0000ffff001a001a0d92
68426842cc00cc1f65f165f1390039ff0000ffff0400ffff001b00180d93
ef83ef8368c068df65f165f1390039ff0000ffff0400ffff001b00180d94
81128112fe61fe61eebbeebb57d057df0000ffff0000ffff0020001c0d99
81128112fe61fe6157185718ca40ca4f0000ffff0000ffff0020001c0d9a
81128112fe40fe5f57185718cb00cbff0400ffff0000ffff001b00180da1
ef83ef83690069ff57185718ca60ca7f0000ffff0400ffff0018001b0dac
ef83ef836800687feebbeebb578057bf0000ffff0000ffff0019001a0daf
ef83ef8368f068f765f165f1381c381d0000ffff0000ffff001d001f0dba
0cd00cd0970097ffdfacdfac7760777f0000ffff0000ffff0018001b0dbe
0cd00cd0970097ff65f165f13820383f0000ffff0000ffff0018001b0dbf
0cd00cd0970097ffafc8afc81180119f0000ffff0000ffff0018001b0dc0
68426842cd00cdff8c5b8c5b1c601c7f0000ffff0000ffff0018001b0dc1
68426842cd00cdff13ec13eca880a89f0000ffff0000ffff0018001b0dc2
0cd00cd09600967f65f165f1388038ff0000ffff0400ffff001900190dc3
81128112fe80feff57185718ca80caff0000ffff0400ffff001900190dc4
0cd00cd0970097ff65f165f13840387f0000ffff0000ffff0018001a0dc9
0cd00cd0970097ffafc8afc811c011ff0000ffff0400ffff0018001a0dca
68426842cd00cdff8c5b8c5b1c001c3f0000ffff0400ffff0018001a0dcb
81128112ff00ffff57185718ca00ca3f0000ffff0400ffff0018001a0dcc
ef83ef83690069ff65f165f13840387f0000ffff0400ffff0018001a0dcd
0cd00cd0968096bf65f165f1390039ff0000ffff0400ffff001a00180dce
0cd00cd0968096bfafc8afc8100010ff0000ffff0400ffff001a00180dcf
ef83ef83688068bf8c5b8c5b1d001dff0000ffff0400ffff001a00180dd0
ef83ef83688068bf65f165f1390039ff0000ffff0400ffff001a00180dd1
0cd00cd096c096dfafc8afc811a111a10000ffff0000ffff001b00200de0
ef83ef8368c068df57185718ca5fca5f0000ffff0000ffff001b00200de1
ef83ef8368c068df65f165f1381e381e0000ffff0000ffff001b00200de2
0cd00cd09600967fafc8afc81100117f0000ffff0000ffff001900190de4
68426842cc80ccff8c5b8c5b1c801cff0000ffff0000ffff001900190de5
68426842cc80ccff65f165f13840387f0000ffff0000ffff0019001a0dea
ef83ef836800687feebbeebb578057bf0000ffff0000ffff0019001a0deb
ef83ef836800687f65f165f13840387f0000ffff0000ffff0019001a0dec
ef83ef836800687feebbeebb578057bf0000ffff0000ffff0019001a0ded
68426842cc30cc3f65f165f1381c381d0000ffff0000ffff001c001f0dfa
68426842cc00cc1f8c5b8c5b1d001dff0000ffff0000ffff001b00180e01
68426842cc28cc2f65f165f13818381b0000ffff0000ffff001d001e0e04
81128112fe68fe6f8c5b8c5b1c401c430000ffff0000ffff001d001e0e05
81128112fe68fe6f57185718ca58ca5b0000ffff0000ffff001d001e0e06
68426842cc24cc2565f165f13800380f0000ffff0000ffff001f001c0e0a
81128112fe62fe638c5b8c5b1c501c5f0000ffff0000ffff001f001c0e0b
ef83ef8368fe68ff57185718ca40ca4f0000ffff0000ffff001f001c0e0c
68426842cc20cc2365f165f1381038170000ffff0000ffff001e001d0e0d
81128112fe64fe67eebbeebb57c057c70000ffff0000ffff001e001d0e0e
81128112fe64fe678c5b8c5b1c481c4f0000ffff0000ffff001e001d0e0f
ef83ef8368f868fb65f165f1381038170000ffff0000ffff001e001d0e10
68426842cc26cc268c5b8c5b1c601c7f0000ffff0000ffff0020001b0e11
81128112fe61fe6120f320f365e065ff0000ffff0000ffff0020001b0e12
ef83ef8368fc68fceebbeebb57e057ff0000ffff0000ffff0020001b0e13
68426842cc40cc7f8c5b8c5b1c801cff0000ffff0000ffff001a00190e19
ef83ef83688068bf65f165f1390039ff0000ffff0000ffff001a00180e30
0cd00cd096f096ffdfacdfac774477470000ffff0000ffff001c001e0e48
0cd00cd096f096ffafc8afc811a411a70000ffff0000ffff001c001e0e49
68426842cc30cc3f8c5b8c5b1c401c430000ffff0000ffff001c001e0e4a
68426842cc30cc3f65f165f13818381b0000ffff0000ffff001c001e0e4b
ef83ef8368e068ef65f165f13818381b0000ffff0000ffff001c001e0e4c
0cd00cd096e896ebdfacdfac7750775f0000ffff0000ffff001e001c0e4d
68426842cc20cc238c5b8c5b1c501c5f0000ffff0000ffff001e001c0e4e
ef83ef8368f868fb65f165f13800380f0000ffff0000ffff001e001c0e4f
0cd00cd09600967f13ec13eca900a9ff0000ffff0000ffff001900180e50
0cd00cd0970097ffafc8afc81100117f0000ffff0400ffff001800190e52
ef83ef83690069ff8c5b8c5b1c801cff0000ffff0400ffff001800190e53
0cd00cd0970097ffafc8afc811c011ff0000ffff0000ffff0018001a0e5c
68426842cd00cdff65f165f13840387f0000ffff0000ffff0018001a0e5d
0cd00cd09600967fafc8afc8100010ff0400ffff0000ffff001900180e5e
0cd00cd096ef96ef65f165f13840387f0000ffff0000ffff0020001a0e6a
68426842cc27cc2765f165f13840387f0000ffff0000ffff0020001a0e6b
ef83ef8368fc68fceebbeebb578057bf0000ffff0000ffff0020001a0e6c
68426842cc28cc2fafc8afc811a811af0000ffff0000ffff001d001d0e75
68426842cc28cc2f65f165f1381038170000ffff0000ffff001d001d0e76
ef83ef8368f068f765f165f1381038170000ffff0000ffff001d001d0e77
ef83ef8368f068f78c5b8c5b1c481c4f0000ffff0000ffff001d001d0e78
68426842cc24cc2513ec13eca880a89f0000ffff0000ffff001f001b0e7c
68426842cc40cc7f13ec13eca8b0a8b00000ffff0000ffff001a00200e83
68426842cc40cc7f65f165f1381f381f0000ffff0000ffff001a00200e84
68426842cc40cc7f8c5b8c5b1c471c470000ffff0000ffff001a00200e85
ef83ef83688068bf8c5b8c5b1c471c470000ffff0000ffff001a00200e86
68426842cc00cc1f8c5b8c5b1c441c450000ffff0000ffff001b001f0e87
68426842cc00cc1f65f165f1381c381d0000ffff0000ffff001b001f0e88
ef83ef8368c068dfeebbeebb57c857c90000ffff0000ffff001b001f0e89
ef83ef8368c068df8c5b8c5b1c441c450000ffff0000ffff001b001f0e8a
68426842cc80ccff8c5b8c5b1c801cff0000ffff0000ffff001900190e9f
68426842cc80ccff13ec13eca800a87f0000ffff0000ffff001900190ea0
81128112fe80feff57185718ca80caff0000ffff0000ffff001900190ea1
ef83ef836800687feebbeebb5700577f0000ffff0000ffff001900190ea2
68426842cc40cc7f65f165f1390039ff0000ffff0000ffff001a00180ea9
81128112fe80feff57185718cb00cbff0000ffff0400ffff001900180ebe
ef83ef83690069ff65f165f1388038ff0000ffff0000ffff001800190ed1
0cd00cd096e096e713ec13eca8a0a8af0000ffff0000ffff001d001c0ed4
68426842cc28cc2f65f165f13800380f0000ffff0000ffff001d001c0ed5
81128112fe68fe6f8c5b8c5b1c501c5f0000ffff0000ffff001d001c0ed6
ef83ef8368f068f765f165f13800380f0000ffff0000ffff001d001c0ed7
0cd00cd09600967f13ec13eca8b0a8b00000ffff0000ffff001900200edd
68426842cc80ccff8c5b8c5b1c471c470000ffff0000ffff001900200ede
68426842cc80ccff13ec13eca8b0a8b00000ffff0000ffff001900200edf
ef83ef836800687f8c5b8c5b1c471c470000ffff0000ffff001900200ee0
0cd00cd0970097ffdfacdfac760076ff0000ffff0400ffff001800180ee1
68426842cd00cdff8c5b8c5b1d001dff0000ffff0400ffff001800180ee2
ef83ef83690069ff57185718cb00cbff0000ffff0400ffff001800180ee3
0cd00cd096c096df13ec13eca8b4a8b70000ffff0000ffff001b001e0eef
68426842cc00cc1f13ec13eca8b4a8b70000ffff0000ffff001b001e0ef0
ef83ef8368c068df8c5b8c5b1c401c430000ffff0000ffff001b001e0ef1
ef83ef8368c068df65f165f13818381b0000ffff0000ffff001b001e0ef2
0cd00cd096ef96efafc8afc81100117f0000ffff0000ffff002000190efa
68426842cc27cc2765f165f1388038ff0000ffff0000ffff002000190efb
68426842cc26cc2665f165f1388038ff0000ffff0000ffff002000190efc
ef83ef8368fd68fd65f165f1388038ff0000ffff0000ffff002000190efd
ef83ef8368fd68fdeebbeebb5700577f0000ffff0000ffff002000190efe
68426842cc30cc3f8c5b8c5b1c481c4f0000ffff0000ffff001c001d0f2b
81128112fe70fe7fdfacdfac7748774f0000ffff0000ffff001c001d0f2c
ef83ef8368e068efeebbeebb57c057c70000ffff0000ffff001c001d0f2d
ef83ef8368e068ef65f165f1381038170000ffff0000ffff001c001d0f2e
68426842cc40cc7f13ec13eca8b2a8b30000ffff0000ffff001a001f0f31
ef83ef83688068bfeebbeebb57c857c90000ffff0000ffff001a001f0f32
ef83ef83688068bf65f165f1381c381d0000ffff0000ffff001a001f0f33
68426842cc20cc2313ec13eca880a89f0000ffff0000ffff001e001b0f36
68426842cc20cc238c5b8c5b1c601c7f0000ffff0000ffff001e001b0f37
ef83ef8368f868fb8c5b8c5b1c601c7f0000ffff0000ffff001e001b0f38
ef83ef8368f868fbeebbeebb57e057ff0000ffff0000ffff001e001b0f39
68426842cd00cdff13ec13eca800a87f0000ffff0000ffff001800190f3d
81128112fe80feff20f320f3640064ff0000ffff0000ffff001900180f4e
ef83ef836800687feebbeebb560056ff0000ffff0000ffff001900180f4f
ef83ef836800687feebbeebb560056ff0000ffff0000ffff001900180f50
ef83ef836800687f8c5b8c5b1d001dff0000ffff0000ffff001900180f51
ef83ef8368fe68ff65f165f13840387f0000ffff0000ffff001f001a0f6c
0cd00cd0968096bfdfacdfac774477470000ffff0000ffff001a001e0f77
0cd00cd0968096bfafc8afc811a411a70000ffff0000ffff001a001e0f78
68426842cc40cc7f8c5b8c5b1c401c430000ffff0000ffff001a001e0f79
ef83ef83688068bf65f165f13818381b0000ffff0000ffff001a001e0f7a
0cd00cd096c096df65f165f1381038170000ffff0000ffff001b001d0f7b
0cd00cd096c096df13ec13eca8b8a8bf0000ffff0000ffff001b001d0f7c
0cd00cd096c096dfafc8afc811a811af0000ffff0000ffff001b001d0f7d
68426842cc00cc1f65f165f1381038170000ffff0000ffff001b001d0f7e
68426842cc00cc1f8c5b8c5b1c481c4f0000ffff0000ffff001b001d0f7f
ef83ef8368c068df65f165f1381038170000ffff0000ffff001b001d0f80
ef83ef8368c068dfeebbeebb57c057c70000ffff0000ffff001b001d0f81
0cd00cd096e096e765f165f13820383f0000ffff0000ffff001d001b0f8f
0cd00cd096e096e7afc8afc81180119f0000ffff0000ffff001d001b0f90
68426842cc28cc2fafc8afc81180119f0000ffff0000ffff001d001b0f91
68426842cc28cc2f13ec13eca880a89f0000ffff0000ffff001d001b0f92
68426842cc28cc2f8c5b8c5b1c601c7f0000ffff0000ffff001d001b0f93
68426842cc28cc2f65f165f13820383f0000ffff0000ffff001d001b0f94
ef83ef8368f068f757185718ca60ca7f0000ffff0000ffff001d001b0f95
ef83ef8368f068f78c5b8c5b1c601c7f0000ffff0000ffff001d001b0f96
ef83ef8368f068f765f165f13820383f0000ffff0000ffff001d001b0f97
0cd00cd0970097ff13ec13eca8b0a8b00000ffff0000ffff001800200f9a
68426842cd00cdff65f165f1381f381f0000ffff0000ffff001800200f9b
68426842cd00cdff8c5b8c5b1c471c470000ffff0000ffff001800200f9c
81128112ff00ffff20f320f365c265c20000ffff0000ffff001800200f9d
81128112ff00ffff57185718ca5fca5f0000ffff0000ffff001800200f9e
ef83ef83690069ffeebbeebb57ca57ca0000ffff0000ffff001800200f9f
0cd00cd096e896ebafc8afc811c011ff0000ffff0000ffff001e001a0fa6
68426842cc20cc238c5b8c5b1c001c3f0000ffff0000ffff001e001a0fa7
68426842cc20cc2313ec13eca8c0a8ff0000ffff0000ffff001e001a0fa8
81128112fe64fe678c5b8c5b1c001c3f0000ffff0000ffff001e001a0fa9
81128112fe64fe67eebbeebb578057bf0000ffff0000ffff001e001a0faa
ef83ef8368f868fb65f165f13840387f0000ffff0000ffff001e001a0fab
ef83ef8368f868fbeebbeebb578057bf0000ffff0000ffff001e001a0fac
ef83ef8368f868fb8c5b8c5b1c001c3f0000ffff0000ffff001e001a0fad
68426842cc80ccffafc8afc811a211a30000ffff0000ffff0019001f0fb9
68426842cc80ccff65f165f1381c381d0000ffff0000ffff0019001f0fba
81128112fe80feff20f320f365c065c10000ffff0000ffff0019001f0fbb
81128112fe80feff57185718ca5cca5d0000ffff0000ffff0019001f0fbc
81128112fe80feff8c5b8c5b1c441c450000ffff0000ffff0019001f0fbd
ef83ef836800687f8c5b8c5b1c441c450000ffff0000ffff0019001f0fbe
68426842cc26cc2613ec13eca900a9ff0000ffff0000ffff002000180fd7
ef83ef8368fc68fc65f165f1390039ff0000ffff0000ffff002000180fd8
68426842cc30cc3f65f165f13800380f0000ffff0000ffff001c001c0fda
68426842cc30cc3f8c5b8c5b1c501c5f0000ffff0000ffff001c001c0fdb
68426842cc30cc3f13ec13eca8a0a8af0000ffff0000ffff001c001c0fdc
81128112fe70fe7feebbeebb57d057df0000ffff0000ffff001c001c0fdd
ef83ef8368e068ef65f165f13800380f0000ffff0000ffff001c001c0fde
ef83ef8368fe68ff8c5b8c5b1c801cff0000ffff0000ffff001f00191023
ef83ef8368fe68ffeebbeebb5700577f0000ffff0000ffff001f00191024
0cd00cd096c096df65f165f13800380f0000ffff0000ffff001b001c1038
68426842cc00cc1fafc8afc811b011bf0000ffff0000ffff001b001c1039
68426842cc00cc1f13ec13eca8a0a8af0000ffff0000ffff001b001c103a
68426842cc00cc1f65f165f13800380f0000ffff0000ffff001b001c103b
81128112fe40fe5f8c5b8c5b1c501c5f0000ffff0000ffff001b001c103c
81128112fe40fe5f57185718ca40ca4f0000ffff0000ffff001b001c103d
0cd00cd096ec96ed13ec13eca900a9ff0000ffff0000ffff001f00181045
68426842cc24cc258c5b8c5b1d001dff0000ffff0000ffff001f00181046
81128112fe62fe638c5b8c5b1d001dff0000ffff0000ffff001f00181047
ef83ef8368fe68ff8c5b8c5b1d001dff0000ffff0000ffff001f00181048
0cd00cd0970097ffafc8afc811a211a30000ffff0000ffff0018001f104a
0cd00cd0970097ff65f165f1381c381d0000ffff0000ffff0018001f104b
68426842cd00cdff8c5b8c5b1c441c450000ffff0000ffff0018001f104c
81128112ff00ffff57185718ca5cca5d0000ffff0000ffff0018001f104d
ef83ef83690069ff57185718ca5cca5d0000ffff0000ffff0018001f104e
0cd00cd09600967f13ec13eca8b4a8b70000ffff0000ffff0019001e104f
68426842cc80ccff13ec13eca8b4a8b70000ffff0000ffff0019001e1050
68426842cc80ccffafc8afc811a411a70000ffff0000ffff0019001e1051
68426842cc80ccff8c5b8c5b1c401c430000ffff0000ffff0019001e1052
68426842cc80ccff65f165f13818381b0000ffff0000ffff0019001e1053
81128112fe80feff57185718ca58ca5b0000ffff0000ffff0019001e1054
ef83ef836800687feebbeebb57cc57cf0000ffff0000ffff0019001e1055
ef83ef836800687f65f165f13818381b0000ffff0000ffff0019001e1056
0cd00cd096f096ffafc8afc81180119f0000ffff0000ffff001c001b1067
68426842cc30cc3f57185718ca60ca7f0000ffff0000ffff001c001b1068
68426842cc30cc3fafc8afc81180119f0000ffff0000ffff001c001b1069
68426842cc30cc3f13ec13eca880a89f0000ffff0000ffff001c001b106a
68426842cc30cc3f8c5b8c5b1c601c7f0000ffff0000ffff001c001b106b
ef83ef8368e068efeebbeebb57e057ff0000ffff0000ffff001c001b106c
0cd00cd096e096e713ec13eca8c0a8ff0000ffff0000ffff001d001a1075
81128112fe68fe6feebbeebb578057bf0000ffff0000ffff001d001a1076
81128112fe68fe6f57185718ca00ca3f0000ffff0000ffff001d001a1077
68426842cc20cc2320f320f36500657f0000ffff0000ffff001e00191085
68426842cc20cc2365f165f1388038ff0000ffff0000ffff001e00191086
68426842cc40cc7f8c5b8c5b1c481c4f0000ffff0000ffff001a001d10b2
81128112fe00fe3feebbeebb57c057c70000ffff0000ffff001a001d10b3
ef83ef83688068bf8c5b8c5b1c481c4f0000ffff0000ffff001a001d10b4
0cd00cd096c096df65f165f13820383f0000ffff0000ffff001b001b10e4
0cd00cd096c096dfafc8afc81180119f0000ffff0000ffff001b001b10e5
68426842cc00cc1f65f165f13820383f0000ffff0000ffff001b001b10e6
68426842cc00cc1f13ec13eca880a89f0000ffff0000ffff001b001b10e7
68426842cc00cc1f8c5b8c5b1c601c7f0000ffff0000ffff001b001b10e8
81128112fe40fe5f20f320f365e065ff0000ffff0000ffff001b001b10e9
81128112fe40fe5f57185718ca60ca7f0000ffff0000ffff001b001b10ea
ef83ef8368c068df8c5b8c5b1c601c7f0000ffff0000ffff001b001b10eb
0cd00cd0970097ff13ec13eca8b4a8b70000ffff0000ffff0018001e10f0
0cd00cd0970097ffafc8afc811a411a70000ffff0000ffff0018001e10f1
68426842cd00cdff8c5b8c5b1c401c430000ffff0000ffff0018001e10f2
68426842cd00cdff65f165f13818381b0000ffff0000ffff0018001e10f3
68426842cd00cdff13ec13eca8b4a8b70000ffff0000ffff0018001e10f4
81128112ff00ffff20f320f365c465c70000ffff0000ffff0018001e10f5
ef83ef83690069ff8c5b8c5b1c401c430000ffff0000ffff0018001e10f6
0cd00cd096e096e7dfacdfac778077ff0000ffff0000ffff001d001910f9
0cd00cd096e096e7afc8afc81100117f0000ffff0000ffff001d001910fa
68426842cc28cc2f65f165f1388038ff0000ffff0000ffff001d001910fb
0cd00cd09600967fdfacdfac7748774f0000ffff0000ffff0019001d1122
0cd00cd09600967f65f165f1381038170000ffff0000ffff0019001d1123
68426842cc80ccff13ec13eca8b8a8bf0000ffff0000ffff0019001d1124
81128112fe80feff57185718ca50ca570000ffff0000ffff0019001d1125
ef83ef836800687feebbeebb57c057c70000ffff0000ffff0019001d1126
0cd00cd096f096ffafc8afc811c011ff0000ffff0000ffff001c001a112f
68426842cc30cc3f8c5b8c5b1c001c3f0000ffff0000ffff001c001a1130
68426842cc30cc3f13ec13eca8c0a8ff0000ffff0000ffff001c001a1131
81128112fe70fe7f57185718ca00ca3f0000ffff0000ffff001c001a1132
ef83ef8368e068ef65f165f13840387f0000ffff0000ffff001c001a1133
0cd00cd096e896ebafc8afc8100010ff0000ffff0000ffff001e0018113f
68426842cc20cc23afc8afc8100010ff0000ffff0000ffff001e00181140
68426842cc20cc2365f165f1390039ff0000ffff0000ffff001e00181141
81128112fe64fe6757185718cb00cbff0000ffff0000ffff001e00181142
ef83ef8368f868fb8c5b8c5b1d001dff0000ffff0000ffff001e00181143
68426842cc40cc7f13ec13eca8a0a8af0000ffff0000ffff001a001c1173
68426842cc40cc7f65f165f13800380f0000ffff0000ffff001a001c1174
0cd00cd096e096e765f165f1390039ff0000ffff0000ffff001d001811ad
0cd00cd096e096e7dfacdfac760076ff0000ffff0000ffff001d001811ae
68426842cc28cc2f13ec13eca900a9ff0000ffff0000ffff001d001811af
ef83ef8368f068f765f165f1390039ff0000ffff0000ffff001d001811b0
68426842cd00cdffafc8afc811a811af0000ffff0000ffff0018001d11f3
68426842cd00cdff13ec13eca8b8a8bf0000ffff0000ffff0018001d11f4
68426842cd00cdff8c5b8c5b1c481c4f0000ffff0000ffff0018001d11f5
81128112ff00ffff8c5b8c5b1c481c4f0000ffff0000ffff0018001d11f6
ef83ef83690069ff57185718ca50ca570000ffff0000ffff0018001d11f7
ef83ef83690069ff65f165f1381038170000ffff0000ffff0018001d11f8
68426842cc40cc7f65f165f13820383f0000ffff0000ffff001a001b11fb
68426842cc40cc7f8c5b8c5b1c601c7f0000ffff0000ffff001a001b11fc
68426842cc40cc7f13ec13eca880a89f0000ffff0000ffff001a001b11fd
ef83ef83688068bf8c5b8c5b1c601c7f0000ffff0000ffff001a001b11fe
ef83ef83688068bfeebbeebb57e057ff0000ffff0000ffff001a001b11ff
68426842cc80ccff8c5b8c5b1c501c5f0000ffff0000ffff0019001c120f
68426842cc80ccff13ec13eca8a0a8af0000ffff0000ffff0019001c1210
ef83ef836800687f57185718ca40ca4f0000ffff0000ffff0019001c1211
ef83ef836800687f65f165f13800380f0000ffff0000ffff0019001c1212
ef83ef836800687feebbeebb57d057df0000ffff0000ffff0019001c1213
ef83ef836800687f8c5b8c5b1c501c5f0000ffff0000ffff0019001c1214
68426842cc30cc3f65f165f1388038ff0000ffff0000ffff001c00191220
68426842cc30cc3f8c5b8c5b1c801cff0000ffff0000ffff001c00191221
81128112fe70fe7f8c5b8c5b1c801cff0000ffff0000ffff001c00191222
81128112fe70fe7feebbeebb5700577f0000ffff0000ffff001c00191223
ef83ef8368e068efeebbeebb5700577f0000ffff0000ffff001c00191224
81128112fe40fe5feebbeebb578057bf0000ffff0000ffff001b001a123e
ef83ef8368c068df8c5b8c5b1c001c3f0000ffff0000ffff001b001a123f
ef83ef8368c068df65f165f13840387f0000ffff0000ffff001b001a1240
0cd00cd096c096dfafc8afc81100117f0000ffff0000ffff001b00191296
68426842cc00cc1f65f165f1388038ff0000ffff0000ffff001b00191297
68426842cc00cc1fafc8afc81100117f0000ffff0000ffff001b00191298
68426842cc00cc1f8c5b8c5b1c801cff0000ffff0000ffff001b00191299
68426842cc00cc1f13ec13eca800a87f0000ffff0000ffff001b0019129a
ef83ef8368c068df8c5b8c5b1c801cff0000ffff0000ffff001b0019129b
ef83ef8368c068df65f165f1388038ff0000ffff0000ffff001b0019129c
68426842cc30cc3f20f320f3640064ff0000ffff0000ffff001c001812af
68426842cc30cc3f8c5b8c5b1d001dff0000ffff0000ffff001c001812b0
81128112fe70fe7f20f320f3640064ff0000ffff0000ffff001c001812b1
ef83ef8368e068ef65f165f1390039ff0000ffff0000ffff001c001812b2
ef83ef8368e068efeebbeebb560056ff0000ffff0000ffff001c001812b3
68426842cc80ccff8c5b8c5b1c601c7f0000ffff0000ffff0019001b12cf
81128112fe80feff57185718ca60ca7f0000ffff0000ffff0019001b12d0
81128112fe80feffeebbeebb57e057ff0000ffff0000ffff0019001b12d1
ef83ef836800687f65f165f13820383f0000ffff0000ffff0019001b12d2
68426842cd00cdff8c5b8c5b1c501c5f0000ffff0000ffff0018001c12d8
81128112ff00ffffeebbeebb57d057df0000ffff0000ffff0018001c12d9
81128112ff00ffff57185718ca40ca4f0000ffff0000ffff0018001c12da
81128112ff00ffff8c5b8c5b1c501c5f0000ffff0000ffff0018001c12db
ef83ef83690069ff8c5b8c5b1c501c5f0000ffff0000ffff0018001c12dc
68426842cc40cc7f8c5b8c5b1c001c3f0000ffff0000ffff001a001a12e7
ef83ef83688068bf57185718ca00ca3f0000ffff0000ffff001a001a12e8
ef83ef83688068bf8c5b8c5b1c001c3f0000ffff0000ffff001a001a12e9
0cd00cd096c096dfdfacdfac760076ff0000ffff0000ffff001b00181337
0cd00cd096c096dfafc8afc8100010ff0000ffff0000ffff001b00181338
68426842cc00cc1f8c5b8c5b1d001dff0000ffff0000ffff001b00181339
81128112fe40fe5f20f320f3640064ff0000ffff0000ffff001b0018133a
81128112fe40fe5feebbeebb560056ff0000ffff0000ffff001b0018133b
81128112fe40fe5f57185718cb00cbff0000ffff0000ffff001b0018133c
ef83ef8368c068df57185718cb00cbff0000ffff0000ffff001b0018133d
ef83ef8368c068dfeebbeebb560056ff0000ffff0000ffff001b0018133e
ef83ef8368c068df8c5b8c5b1d001dff0000ffff0000ffff001b0018133f
68426842cc40cc7fafc8afc81100117f0000ffff0000ffff001a00191393
68426842cc40cc7f8c5b8c5b1c801cff0000ffff0000ffff001a00191394
81128112fe00fe3f20f320f36500657f0000ffff0000ffff001a00191395
81128112fe00fe3f57185718ca80caff0000ffff0000ffff001a00191396
ef83ef83688068bf57185718ca80caff0000ffff0000ffff001a00191397
ef83ef83688068bfeebbeebb5700577f0000ffff0000ffff001a00191398
ef83ef83688068bf8c5b8c5b1c801cff0000ffff0000ffff001a00191399
ef83ef83688068bf65f165f1388038ff0000ffff0000ffff001a0019139a
68426842cc80ccff8c5b8c5b1c001c3f0000ffff0000ffff0019001a13b9
68426842cc80ccff65f165f13840387f0000ffff0000ffff0019001a13ba
68426842cc80ccff13ec13eca8c0a8ff0000ffff0000ffff0019001a13bb
81128112fe80feff8c5b8c5b1c001c3f0000ffff0000ffff0019001a13bc
ef83ef836800687f65f165f13840387f0000ffff0000ffff0019001a13bd
68426842cd00cdff8c5b8c5b1c601c7f0000ffff0000ffff0018001b13d9
81128112ff00ffff57185718ca60ca7f0000ffff0000ffff0018001b13da
81128112ff00ffff8c5b8c5b1c601c7f0000ffff0000ffff0018001b13db
ef83ef83690069ffeebbeebb57e057ff0000ffff0000ffff0018001b13dc
ef83ef83690069ff65f165f13820383f0000ffff0000ffff0018001b13dd
0cd00cd09600967fdfacdfac778077ff0000ffff0000ffff00190019140f
0cd00cd09600967f65f165f1388038ff0000ffff0000ffff001900191410
0cd00cd09600967f13ec13eca800a87f0000ffff0000ffff001900191411
68426842cc80ccff65f165f1388038ff0000ffff0000ffff001900191412
68426842cc80ccff8c5b8c5b1c801cff0000ffff0000ffff001900191413
81128112fe80feff57185718ca80caff0000ffff0000ffff001900191414
ef83ef836800687f65f165f1388038ff0000ffff0000ffff001900191415
0cd00cd0970097ff65f165f13840387f0000ffff0000ffff0018001a1433
0cd00cd0970097ff13ec13eca8c0a8ff0000ffff0000ffff0018001a1434
68426842cd00cdff13ec13eca8c0a8ff0000ffff0000ffff0018001a1435
68426842cd00cdff65f165f13840387f0000ffff0000ffff0018001a1436
68426842cd00cdff8c5b8c5b1c001c3f0000ffff0000ffff0018001a1437
ef83ef83690069ff57185718ca00ca3f0000ffff0000ffff0018001a1438
ef83ef83690069ff8c5b8c5b1c001c3f0000ffff0000ffff0018001a1439
ef83ef83690069ff65f165f13840387f0000ffff0000ffff0018001a143a
ef83ef83690069ffeebbeebb578057bf0000ffff0000ffff0018001a143b
68426842cc40cc7f65f165f1390039ff0000ffff0000ffff001a00181475
68426842cc40cc7f8c5b8c5b1d001dff0000ffff0000ffff001a00181476
81128112fe00fe3feebbeebb560056ff0000ffff0000ffff001a00181477
ef83ef83688068bf65f165f1390039ff0000ffff0000ffff001a00181478
ef83ef83688068bf8c5b8c5b1d001dff0000ffff0000ffff001a00181479
0cd00cd09600967fdfacdfac760076ff0000ffff0000ffff0019001814dd
0cd00cd09600967f65f165f1390039ff0000ffff0000ffff0019001814de
68426842cc80ccff13ec13eca900a9ff0000ffff0000ffff0019001814df
68426842cc80ccff57185718cb00cbff0000ffff0000ffff0019001814e0
68426842cc80ccff65f165f1390039ff0000ffff0000ffff0019001814e1
81128112fe80feffeebbeebb560056ff0000ffff0000ffff0019001814e2
ef83ef836800687f57185718cb00cbff0000ffff0000ffff0019001814e3
ef83ef836800687feebbeebb560056ff0000ffff0000ffff0019001814e4
ef83ef836800687f65f165f1390039ff0000ffff0000ffff0019001814e5
68426842cd00cdff8c5b8c5b1c801cff0000ffff0000ffff001800191559
68426842cd00cdff65f165f1388038ff0000ffff0000ffff00180019155a
81128112ff00ffff57185718ca80caff0000ffff0000ffff00180019155b
ef83ef83690069ffeebbeebb5700577f0000ffff0000ffff00180019155c
ef83ef83690069ff57185718ca80caff0000ffff0000ffff00180019155d
ef83ef83690069ff65f165f1388038ff0000ffff0000ffff00180019155e
ef83ef83690069ff8c5b8c5b1c801cff0000ffff0000ffff00180019155f
68426842cd00cdff13ec13eca900a9ff0000ffff0000ffff00180018161a
68426842cd00cdff8c5b8c5b1d001dff0000ffff0000ffff00180018161b
81128112ff00ffff57185718cb00cbff0000ffff0000ffff00180018161c
ef83ef83690069ff57185718cb00cbff0000ffff0000ffff00180018161d
ef83ef83690069ff65f165f1390039ff0000ffff0000ffff00180018161e
ef83ef83690069ffeebbeebb560056ff0000ffff0000ffff00180018161f
ef83ef83690069ff8c5b8c5b1d001dff0000ffff0000ffff001800181620
