ef83ef836c006fff65f165f1381e381e003500350050005000160020000f
81128112fc00fdff20f320f3658065bf00a100a1005000500017001a0021
ef83ef8370007fff65f165f13800380f00350035005000500014001c007c
6842684200007fff65f165f1381f381f00a100a1001400170011002000e9
81128112f800fbff20f320f300003fff15ff15ff00450045001600120489
ef83ef836a006bffeebbeebb57ca57ca005000500000ffff001700200494
0cd00cd0940095ffafc8afc811a211a3005000500000ffff0017001f04e0
0cd00cd0940095ff13ec13eca8b2a8b30000ffff001900190017001f04e1
0cd00cd0940095ffafc8afc811a111a10000ffff004500450017002004e5
68426842ce00cfff57185718ca5fca5f0000ffff008f008f0017002004e6
68426842ce00cfff8c5b8c5b1c471c470000ffff001600160017002004e7
68426842ce00cfff13ec13eca8b0a8b00000ffff001900190017002004e8
68426842ce00cfff8c5b8c5b1c471c470000ffff1b581b580017002004e9
68426842ce00cfff8c5b8c5b1c471c470000ffff001600160017002004ea
ef83ef836a006bffeebbeebb57ca57ca0000ffff004500450017002004eb
ef83ef836a006bff65f165f1381f381f0000ffff020202020017002004ec
ef83ef836c006fffeebbeebb57ca57ca001600160000ffff001600200516
ef83ef836c006fff65f165f1381e381e0000ffff232b232b00160020051c
ef83ef836a006bff65f165f1381f381f059905990000ffff00170020051e
0cd00cd0900093ff13ec13eca8b0a8b00000ffff0202020200160020053a
0cd00cd0900093ff65f165f1381f381f0000ffff0050005000160020053b
68426842c800cbff65f165f1381f381f0000ffff0045004500160020053c
68426842c800cbff8c5b8c5b1c471c470000ffff0045004500160020053d
ef83ef836c006fff65f165f1381e381e0000ffff0202020200160020053e
0cd00cd098009fffafc8afc811a111a10000ffff0202020200150020054f
ef83ef83600067ff8c5b8c5b1c471c470000ffff04be04be001500200550
68426842ce00cfff8c5b8c5b1c441c45003500350000ffff0017001f0556
68426842ce00cfff13ec13eca8b2a8b30000ffff005000500017001f0571
81128112fc00fdffeebbeebb57c857c90000ffff020202020017001f0572
81128112fc00fdff57185718ca5cca5d0000ffff22ab22ab0017001f0573
ef83ef836a006bffeebbeebb57c857c90000ffff004500450017001f0574
68426842ce00cfff65f165f1381f381f0000ffff00140017001700200575
68426842c800cbff65f165f1381c381d0000ffff004500450016001f057a
68426842ce00cfff65f165f13818381b0000ffff005000500017001e057f
81128112f800fbff20f320f365c265c200a100a10000ffff001600200586
81128112fc00fdff20f320f365c065c1138813890000ffff0017001f0588
0cd00cd0940095ffafc8afc811a411a70000ffff005000500017001e05b8
0cd00cd0940095ffafc8afc811a411a70000ffff232b232b0017001e05b9
68426842ce00cfff13ec13eca8b4a8b70000ffff003500350017001e05ba
ef83ef836a006bff8c5b8c5b1c401c430000ffff020202020017001e05bb
ef83ef836a006bff65f165f13818381b0000ffff004500450017001e05bc
ef83ef836a006bff65f165f13818381b0000ffff004500450017001e05bd
0cd00cd098009fff65f165f1381f381f00a100a10000ffff0015002005c6
68426842c000c7ff8c5b8c5b1c471c47003500350000ffff0015002005c7
68426842c000c7ffafc8afc811a111a10000ffff006d006e0015002005d1
81128112f000f7ffeebbeebb57ca57ca0000ffff006d006e0015002005d2
ef83ef83600067ff57185718ca5fca5f0000ffff066d066e0015002005d3
ef83ef83600067ff8c5b8c5b1c471c470000ffff006d006e0015002005d4
68426842d000dfffafc8afc811a111a10000ffff004500450014002005d5
68426842ce00cfff8c5b8c5b1c441c450000ffff001400150017001f05d6
68426842c800cbff8c5b8c5b1c401c430000ffff005000500016001e05d7
68426842c800cbff8c5b8c5b1c441c450000ffff008f008f0016001f05d8
68426842c800cbff8c5b8c5b1c441c450000ffff020202020016001f05d9
81128112f800fbff8c5b8c5b1c441c450000ffff001600160016001f05da
81128112f800fbff8c5b8c5b1c441c450000ffff06bb06bb0016001f05db
81128112f800fbffeebbeebb57c857c90000ffff232b232b0016001f05dc
ef83ef836c006fff8c5b8c5b1c441c450000ffff06bb06bb0016001f05dd
ef83ef836c006fff65f165f1381c381d0000ffff15a415a40016001f05de
ef83ef836c006fff65f165f1381c381d0000ffff004500450016001f05df
ef83ef836c006fff65f165f1381c381d0000ffff007b007b0016001f05e0
ef83ef836c006fff65f165f1381c381d0000ffff020202020016001f05e1
68426842ce00cfff8c5b8c5b1c441c450000ffff001400170017001f05f2
68426842c000c7ff8c5b8c5b1c471c470000ffff003500350015002005f3
81128112f000f7ff20f320f365c265c20000ffff003500350015002005f4
ef83ef83600067ff65f165f1381e381e0000ffff001600160015002005f5
ef83ef83600067ff65f165f1381f381f0000ffff005000500015002005f6
68426842ce00cfff8c5b8c5b1c481c4f00a100a10000ffff0017001d0600
81128112fc00fdff57185718ca58ca5b15a415a40000ffff0017001e0601
81128112fc00fdff57185718ca58ca5b01f401f40000ffff0017001e0602
81128112fc00fdff57185718ca50ca570000ffff020202020017001d0603
81128112fc00fdff57185718ca5cca5d006d006e0000ffff0017001f0604
81128112f800fbff57185718ca5fca5f0000ffff00140015001600200606
ef83ef836c006fff65f165f1381c381d15a415a40000ffff0016001f0610
ef83ef836c006fff65f165f1381c381d01f401f40000ffff0016001f0611
0cd00cd0940095ff13ec13eca8b4a8b70000ffff006d006e0017001e0615
0cd00cd098009fff13ec13eca8b2a8b30000ffff158615860015001f061e
68426842c000c7ff8c5b8c5b1c441c450000ffff00a100a10015001f061f
68426842c000c7ff8c5b8c5b1c441c450000ffff22ab22ab0015001f0620
81128112f000f7ff20f320f365c065c10000ffff005000500015001f0621
0cd00cd098009fffdfacdfac774177410000ffff006d006e001500200622
68426842c000c7ff65f165f1381f381f0000ffff066d066e001500200623
0cd00cd0940095ff65f165f1381038170000ffff001900190017001d062d
0cd00cd0940095ff13ec13eca8b8a8bf0000ffff001600160017001d062e
68426842ce00cfffafc8afc811a811af0000ffff008700870017001d062f
68426842ce00cfff8c5b8c5b1c481c4f0000ffff005000500017001d0630
81128112fc00fdff57185718ca50ca570000ffff007700770017001d0631
0cd00cd0900093ff13ec13eca8b4a8b70000ffff159015900016001e0635
68426842c800cbffafc8afc811a411a70000ffff066d066d0016001e0636
68426842c800cbff65f165f13818381b0000ffff020202020016001e0637
68426842c800cbff13ec13eca8b4a8b70000ffff001900190016001e0638
68426842c800cbff65f165f13818381b0000ffff001700170016001e0639
ef83ef836c006fffeebbeebb57cc57cf0000ffff020202020016001e063a
0cd00cd0900093ff13ec13eca8b2a8b3006d006e0000ffff0016001f0640
0cd00cd098009fffdfacdfac774277430000ffff006d006e0015001f0643
0cd00cd098009fff65f165f1381c381d0000ffff001400150015001f0644
0cd00cd0900093ff13ec13eca8b8a8bf159a159a0000ffff0016001d0651
81128112f800fbff20f320f365c865cf15ae15ae0000ffff0016001d0652
0cd00cd080008fff13ec13eca8b0a8b00000ffff0045004500140020065f
68426842d000dfff8c5b8c5b1c471c470000ffff007b007b001400200660
81128112e000efffeebbeebb57ca57ca0000ffff00450045001400200661
81128112e000efff57185718ca5fca5f0000ffff00450045001400200662
68426842c000c7ff65f165f1381c381d00a100a10000ffff0015001f0680
68426842c000c7ff8c5b8c5b1c441c45003500350000ffff0015001f0681
81128112c000dfffeebbeebb57ca57ca0000ffff0045004500130020068c
ef83ef836c006fffeebbeebb57c057c70000ffff005000500016001d068e
ef83ef8370007fff8c5b8c5b1c471c47059905990000ffff001400200691
ef83ef836c006fffeebbeebb57cc57cf001900190000ffff0016001e0698
0cd00cd0900093ff65f165f1381038170000ffff020202020016001d069d
0cd00cd0900093ff65f165f1381038170000ffff008900890016001d069e
0cd00cd0900093ff13ec13eca8b8a8bf0000ffff003500350016001d069f
81128112f800fbff8c5b8c5b1c481c4f0000ffff008900890016001d06a0
81128112f800fbff57185718ca50ca570000ffff066d066d0016001d06a1
ef83ef836c006fff57185718ca50ca570000ffff004500450016001d06a2
ef83ef836c006fff8c5b8c5b1c481c4f0000ffff004500450016001d06a3
0cd00cd0940095ffdfacdfac7760777f004500450000ffff0017001b06ac
0cd00cd080008fffafc8afc811a211a30000ffff020202020014001f06af
68426842d000dfff13ec13eca8b2a8b30000ffff001900190014001f06b0
81128112e000efffeebbeebb57c857c90000ffff004500450014001f06b1
ef83ef8370007fff65f165f1381c381d0000ffff020202020014001f06b2
ef83ef8370007fffeebbeebb57c857c90000ffff020202020014001f06b3
0cd00cd0940095ffafc8afc811b011bf00a100a10000ffff0017001c06bb
68426842ce00cfff8c5b8c5b1c501c5f00a100a10000ffff0017001c06bc
0cd00cd080008fffafc8afc811a411a70000ffff020202020014001e06bd
68426842d000dfff8c5b8c5b1c401c430000ffff005000500014001e06be
ef83ef8370007fff8c5b8c5b1c401c430000ffff007700770014001e06bf
0cd00cd080008fffafc8afc811a211a3008f008f0000ffff0014001f06c0
81128112e000efff20f320f365c065c100a100a10000ffff0014001f06c1
81128112e000efff57185718ca5cca5d00a100a10000ffff0014001f06c2
ef83ef8370007fff8c5b8c5b1c441c4515ff15ff0000ffff0014001f06c3
68426842c000c7ff65f165f13818381b0000ffff020202020015001e06d8
68426842c000c7ff8c5b8c5b1c401c430000ffff001600160015001e06d9
ef83ef83600067ff65f165f13818381b0000ffff020202020015001e06da
68426842c800cbff8c5b8c5b1c481c4f001700170000ffff0016001d06e0
68426842ce00cfff13ec13eca880a89f0000ffff007b007b0017001b06e8
68426842ce00cfff8c5b8c5b1c481c4f0000ffff006d006e0017001d06ea
68426842e000ffff13ec13eca8b0a8b00000ffff020202020013002006ee
81128112c000dfff20f320f365c265c20000ffff003500350013002006ef
ef83ef8340005fff8c5b8c5b1c471c470000ffff232b232b0013002006f0
81128112fc00fdff8c5b8c5b1c501c5f0000ffff22ab22ab0017001c06f7
ef83ef836a006bffeebbeebb57d057df0000ffff004500450017001c06f8
ef83ef836a006bff57185718ca58ca5b0000ffff001400170017001e06fb
ef83ef836a006bff57185718ca50ca57001400150000ffff0017001d06ff
0cd00cd0c000ffff65f165f1381f381f0000ffff006d006e001200200712
0cd00cd0900093ffafc8afc811b011bf0000ffff001600160016001c0718
81128112f800fbff8c5b8c5b1c501c5f0000ffff066d066d0016001c0719
81128112f800fbff57185718ca40ca4f0000ffff059905990016001c071a
ef83ef836c006fff57185718ca40ca4f0000ffff00a100a10016001c071b
0cd00cd080008fffafc8afc811a211a30000ffff006d006e0014001f071d
ef83ef8370007fff8c5b8c5b1c441c450000ffff006d006e0014001f071e
0cd00cd0940095ff65f165f13840387f00a100a10000ffff0017001a071f
0cd00cd0900093ffafc8afc811b011bf059905990000ffff0016001c0720
0cd00cd0900093ffafc8afc811b011bf059905990000ffff0016001c0721
0cd00cd0900093ffafc8afc811b011bf158615860000ffff0016001c0722
ef83ef836c006fff8c5b8c5b1c501c5f00a100a10000ffff0016001c0723
0cd00cd080008fff13ec13eca8b4a8b70000ffff232b232b0014001e0724
0cd00cd0a000bfff13ec13eca8b4a8b7059905990000ffff0013001e0725
68426842e000ffff8c5b8c5b1c401c43008f008f0000ffff0013001e0726
68426842c000c7ffafc8afc811a411a70000ffff006d006e0015001e0732
81128112f000f7ff57185718ca58ca5b0000ffff001400150015001e0733
68426842c000c7ff65f165f1381038170000ffff003500350015001d0735
68426842c000c7ff8c5b8c5b1c481c4f0000ffff004500450015001d0736
ef83ef83600067ff65f165f1381038170000ffff003500350015001d0737
684268428000bfff65f165f1381f381f15ae15ae0000ffff001200200738
68426842ce00cfff65f165f13820383f0000ffff020202020017001b073d
ef83ef836a006bff8c5b8c5b1c601c7f0000ffff005000500017001b073e
ef83ef836a006bff65f165f13820383f0000ffff020202020017001b073f
68426842d000dfff8c5b8c5b1c401c4300a100a10000ffff0014001e0740
81128112f800fbff20f320f365e065ff0000ffff005000500016001b074d
ef83ef836c006fffeebbeebb57e057ff0000ffff020202020016001b074e
81128112fc00fdff8c5b8c5b1c601c7f003500350000ffff0017001b0750
81128112fc00fdff8c5b8c5b1c501c5f0000ffff001400150017001c0751
ef83ef836a006bffeebbeebb57d057df0000ffff006d006e0017001c0752
81128112f800fbffeebbeebb57c057c70000ffff006d006e0016001d0756
81128112c000dfff8c5b8c5b1c441c450000ffff066d066e0013001f0757
ef83ef8340005fff57185718ca5cca5d0000ffff004500450013001f0760
ef83ef83600067ff8c5b8c5b1c441c450000ffff001400170015001f0763
ef83ef83600067ff65f165f1381c381d0000ffff001400170015001f0764
ef83ef8300003fffeebbeebb57ca57ca0000ffff232b232b00120020076f
ef83ef83600067ff65f165f138103817160016000000ffff0015001d0771
ef83ef83600067ff65f165f13800380f0000ffff00a100a10015001c0772
0cd00cd0a000bfffdfacdfac77447747003500350000ffff0013001e0776
0cd00cd0a000bfffafc8afc811a411a70000ffff1b3a1b3a0013001e078f
68426842e000ffffafc8afc811a411a70000ffff005000500013001e0790
68426842e000ffff65f165f13818381b0000ffff066e066e0013001e0791
68426842e000ffff8c5b8c5b1c401c430000ffff003500350013001e0792
ef83ef8340005fff57185718ca58ca5b0000ffff06bb06bb0013001e0793
ef83ef8340005fff8c5b8c5b1c401c430000ffff005000500013001e0794
ef83ef8340005fff65f165f13818381b0000ffff007100710013001e0795
0cd00cd0900093ffafc8afc811c011ff0000ffff004500450016001a0796
0cd00cd0900093ff13ec13eca880a89f0000ffff005000500016001b07aa
68426842c800cbff8c5b8c5b1c601c7f0000ffff066e066e0016001b07ab
81128112f800fbffeebbeebb57e057ff0000ffff004500450016001b07ac
ef83ef836c006fff57185718ca60ca7f0000ffff005000500016001b07ad
ef83ef836c006fffeebbeebb57e057ff0000ffff005000500016001b07ae
ef83ef836c006fff65f165f13820383f0000ffff008f008f0016001b07af
ef83ef836c006fff65f165f13820383f0000ffff1b581b580016001b07b0
ef83ef836c006fff65f165f13820383f0000ffff158615860016001b07b1
68426842c000c7ff65f165f13800380f0000ffff006d006e0015001c07b4
68426842ce00cfff8c5b8c5b1c001c3f0000ffff020202020017001a07bf
68426842ce00cfff8c5b8c5b1c001c3f0000ffff008900890017001a07c0
ef83ef836a006bff65f165f13840387f0000ffff008900890017001a07c1
68426842c000c7ff8c5b8c5b1c501c5f0000ffff15a415a40015001c07c7
81128112f000f7ff20f320f365d065df0000ffff005000500015001c07c8
81128112f000f7ff20f320f365d065df0000ffff020202020015001c07c9
81128112f000f7ff8c5b8c5b1c501c5f0000ffff020202020015001c07ca
68426842ce00cfff13ec13eca8c0a8ff001900190000ffff0017001a07d0
68426842ce00cfff8c5b8c5b1c801cff0000ffff059905990017001907d1
ef83ef836a006bff57185718ca80caff0000ffff005000500017001907d2
68426842e000ffff8c5b8c5b1c471c470000ffff001400170013002007d3
ef83ef8340005fff65f165f1381f381f0000ffff001400170013002007d4
68426842c000c7ff8c5b8c5b1c401c430000ffff001400170015001e07d8
68426842d000dfff65f165f1381038170000ffff005000500014001d07d9
ef83ef8370007fffeebbeebb57c057c70000ffff04be04be0014001d07da
ef83ef8370007fff8c5b8c5b1c481c4f0000ffff00a200a20014001d07db
68426842c800cbff65f165f13800380f066d066e0000ffff0016001c07dd
68426842c000c7ff13ec13eca8a0a8af007b007b0000ffff0015001c07de
81128112f000f7ff20f320f365c865cf0000ffff066d066e0015001d07df
81128112f800fbff20f320f365e065ff0000ffff006d006e0016001b07e2
ef83ef836c006fff65f165f13820383f0000ffff066d066e0016001b07e3
81128112f800fbff57185718ca40ca4f0000ffff001400150016001c07e6
81128112c000dfff57185718ca5cca5d0000ffff001400170013001f07e7
ef83ef8370007fff57185718ca58ca5b0000ffff006d006e0014001e07e9
ef83ef8340005fff8c5b8c5b1c441c450000ffff006d006e0013001f07eb
ef83ef8300003fffeebbeebb57ca57ca0000ffff066d066e0012002007ee
ef83ef836a006bff65f165f13820383f0000ffff001400170017001b07f0
ef83ef838000ffffeebbeebb57ca57ca0000ffff005000500011002007f3
0cd00cd0900093ffdfacdfac778077ff003500350000ffff00160019081f
0cd00cd0a000bfff65f165f13818381b001400150000ffff0013001e0825
0cd00cd080008fff13ec13eca8a0a8af0000ffff020202020014001c0827
0cd00cd080008fffafc8afc811b011bf15a415a40000ffff0014001c0829
0cd00cd0900093ffafc8afc81180119f006d006e0000ffff0016001b082a
0cd00cd080008fff13ec13eca8b8a8bf0000ffff006d006e0014001d082e
0cd00cd098009fff65f165f13800380f0000ffff006d006e0015001c082f
ef83ef83600067ff8c5b8c5b1c501c5f0000ffff006d006e0015001c0830
68426842e000ffffafc8afc811a811af159a159a0000ffff0013001d0833
68426842e000ffff13ec13eca8b8a8bf00a100a10000ffff0013001d0834
68426842c800cbffafc8afc81100117f0000ffff00450045001600190835
68426842ce00cfff65f165f1388038ff0000ffff0035003500170019083b
68426842ce00cfff8c5b8c5b1c801cff0000ffff0089008900170019083c
68426842ce00cfff8c5b8c5b1c801cff0000ffff232b232b00170019083d
81128112fc00fdff57185718ca80caff0000ffff0087008700170019083e
ef83ef836a006bff8c5b8c5b1c801cff0000ffff0599059900170019083f
684268428000bfff65f165f13818381b0000ffff001900190012001e0845
684268428000bfff65f165f13818381b0000ffff007700770012001e0846
684268428000bfff13ec13eca8b4a8b70000ffff232b232b0012001e0847
ef83ef8300003fffeebbeebb57cc57cf0000ffff004500450012001e0848
ef83ef8300003fff65f165f13818381b0000ffff004500450012001e0849
684268428000bfff8c5b8c5b1c481c4f0000ffff008900890012001d084a
68426842c000c7ff8c5b8c5b1c501c5f066d066e0000ffff0015001c084c
68426842e000ffff8c5b8c5b1c481c4f0000ffff232b232b0013001d084f
ef83ef8340005fff65f165f1381038170000ffff020202020013001d0850
68426842e000ffff65f165f13818381b0000ffff006d006e0013001e0851
6842684200007fff8c5b8c5b1c441c450000ffff003500350011001f0855
ef83ef838000ffff8c5b8c5b1c441c450000ffff003500350011001f0856
68426842c000c7ff8c5b8c5b1c601c7f0000ffff004500450015001b0857
ef83ef83600067ff65f165f13820383f0000ffff020202020015001b0858
68426842c000c7ff8c5b8c5b1c601c7f00a100a10000ffff0015001b085b
68426842ce00cfff8c5b8c5b1d001dff0000ffff0050005000170018085c
ef83ef836a006bff65f165f1390039ff0000ffff0050005000170018085d
68426842c800cbff8c5b8c5b1c001c3f004500450000ffff0016001a085f
81128112f800fbff20f320f3658065bf0000ffff020202020016001a0862
ef83ef836c006fffeebbeebb578057bf0000ffff003500350016001a0863
811281128000bfff57185718ca58ca5b059905990000ffff0012001e0867
ef83ef836a006bff57185718cb00cbff00a100a10000ffff001700180869
ef83ef8370007fff8c5b8c5b1c601c7f0000ffff004500450014001b086b
ef83ef836c006fff8c5b8c5b1c601c7f0000ffff066d066e0016001b086c
ef82ef820000ffff65f165f1381e381e0000ffff232b232b00100020086e
ef83ef8370007fff65f165f13800380f0000ffff066d066e0014001c0870
0cd00cd0900093ff13ec13eca8c0a8ff006d006e0000ffff0016001a0889
0cd00cd098009fff13ec13eca8c0a8ff0000ffff008900890015001a088a
ef83ef83600067ff65f165f13840387f0000ffff003500350015001a088b
0cd00cd0940095ff65f165f1390039ff0000ffff0050005000170018089d
68426842ce00cfffafc8afc8100010ff0000ffff0035003500170018089e
ef83ef836a006bff8c5b8c5b1d001dff0000ffff0050005000170018089f
ef83ef836a006bff65f165f1390039ff0000ffff004500450017001808a0
0cd00cd0900093ff65f165f1390039ff005000500000ffff0016001808a1
0cd00cd0c000ffff65f165f1381038170000ffff020202020012001d08ae
ef83ef8300003fff57185718ca50ca570000ffff005000500012001d08af
0cd00cd080008fffafc8afc81180119f0000ffff020202020014001b08b3
68426842d000dfff65f165f13820383f0000ffff232b232b0014001b08b4
81128112e000efff8c5b8c5b1c601c7f0000ffff008900890014001b08b5
ef83ef8370007fff65f165f13820383f0000ffff005000500014001b08b6
ef83ef8370007fff8c5b8c5b1c601c7f0000ffff232b232b0014001b08b7
68426842ce00cfff65f165f1388038ff138813890000ffff0017001908bb
68426842ce00cfff13ec13eca900a9ff15a415a40000ffff0017001808c1
684068410000ffff65f165f1381f381f0000ffff00450045000f002008c2
811081110000ffffeebbeebb57ca57ca0000ffff02020202000f002008c3
68426842e000ffff65f165f13800380f0000ffff800680060013001c08c6
81128112c000dfffeebbeebb57d057df0000ffff232b232b0013001c08c7
ef83ef8340005fff57185718ca40ca4f0000ffff059905990013001c08c8
ef83ef8340005fff65f165f13800380f0000ffff020202020013001c08c9
6842684200007fff13ec13eca8b4a8b70000ffff005000500011001e08cc
684268428000bfff65f165f1381c381d0000ffff001400170012001f08d1
ef83ef8300003fff65f165f1381c381d0000ffff001400170012001f08d2
68426842c800cbff8c5b8c5b1c801cff0000ffff004500450016001908d4
81128112f800fbff8c5b8c5b1c801cff0000ffff005000500016001908d5
81128112f000f7ff8c5b8c5b1c001c3f0000ffff006d006e0015001a08d9
81128112f800fbff20f320f36500657f001400150000ffff0016001908db
811281128000bfff57185718ca50ca57001400150000ffff0012001d08e1
ef83ef8300003fff57185718ca50ca57006d006e0000ffff0012001d08e2
ef83ef83600067ffeebbeebb578057bf001900190000ffff0015001a08e7
ef83ef8340005fff65f165f1381038170000ffff001400150013001d08e8
ef83ef8340005fffeebbeebb57d057df005000500000ffff0013001c08e9
ef83ef8300003fff8c5b8c5b1c401c430000ffff006d006e0012001e08ea
ef82ef820000ffff65f165f1381f381f0000ffff001400170010002008eb
ef83ef836c006fff65f165f13840387f0000ffff066d066e0016001a08ee
0cd00cd0940095ffdfacdfac740075ff001900190000ffff0017001708ef
68426842ce00cfff8c5b8c5b1e001fff005000500000ffff0017001708f0
68426842ce00cfff8c5b8c5b1e001fff160016000000ffff0017001708f1
0cd20cd30000ffffafc8afc811a211a30000ffff00500050000f001f0913
0cd00cd080008fff65f165f13840387f0000ffff005000500014001a0927
68426842d000dfff65f165f13840387f0000ffff004500450014001a0928
68426842d000dfff13ec13eca8c0a8ff0000ffff003500350014001a0929
ef83ef8370007fff57185718ca00ca3f0000ffff004500450014001a092a
0cd00cd0940095ffafc8afc8120013ff0000ffff0016001600170017092b
68426842ce00cfff65f165f13a003bff0000ffff0050005000170017092c
68426842ce00cfff13ec13ecaa00abff0000ffff0045004500170017092d
81128112fc00fdff57185718c800c9ff0000ffff0035003500170017092e
ef83ef836a006bff65f165f13a003bff0000ffff0202020200170017092f
68426842e000ffffafc8afc81180119f01f401f40000ffff0013001b0934
ef83ef8340005fff65f165f13820383f003500350000ffff0013001b0935
6842684200007fff65f165f1381038170000ffff006d006e0011001d0936
8112811200007fff8c5b8c5b1c481c4f0000ffff001400150011001d0937
684368430000ffff65f165f13818381b00a100a10000ffff0010001e0939
68426842c800cbff65f165f1390039ff0000ffff0045004500160018093c
68426842c800cbff8c5b8c5b1d001dff0000ffff0087008700160018093d
68426842c800cbff13ec13eca900a9ff0000ffff159a159a00160018093e
81128112f800fbff8c5b8c5b1d001dff0000ffff232b232b00160018093f
ef83ef836c006fff65f165f1390039ff0000ffff00350035001600180940
ef83ef836c006fff8c5b8c5b1d001dff0000ffff02020202001600180941
ef83ef836c006fff8c5b8c5b1d001dff0000ffff00350035001600180942
68426842e000ffff8c5b8c5b1c501c5f0000ffff001400150013001c0945
68426842ce00cfff13ec13eca900a9ff066d066e0000ffff001700180949
811281128000bfff20f320f365c865cf0000ffff001400150012001d094d
811281128000bfff20f320f365e065ff0000ffff066e066e0012001b094f
811281128000bfff8c5b8c5b1c601c7f0000ffff020202020012001b0950
81128112f000f7ff8c5b8c5b1d001dff0000ffff00450045001500180951
81128112e000efffeebbeebb5700577f005000500000ffff001400190952
81128112c000dfff8c5b8c5b1c601c7f0000ffff001900190013001b0955
ef83ef8340005fff57185718ca60ca7f0000ffff005000500013001b0956
811381130000ffff8c5b8c5b1c481c4f0000ffff004500450010001d0957
ef82ef820000ffff65f165f1381038170000ffff003500350010001d0958
ef83ef836a006bff57185718ca80caff001400170000ffff00170019095a
ef83ef8300003fff57185718ca40ca4f0000ffff00a100a10012001c095b
ef83ef8340005fff65f165f1381038170000ffff001400170013001d095c
ef84ef870000ffff65f165f1381c381d0000ffff00350035000e001f095e
ef83ef836a006bffeebbeebb5700577f0000ffff0014001700170019095f
0cd00cd080008fffdfacdfac778077ff0000ffff00890089001400190960
68426842d000dfff8c5b8c5b1c801cff0000ffff00450045001400190961
ef83ef8370007fff65f165f1388038ff0000ffff00450045001400190962
ef83ef8370007fff65f165f1388038ff0000ffff232b232b001400190963
0cd00cd0c000ffff13ec13eca880a89f0000ffff005000500012001b0967
684268428000bfff8c5b8c5b1c601c7f0000ffff005000500012001b0968
811281128000bfffeebbeebb57e057ff0000ffff020202020012001b0969
0cd00cd0a000bfffdfacdfac7700773f004500450000ffff0013001a0971
0cd00cd0a000bfff13ec13eca8c0a8ff00a100a10000ffff0013001a0972
0cd40cd70000ffff65f165f1381c381d0000ffff00450045000e001f0973
0cd40cd70000ffff65f165f1381c381d0000ffff02020202000e001f0974
684468470000ffff13ec13eca8b2a8b30000ffff00160016000e001f0975
ef84ef870000ffff57185718ca5cca5d0000ffff01f401f4000e001f0976
ef84ef870000ffff65f165f1381c381d0000ffff80068006000e001f0977
ef84ef870000ffff65f165f1381c381d0000ffff00450045000e001f0978
0cd00cd0900093ffafc8afc8120013ff0000ffff0019001900160017098a
81128112f800fbff20f320f3660067ff0000ffff232b232b00160017098b
81128112f800fbff57185718c800c9ff0000ffff0050005000160017098c
ef83ef836c006fffeebbeebb540055ff0000ffff00a200a200160017098d
0cd40cd70000ffff65f165f1381f381f0000ffff066d066e000e00200991
0cd10cd10000ffffafc8afc811a811af0000ffff003500350010001d0992
684368430000ffff8c5b8c5b1c481c4f0000ffff008f008f0010001d0993
684368430000ffff8c5b8c5b1c481c4f0000ffff020202020010001d0994
684368430000ffff8c5b8c5b1c481c4f0000ffff020202020010001d0995
684368430000ffff65f165f1381038170000ffff004500450010001d0996
811381130000ffff8c5b8c5b1c481c4f0000ffff232b232b0010001d0997
0cd00cd0940095ff13ec13ecaa00abff0000ffff066d066e0017001709a2
0cc00ccf0000ffff65f165f1381f381f0000ffff00450045000c002009a5
0cd00cd0940095ffafc8afc8140017ff001900190000ffff0017001609a6
ef83ef836a006bff57185718cc00cfff003500350000ffff0017001609a7
ef83ef836a006bff57185718cc00cfff059905990000ffff0017001609a8
68426842ce00cfff20f320f3600063ff0000ffff020202020017001609b5
68426842ce00cfff8c5b8c5b18001bff0000ffff008f008f0017001609b6
ef83ef836a006bff65f165f13c003fff0000ffff005000500017001609b7
6848684f0000ffff65f165f1381f381f0000ffff15a415a4000d002009b8
6848684f0000ffff8c5b8c5b1c471c470000ffff02020202000d002009b9
68426842d000dfff65f165f1390039ff0000ffff005000500014001809bb
68426842d000dfff8c5b8c5b1d001dff0000ffff005000500014001809bc
68426842d000dfffafc8afc81100117f0000ffff066d066e0014001909bd
68426842c000c7ffafc8afc8100010ff0000ffff004500450015001809be
68426842c800cbffafc8afc8120013ff01f401f40000ffff0016001709bf
81128112f800fbffeebbeebb540055ff005000500000ffff0016001709c0
68426842e000ffff13ec13eca8c0a8ff0000ffff003500350013001a09c1
68426842e000ffff8c5b8c5b1c001c3f0000ffff008f008f0013001a09c2
81128112c000dfff20f320f3658065bf0000ffff020202020013001a09c3
ef83ef8340005fff8c5b8c5b1c001c3f0000ffff004500450013001a09c4
68426842c800cbff8c5b8c5b1d001dff006d006e0000ffff0016001809c6
68426842c000c7ff8c5b8c5b1c801cff138813890000ffff0015001909c7
6842684200007fff13ec13eca880a89f004500450000ffff0011001b09ca
811081110000ffff8c5b8c5b1c401c430000ffff02020202000f001e09d3
ef80ef810000ffff57185718ca58ca5b0000ffff066d066d000f001e09d4
ef80ef810000ffff8c5b8c5b1c441c450000ffff006d006e000f001f09d5
ef80ef810000ffffeebbeebb57cc57cf00a100a10000ffff000f001e09d7
ef82ef820000ffffeebbeebb57d057df0000ffff007700770010001c09d8
ef83ef836a006bff65f165f1390039ff0000ffff001400170017001809dd
ef83ef838000ffff65f165f13800380f0000ffff005000500011001c09df
0cd00cd0a000bfffdfacdfac778077ff0000ffff005000500013001909eb
0cd00cd0c000ffffafc8afc81100117f0000ffff18ca18ca001200190a10
6848684f0000ffff65f165f1381c381d0000ffff00500050000d001f0a1b
ef88ef8f0000ffffeebbeebb57c857c90000ffff232b232b000d001f0a1c
684268428000bfff8c5b8c5b1c001c3f0000ffff005000500012001a0a1d
811281128000bfffeebbeebb578057bf0000ffff001900190012001a0a1e
ef83ef8300003fffeebbeebb578057bf0000ffff059905990012001a0a1f
68426842e000ffff13ec13eca900a9ff1a851a850000ffff001300180a21
6842684200007fff8c5b8c5b1c601c7f0000ffff001400150011001b0a25
68426842d000dfff65f165f1388038ff0000ffff07140715001400190a26
68426842d000dfff65f165f1388038ff0000ffff00140015001400190a27
68426842c000c7ff65f165f13a003bff0000ffff22ab22ab001500170a28
684468470000ffff65f165f13818381b0000ffff15901590000e001e0a29
684368430000ffff65f165f13800380f0000ffff004500450010001c0a2a
68426842ce00cfff65f165f1300037ff0000ffff02020202001700150a2d
ef83ef836a006bffeebbeebb58005fff0000ffff00190019001700150a2e
811081110000ffff8c5b8c5b1c481c4f0000ffff00140015000f001d0a31
81128112f000f7ff20f320f3660067ff00a100a10000ffff001500170a32
ef83ef83600067ff65f165f13a003bff003500350000ffff001500170a33
ef83ef83600067ff65f165f13a003bff001600160000ffff001500170a34
81128112e000efffeebbeebb560056ff0000ffff00350035001400180a35
81128112f800fbff57185718cc00cfff0000ffff00350035001600160a36
811381130000ffffeebbeebb57e057ff0000ffff004500450010001b0a3a
81128112f000f7ff57185718ca80caff0000ffff00140017001500190a3b
ef80ef810000ffff8c5b8c5b1c481c4f0000ffff02020202000f001d0a3c
ef83ef8370007fff65f165f13840387f0000ffff001400170014001a0a40
ef83ef836a006bff8c5b8c5b18001bff066d066e0000ffff001700160a41
0cc00ccf0000ffff65f165f1381c381d0000ffff02020202000c001f0a5a
6850685f0000ffff13ec13eca8b2a8b30000ffff00500050000c001f0a5b
0cd00cd0940095ffdfacdfac60006fff005000500000ffff001700140a5e
0cd20cd30000ffffafc8afc81180119f0000ffff00350035000f001b0a7f
0cd00cd0a000bfffafc8afc8100010ff0000ffff02020202001300180a80
81128112c000dfffeebbeebb560056ff0000ffff00500050001300180a81
ef83ef8340005fff65f165f1390039ff0000ffff02020202001300180a82
0cd00cd0900093ffafc8afc800000fff0000ffff00450045001600140a83
684268428000bfff65f165f1388038ff0000ffff00170017001200190a84
ef83ef8300003fff8c5b8c5b1c801cff0000ffff09f509f5001200190a85
684368430000ffffafc8afc81180119f0000ffff020202020010001b0a86
684368430000ffff13ec13eca880a89f0000ffff004500450010001b0a87
68426842c000c7ffafc8afc8140017ff001600160000ffff001500160a88
684468470000ffff65f165f1381038170000ffff00450045000e001d0a91
ef84ef870000ffffeebbeebb57c057c70000ffff232b232b000e001d0a92
68426842d000dfff13ec13ecaa00abff0000ffff00190019001400170a93
ef83ef8370007fff65f165f13a003bff0000ffff00450045001400170a94
68426842c800cbff13ec13eca000a7ff0000ffff00450045001600150a95
81128112f800fbff57185718c000c7ff0000ffff1b581b58001600150a96
6842684200007fff8c5b8c5b1c601c7f0000ffff066d066e0011001b0a98
68426842c000c7ff57185718c800c9ff0000ffff00140017001500170a9a
6842684200007fff65f165f13840387f0000ffff005000500011001a0a9b
ef83ef838000ffffeebbeebb578057bf0000ffff005000500011001a0a9c
ef83ef838000ffff8c5b8c5b1c001c3f0000ffff020202020011001a0a9d
68426842c800cbff65f165f13c003fff0000ffff006d006e001600160a9f
68426842ce00cfff13ec13ecb000bfff066d066e0000ffff001700140aa3
68426842ce00cfff8c5b8c5b00000fff0000ffff00500050001700140aa4
6848684f0000ffff8c5b8c5b1c441c450000ffff13881389000d001f0aa5
8100810f0000ffffeebbeebb57ca57ca0000ffff00140017000c00200aa6
81128112f000f7ffeebbeebb500053ff0000ffff00450045001500160aa7
811281128000bfff57185718ca80caff003500350000ffff001200190aa8
8118811f0000ffff57185718ca58ca5b0000ffff02020202000d001e0aa9
ef83ef836a006bff65f165f100001fff0000ffff02020202001700130aaf
ef83ef8340005fff65f165f1390039ff007b007b0000ffff001300180ab1
0cd00cd000007fffafc8afc81100117f0000ffff00450045001100190ae3
6842684200007fff8c5b8c5b1c801cff0000ffff00350035001100190ae4
684368430000ffff13ec13eca880a89f001400150000ffff0010001b0af4
684368430000ffff65f165f1388038ff00a100a10000ffff001000190af9
68426842c000c7ff8c5b8c5b18001bff066d066e0000ffff001500160afa
68426842d000dfff13ec13ecac00afff0000ffff232b232b001400160afb
6850685f0000ffff8c5b8c5b1c401c4300a100a10000ffff000c001e0afd
684068410000ffff8c5b8c5b1c601c7f0000ffff008f008f000f001b0aff
811081110000ffff20f320f365e065ff0000ffff00450045000f001b0b00
68426842c800cbff8c5b8c5b18001bff001400170000ffff001600160b01
81128112f800fbff8c5b8c5b20003fff0000ffff00450045001600130b02
81128112c000dfff57185718cc00cfff0000ffff00350035001300160b03
81128112c000dfff8c5b8c5b1e001fff0000ffff02020202001300170b06
81128112c000dfff8c5b8c5b1e001fff0000ffff00450045001300170b07
81128112fc00fdff8c5b8c5b20003fff0000ffff00710071001700130b08
ef83ef836c006fffeebbeebb40004fff0000ffff00190019001600140b09
efc0efff0000ffffeebbeebb57ca57ca0000ffff00350035000a00200b0a
ef83ef83600067ffeebbeebb58005fff0000ffff00450045001500150b0c
ef82ef820000ffffeebbeebb578057bf003500350000ffff0010001a0b0d
ef83ef8370007fff65f165f1300037ff001900190000ffff001400150b0e
0cd00cd098009fffdfacdfac78007fff0000ffff00140015001500150b10
0cd00cd098009fffafc8afc818001fff0000ffff066d066e001500150b11
0cd00cd0940095ff65f165f140007fff0000ffff02020202001700120b19
0cd00cd0940095ffdfacdfac00003fff0000ffff22ab22ab001700120b1a
ef83ef836a006bff571857188000bfff0000ffff00450045001700120b1b
ef83ef836a006bff8c5b8c5b40007fff0000ffff02020202001700120b1c
0cd00cd000007fff13ec13eca900a9ff0000ffff02020202001100180b21
6842684200007fff8c5b8c5b1d001dff0000ffff00190019001100180b22
6842684200007fff8c5b8c5b1d001dff0000ffff02020202001100180b23
ef83ef838000ffff65f165f1390039ff0000ffff066d066d001100180b24
0cd40cd70000ffff13ec13eca880a89f0000ffff00450045000e001b0b25
0cd40cd70000ffffafc8afc81180119f0000ffff00350035000e001b0b26
684468470000ffff13ec13eca880a89f0000ffff15ae15ae000e001b0b27
0cc00ccf0000ffffafc8afc811a811af0000ffff00190019000c001d0b39
68426842d000dfff8c5b8c5b100017ff15ae15ae0000ffff001400150b47
68426842e000ffff8c5b8c5b18001bff0000ffff05990599001300160b4a
ef83ef8340005fff65f165f13c003fff0000ffff15861586001300160b4b
6848684f0000ffff8c5b8c5b1c501c5f0000ffff00450045000d001c0b56
ef88ef8f0000ffff65f165f13800380f0000ffff02020202000d001c0b57
684268428000bfff65f165f1390039ff0000ffff00140017001200180b58
6860687f0000ffff65f165f13818381b0000ffff00450045000b001e0b5b
6860687f0000ffff8c5b8c5b1c401c430000ffff066d066e000b001e0b64
684268428000bfff8c5b8c5b1c801cff0000ffff00140017001200190b65
811081110000ffff8c5b8c5b1c601c7f0000ffff006d006e000f001b0b67
811281128000bfff57185718c800c9ff0000ffff05990599001200170b6a
ef83ef8300003fff8c5b8c5b1e001fff0000ffff232b232b001200170b6b
811381130000ffff8c5b8c5b1c801cff0000ffff00450045001000190b6c
81128112f000f7ffeebbeebb40004fff003500350000ffff001500140b6d
ef83ef83600067ffeebbeebb40004fff0000ffff00450045001500140b71
ef83ef83600067ff57185718cc00cfff0000ffff00140017001500160b72
ef83ef836a006bffeebbeebb8000ffff0000ffff008b008b001700110b75
ef80ef810000ffff8c5b8c5b1c501c5f0000ffff00140017000f001c0b76
ef90ef9f0000ffffeebbeebb57c857c90000ffff00140017000c001f0b79
ef83ef8370007fff65f165f1300037ff0000ffff00450045001400150b7a
ef90ef9f0000ffff8c5b8c5b1c481c4f0000ffff006d006e000c001d0b7e
ef83ef836c006fffeebbeebb60007fff003500350000ffff001600130b7f
0ce00cff0000ffff13ec13eca8b2a8b3001400170000ffff000b001f0b87
0cd00cd0c000ffff13ec13ecac00afff00a100a10000ffff001200160b8e
684268428000bfffafc8afc8140017ff001600160000ffff001200160b8f
0cd80cdf0000ffff13ec13eca880a89f0000ffff00450045000d001b0b99
0cc00ccf0000ffff13ec13eca8a0a8af0000ffff00140015000c001c0ba0
0cd00cd098009fffdfacdfac40005fff0000ffff232b232b001500130ba1
ef83ef83600067ff65f165f100001fff0000ffff232b232b001500130ba2
ef83ef83600067ff8c5b8c5b20003fff0000ffff00450045001500130ba3
ef83ef83600067ffeebbeebb60007fff0000ffff02020202001500130ba4
ef83ef83600067ff65f165f100001fff0000ffff00450045001500130ba5
ef83ef83600067ff8c5b8c5b20003fff0000ffff00a200a2001500130ba6
0cd00cd0a000bfff13ec13eca000a7ff0000ffff05990599001300150ba7
0cd00cd0a000bfff65f165f1300037ff0000ffff232b232b001300150ba8
68426842e000ffff65f165f1300037ff0000ffff02020202001300150ba9
0cd00cd0a000bfff13ec13eca000a7ff160016000000ffff001300150bb2
0cd00cd0940095ff65f165f18000ffff0000ffff02020202001700110bb3
ef83ef836a006bff8c5b8c5b8000ffff0000ffff02020202001700110bb4
0cd10cd10000ffffafc8afc8100010ff0000ffff00450045001000180bb5
0cd00cd080008fff65f165f120002fff059905990000ffff001400140bb9
688068ff0000ffff8c5b8c5b1c441c450000ffff004500450009001f0bc3
68426842ce00cfff65f065f00000ffff0000ffff02020202001700100bc4
68426842ce00cfff8c5b8c5b1c471c470000ffff0400ffff001700200bc5
81128112fc00fdff20f320f365c265c20000ffff0400ffff001700200bc6
81128112fc00fdff8c5b8c5b1c471c470000ffff0400ffff001700200bc7
81128112fc00fdffeebbeebb57ca57ca0000ffff0400ffff001700200bc8
ef83ef836a006bff57185718ca5fca5f0000ffff0400ffff001700200bc9
ef83ef836a006bff65f165f1381f381f0000ffff0400ffff001700200bca
684368430000ffff13ec13eca900a9ff001600160000ffff001000180bce
684468470000ffff8c5b8c5b1c001c3f0000ffff00450045000e001a0bcf
ef84ef870000ffffeebbeebb578057bf0000ffff232b232b000e001a0bd0
68426842c000c7ff65f165f120002fff0000ffff00140015001500140bd1
81128112fc00fdff571857188000bfff001400170000ffff001700120bda
81128112fc00fdff57185718ca5fca5f0000ffff0000ffff001700200bdc
8140817f0000ffff8c5b8c5b1c401c430000ffff05990599000a001e0bdd
ef83ef83600067ff65f165f140007fff159a159a0000ffff001500120be6
ef83ef8300003fffeebbeebb540055ff006d006e0000ffff001200170be7
0cd00cd0940095ffdfacdfac774277430000ffff0400ffff0017001f0be8
81128112fc00fdff8c5b8c5b1c441c450000ffff0400ffff0017001f0be9
ef83ef836a006bff8c5b8c5b1c441c450000ffff0400ffff0017001f0bea
0cd80cdf0000ffff65f165f13820383f0000ffff006d006e000d001b0beb
0cd00cd0900093ffafc8afc88000ffff0000ffff00500050001600110bf3
0d000dff0000ffff65f165f1381c381d0000ffff071407150008001f0bfc
0cd00cd0940095ff13ed13ed0000ffff0000ffff1e611e61001700100bfd
6860687f0000ffffafc8afc81180119f0000ffff00170017000b001b0c11
68426842d000dfffafc8afc820003fff0000ffff02020202001400130c12
ef83ef8370007fff65f165f100001fff0000ffff00500050001400130c13
68426842ce00cfff8c5b8c5b1c441c450000ffff0000ffff0017001f0c1b
6848684f0000ffff65f165f13840387f003500350000ffff000d001a0c1c
68426842ce00cfff8c5b8c5b1c471c470000ffff0000ffff001700200c1e
68426842c000c7ff8c5b8c5b40007fff0000ffff00770077001500120c23
81128112f000f7ff571857188000bfff0000ffff02020202001500120c24
81128112f000f7ff571857188000bfff0000ffff00450045001500120c25
81128112f800fbff20f320f365c265c20000ffff0400ffff001600200c2a
ef83ef836c006fff8c5b8c5b1c471c470000ffff0400ffff001600200c2b
ef83ef836c006fff65f165f1381f381f0000ffff0400ffff001600200c2c
811381130000ffffeebbeebb540055ff0000ffff00350035001000170c2f
811281128000bfff57185718c000c7ff0000ffff00500050001200150c3b
ef83ef8300003fff8c5b8c5b100017ff0000ffff15901590001200150c3c
ef83ef836c006fff5718571800007fff001900190000ffff001600110c3d
ef82ef820000ffff57185718c800c9ff007b007b0000ffff001000170c3e
ef84ef870000ffff8c5b8c5b1c801cff0000ffff00710071000e00190c3f
ef84ef870000ffff65f165f1388038ff0000ffff232b232b000e00190c40
ef83ef836c006fffeebaeeba0000ffff005000500000ffff001600100c45
ef80ef810000ffff65f165f1390039ff0000ffff00450045000f00180c46
ef83ef836a006bff8c588c590000ffff0000ffff04be04be0017000f0c47
0cd00cd000007fffdfacdfac78007fff0000ffff1b581b58001100150c4f
6842684200007fff8c5b8c5b100017ff0000ffff00770077001100150c50
0cd00cd0a000bfffdfacdfac40005fff0000ffff00450045001300130c59
68426842e000ffff8c5b8c5b20003fff0000ffff00350035001300130c5a
0cd00cd0900093ffafc8afc811a211a30000ffff0400ffff0016001f0c60
68426842c800cbff8c5b8c5b1c441c450000ffff0400ffff0016001f0c61
ef83ef836c006fff65f165f1381c381d0000ffff0400ffff0016001f0c62
0c800cbf0000ffff65f165f13800380f0000ffff1e611e61000a001c0c63
0cd00cd098009fff65f165f1381f381f0000ffff0400ffff001500200c67
68426842c000c7ff8c5b8c5b1c471c470000ffff0400ffff001500200c68
ef83ef83600067ff65f165f1381e381e0000ffff0400ffff001500200c69
ef83ef83600067ff65f165f1381f381f0000ffff0400ffff001500200c6a
0cd20cd30000ffff13ec13ecaa00abff0000ffff02020202000f00170c6b
08000bff0000ffff65f165f1381f381f0000ffff00450045000600200c72
6c006fff0000ffff8c5b8c5b1c471c470000ffff00190019000600200c73
0cd10cd10000ffff65f165f13c003fff0000ffff00a200a2001000160c74
684368430000ffff8c5b8c5b18001bff0000ffff02020202001000160c75
68426842ce00cfff65f265f30000ffff0000ffff004500450017000f0c87
ef83ef836a006bff8c588c590000ffff0000ffff059905990017000f0c88
ef83ef836a006bff65f265f30000ffff0000ffff020202020017000f0c89
68426842ce00cfffafc8afc88000ffff001400170000ffff001700110c8b
68426842c800cbff8c5b8c5b1c441c450000ffff0000ffff0016001f0c8f
ef83ef836c006fff65f165f1381c381d0000ffff0000ffff0016001f0c90
68426842ce00cfff8c5b8c5b1c401c430000ffff0000ffff0017001e0c91
68426842d000dfff8c5b8c5b8000ffff005000500000ffff001400110c9c
68426842c000c7ff8c5b8c5b8000ffff0000ffff00500050001500110c9d
ef83ef83600067ff65f165f18000ffff0000ffff02020202001500110c9e
684468470000ffff13ec13eca900a9ff157c157c0000ffff000e00180c9f
81128112fc00fdff20f320f365c465c70000ffff0400ffff0017001e0ca0
ef83ef836a006bff65f165f13818381b0000ffff0400ffff0017001e0ca1
81128112f800fbff20f220f20000ffff160016000000ffff001600100ca2
81128112c000dfff20f320f340005fff160016000000ffff001300130ca3
ef83ef8370007fff571857188000bfff0000ffff00450045001400120ca7
ef83ef836a006bff8c588c590000ffff00a100a10000ffff0017000f0ca8
ef83ef838000ffff65f165f1300037ff008900890000ffff001100150caa
ef80ef810000ffff65f165f13c003fff003500350000ffff000f00160cae
ef84ef870000ffff65f165f13a003bff0000ffff066e066e000e00170caf
ef83ef8370007fffeebbeebb00003fff138813890000ffff001400120cb0
ef83ef8300003fff65f165f120002fff0000ffff05990599001200140cb1
ef83ef8300003fff65f165f120002fff0000ffff00890089001200140cb2
ef90ef9f0000ffff65f165f13840387f159015900000ffff000c001a0cb9
efa0efbf0000ffff65f165f13820383f0000ffff00190019000b001b0cbb
0cd80cdf0000ffffafc8afc8100010ff0000ffff02020202000d00180cc1
ef88ef8f0000ffffeebbeebb560056ff0000ffff00450045000d00180cc2
0cd00cd080008fff65f165f18000ffff059905990000ffff001400110ccc
ef83ef8370007fff5718571800007fff1a851a850000ffff001400110ccd
0ce00cff0000ffffafc8afc811c011ff0000ffff05990599000b001a0cd4
6860687f0000ffff8c5b8c5b1c001c3f0000ffff05990599000b001a0cd5
0cd40cd70000ffff65f165f13a003bff0000ffff05990599000e00170cd6
0ce00cff0000ffff13ec13eca8c0a8ff0000ffff006d006e000b001a0cd7
0cc00ccf0000ffffafc8afc81100117f0000ffff232b232b000c00190cd8
0c800cbf0000ffffafc8afc81180119f0000ffff09f509f5000a001b0ce0
6800683f0000ffff65f165f13820383f0000ffff1a2b1a2b000a001b0ce1
0cd00cd080008fff65f165f1381f381f0000ffff0400ffff001400200ce2
ef83ef8370007fff8c5b8c5b1c471c470000ffff0400ffff001400200ce3
68426842c800cbffafc8afc811a411a70000ffff0000ffff0016001e0ce6
6850685f0000ffff65f165f1390039ff0000ffff00a100a1000c00180ce9
6848684f0000ffffafc8afc811c011ff0000ffff00140017000d001a0ceb
68426842c000c7ff65f165f1381c381d0000ffff0400ffff0015001f0cec
81128112f000f7ff57185718ca5cca5d0000ffff0400ffff0015001f0ced
68426842e000ffff65f165f140007fff0000ffff00450045001300120cf0
6860687f0000ffffafc8afc81100117f003500350000ffff000b00190cf2
68426842e000ffff65f165f18000ffff159a159a0000ffff001300110cf4
68426842c000c7ff65f065f00000ffff0000ffff02020202001500100cf5
ef83ef83600067ff65f065f00000ffff0000ffff00450045001500100cf6
70007fff0000ffff13ec13eca8b0a8b00000ffff02020202000400200cf7
f000ffff0000ffff65f165f1381f381f0000ffff00450045000400200cf8
68426842c800cbff13ec13eca8b4a8b70000ffff0400ffff0016001e0cf9
ef83ef836c006fffeebbeebb57cc57cf0000ffff0400ffff0016001e0cfa
6842684200007fff8c5b8c5b100017ff0000ffff00140015001100150cfe
6842684200007fff8c5b8c5b00000fff0000ffff02020202001100140d04
6842684200007fff65f165f120002fff0000ffff02020202001100140d05
ef83ef838000ffff8c5b8c5b00000fff0000ffff00450045001100140d06
68426842c000c7ff65f165f1381c381d0000ffff0000ffff0015001f0d0a
68426842e000ffff8c5b8c5b8000ffff0000ffff00500050001300110d0b
688068ff0000ffff8c5b8c5b1c501c5f0000ffff066d066e0009001c0d0d
68426842ce00cfff8c5b8c5b1c401c430000ffff0000ffff0017001e0d0e
81128112fc00fdff20f320f365c465c70000ffff0000ffff0017001e0d0f
81128112fc00fdffeebbeebb57cc57cf0000ffff0000ffff0017001e0d10
ef83ef836a006bff65f165f13818381b0000ffff0000ffff0017001e0d11
684268428000bfff57185718e000ffff0000ffff00350035001200130d17
ef83ef8300003fff57185718e000ffff0000ffff00350035001200130d18
684368430000ffff65f165f1300037ff0000ffff008f008f001000150d19
ef82ef820000ffff65f165f1300037ff0000ffff02020202001000150d1a
68426842c000c7ff65f165f140007fff001400170000ffff001500120d1b
811081110000ffff8c5b8c5b18001bff0000ffff00a200a2000f00160d1c
81128112fc00fdffeebbeebb57c057c70000ffff0000ffff0017001d0d1d
811381130000ffff20f320f368006fff001900190000ffff001000150d1e
8140817f0000ffffeebbeebb578057bf0000ffff00500050000a001a0d1f
8112811200007fff57185718d000dfff159015900000ffff001100140d20
81128112e000efffeebbeebb8000ffff0000ffff00500050001400110d24
ef83ef8370007fff8c5b8c5b8000ffff0000ffff15a415a4001400110d25
81128112e000efffeebaeeba0000ffff004500450000ffff001400100d26
ef83ef8370007fff65f065f00000ffff0000ffff008f008f001400100d2e
ef83ef8300003fff65f165f13818381b0000ffff001409cf0012001e0d2f
ee00eeff0000ffff65f165f1381038170000ffff004500450008001d0d32
ef83ef836c006fffeeb8eeb90000ffff003500350000ffff0016000f0d34
ef83ef836a006bffeebbeebb57c057c70000ffff0400ffff0017001d0d37
0cd10cd10000ffff65f165f120002fff0000ffff00450045001000140d3a
684368430000ffff13ec13ecb000bfff0000ffff00a100a1001000140d3b
ef82ef820000ffff8c5b8c5b00000fff0000ffff00190019001000140d3c
0c800cbf0000ffffdfacdfac7700773f0000ffff00500050000a001a0d3d
0cd40cd70000ffff13ec13eca000a7ff0000ffff02020202000e00150d43
0cd00cd0940095ffafc8afc811a811af0000ffff0000ffff0017001d0d4e
68426842ce00cfffafc8afc811a811af0000ffff0000ffff0017001d0d4f
0cd00cd0900093ff13ec13eca8b8a8bf0000ffff0400ffff0016001d0d56
68426842c800cbff65f165f1381038170000ffff0400ffff0016001d0d57
68426842c800cbff8c5b8c5b1c481c4f0000ffff0400ffff0016001d0d58
0cd00cd0c000ffff65f165f140007fff001400140000ffff001200120d59
0cd00cd0a000bfffafc8afc88000ffff0000ffff02020202001300110d5c
0cd20cd30000ffffafc8afc8140017ff0000ffff066d066e000f00160d5d
688068ff0000ffffafc8afc81180119f0000ffff005000500009001b0d5e
6850685f0000ffff65f165f13a003bff0000ffff02020202000c00170d5f
6850685f0000ffffafc8afc8100010ff0000ffff00190019000c00180d63
684268428000bfffafc8afc840007fff0000ffff00a200a2001200120d64
684268428000bfff8c5b8c5b40007fff0000ffff1b3a1b3a001200120d65
684268428000bfff65f165f140007fff0000ffff00770077001200120d66
811281128000bfffeebbeebb00003fff0000ffff00a200a2001200120d67
ef83ef8300003fff8c5b8c5b40007fff0000ffff232b232b001200120d68
ef83ef8300003fff65f165f140007fff0000ffff00450045001200120d69
68426842e000ffffafc8afc811a111a10000ffff0400ffff001300200d75
68426842e000ffff65f165f1381f381f0000ffff0400ffff001300200d76
ef83ef8340005fffeebbeebb57ca57ca0000ffff0400ffff001300200d77
68426842c000c7ff8c5b8c5b1c401c430000ffff0400ffff0015001e0d78
ef83ef83600067ff8c5b8c5b1c401c430000ffff0400ffff0015001e0d79
6848684f0000ffff65f165f13a003bff0000ffff00500050000d00170d7a
ef88ef8f0000ffff8c5b8c5b1e001fff0000ffff06bb06bb000d00170d7b
ef88ef8f0000ffff8c5b8c5b1e001fff0000ffff00350035000d00170d7c
684068410000ffff65f165f1300037ff0000ffff00450045000f00150d7d
684468470000ffff8c5b8c5b18001bff0000ffff02020202000e00160d7e
811481170000ffff57185718cc00cfff0000ffff02020202000e00160d7f
ef84ef870000ffffeebbeebb500053ff0000ffff00890089000e00160d80
600067ff0000ffff13ec13eca8b2a8b30000ffff01f401f40005001f0d81
68426842d000dfff13ec13eca8b2a8b30000ffff0400ffff0014001f0d89
68426842d000dfff8c5b8c5b1c441c450000ffff0400ffff0014001f0d8a
6a006bff0000ffff8c5b8c5b1c501c5f0000ffff001500150007001c0d8b
684068410000ffff8c5b8c5b100017ff0000ffff00140015000f00150d8c
68426842c800cbff8c5b8c5b1c401c430000ffff0000ffff0016001e0d8d
81128112f800fbff20f320f365c465c70000ffff0000ffff0016001e0d8e
68426842d000dfff8c5b8c5b1c441c450000ffff0000ffff0014001f0d95
68426842d000dfff8c5b8c5b1c471c470000ffff0000ffff001400200d96
81128112e000efff57185718ca5fca5f0000ffff0000ffff001400200d97
81128112e000efff20f220f20000ffff0000ffff232b232b001400100d98
8120813f0000ffffeebbeebb5700577f0000ffff15ae15ae000b00190da0
81128112c000dfffeebbeebb8000ffff00a100a10000ffff001300110da2
ef83ef836a006bff8c5b8c5b1c501c5f0000ffff0400ffff0017001c0dad
ef83ef836a006bff65f165f13800380f0000ffff0400ffff0017001c0dae
ef90ef9f0000ffff65f165f1390039ff00a100a10000ffff000c00180db3
ef84ef870000ffff65f165f13c003fff00a100a10000ffff000e00160db4
ef83ef838000ffff65f165f120002fff0000ffff07140715001100140db5
e000e7ff0000ffffeebbeebb57cc57cf003500350000ffff0005001e0db6
ef80ef810000ffffeebbeebb40004fff0000ffff00150015000f00140db7
ef88ef8f0000ffffeebbeebb540055ff00a100a10000ffff000d00170db9
ef83ef8370007fff8c588c590000ffff0000ffff020202020014000f0dbb
ef83ef838000ffff8c5b8c5b20003fff01bb01bb0000ffff001100130dbc
0cd00cd098009fff13ec13eca8b8a8bf0000ffff0400ffff0015001d0dc5
81128112f000f7ff57185718ca50ca570000ffff0400ffff0015001d0dc6
ef83ef83600067ff8c5b8c5b1c481c4f0000ffff0400ffff0015001d0dc7
0cd00cd000007fffdfacdfac8000ffff0000ffff00450045001100110dc8
0cc00ccf0000ffff65f165f13c003fff0000ffff00350035000c00160dd2
0cd00cd0a000bfff65f165f1381c381d0000ffff0400ffff0013001f0dd3
ef83ef8340005fff65f165f1381c381d0000ffff0400ffff0013001f0dd4
0c800cbf0000ffffafc8afc81100117f0000ffff00160016000a00190dd6
0cd00cd098009fff13ec13eca8b8a8bf0000ffff0000ffff0015001d0dd7
0cd00cd0c000ffffafc8afc811b011bf0000ffff001409cf0012001c0ddb
0cd10cd10000ffffafc8afc820003fff0000ffff02020202001000130ddd
811381130000ffff8c5b8c5b20003fff0000ffff00450045001000130dde
811381130000ffff57185718e000ffff0000ffff00350035001000130ddf
0e000fff0000ffffafc8afc811b011bf0000ffff001900190007001c0de3
684268428000bfff20f320f365c265c20000ffff0400ffff001200200de6
68426842e000ffffafc9afc90000ffff0000ffff05990599001300100dee
68426842e000ffff65f065f00000ffff0000ffff00450045001300100def
ef83ef8340005fff8c5a8c5a0000ffff0000ffff00190019001300100df0
68426842c000c7ff13ed13ed0000ffff001400170000ffff001500100df1
684268428000bfff8c5b8c5b8000ffff0000ffff02020202001200110df2
684268428000bfff8c5b8c5b8000ffff0000ffff05990599001200110df3
ef83ef8300003fff8c5b8c5b8000ffff0000ffff00350035001200110df4
68426842c000c7ff13ec13eca8b4a8b70000ffff0000ffff0015001e0df5
ef83ef83600067ffeebbeebb57cc57cf0000ffff0000ffff0015001e0df6
690069ff0000ffff8c5b8c5b1c601c7f0000ffff003500350008001b0df7
68426842d000dfff13ee13ef0000ffff0000ffff15ae15ae0014000f0dfb
81128112e000efff20f020f10000ffff0000ffff003500350014000f0dfc
ef83ef8370007fffeeb8eeb90000ffff0000ffff159a159a0014000f0dfd
68426842d000dfff8c588c590000ffff00a100a10000ffff0014000f0dfe
6848684f0000ffff8c5b8c5b100017ff059905990000ffff000d00150e03
6850685f0000ffff65f165f13a003bff0000ffff00350035000c00170e07
ef90ef9f0000ffff65f165f13a003bff0000ffff00a200a2000c00170e08
68426842d000dfff65f165f1381c381d0000ffff0000ffff0014001f0e09
684068410000ffff8c5b8c5b00000fff0000ffff00500050000f00140e16
684068410000ffff8c5b8c5b00000fff0000ffff00500050000f00140e17
ef80ef810000ffff57185718d000dfff0000ffff02020202000f00140e18
811481170000ffff20f320f368006fff0000ffff05990599000e00150e1a
81128112fc00fdff20f320f365e065ff0000ffff0400ffff0017001b0e1b
ef83ef836a006bff65f165f13820383f0000ffff0400ffff0017001b0e1c
81128112e000efff20f320f365c465c70000ffff0400ffff0014001e0e1d
81128112e000efff8c5b8c5b1c401c430000ffff0400ffff0014001e0e1e
ef83ef8370007fff8c5b8c5b1c401c430000ffff0400ffff0014001e0e1f
811081110000ffff57185718e000ffff0000ffff00350035000f00130e21
81128112f800fbffeebbeebb57d057df0000ffff0400ffff0016001c0e22
ef83ef836c006fff65f165f13800380f0000ffff0400ffff0016001c0e23
811081110000ffffeebbeebb58005fff0000ffff066d066e000f00150e24
81128112fc00fdff8c5b8c5b1c501c5f0000ffff0000ffff0017001c0e25
ef83ef836a006bffeebbeebb57d057df0000ffff0000ffff0017001c0e26
8100810f0000ffff57185718c800c9ff00a100a10000ffff000c00170e29
ef83ef8370007fff57185718ca58ca5b0000ffff0000ffff0014001e0e2a
efa0efbf0000ffff8c5b8c5b1d001dff0000ffff02020202000b00180e2b
ef83ef8300003fff65f065f00000ffff160016000000ffff001200100e2f
ef88ef8f0000ffff8c5b8c5b100017ff0000ffff00350035000d00150e31
ef83ef836c006fff65f165f1381038170000ffff0000ffff0016001d0e32
c000dfff0000ffff65f165f1381f381f0000ffff00350035000300200e35
0cd00cd0a000bfffdfaedfaf0000ffff0000ffff020202020013000f0e37
0cd00cd0a000bfff13ee13ef0000ffff0000ffff020202020013000f0e38
0cd40cd70000ffff13ec13ecb000bfff0000ffff00450045000e00140e39
0cd40cd70000ffffafc8afc800000fff0000ffff00890089000e00140e3a
684468470000ffff8c5b8c5b00000fff0000ffff02020202000e00140e3b
684468470000ffff65f165f120002fff0000ffff00500050000e00140e3c
ef84ef870000ffff8c5b8c5b00000fff0000ffff00500050000e00140e3d
0cd00cd0a000bfff13ec13eca8b4a8b70000ffff0000ffff0013001e0e40
08000bff0000ffff65f165f13800380f0000ffff001900190006001c0e41
0cd10cd10000ffffdfacdfac00003fff0000ffff00890089001000120e42
684368430000ffff8c5b8c5b40007fff0000ffff02020202001000120e43
684368430000ffff8c5b8c5b40007fff0000ffff008f008f001000120e44
811381130000ffff571857188000bfff0000ffff020c020c001000120e45
0cd00cd0940095ffafc8afc811c011ff0000ffff0000ffff0017001a0e55
68426842ce00cfff8c5b8c5b1c001c3f0000ffff0000ffff0017001a0e56
0c800cbf0000ffff13ec13eca900a9ff003500350000ffff000a00180e5a
0cd10cd10000ffff13ec13ec00007fff0000ffff00350035001000110e5b
00003fff0000ffff65f165f1381f381f0000ffff00710071000200200e5f
0cd00cd080008fff65f165f1381038170000ffff0400ffff0014001d0e64
68426842d000dfff13ec13eca8b8a8bf0000ffff0400ffff0014001d0e65
81128112e000efff57185718ca50ca570000ffff0400ffff0014001d0e66
ef83ef8370007fff8c5b8c5b1c481c4f0000ffff0400ffff0014001d0e67
0cd00cd0900093ffafc8afc811b011bf0000ffff0000ffff0016001c0e68
68426842c800cbff8c5b8c5b1c501c5f0000ffff0000ffff0016001c0e69
6842684200007fff20f320f365c265c20000ffff0400ffff001100200e6f
6842684200007fff13ec13eca8b0a8b00000ffff0400ffff001100200e70
ef83ef838000ffff8c5b8c5b1c471c470000ffff0400ffff001100200e71
6842684200007fffafc8afc88000ffff0000ffff00a100a1001100110e73
68426842ce00cfffafc8afc81180119f0000ffff0000ffff0017001b0e74
70007fff0000ffffafc8afc811a411a7159a159a0000ffff0004001e0e79
68426842c000c7ffafc8afc811b011bf0000ffff0400ffff0015001c0e7a
68426842c000c7ff8c5b8c5b1c501c5f0000ffff0400ffff0015001c0e7b
684368430000ffffafc8afc820003fff0000ffff006d006e001000130e7d
68426842d000dfffafc8afc811a811af0000ffff0000ffff0014001d0e7e
684068410000ffffafc8afc820003fff0000ffff1b3a1b3a000f00130e7f
811081110000ffff20f320f340005fff0000ffff00a200a2000f00130e80
811081110000ffff20f320f340005fff0000ffff00190019000f00130e81
ef80ef810000ffff65f165f100001fff0000ffff00160016000f00130e82
684268428000bfff8c5b8c5b1c471c470000ffff0000ffff001200200e8b
ef83ef8300003fff65f165f1381e381e0000ffff0000ffff001200200e8c
ef83ef8300003fff65f165f1381f381f0000ffff0000ffff001200200e8d
68426842c800cbff8c5b8c5b1c601c7f0000ffff0400ffff0016001b0e8e
ef83ef836c006fff8c5b8c5b1c601c7f0000ffff0400ffff0016001b0e8f
6860687f0000ffff8c5b8c5b1e001fff0000ffff008b008b000b00170e95
6842684200007fff13ec13ec00007fff15ae15ae0000ffff001100110e98
68426842ce00cfff13ec13eca8c0a8ff0000ffff0400ffff0017001a0e99
81128112fc00fdffeebbeebb578057bf0000ffff0400ffff0017001a0e9a
ef83ef836a006bff57185718ca00ca3f0000ffff0400ffff0017001a0e9b
70007fff0000ffff8c5b8c5b1c401c430000ffff004500450004001e0e9c
68426842e000ffff8c5b8c5b1c441c450000ffff0000ffff0013001f0e9d
81128112c000dfff20f320f365c065c10000ffff0000ffff0013001f0e9e
6842684200007fff8c5b8c5b1c471c470000ffff0000ffff001100200ea3
6848684f0000ffff8c5b8c5b100017ff0000ffff00710071000d00150ea4
8118811f0000ffff8c5b8c5b100017ff0000ffff09f509f5000d00150ea5
8118811f0000ffffeebbeebb58005fff0000ffff1e611e61000d00150ea6
ef88ef8f0000ffff8c5b8c5b100017ff0000ffff00190019000d00150ea7
6860687f0000ffff8c5b8c5b1d001dff0000ffff066d066e000b00180eab
6848684f0000ffff13ec13ecac00afff0000ffff006d006e000d00160eb1
811281128000bfff8c5a8c5a0000ffff0000ffff00710071001200100eb5
ef83ef8300003fff65f065f00000ffff0000ffff00350035001200100eb6
ef83ef8300003fff65f065f00000ffff0000ffff00350035001200100eb7
81128112f000f7ff20f320f365c865cf0000ffff0000ffff0015001d0eb8
811281128000bfff8c5a8c5a0000ffff00a100a10000ffff001200100ebb
811281128000bfff57185718ca5cca5d0000ffff0000ffff0012001f0ebd
ef83ef8370007fff8c5b8c5b1c401c430000ffff0000ffff0014001e0ec4
ef83ef8370007fff65f165f13818381b0000ffff0000ffff0014001e0ec5
ef90ef9f0000ffff8c5b8c5b18001bff0000ffff008b008b000c00160ec7
e800ebff0000ffffeebbeebb57d057df00a100a10000ffff0006001c0ec9
ef83ef8340005fff65f165f13818381b0000ffff0400ffff0013001e0eca
ef83ef8340005fff8c5b8c5b1c401c430000ffff0400ffff0013001e0ecb
ee00eeff0000ffff65f165f13820383f0000ffff001400150008001b0ecc
ee00eeff0000ffff8c5b8c5b1c001c3f0000ffff008f008f0008001a0ecf
ef80ef810000ffff65f165f100001fff003500350000ffff000f00130ed0
0cd10cd10000ffff65f065f00000ffff157c157c0000ffff001000100ed8
0000ffff0000ffffdfacdfac774177410000ffff00450045000000200eda
0cd00cd098009fffdfacdfac7760777f0000ffff0400ffff0015001b0ee4
81128112f000f7ff8c5b8c5b1c601c7f0000ffff0400ffff0015001b0ee5
ef83ef83600067ff57185718ca60ca7f0000ffff0400ffff0015001b0ee6
ef83ef83600067ff65f165f13820383f0000ffff0400ffff0015001b0ee7
00003fff0000ffffdfacdfac77447747001900190000ffff0002001e0ee8
0cd00cd000007fffdfacdfac774277430000ffff0400ffff0011001f0ee9
8112811200007fff8c5b8c5b1c441c450000ffff0400ffff0011001f0eea
0cd80cdf0000ffffdfacdfac700073ff001400170000ffff000d00160eeb
0cd00cd0900093ffafc8afc811c011ff0000ffff0000ffff0016001a0eec
68426842c800cbff13ec13eca8c0a8ff0000ffff0000ffff0016001a0eed
ef83ef836c006fff65f165f13840387f0000ffff0000ffff0016001a0eee
0cd00cd0900093ffafc8afc81180119f0000ffff0000ffff0016001b0ef3
68426842c800cbff13ec13eca880a89f0000ffff0000ffff0016001b0ef4
68426842c800cbff8c5b8c5b1c601c7f0000ffff0000ffff0016001b0ef5
ef83ef836c006fff65f165f13820383f0000ffff0000ffff0016001b0ef6
0cd20cd30000ffffafc8afc840007fff158615860000ffff000f00120ef8
811081110000ffff8c5b8c5b40007fff00a100a10000ffff000f00120ef9
0d000dff0000ffff13ec13eca800a87f00a100a10000ffff000800190f01
0cd10cd10000ffffafc8afc811a111a10000ffff0400ffff001000200f0c
0cd00cd098009fff65f165f13800380f0000ffff0000ffff0015001c0f0d
68426842c000c7ff8c5b8c5b1c501c5f0000ffff0000ffff0015001c0f0e
0cd10cd10000ffff65f165f1381f381f0000ffff0000ffff001000200f0f
0cd00cd0900093ff13ec13eca8c0a8ff0000ffff0400ffff0016001a0f10
68426842c800cbff8c5b8c5b1c001c3f0000ffff0400ffff0016001a0f11
0cd00cd000007fffafc8afc811a211a30000ffff0000ffff0011001f0f12
684268428000bfffafc8afc811a411a70000ffff0400ffff0012001e0f14
ef83ef8300003fff57185718ca58ca5b0000ffff0400ffff0012001e0f15
ef83ef8300003fff65f165f13818381b0000ffff0400ffff0012001e0f16
6800683f0000ffffafc8afc8140017ff0000ffff00150015000a00160f17
efc0efff0000ffff65f165f13c003fff0000ffff00500050000a00160f18
68426842e000ffffafc8afc811a811af0000ffff0400ffff0013001d0f19
6860687f0000ffffafc8afc8140017ff0000ffff05990599000b00160f1b
6860687f0000ffff8c5b8c5b18001bff0000ffff00450045000b00160f1c
6848684f0000ffff13ec13ecb000bfff0000ffff00a200a2000d00140f1f
8118811f0000ffff20f320f370007fff0000ffff00a100a1000d00140f20
ef88ef8f0000ffff65f165f120002fff0000ffff00450045000d00140f21
6800683f0000ffff8c5b8c5b1e001fff0000ffff05990599000a00170f22
6800683f0000ffff8c5b8c5b1e001fff0000ffff02020202000a00170f23
efc0efff0000ffff8c5b8c5b1e001fff0000ffff008b008b000a00170f24
6860687f0000ffff8c5b8c5b1e001fff0000ffff00140015000b00170f25
6860687f0000ffff13ec13ecaa00abff0000ffff066d066e000b00170f26
68426842ce00cfff65f165f1388038ff0000ffff0400ffff001700190f2f
81128112fc00fdffeebbeebb5700577f0000ffff0400ffff001700190f30
684368430000ffff13ed13ed0000ffff0000ffff00450045001000100f35
6848684f0000ffff8c5b8c5b00000fff005000500000ffff000d00140f3b
68426842d000dfff13ec13eca8b8a8bf0000ffff0000ffff0014001d0f3c
684268428000bfff65f265f30000ffff0000ffff059905990012000f0f3e
684368430000ffff8c5b8c5b8000ffff0000ffff00500050001000110f3f
811381130000ffff8c5b8c5b8000ffff0000ffff00a100a1001000110f40
ef82ef820000ffff65f165f18000ffff0000ffff232b232b001000110f41
6842684200007fff13ed13ed0000ffff008f008f0000ffff001100100f49
811481170000ffff8c5b8c5b20003fff005000500000ffff000e00130f4a
8112811200007fff8c5b8c5b1c471c470000ffff0000ffff001100200f4b
811081110000ffff8c5b8c5b40007fff0000ffff02020202000f00120f53
811081110000ffffeebbeebb00003fff0000ffff232b232b000f00120f54
ef80ef810000ffff8c5b8c5b40007fff0000ffff00890089000f00120f55
ef80ef810000ffff65f165f140007fff0000ffff00450045000f00120f56
81128112fc00fdff57185718ca00ca3f0000ffff0000ffff0017001a0f57
81128112fc00fdff8c5b8c5b1c001c3f0000ffff0000ffff0017001a0f58
ef83ef836a006bff65f165f13840387f0000ffff0000ffff0017001a0f59
811381130000ffff5718571800007fff00a100a10000ffff001000110f5e
88008fff0000ffff57185718ca60ca7f0000ffff005000500005001b0f60
ee00eeff0000ffff57185718ca80caff0000ffff02020202000800190f61
ee00eeff0000ffffeebbeebb5700577f0000ffff008f008f000800190f62
ee00eeff0000ffff65f165f1388038ff0000ffff1a2b1a2b000800190f63
ef83ef8340005fff571957190000ffff001400170000ffff001300100f65
ef83ef8340005fff57185718ca58ca5b0000ffff0000ffff0013001e0f66
ef83ef8340005fff65f165f13818381b0000ffff0000ffff0013001e0f67
ef83ef838000ffffeebaeeba0000ffff0000ffff02020202001100100f68
ef83ef836a006bff65f165f1388038ff0400ffff0000ffff001700190f6a
ef83ef8300003fff65f265f30000ffff004500450000ffff0012000f0f6b
ef00ef7f0000ffffeebbeebb5700577f0000ffff066d066e000900190f6d
ef83ef83600067ff65f165f13820383f0000ffff0000ffff0015001b0f6e
ef83ef836a006bff65f165f1388038ff0000ffff0000ffff001700190f70
ef00ef7f0000ffff65f165f1390039ff0000ffff00500050000900180f71
ef90ef9f0000ffff8c5b8c5b100017ff0000ffff02020202000c00150f73
ef88ef8f0000ffff65f165f1300037ff0000ffff00140015000d00150f74
ef84ef870000ffff8c5b8c5b00000fff0000ffff00140015000e00140f75
0cd00cd0940095ffdfacdfac778077ff0000ffff0000ffff001700190f85
0cd00cd0940095ffafc8afc81100117f0000ffff0000ffff001700190f86
0cd00cd0940095ff13ec13eca800a87f0000ffff0000ffff001700190f87
81128112fc00fdff57185718ca80caff0000ffff0000ffff001700190f88
81128112fc00fdff57185718ca80caff0000ffff0000ffff001700190f89
ef83ef836a006bff57185718ca80caff0000ffff0000ffff001700190f8a
0cd10cd10000ffff65f065f00000ffff0000ffff02020202001000100f8c
684368430000ffffafc9afc90000ffff0000ffff00890089001000100f8d
811381130000ffff571957190000ffff0000ffff02020202001000100f8e
0cc00ccf0000ffffafc8afc820003fff0000ffff02020202000c00130f98
ef90ef9f0000ffff65f165f100001fff0000ffff00450045000c00130f99
0cd80cdf0000ffffafc8afc820003fff0000ffff01f401f4000d00130fa0
0cd00cd098009fff65f165f13840387f0000ffff0400ffff0015001a0fa1
81128112f000f7ff8c5b8c5b1c001c3f0000ffff0400ffff0015001a0fa2
0ce00cff0000ffff65f165f1300037ff0000ffff00450045000b00150fa3
6860687f0000ffff65f165f1300037ff0000ffff00500050000b00150fa4
6860687f0000ffff65f165f1300037ff0000ffff02020202000b00150fa5
0cd00cd0c000ffffafc8afc811a811af0000ffff0000ffff0012001d0fae
684268428000bfff65f165f1381038170000ffff0000ffff0012001d0faf
684368430000ffff20f020f10000ffff0000ffff020202020010000f0fb0
68426842c000c7ffafc8afc81180119f0000ffff0000ffff0015001b0fb1
ef83ef83600067ff8c5b8c5b1c601c7f0000ffff0000ffff0015001b0fb2
68426842d000dfff20f320f365e065ff0000ffff0400ffff0014001b0fb4
ef83ef8370007fffeebbeebb57e057ff0000ffff0400ffff0014001b0fb5
40005fff0000ffffafc8afc811a811af0000ffff004500450003001d0fb6
c000dfff0000ffff8c5b8c5b1c481c4f0000ffff020202020003001d0fb7
0000ffff0000ffffdfacdfac77427743003500350000ffff0000001f0fb8
70007fff0000ffff8c5b8c5b1c501c5f00a100a10000ffff0004001c0fbf
68426842e000ffff8c5b8c5b1c501c5f0000ffff0400ffff0013001c0fc3
81128112c000dfffeebbeebb57d057df0000ffff0400ffff0013001c0fc4
ef83ef8340005fffeebbeebb57d057df0000ffff0400ffff0013001c0fc5
690069ff0000ffff8c5b8c5b1e001fff0000ffff00190019000800170fc7
6a006bff0000ffff8c5b8c5b1c801cff0000ffff00450045000700190fc8
6a006bff0000ffff8c5b8c5b1c801cff0000ffff02020202000700190fc9
820083ff0000ffffdfacdfac778077ff0000ffff00500050000700190fca
0000ffff0000ffffdfacdfac77417741001900190000ffff000000200fd3
68426842ce00cfff8c5b8c5b1d001dff0000ffff0000ffff001700180fe2
ef83ef836a006bffeebbeebb560056ff0000ffff0000ffff001700180fe3
6860687f0000ffff13ec13eca000a7ff0000ffff07140715000b00150fe6
0000ffff0000ffffdfacdfac774177410000ffff00160016000000200fe7
684468470000ffff13ec13ecc000ffff001900190000ffff000e00120fe8
6842684200007fff65f265f30000ffff00a100a10000ffff0011000f0fe9
68426842c800cbff65f165f13840387f0000ffff0000ffff0016001a0fea
68426842c800cbff8c5b8c5b1c001c3f0000ffff0000ffff0016001a0feb
81128112f800fbffafc8afc811c011ff0000ffff0000ffff0016001a0fec
ef83ef836c006fff8c5b8c5b1c001c3f0000ffff0000ffff0016001a0fed
ef83ef836c006fffeebbeebb578057bf0000ffff0000ffff0016001a0fee
6860687f0000ffff8c5b8c5b18001bff138813890000ffff000b00160ff2
00007fff0000ffff8c5b8c5b1c441c450000ffff232b232b0001001f0ff5
00007fff0000ffff8c5b8c5b1c441c450000ffff020202020001001f0ff6
8000ffff0000ffff65f165f1381c381d0000ffff007100710001001f0ff7
8000ffff0000ffff65f165f1381c381d0000ffff232b232b0001001f0ff8
68426842e000ffff13ec13eca8b8a8bf0000ffff0000ffff0013001d1001
6848684f0000ffff8c5b8c5b40007fff0000ffff15a415a4000d00121002
40007fff0000ffff13ec13eca8b8a8bf0000ffff020202020002001d1007
684468470000ffff65f165f140007fff0000ffff15861586000e00121008
ef84ef870000ffff65f165f140007fff0000ffff02020202000e00121009
68426842c800cbff65f165f1388038ff0000ffff0400ffff00160019100a
81128112f800fbffafc8afc81100117f0000ffff0400ffff00160019100b
8118811f0000ffff8c5b8c5b20003fff059905990000ffff000d0013100c
8118811f0000ffffeebbeebb60007fff059905990000ffff000d0013100d
88008fff0000ffff20f320f365e065ff0000ffff004500450005001b100e
e000e7ff0000ffff8c5b8c5b1c601c7f0000ffff004500450005001b100f
811081110000ffffeebbeebb8000ffff0000ffff00500050000f00111010
811081110000ffffeebbeebb8000ffff0000ffff00160016000f00111011
81128112fc00fdffeebbeebb560056ff0000ffff0400ffff001700181013
ef83ef836a006bff65f165f1390039ff0000ffff0400ffff001700181014
81128112c000dfff8c5b8c5b1c501c5f0000ffff0000ffff0013001c1017
81128112e000efff57185718ca60ca7f0000ffff0000ffff0014001b1019
90009fff0000ffff57185718ca40ca4f0000ffff004500450004001c101a
efc0efff0000ffff57185718cc00cfff0000ffff02020202000a0016101c
efc0efff0000ffff65f165f13c003fff0000ffff00450045000a0016101d
ef83ef8300003fff65f165f1381038170000ffff0400ffff0012001d101f
ef84ef870000ffff8c5b8c5b00000fff0000ffff00140017000e00141026
efc0efff0000ffffeebbeebb58005fff0000ffff01f401f4000a0015102b
ef83ef838000ffff65f165f13818381b0000ffff0400ffff0011001e102d
e000e7ff0000ffff8c5b8c5b1c001c3f001900190000ffff0005001a102e
c000ffff0000ffff8c5b8c5b1c401c430000ffff001600160002001e1031
ef80ef810000ffff65f165f18000ffff005000500000ffff000f00111033
00007fff0000ffffdfacdfac77447747001900190000ffff0001001e1042
00007fff0000ffffafc8afc811a411a700a100a10000ffff0001001e1043
8000ffff0000ffff65f165f13818381b005000500000ffff0001001e1044
000007ff0000ffffdfacdfac7760777f001400170000ffff0005001b1049
0cc00ccf0000ffff13ec13ec80009fff0000ffff02020202000c0013105d
8100810f0000ffff20f320f340005fff0000ffff00450045000c0013105e
ef90ef9f0000ffff65f165f100001fff0000ffff00450045000c0013105f
0cd00cd0940095ffafc8afc811a111a10000ffff0000ffff001700201060
68426842ce00cfff13ec13eca8b0a8b00000ffff0000ffff001700201061
68426842ce00cfff65f165f1381f381f0000ffff0000ffff001700201062
81128112fc00fdff20f320f365c265c20000ffff0000ffff001700201063
81128112fc00fdffeebbeebb57ca57ca0000ffff0000ffff001700201064
ef83ef836a006bff8c5b8c5b1c471c470000ffff0000ffff001700201065
ef83ef836a006bff65f165f1381f381f0000ffff0000ffff001700201066
0c000c7f0000ffff13ec13ecac00afff0000ffff0019001900090016106f
0d000dff0000ffffafc8afc8140017ff0000ffff00170017000800161070
20003fff0000ffff13ec13eca8a0a8af0000ffff020202020003001c1071
c000dfff0000ffff65f165f13800380f0000ffff158615860003001c1072
0c000c7f0000ffffafc8afc8120013ff001400150000ffff000900171073
0d000dff0000ffffafc8afc8120013ff007b007b0000ffff00080017107c
690069ff0000ffff8c5b8c5b1e001fff00a100a10000ffff00080017107d
68426842e000ffff20f320f365d065df0000ffff0000ffff0013001c1083
68426842e000ffff8c5b8c5b1c501c5f0000ffff0000ffff0013001c1084
70007fff0000ffffafc8afc81180119f0000ffff020202020004001b108a
70007fff0000ffff13ec13eca880a89f0000ffff1b3a1b3a0004001b108b
f000ffff0000ffff65f165f13820383f0000ffff020202020004001b108c
f000ffff0000ffff65f165f13820383f0000ffff005000500004001b108d
68426842d000dfffafc8afc811c011ff0000ffff0000ffff0014001a108e
81128112e000efff20f320f3658065bf0000ffff0000ffff0014001a108f
81128112e000efffeebbeebb578057bf0000ffff0000ffff0014001a1090
ef83ef8370007fff65f165f13840387f0000ffff0000ffff0014001a1091
684068410000ffff8c5a8c5a0000ffff00a100a10000ffff000f00101092
ef80ef810000ffff65f065f00000ffff001600160000ffff000f00101093
ef80ef810000ffff8c5a8c5a0000ffff00a100a10000ffff000f00101094
68426842d000dfff65f165f13820383f0000ffff0000ffff0014001b1095
ef83ef8370007fff8c5b8c5b1c601c7f0000ffff0000ffff0014001b1096
ef83ef8370007fff65f165f13820383f0000ffff0000ffff0014001b1097
40007fff0000ffff8c5b8c5b1c501c5f158615860000ffff0002001c1098
684268428000bfff8c5b8c5b1c501c5f0000ffff0400ffff0012001c1099
684268428000bfff13ec13eca8a0a8af0000ffff0400ffff0012001c109a
ef83ef8300003fff65f165f13800380f0000ffff0400ffff0012001c109b
684368430000ffff8c588c590000ffff00a100a10000ffff0010000f109f
684468470000ffff13ec13ec00007fff0000ffff02020202000e001110a0
ef84ef870000ffff8c5b8c5b8000ffff0000ffff00450045000e001110a1
ef84ef870000ffff5718571800007fff0000ffff02020202000e001110a2
ef84ef870000ffff8c5b8c5b8000ffff0000ffff00770077000e001110a3
6860687f0000ffff8c5b8c5b100017ff0000ffff066d066e000b001510a4
68426842c800cbff8c5b8c5b1d001dff0000ffff0400ffff0016001810a5
ef83ef836c006fff8c5b8c5b1d001dff0000ffff0400ffff0016001810a6
40005fff0000ffff8c5b8c5b1c501c5f001600160000ffff0003001c10aa
6c006fff0000ffff65f165f13840387f0000ffff006d006e0006001a10b0
68426842c000c7ff65f165f13840387f0000ffff0000ffff0015001a10b1
6842684200007fff13ec13eca8b8a8bf0000ffff0400ffff0011001d10b5
6a006bff0000ffff8c5b8c5b1d001dff0000ffff138813890007001810b6
68426842e000ffff8c5b8c5b1c601c7f0000ffff0000ffff0013001b10b8
81128112fc00fdff20f320f3660067ff0000ffff0000ffff0017001710ba
81128112c000dfff57185718ca60ca7f0000ffff0400ffff0013001b10c1
81128112fc00fdffeebbeebb560056ff0000ffff0000ffff0017001810c3
81128112fc00fdff57185718cb00cbff0000ffff0000ffff0017001810c4
811081110000ffffeebaeeba0000ffff0000ffff00450045000f001010c6
ef80ef810000ffff571957190000ffff0000ffff00350035000f001010c7
ef80ef810000ffffeebaeeba0000ffff0000ffff00350035000f001010c8
ef82ef820000ffff57185718ca00ca3f0000ffff001409cf0010001a10ca
efc0efff0000ffff57185718c000c7ff0000ffff13881389000a001510cb
ef83ef836c006fff8c5b8c5b1c801cff0000ffff0000ffff0016001910cc
ef83ef83600067ff8c5b8c5b1c801cff0000ffff0000ffff0015001910cd
0000ffff0000ffffdfacdfac7742774301f401f40000ffff0000001f10ce
ef90ef9f0000ffff65f165f100001fff15ff15ff0000ffff000c001310d0
efc0efff0000ffff8c5b8c5b18001bff0000ffff00140015000a001610d1
ee00eeff0000ffff65f165f13a003bff0000ffff001700170008001710d2
efc0efff0000ffff65f165f1300037ff0000ffff00a200a2000a001510d6
ef83ef838000ffff65f165f13818381b0000ffff0000ffff0011001e10d7
c000dfff0000ffff65f165f13820383f003500350000ffff0003001b10d8
ec00edff0000ffff65f165f1390039ff008f008f0000ffff0007001810d9
c000ffff0000ffff65f165f138103817157c157c0000ffff0002001d10da
ef88ef8f0000ffff65f165f140007fff0000ffff00450045000d001210e0
ef88ef8f0000ffff65f165f18000ffff0000ffff00450045000d001110e1
ef00ef7f0000ffff65f165f1300037ff0000ffff003500350009001510e3
0cd00cd098009fffdfacdfac778077ff0000ffff0000ffff0015001910ec
0cd00cd098009fff65f165f1388038ff0000ffff0000ffff0015001910ed
81128112f000f7ff8c5b8c5b1c801cff0000ffff0000ffff0015001910ee
ef83ef83600067ff65f165f1388038ff0000ffff0000ffff0015001910ef
0d000dff0000ffffdfacdfac700073ff160016000000ffff0008001610f7
00003fff0000ffff65f165f13800380f158615860000ffff0002001c10fc
0cd00cd0900093ffdfacdfac760076ff0000ffff0000ffff0016001810fd
0cd00cd0900093ff65f165f1390039ff0000ffff0000ffff0016001810fe
68426842c800cbff8c5b8c5b1d001dff0000ffff0000ffff0016001810ff
81128112f800fbff20f320f3640064ff0000ffff0000ffff001600181100
0cd00cd0940095ffdfacdfac774277430000ffff0000ffff0017001f1106
0cd00cd0940095ffafc8afc811a211a30000ffff0000ffff0017001f1107
68426842ce00cfffafc8afc811a211a30000ffff0000ffff0017001f1108
68426842ce00cfff8c5b8c5b1c441c450000ffff0000ffff0017001f1109
68426842ce00cfff57185718ca5cca5d0000ffff0000ffff0017001f110a
ef83ef836a006bff8c5b8c5b1c441c450000ffff0000ffff0017001f110b
0cd00cd0a000bfff13ec13eca8c0a8ff0000ffff0000ffff0013001a110c
0cd10cd10000ffff13ec13eca8b4a8b70000ffff0000ffff0010001e110d
684368430000ffff8c5b8c5b1c401c430000ffff0000ffff0010001e110e
0d000dff0000ffffdfacdfac700073ff0000ffff0071007100080016110f
690069ff0000ffff8c5b8c5b18001bff0000ffff00450045000800161110
ee00eeff0000ffff8c5b8c5b18001bff0000ffff00890089000800161111
0cd00cd080008fff13ec13eca8c0a8ff0000ffff0000ffff0014001a1112
68426842d000dfff8c5b8c5b1c001c3f0000ffff0000ffff0014001a1113
20003fff0000ffff65f165f13820383f003500350000ffff0003001b1114
c000dfff0000ffff65f165f13820383f15a415a40000ffff0003001b1115
0cd20cd30000ffffdfaedfaf0000ffff0000ffff00450045000f000f1116
0cd20cd30000ffff13ee13ef0000ffff0000ffff02020202000f000f1117
684068410000ffff8c588c590000ffff0000ffff00150015000f000f1118
811081110000ffff8c588c590000ffff0000ffff232b232b000f000f1119
ef80ef810000ffff8c588c590000ffff0000ffff157c157c000f000f111a
ef80ef810000ffff65f265f30000ffff0000ffff00350035000f000f111b
ef80ef810000ffff8c588c590000ffff0000ffff008b008b000f000f111c
0c800cbf0000ffffdfacdfac60006fff0000ffff00870087000a0014111d
0c800cbf0000ffffafc8afc800000fff0000ffff00450045000a0014111e
8140817f0000ffffeebbeebb40004fff0000ffff008f008f000a0014111f
efc0efff0000ffff8c5b8c5b00000fff0000ffff15ae15ae000a00141120
efc0efff0000ffffeebbeebb40004fff0000ffff00450045000a00141121
20003fff0000ffffafc8afc811c011ff0000ffff004500450003001a1134
0cc00ccf0000ffff65f165f140007fff0000ffff1b581b58000c00121135
6850685f0000ffff8c5b8c5b40007fff0000ffff00500050000c00121136
0cd20cd30000ffffafc8afc811a211a30000ffff0000ffff000f001f1138
0cd20cd30000ffffafc9afc90000ffff001400170000ffff000f00101139
0cd00cd0a000bfffafc8afc811c011ff0000ffff0400ffff0013001a113b
0c000c7f0000ffffafc8afc818001fff0000ffff02020202000900151148
688068ff0000ffffafc8afc818001fff0000ffff00500050000900151149
0cd00cd0900093ffafc8afc8120013ff0400ffff0000ffff00160017114a
08000bff0000ffffafc8afc8100010ff0000ffff006e006e00060018114b
0cd00cd0940095ff65f165f13a003bff0000ffff0000ffff00170017114c
0cd00cd0940095ffafc8afc8120013ff0000ffff0000ffff00170017114d
0ce00cff0000ffff13ec13ecb000bfff0000ffff00140015000b0014114e
efa0efbf0000ffffeebbeebb40004fff0000ffff00140015000b0014114f
68426842e000ffff8c5b8c5b1c601c7f0000ffff0000ffff0013001b1155
ef83ef8340005fff65f165f13820383f0000ffff0000ffff0013001b1156
6848684f0000ffff65f165f18000ffff0000ffff13881389000d00111159
ef88ef8f0000ffff8c5b8c5b8000ffff0000ffff006d006e000d0011115a
ef88ef8f0000ffff65f165f18000ffff0000ffff066d066e000d0011115b
68426842c800cbff8c5b8c5b1e001fff0000ffff0000ffff00160017115e
ef83ef836c006fff57185718c800c9ff0000ffff0000ffff00160017115f
ef83ef836c006fff65f165f13a003bff0000ffff0000ffff001600171160
68426842c800cbff13ec13eca8b0a8b00000ffff0000ffff001600201161
ef83ef836c006fff8c5b8c5b1c471c470000ffff0000ffff001600201162
68426842ce00cfff13ec13ecac00afff0000ffff0400ffff001700161163
81128112fc00fdff57185718cc00cfff0000ffff0400ffff001700161164
ef83ef836a006bffeebbeebb500053ff0000ffff0400ffff001700161165
6842684200007fff8c5b8c5b1c501c5f0000ffff0400ffff0011001c1166
8112811200007fff20f320f365d065df0000ffff0400ffff0011001c1167
6800683f0000ffff65f165f120002fff003500350000ffff000a0014116a
684468470000ffff13ec13eca8b2a8b30000ffff0400ffff000e001f116b
68426842c800cbff8c5b8c5b1e001fff0000ffff0400ffff001600171175
ef83ef836c006fff65f165f13a003bff0000ffff0400ffff001600171176
684468470000ffff65f165f13820383f0000ffff001409cf000e001b1177
00007fff0000ffff8c5b8c5b1c481c4f00a100a10000ffff0001001d117c
6860687f0000ffff13ec13ecc000ffff160016000000ffff000b0012117d
8120813f0000ffff571857188000bfff059905990000ffff000b0012117e
40007fff0000ffff13ec13eca880a89f0000ffff005000500002001b117f
81128112e000efff8c5b8c5b1c801cff0000ffff0400ffff001400191180
81128112e000efff57185718ca80caff0000ffff0400ffff001400191181
800080ff0000ffff8c5b8c5b1e001fff0000ffff00140015000800171188
811481170000ffff571957190000ffff0000ffff232b232b000e00101189
811481170000ffffeebaeeba0000ffff0000ffff00450045000e0010118a
81128112fc00fdff57185718cc00cfff0000ffff0000ffff00170016118c
ef83ef836a006bff57185718cc00cfff0000ffff0000ffff00170016118d
ef83ef836a006bff8c5b8c5b18001bff0000ffff0000ffff00170016118e
ef83ef83600067ff8c5b8c5b1d001dff0000ffff0000ffff001500181193
e000e7ff0000ffff57185718ca80caff0000ffff05990599000500191194
ef83ef8300003fffeebbeebb57e057ff0000ffff0000ffff0012001b1196
f000ffff0000ffff65f165f13840387f0000ffff020c020c0004001a1197
ef83ef8370007fff8c5b8c5b1c801cff0000ffff0000ffff001400191198
ef83ef8370007fff65f165f1388038ff0000ffff0000ffff001400191199
ef83ef83600067ff65f165f1390039ff0000ffff0400ffff00150018119a
efa0efbf0000ffff65f165f120002fff0000ffff00140017000b0014119b
ef82ef820000ffff8c5b8c5b1c481c4f0000ffff0000ffff0010001d119e
ef82ef820000ffffeebbeebb57c057c70000ffff0000ffff0010001d119f
8000ffff0000ffff65f165f1381038170000ffff071407150001001d11a0
ef82ef820000ffffeeb8eeb90000ffff0000ffff006d006e0010000f11a1
ef84ef870000ffff65f165f1381c381d0000ffff0000ffff000e001f11a3
efa0efbf0000ffff65f165f140007fff0000ffff00890089000b001211a5
0000ffff0000ffffdfacdfac77447747158615860000ffff0000001e11a6
c000dfff0000ffff8c5b8c5b1c601c7f0000ffff007700770003001b11a7
0cd00cd080008fff65f165f1388038ff0000ffff0000ffff0014001911b1
81128112e000efff20f320f36500657f0000ffff0000ffff0014001911b2
0cc00ccf0000ffffafc8afc88000ffff00a100a10000ffff000c001111b6
0cc00ccf0000ffffafc8afc811a111a10000ffff0000ffff000c002011b7
0cd00cd098009fffafc8afc811a111a10000ffff0000ffff0015002011bd
68426842c000c7ff65f165f1381f381f0000ffff0000ffff0015002011be
68426842c000c7ff13ec13eca8b0a8b00000ffff0000ffff0015002011bf
81128112f000f7ffeebbeebb57ca57ca0000ffff0000ffff0015002011c0
ef83ef83600067ff65f165f1381f381f0000ffff0000ffff0015002011c1
0e000fff0000ffff65f165f1300037ff059905990000ffff0007001511c6
0cd00cd0940095ffafc8afc818001fff0000ffff0400ffff0017001511c7
0d000dff0000ffff65f165f1300037ff0000ffff005000500008001511c8
0cd00cd0940095ffafc8afc811a411a70000ffff0000ffff0017001e11c9
68426842ce00cfff8c5b8c5b1c401c430000ffff0000ffff0017001e11ca
68426842ce00cfff13ec13eca8b4a8b70000ffff0000ffff0017001e11cb
ef83ef836a006bffeebbeebb57cc57cf0000ffff0000ffff0017001e11cc
ef83ef836a006bff65f165f13818381b0000ffff0000ffff0017001e11cd
0cd00cd098009fffafc8afc8100010ff0000ffff0000ffff0015001811ce
68426842c000c7ff8c5b8c5b1d001dff0000ffff0000ffff0015001811cf
68426842c000c7ff65f165f1390039ff0000ffff0000ffff0015001811d0
81128112f000f7ffeebbeebb560056ff0000ffff0000ffff0015001811d1
ef83ef83600067ff65f165f1390039ff0000ffff0000ffff0015001811d2
0c000c7f0000ffff65f165f120002fff0000ffff001900190009001411d3
0c000c7f0000ffff65f165f120002fff0000ffff004500450009001411d4
0cd00cd0a000bfff13ec13eca8c0a8ff0000ffff0000ffff0013001a11d8
ef83ef8340005fffeebbeebb578057bf0000ffff0000ffff0013001a11d9
0cd80cdf0000ffffafc8afc840007fff0000ffff00140017000d001211df
0cd00cd0900093ff13ec13ecaa00abff0000ffff0000ffff0016001711e0
81128112f800fbff20f320f3660067ff0000ffff0000ffff0016001711e1
81128112f800fbff20f320f3660067ff0000ffff0000ffff0016001711e2
ef83ef836c006fffeebbeebb540055ff0000ffff0000ffff0016001711e3
0cd00cd0c000ffff65f165f13820383f0000ffff0000ffff0012001b11e4
684268428000bfff65f165f13820383f0000ffff0000ffff0012001b11e5
ef83ef8300003fff8c5b8c5b1c601c7f0000ffff0000ffff0012001b11e6
684468470000ffff20f020f10000ffff0000ffff06bb06bb000e000f11e9
684468470000ffffafcaafcb0000ffff0000ffff05990599000e000f11ea
811481170000ffff571a571b0000ffff0000ffff1b3a1b3a000e000f11eb
ef84ef870000ffff571a571b0000ffff0000ffff02020202000e000f11ec
600067ff0000ffffafc8afc8100010ff0000ffff232b232b0005001811ee
600067ff0000ffff13ec13eca900a9ff0000ffff020202020005001811ef
600067ff0000ffff65f165f1390039ff0000ffff004500450005001811f0
68426842c800cbffafc8afc8140017ff0000ffff0000ffff0016001611f9
ef83ef836c006fffeebbeebb500053ff0000ffff0000ffff0016001611fa
6860687f0000ffff13ec13ecc000ffff0000ffff00350035000b00121204
684068410000ffff8c588c590000ffff0000ffff13881389000f000f1205
6800683f0000ffff8c5b8c5b20003fff059905990000ffff000a00131217
68426842ce00cfff8c5b8c5b100017ff0000ffff0000ffff00170015121b
684468470000ffff13ee13ef0000ffff059905990000ffff000e000f121d
68426842d000dfff8c5b8c5b1d001dff0000ffff0000ffff00140018121e
68426842d000dfff8c5b8c5b1d001dff0000ffff0000ffff00140018121f
68426842d000dfff8c5b8c5b1d001dff0000ffff0400ffff001400181225
68426842e000ffff8c5b8c5b1c801cff0000ffff0000ffff001300191226
40007fff0000ffff8c5b8c5b1c601c7f005000500000ffff0002001b1229
6800683f0000ffff13ec13ec80009fff0000ffff00350035000a0013122b
8140817f0000ffffeebbeebb60007fff0000ffff232b232b000a0013122c
efc0efff0000ffff65f165f100001fff0000ffff02020202000a0013122d
684068410000ffff13ec13eca8b4a8b70000ffff0000ffff000f001e122f
6848684f0000ffff8c588c590000ffff0000ffff232b232b000d000f1230
684468470000ffff8c5b8c5b1c401c430000ffff0000ffff000e001e1231
81128112f800fbff20f320f365c065c10000ffff0000ffff0016001f1235
81128112f800fbff57185718ca5cca5d0000ffff0000ffff0016001f1236
ef83ef836c006fff65f165f1381c381d0000ffff0000ffff0016001f1237
ef83ef836c006fff8c5b8c5b1c441c450000ffff0000ffff0016001f1238
ef83ef836c006fffdfacdfac774277430000ffff0000ffff0016001f1239
8112811200007fff57185718ca60ca7f0000ffff0000ffff0011001b1241
81128112f000f7ff8c5b8c5b1e001fff0000ffff0000ffff001500171242
811381130000ffff571a571b0000ffff0000ffff001400170010000f1244
818081ff0000ffffeebbeebb40004fff003500350000ffff000900141245
820083ff0000ffffeebbeebb500053ff0000ffff02020202000700161246
81128112f800fbff57185718cc00cfff0000ffff0400ffff001600161249
ef83ef836c006fff65f165f13c003fff0000ffff0400ffff00160016124a
811281128000bfff57185718ca00ca3f0000ffff0000ffff0012001a124c
ef83ef838000ffff57185718ca60ca7f0000ffff0400ffff0011001b124f
efa0efbf0000ffff571857188000bfff15ff15ff0000ffff000b00121250
0000ffff0000ffffdfacdfac7748774f0000ffff003500350000001d1251
ee00eeff0000ffff65f165f13c003fff006d006e0000ffff000800161254
e800ebff0000ffffeebbeebb500053ff0000ffff18ca18ca000600161255
efa0efbf0000ffff65f165f100001fff0000ffff00140015000b00131256
ef83ef838000ffff65f165f13800380f0000ffff0000ffff0011001c1257
ef83ef838000ffff65f165f13800380f0000ffff0000ffff0011001c1258
ef83ef8340005fff65f165f1388038ff0000ffff0400ffff001300191259
8000ffff0000ffff65f165f13800380f0000ffff005000500001001c125c
ef83ef836a006bffeebbeebb500053ff0000ffff0000ffff00170016125e
ef83ef836a006bff65f165f13c003fff0000ffff0000ffff00170016125f
efc0efff0000ffff65f165f120002fff0000ffff006d006e000a00141261
c000ffff0000ffff65f165f13800380f0000ffff006d006e0002001c1263
ec00edff0000ffffeebbeebb500053ff0000ffff006d006e000700161264
ef83ef8300003fff65f165f13840387f0000ffff0400ffff0012001a1265
ef90ef9f0000ffff65f165f18000ffff0000ffff00170017000c00111266
ef90ef9f0000ffff65f165f18000ffff0000ffff00500050000c00111267
ef82ef820000ffff65f165f1381038170000ffff0000ffff0010001d1269
c000ffff0000ffff8c5b8c5b1c601c7f0000ffff001900190002001b126d
ef90ef9f0000ffff65f165f140007fff0000ffff00140017000c0012126e
0c000c7f0000ffffdfacdfac60006fff0000ffff00140015000900141272
0cd00cd098009fff13ec13ecac00afff0000ffff0400ffff001500161273
ef83ef83600067ff65f165f13c003fff0000ffff0400ffff001500161274
0cd00cd0900093ff65f165f13818381b0000ffff0000ffff0016001e1275
68426842c800cbff65f165f13818381b0000ffff0000ffff0016001e1276
81128112f800fbff57185718ca58ca5b0000ffff0000ffff0016001e1277
ef83ef836c006fff57185718ca58ca5b0000ffff0000ffff0016001e1278
ef83ef836c006fffeebbeebb57cc57cf0000ffff0000ffff0016001e1279
20003fff0000ffff13ec13eca8c0a8ff0000ffff066d066e0003001a1283
10001fff0000ffff65f165f1390039ff01f401f40000ffff000400181284
0cd00cd080008fffafc8afc811a111a10000ffff0000ffff001400201289
0cd00cd080008fff65f165f1381f381f0000ffff0000ffff00140020128a
68426842d000dfff65f165f1381f381f0000ffff0000ffff00140020128b
68426842d000dfff8c5b8c5b1c471c470000ffff0000ffff00140020128c
ef83ef8370007fff65f165f1381e381e0000ffff0000ffff00140020128d
0cd40cd70000ffffafc8afc811a811af0000ffff0000ffff000e001d1294
ef84ef870000ffff8c5b8c5b1c481c4f0000ffff0000ffff000e001d1295
0cd00cd0a000bfff13ec13eca900a9ff0000ffff0400ffff00130018129d
6848684f0000ffff20f020f10000ffff0000ffff00190019000d000f12a9
6848684f0000ffff13ee13ef0000ffff0000ffff02020202000d000f12aa
6848684f0000ffff8c588c590000ffff0000ffff008b008b000d000f12ab
8118811f0000ffffeeb8eeb90000ffff0000ffff00450045000d000f12ac
ef88ef8f0000ffffeeb8eeb90000ffff0000ffff00500050000d000f12ad
68426842ce00cfff65f165f1300037ff0000ffff0000ffff0017001512ae
68426842ce00cfffafc8afc811a811af0000ffff0000ffff0017001d12b4
68426842ce00cfff13ec13eca8b8a8bf0000ffff0000ffff0017001d12b5
68426842ce00cfff8c5b8c5b1c481c4f0000ffff0000ffff0017001d12b6
81128112fc00fdff57185718ca50ca570000ffff0000ffff0017001d12b7
6a006bff0000ffffafc8afc800000fff0000ffff008b008b0007001412b8
70007fff0000ffff65f165f1390039ff0000ffff001900190004001812bb
70007fff0000ffff8c5b8c5b1d001dff0000ffff059905990004001812bc
6800683f0000ffff65f165f18000ffff0000ffff00450045000a001112c1
8140817f0000ffff20f320f38000ffff0000ffff00190019000a001112c2
68426842c000c7ff8c5b8c5b1c441c450000ffff0000ffff0015001f12c4
81128112f000f7ff8c5b8c5b1c441c450000ffff0000ffff0015001f12c5
ef83ef83600067ff57185718ca5cca5d0000ffff0000ffff0015001f12c6
ef83ef83600067ff8c5b8c5b1c441c450000ffff0000ffff0015001f12c7
6860687f0000ffff13ec13ec00007fff160016000000ffff000b001112cd
690069ff0000ffff65f165f1300037ff0000ffff066d066e0008001512ce
6848684f0000ffff8c588c590000ffff159a159a0000ffff000d000f12d3
6842684200007fff65f165f13840387f0000ffff0000ffff0011001a12d4
684268428000bfff65f165f1388038ff0000ffff0400ffff0012001912d5
68426842ce00cfff8c5b8c5b00000fff0000ffff0000ffff0017001412d6
ef83ef836a006bff8c5b8c5b00000fff0000ffff0000ffff0017001412d7
690069ff0000ffff8c5b8c5b00000fff059905990000ffff0008001412e2
684468470000ffff8c588c590000ffff0000ffff00140017000e000f12e5
6a006bff0000ffff13ec13ecb000bfff159015900000ffff0007001412e6
684068410000ffff13ec13eca8a0a8af0000ffff0400ffff000f001c12ea
811081110000ffff20f320f365d065df0000ffff0400ffff000f001c12eb
6a006bff0000ffff8c5b8c5b100017ff0000ffff001400150007001512ee
6800683f0000ffff8c5b8c5b40007fff00a100a10000ffff000a001212f5
68426842e000ffff13ec13eca900a9ff0000ffff0000ffff0013001812f6
ef83ef8340005fff65f165f1390039ff0000ffff0000ffff0013001812f7
811381130000ffff20f320f365e065ff0000ffff0400ffff0010001b12f8
8118811f0000ffff20f220f20000ffff006d006e0000ffff000d001012fc
81128112e000efff8c5b8c5b1e001fff0000ffff0000ffff0014001712fd
81128112e000efffeebbeebb540055ff0000ffff0000ffff0014001712fe
90009fff0000ffff20f320f36500657f0000ffff001400150004001912ff
818081ff0000ffff8c5b8c5b20003fff0000ffff00450045000900131303
ef00ef7f0000ffffeebbeebb60007fff0000ffff00450045000900131304
8120813f0000ffff8c5b8c5b8000ffff0000ffff1e611e61000b00111305
efa0efbf0000ffff65f165f18000ffff0000ffff00350035000b00111306
efa0efbf0000ffff65f165f18000ffff0000ffff15901590000b00111307
8112811200007fffeebbeebb578057bf0000ffff0400ffff0011001a1308
8118811f0000ffff57185718ca5cca5d0000ffff0000ffff000d001f130d
efc0efff0000ffffeebbeebb00003fff0000ffff00190019000a0012130f
ef82ef820000ffff57185718ca60ca7f0000ffff0000ffff0010001b1311
ef88ef8f0000ffff57185718ca58ca5b0000ffff0000ffff000d001e1312
c000dfff0000ffff8c5b8c5b1c801cff0000ffff008b008b000300191313
ef90ef9f0000ffff65f065f00000ffff0000ffff02020202000c0010131b
ef83ef83600067ff8c5b8c5b1e001fff0000ffff0000ffff00150017131f
8000ffff0000ffff65f165f13820383f0000ffff22ab22ab0001001b1320
ee00eeff0000ffff65f165f100001fff003500350000ffff000800131321
ef83ef8300003fffeebbeebb578057bf0000ffff0000ffff0012001a1327
e000e7ff0000ffff65f165f1390039ff0000ffff066d066e00050018132a
ef90ef9f0000ffffeebbeebb8000ffff0000ffff006d006e000c0011132b
ef90ef9f0000ffff65f065f00000ffff0000ffff00140015000c0010132c
0d000dff0000ffff65f165f120002fff0000ffff006d006e00080014132e
690069ff0000ffff8c5b8c5b00000fff0000ffff066d066e00080014132f
0000ffff0000ffffdfacdfac7700773f0000ffff1b3a1b3a0000001a1335
0000ffff0000ffffdfacdfac7700773f0000ffff020202020000001a1336
0cd00cd098009fff65f165f13818381b0000ffff0000ffff0015001e1342
68426842c000c7ff65f165f13818381b0000ffff0000ffff0015001e1343
68426842c000c7ff8c5b8c5b1c401c430000ffff0000ffff0015001e1344
81128112f000f7ff57185718ca58ca5b0000ffff0000ffff0015001e1345
ef83ef83600067ff65f165f13818381b0000ffff0000ffff0015001e1346
0cc00ccf0000ffffdfaedfaf0000ffff0000ffff232b232b000c000f1347
0cc00ccf0000ffff65f265f30000ffff0000ffff00450045000c000f1348
0cc00ccf0000ffffafcaafcb0000ffff0000ffff00450045000c000f1349
0cd00cd0a000bfffdfacdfac760076ff0000ffff0000ffff00130018134a
68426842e000ffff65f165f1390039ff0000ffff0000ffff00130018134b
ef83ef8340005fff65f165f1390039ff0000ffff0000ffff00130018134c
0cc00ccf0000ffff65f265f30000ffff00a100a10000ffff000c000f134d
0cc00ccf0000ffff13ee13ef0000ffff157c157c0000ffff000c000f134e
ef90ef9f0000ffff65f265f30000ffff005000500000ffff000c000f134f
0cd00cd0940095ff13ec13eca8a0a8af0000ffff0000ffff0017001c1350
68426842ce00cfff20f320f365d065df0000ffff0000ffff0017001c1351
68426842ce00cfff8c5b8c5b1c501c5f0000ffff0000ffff0017001c1352
68426842ce00cfff65f165f13800380f0000ffff0000ffff0017001c1353
81128112fc00fdff20f320f365d065df0000ffff0000ffff0017001c1354
81128112fc00fdff8c5b8c5b1c501c5f0000ffff0000ffff0017001c1355
ef83ef836a006bff8c5b8c5b1c501c5f0000ffff0000ffff0017001c1356
0cd00cd0c000ffffafc8afc81100117f0000ffff0000ffff00120019135c
684268428000bfff8c5b8c5b1c801cff0000ffff0000ffff00120019135d
0cd00cd080008fff65f165f13c003fff0000ffff0000ffff00140016135e
0cd00cd080008fff65f165f13a003bff0000ffff0000ffff001400171363
ef83ef8370007fff65f165f13a003bff0000ffff0000ffff001400171364
0cd00cd0a000bfff65f165f1381f381f0000ffff0000ffff00130020136b
68426842e000ffff13ec13eca8b0a8b00000ffff0000ffff00130020136c
000007ff0000ffffafc8afc8140017ff005000500000ffff00050016136d
600067ff0000ffff8c5b8c5b18001bff15ff15ff0000ffff00050016136e
0cd00cd0c000ffffafc8afc8100010ff0000ffff0400ffff00120018136f
0c000c7f0000ffffafc8afc840007fff0000ffff00500050000900121370
688068ff0000ffffafc8afc840007fff0000ffff09f509f5000900121371
688068ff0000ffff13ec13ecc000ffff0000ffff02020202000900121372
0cd00cd080008fff65f165f1381c381d0000ffff0000ffff0014001f1379
81128112e000efff8c5b8c5b1c441c450000ffff0000ffff0014001f137a
ef83ef8370007fff65f165f1381c381d0000ffff0000ffff0014001f137b
0ce00cff0000ffffafc9afc90000ffff0000ffff00450045000b0010137c
6860687f0000ffff13ed13ed0000ffff0000ffff00500050000b0010137d
8120813f0000ffffeebaeeba0000ffff0000ffff232b232b000b0010137e
8120813f0000ffff20f220f20000ffff0000ffff232b232b000b0010137f
8120813f0000ffffeebaeeba0000ffff0000ffff05990599000b00101380
8120813f0000ffff571957190000ffff0000ffff00500050000b00101381
0cd40cd70000ffff13ec13eca8b8a8bf0000ffff0000ffff000e001d1386
684468470000ffff13ec13eca8b8a8bf0000ffff0000ffff000e001d1387
0cd00cd0900093ffafc8afc818001fff0000ffff0000ffff001600151388
68426842c800cbffafc8afc818001fff0000ffff0000ffff001600151389
68426842c800cbff8c5b8c5b100017ff0000ffff0000ffff00160015138a
68426842c800cbff65f165f1300037ff0000ffff0000ffff00160015138b
81128112f800fbff8c5b8c5b100017ff0000ffff0000ffff00160015138c
0cd00cd0900093ff13ec13ecb000bfff0000ffff0000ffff00160014138f
10001fff0000ffff65f165f13a003bff0000ffff02020202000400171391
6848684f0000ffff13ec13eca8b4a8b70000ffff0000ffff000d001e13ac
6848684f0000ffff13ec13eca8b4a8b70000ffff0000ffff000d001e13ad
6848684f0000ffff8c5b8c5b1c401c430000ffff0000ffff000d001e13ae
8118811f0000ffff8c5b8c5b1c401c430000ffff0000ffff000d001e13af
ef88ef8f0000ffff65f165f13818381b0000ffff0000ffff000d001e13b0
68426842d000dfff8c5b8c5b18001bff0000ffff0400ffff0014001613b3
68426842d000dfff13ec13ecac00afff0000ffff0400ffff0014001613b4
6800683f0000ffff8c5b8c5b8000ffff0000ffff04be04be000a001113b5
6800683f0000ffff8c5b8c5b8000ffff0000ffff008f008f000a001113b6
6800683f0000ffff8c5b8c5b8000ffff0000ffff00500050000a001113b7
efc0efff0000ffff65f165f18000ffff0000ffff00450045000a001113b8
68426842c000c7ff8c5b8c5b18001bff0000ffff0000ffff0015001613bf
6842684200007fff8c5b8c5b1c801cff0000ffff0000ffff0011001913c0
ef83ef838000ffffeebbeebb5700577f0000ffff0000ffff0011001913c1
684068410000ffff13ec13eca8a0a8af0000ffff0000ffff000f001c13c2
6800683f0000ffff8c5b8c5b40007fff0000ffff00140015000a001213c5
68426842ce00cfff8c5b8c5b20003fff0000ffff0400ffff0017001313c8
81128112fc00fdff20f320f340005fff0000ffff0400ffff0017001313c9
ef83ef836a006bff57185718e000ffff0000ffff0400ffff0017001313ca
40007fff0000ffff8c5b8c5b1d001dff0000ffff232b232b0002001813cc
6842684200007fff65f165f1388038ff0000ffff0400ffff0011001913ce
6a006bff0000ffff13ec13ecb000bfff0000ffff008900890007001413cf
ec00edff0000ffff65f165f120002fff0000ffff001900190007001413d0
68426842ce00cfff8c5b8c5b00000fff0000ffff0000ffff0017001413d1
40005fff0000ffff8c5b8c5b1e001fff0000ffff020202020003001713d3
68426842c800cbff8c5b8c5b1c481c4f0000ffff0000ffff0016001d13d4
81128112f800fbff20f320f365c865cf0000ffff0000ffff0016001d13d5
ef83ef836c006fff65f165f1381038170000ffff0000ffff0016001d13d6
ef83ef836c006fffeebbeebb57c057c70000ffff0000ffff0016001d13d7
6800683f0000ffff13ec13ec00007fff00a100a10000ffff000a001113d8
68426842c000c7ff13ec13eca000a7ff0000ffff0000ffff0015001513de
68426842c000c7ff8c5b8c5b100017ff0000ffff0000ffff0015001513df
68426842c000c7ff65f165f1300037ff0000ffff0400ffff0015001513e1
81128112f000f7ff57185718c000c7ff0000ffff0400ffff0015001513e2
8112811200007fff8c5b8c5b1c001c3f0000ffff0000ffff0011001a13ea
ef83ef838000ffffeebbeebb578057bf0000ffff0000ffff0011001a13eb
ef82ef820000ffff8c5b8c5b1c001c3f0000ffff0000ffff0010001a13ef
e800ebff0000ffffeebbeebb58005fff0000ffff001900190006001513f8
e800ebff0000ffff8c5b8c5b100017ff0000ffff020202020006001513f9
ef90ef9f0000ffff65f165f1381c381d0000ffff0000ffff000c001f13fa
8000ffff0000ffff65f165f1388038ff0000ffff004500450001001913fd
e000e7ff0000ffff8c5b8c5b18001bff0000ffff004500450005001613fe
ef83ef836c006fff65f165f120002fff0000ffff0400ffff0016001413ff
ef82ef820000ffffeebbeebb57e057ff0000ffff0000ffff0010001b1400
ef84ef870000ffff8c5b8c5b1c501c5f0000ffff0400ffff000e001c1402
ee00eeff0000ffff65f165f100001fff0000ffff00890089000800131403
08000bff0000ffff65f165f120002fff0000ffff00190019000600141406
08000bff0000ffff13ec13ecb000bfff0000ffff00500050000600141407
6c006fff0000ffff65f165f120002fff0000ffff00500050000600141408
840087ff0000ffff8c5b8c5b00000fff0000ffff00190019000600141409
840087ff0000ffff8c5b8c5b00000fff0000ffff0050005000060014140a
e800ebff0000ffffeebbeebb40004fff0000ffff0077007700060014140b
0cd40cd70000ffff13ec13eca8a0a8af0000ffff0000ffff000e001c140c
684468470000ffff8c5b8c5b1c501c5f0000ffff0000ffff000e001c140d
811481170000ffffeebbeebb57d057df0000ffff0000ffff000e001c140e
0cd10cd10000ffffdfacdfac778077ff0000ffff0000ffff001000191416
0cd10cd10000ffffdfacdfac7700773f0000ffff0000ffff0010001a1417
ef82ef820000ffff57185718ca00ca3f0000ffff0000ffff0010001a1418
0cd00cd080008fff65f165f1300037ff0000ffff0400ffff001400151419
0c000c7f0000ffffdfacdfac00003fff0000ffff006d006e000900121422
0000ffff0000ffffdfacdfac7700773f0000ffff232b232b0000001a1424
0000ffff0000ffffdfacdfac7700773f0000ffff008900890000001a1425
0d000dff0000ffffafc8afc840007fff0000ffff0202020200080012143c
800080ff0000ffffeebbeebb00003fff0000ffff0202020200080012143d
0cd00cd0c000ffff13ec13ecaa00abff0000ffff0400ffff001200171443
0ce00cff0000ffff20f020f10000ffff0000ffff02020202000b000f1444
6860687f0000ffff8c588c590000ffff0000ffff066d066d000b000f1445
6860687f0000ffff8c588c590000ffff0000ffff01f401f4000b000f1446
8120813f0000ffff8c588c590000ffff0000ffff00350035000b000f1447
efa0efbf0000ffff8c588c590000ffff0000ffff1b581b58000b000f1448
0cd20cd30000ffff13ec13eca880a89f0000ffff0000ffff000f001b144a
684068410000ffff65f165f13820383f0000ffff0000ffff000f001b144b
0cd00cd0c000ffffafc8afc811a111a10000ffff0000ffff00120020144c
684268428000bfffafc8afc811a111a10000ffff0000ffff00120020144d
684268428000bfff8c5b8c5b1c471c470000ffff0000ffff00120020144e
ef83ef8300003fff57185718ca5fca5f0000ffff0000ffff00120020144f
ef83ef8300003fff8c5b8c5b1c471c470000ffff0000ffff001200201450
ef83ef8300003fff65f165f1381e381e0000ffff0000ffff001200201451
00003fff0000ffffafc8afc8120013ff0000ffff1a2b1a2b000200171455
00003fff0000ffffafc8afc8100010ff0000ffff00500050000200181456
00003fff0000ffffafc8afc8100010ff0000ffff00350035000200181457
c000ffff0000ffff8c5b8c5b1d001dff0000ffff05990599000200181458
c000ffff0000ffff65f165f1390039ff0000ffff02020202000200181459
0cd00cd0900093ffafc8afc800000fff0000ffff0000ffff001600141468
68426842c800cbff8c5b8c5b00000fff0000ffff0000ffff001600141469
0c800cbf0000ffff13ee13ef0000ffff0000ffff157c157c000a000f146b
68426842c800cbffafc8afc811b011bf0000ffff0000ffff0016001c146c
68426842c800cbff8c5b8c5b1c501c5f0000ffff0000ffff0016001c146d
81128112f800fbffeebbeebb57d057df0000ffff0000ffff0016001c146e
ef83ef836c006fff8c5b8c5b1c501c5f0000ffff0000ffff0016001c146f
ef83ef836c006fff65f165f13800380f0000ffff0000ffff0016001c1470
68426842ce00cfffafc8afc81180119f0000ffff0000ffff0017001b1472
68426842ce00cfff8c5b8c5b1c601c7f0000ffff0000ffff0017001b1473
ef83ef836a006bff8c5b8c5b1c601c7f0000ffff0000ffff0017001b1474
684268428000bfff13ec13ecaa00abff0000ffff0000ffff001200171481
68426842d000dfff13ec13eca8b4a8b70000ffff0000ffff0014001e1487
68426842d000dfff65f165f13818381b0000ffff0000ffff0014001e1488
68426842d000dfff8c5b8c5b1c401c430000ffff0000ffff0014001e1489
81128112e000efffeebbeebb57cc57cf0000ffff0000ffff0014001e148a
ef83ef8370007fff65f165f13818381b0000ffff0000ffff0014001e148b
68426842c000c7ff8c5b8c5b1c481c4f0000ffff0000ffff0015001d148c
68426842c000c7ff65f165f1381038170000ffff0000ffff0015001d148d
ef83ef83600067ffeebbeebb57c057c70000ffff0000ffff0015001d148e
ef83ef83600067ff8c5b8c5b1c481c4f0000ffff0000ffff0015001d148f
ef83ef83600067ff65f165f1381038170000ffff0000ffff0015001d1490
6c006fff0000ffff8c5b8c5b100017ff0000ffff006d006e000600151491
70007fff0000ffff8c5b8c5b18001bff0000ffff00450045000400161493
70007fff0000ffff8c5b8c5b18001bff0000ffff00450045000400161494
6850685f0000ffff13ec13eca8b8a8bf0000ffff0000ffff000c001d1495
8100810f0000ffff20f320f365c865cf0000ffff0000ffff000c001d1496
68426842d000dfff8c5b8c5b100017ff0000ffff0000ffff001400151497
ef83ef8370007fffeebbeebb58005fff0000ffff0000ffff001400151498
6848684f0000ffff65f165f13800380f0000ffff0000ffff000d001c149d
40005fff0000ffff8c5b8c5b1e001fff0000ffff22ab22ab00030017149f
c000dfff0000ffff65f165f13a003bff0000ffff020202020003001714a0
684468470000ffff65f165f13820383f0000ffff0400ffff000e001b14a2
690069ff0000ffff8c5b8c5b20003fff0000ffff001400150008001314a3
800080ff0000ffff20f320f340005fff0000ffff006d006e0008001314a4
68426842e000ffff8c5b8c5b18001bff0000ffff0000ffff0013001614a5
81128112c000dfff20f320f3600063ff0000ffff0000ffff0013001614a6
ef83ef8340005fffeebbeebb500053ff0000ffff0000ffff0013001614a7
00007fff0000ffff8c5b8c5b1c801cff0000ffff003500350001001914ad
8000ffff0000ffff65f165f1388038ff0000ffff008900890001001914ae
684268428000bfff8c5b8c5b1d001dff0000ffff0000ffff0012001814af
684368430000ffff13ec13eca800a87f0000ffff0400ffff0010001914b0
ef82ef820000ffff8c5b8c5b1c801cff0000ffff0400ffff0010001914b1
6842684200007fff65f165f1388038ff0000ffff0000ffff0011001914b2
8112811200007fff20f320f36500657f0000ffff0000ffff0011001914b3
818081ff0000ffff20f220f20000ffff0000ffff003500350009001014b5
ef00ef7f0000ffff571957190000ffff0000ffff005000500009001014b6
818081ff0000ffffeebbeebb8000ffff00a100a10000ffff0009001114b7
ef00ef7f0000ffff5718571800007fff003500350000ffff0009001114b8
8112811200007fffeebbeebb560056ff0000ffff0000ffff0011001814b9
ef83ef838000ffff65f165f1390039ff0000ffff0000ffff0011001814ba
81128112fc00fdff8c5b8c5b20003fff0000ffff0000ffff0017001314bb
ef83ef836a006bff8c5b8c5b20003fff0000ffff0000ffff0017001314bc
81128112c000dfff57185718ca5cca5d0000ffff0000ffff0013001f14bd
ef83ef8340005fff65f165f1381c381d0000ffff0000ffff0013001f14be
818081ff0000ffff8c5b8c5b8000ffff0000ffff18ca18ca0009001114bf
ef00ef7f0000ffffeebbeebb8000ffff0000ffff003500350009001114c0
81128112f800fbff57185718e000ffff0000ffff0000ffff0016001314c1
820083ff0000ffff57185718e000ffff0000ffff1e611e610007001314c3
ec00edff0000ffff8c5b8c5b20003fff0000ffff020202020007001314c4
efa0efbf0000ffff571a571b0000ffff0000ffff006d006e000b000f14c6
e000e7ff0000ffff57185718c000c7ff0000ffff004500450005001514c7
e000e7ff0000ffffeebbeebb58005fff0000ffff004500450005001514c8
efc0efff0000ffff65f065f00000ffff0000ffff00500050000a001014c9
ef83ef836c006fffeebbeebb60007fff0000ffff0400ffff0016001314cc
ef80ef810000ffffeebbeebb578057bf0000ffff0000ffff000f001a14d2
ef88ef8f0000ffffeebbeebb57c057c70000ffff0000ffff000d001d14d4
ef83ef83600067ffeebbeebb58005fff0000ffff0000ffff0015001514d5
efa0efbf0000ffff65f065f00000ffff0000ffff006d006e000b001014d6
efa0efbf0000ffffeebbeebb57c857c90000ffff0000ffff000b001f14d7
0cd00cd0c000ffff65f165f1381c381d0000ffff0000ffff0012001f14e6
684268428000bfff13ec13eca8b2a8b30000ffff0000ffff0012001f14e7
ef83ef8300003fff57185718ca5cca5d0000ffff0000ffff0012001f14e8
ef83ef8300003fff8c5b8c5b1c441c450000ffff0000ffff0012001f14e9
0cd00cd0a000bfffdfacdfac774477470000ffff0000ffff0013001e14f3
0cd00cd0a000bfffafc8afc811a411a70000ffff0000ffff0013001e14f4
68426842e000ffff13ec13eca8b4a8b70000ffff0000ffff0013001e14f5
68426842e000ffff8c5b8c5b1c401c430000ffff0000ffff0013001e14f6
0cd00cd0940095ff65f165f13840387f0000ffff0000ffff0017001a14f7
68426842ce00cfff8c5b8c5b1c001c3f0000ffff0000ffff0017001a14f8
68426842ce00cfff65f165f13840387f0000ffff0000ffff0017001a14f9
ef83ef836a006bff8c5b8c5b1c001c3f0000ffff0000ffff0017001a14fa
ef83ef836a006bff57185718ca00ca3f0000ffff0000ffff0017001a14fb
ef83ef836a006bff65f165f13840387f0000ffff0000ffff0017001a14fc
ef83ef836a006bffeebbeebb578057bf0000ffff0000ffff0017001a14fd
10001fff0000ffff65f165f1300037ff0000ffff003500350004001514fe
10001fff0000ffffafc8afc818001fff0000ffff005000500004001514ff
70007fff0000ffffafc8afc818001fff0000ffff232b232b000400151500
70007fff0000ffff8c5b8c5b100017ff0000ffff02020202000400151501
70007fff0000ffff65f165f1300037ff0000ffff00190019000400151502
90009fff0000ffff20f320f368006fff0000ffff00500050000400151503
f000ffff0000ffff57185718c000c7ff0000ffff232b232b000400151504
0c000c7f0000ffffdfaedfaf0000ffff0000ffff020202020009000f1505
0cd00cd0900093ff65f165f13820383f0000ffff0000ffff0016001b150e
68426842c800cbffafc8afc81180119f0000ffff0000ffff0016001b150f
68426842c800cbff8c5b8c5b1c601c7f0000ffff0000ffff0016001b1510
68426842c800cbff65f165f13820383f0000ffff0000ffff0016001b1511
68426842c800cbff13ec13eca880a89f0000ffff0000ffff0016001b1512
81128112f800fbffeebbeebb57e057ff0000ffff0000ffff0016001b1513
81128112f800fbff8c5b8c5b1c601c7f0000ffff0000ffff0016001b1514
ef83ef836c006fffeebbeebb57e057ff0000ffff0000ffff0016001b1515
ef83ef836c006fff57185718ca60ca7f0000ffff0000ffff0016001b1516
ef83ef836c006fff65f165f13820383f0000ffff0000ffff0016001b1517
ef83ef836c006fff8c5b8c5b1c601c7f0000ffff0000ffff0016001b1518
0c000c7f0000ffff13ec13ec00007fff0000ffff00140017000900111519
0cd10cd10000ffffafc8afc8100010ff0000ffff0400ffff001000181521
684368430000ffff65f165f1390039ff0000ffff0400ffff001000181522
811381130000ffff20f320f3640064ff0000ffff0400ffff001000181523
20003fff0000ffff13ec13ecac00afff0000ffff00450045000300161524
40005fff0000ffff8c5b8c5b18001bff0000ffff00500050000300161525
40005fff0000ffff8c5b8c5b18001bff0000ffff02020202000300161526
0e000fff0000ffffafc8afc840007fff0000ffff00160016000700121527
0cd00cd080008fffafc8afc811a811af0000ffff0000ffff0014001d1528
81128112e000efffeebbeebb57c057c70000ffff0000ffff0014001d1529
ef83ef8370007fff65f165f1381038170000ffff0000ffff0014001d152a
0cd00cd0c000ffffafc8afc8120013ff0000ffff0000ffff00120017152d
811281128000bfff20f320f3660067ff0000ffff0000ffff00120017152e
ef83ef8300003fff65f165f13a003bff0000ffff0000ffff00120017152f
ef83ef8300003fff8c5b8c5b1e001fff0000ffff0000ffff001200171530
08000bff0000ffffafc8afc840007fff0000ffff05990599000600121535
6c006fff0000ffff8c5b8c5b40007fff0000ffff00450045000600121536
688068ff0000ffffafc8afc811a211a30000ffff0000ffff0009001f153a
68426842c000c7ffafc8afc811b011bf0000ffff0000ffff0015001c153b
68426842c000c7ff8c5b8c5b1c501c5f0000ffff0000ffff0015001c153c
68426842c000c7ff13ec13eca8a0a8af0000ffff0000ffff0015001c153d
81128112f000f7ffdfacdfac7750775f0000ffff0000ffff0015001c153e
81128112f000f7ff8c5b8c5b1c501c5f0000ffff0000ffff0015001c153f
ef83ef83600067ffeebbeebb57d057df0000ffff0000ffff0015001c1540
ef83ef83600067ff8c5b8c5b1c501c5f0000ffff0000ffff0015001c1541
690069ff0000ffff13ec13ec00007fff0000ffff00a100a1000800111547
688068ff0000ffff65f265f30000ffff001600160000ffff0009000f1548
6842684200007fff13ec13eca8b0a8b00000ffff0000ffff00110020154a
ef83ef838000ffff8c5b8c5b1c471c470000ffff0000ffff00110020154b
6800683f0000ffff13ee13ef0000ffff0000ffff232b232b000a000f154e
8140817f0000ffff20f020f10000ffff0000ffff02020202000a000f154f
8140817f0000ffff20f020f10000ffff0000ffff00190019000a000f1550
efc0efff0000ffff65f265f30000ffff0000ffff00190019000a000f1551
efc0efff0000ffff65f265f30000ffff0000ffff232b232b000a000f1552
6c006fff0000ffff65f165f100001fff0000ffff15ae15ae000600131556
6c006fff0000ffff8c5b8c5b20003fff0000ffff00190019000600131557
e800ebff0000ffffeebbeebb60007fff0000ffff05990599000600131558
6800683f0000ffff8c5b8c5b1c441c450000ffff0000ffff000a001f1561
684068410000ffff13ec13eca8c0a8ff0000ffff0000ffff000f001a1562
ef80ef810000ffffeebbeebb578057bf0000ffff0000ffff000f001a1563
6842684200007fff8c5b8c5b1d001dff0000ffff0000ffff001100181564
8112811200007fff57185718cb00cbff0000ffff0000ffff001100181565
ef83ef838000ffffeebbeebb560056ff0000ffff0000ffff001100181566
68426842e000ffff8c5b8c5b100017ff0000ffff0000ffff001300151569
81128112c000dfffeebbeebb58005fff0000ffff0000ffff00130015156a
6860687f0000ffff65f165f13818381b0000ffff0000ffff000b001e156c
68426842ce00cfff8c5b8c5b40007fff0000ffff0000ffff00170012156d
ef83ef836a006bff65f165f140007fff0000ffff0000ffff00170012156e
684368430000ffff13ec13eca800a87f0000ffff0000ffff00100019156f
68426842d000dfff65f165f1300037ff0000ffff0000ffff001400151575
68426842e000ffff8c5b8c5b100017ff0000ffff0400ffff001300151576
6a006bff0000ffff8c5b8c5b40007fff0000ffff066d066e000700121579
6a006bff0000ffff13ec13ec00007fff0000ffff0035003500070011157a
820083ff0000ffff20f320f38000ffff0000ffff0089008900070011157b
0000ffff0000ffffdfacdfac778077ff0000ffff0050005000000019157c
0000ffff0000ffffdfacdfac778077ff0000ffff0035003500000019157d
0000ffff0000ffffdfacdfac778077ff0000ffff0089008900000019157e
0000ffff0000ffffdfacdfac778077ff0000ffff232b232b00000019157f
0000ffff0000ffffdfacdfac778077ff0000ffff02020202000000191580
8000ffff0000ffff20f320f3640064ff0000ffff00500050000100181581
8000ffff0000ffff65f165f1390039ff0000ffff00500050000100181582
8000ffff0000ffff65f165f1390039ff0000ffff00a100a1000100181583
8000ffff0000ffff65f165f1390039ff0000ffff00450045000100181584
8100810f0000ffff8c5b8c5b1c501c5f0000ffff0000ffff000c001c1585
8140817f0000ffff20f320f365c465c70000ffff0400ffff000a001e1586
8100810f0000ffffeebbeebb57c057c70000ffff0000ffff000c001d1589
81128112c000dfff8c5b8c5b100017ff0400ffff0000ffff00130015158b
818081ff0000ffff5718571800007fff0000ffff0714071500090011158c
811281128000bfff57185718cc00cfff0000ffff0000ffff00120016158d
e000e7ff0000ffff57185718d000dfff0000ffff1586158600050014158e
e000e7ff0000ffff65f165f120002fff0000ffff0089008900050014158f
ec00edff0000ffff57185718e000ffff0000ffff066d066e000700131591
ef83ef836c006fff65f165f100001fff0000ffff0000ffff001600131593
ef83ef8300003fff65f165f13c003fff0000ffff0400ffff001200161594
ef83ef8370007fff65f165f120002fff0000ffff0400ffff001400141595
ee00eeff0000ffff65f165f140007fff0000ffff006d006e000800121596
c000ffff0000ffff8c5b8c5b1e001fff0000ffff00500050000200171597
c000ffff0000ffff65f165f13a003bff0000ffff00350035000200171598
ef83ef836c006fff65f165f140007fff0400ffff0000ffff00160012159e
ef00ef7f0000ffff65f065f00000ffff0000ffff020202020009001015a3
ef84ef870000ffff8c5b8c5b1c601c7f0000ffff0000ffff000e001b15a4
0cd00cd0c000ffffdfacdfac774477470000ffff0000ffff0012001e15b4
684268428000bfffafc8afc811a411a70000ffff0000ffff0012001e15b5
684268428000bfff65f165f13818381b0000ffff0000ffff0012001e15b6
0000ffff0000ffffdfacdfac778077ff0000ffff071407150000001915b7
0cd10cd10000ffffdfacdfac740075ff0000ffff0400ffff0010001715b8
0cd00cd0a000bfff13ec13ecb000bfff0000ffff0000ffff0013001415b9
ef83ef8340005fffeebbeebb40004fff0000ffff0000ffff0013001415ba
0cd10cd10000ffffafc8afc811a111a10000ffff0000ffff0010002015cd
684368430000ffffafc8afc811a111a10000ffff0000ffff0010002015ce
811381130000ffff8c5b8c5b1c471c470000ffff0000ffff0010002015cf
00007fff0000ffffafc8afc8120013ff0000ffff138813880001001715d3
00007fff0000ffffafc8afc8120013ff0000ffff008f008f0001001715d4
0cd00cd0940095ffafc8afc81100117f0000ffff0000ffff0017001915d7
0cd00cd0940095ff65f165f1388038ff0000ffff0000ffff0017001915d8
68426842ce00cfffafc8afc81100117f0000ffff0000ffff0017001915d9
68426842ce00cfff65f165f1388038ff0000ffff0000ffff0017001915da
68426842ce00cfff13ec13eca800a87f0000ffff0000ffff0017001915db
ef83ef836a006bff65f165f1388038ff0000ffff0000ffff0017001915dc
ef83ef836a006bff8c5b8c5b1c801cff0000ffff0000ffff0017001915dd
ef83ef836a006bffeebbeebb5700577f0000ffff0000ffff0017001915de
0cd00cd0a000bfffafc8afc811a811af0000ffff0000ffff0013001d15df
0cd00cd0a000bfff65f165f1381038170000ffff0000ffff0013001d15e0
68426842e000ffff8c5b8c5b1c481c4f0000ffff0000ffff0013001d15e1
ef83ef8340005fff65f165f1381038170000ffff0000ffff0013001d15e2
ef83ef8340005fffeebbeebb57c057c70000ffff0000ffff0013001d15e3
ef83ef8340005fff8c5b8c5b1c481c4f0000ffff0000ffff0013001d15e4
0cd00cd098009fffafc8afc81180119f0000ffff0000ffff0015001b15ef
68426842c000c7ff8c5b8c5b1c601c7f0000ffff0000ffff0015001b15f0
68426842c000c7ff65f165f13820383f0000ffff0000ffff0015001b15f1
81128112f000f7ff8c5b8c5b1c601c7f0000ffff0000ffff0015001b15f2
81128112f000f7ffeebbeebb57e057ff0000ffff0000ffff0015001b15f3
ef83ef83600067ff65f165f13820383f0000ffff0000ffff0015001b15f4
ef83ef83600067ffeebbeebb57e057ff0000ffff0000ffff0015001b15f5
0cd00cd080008fff13ec13ecb000bfff0000ffff0000ffff0014001415f6
68426842d000dfff13ec13ecb000bfff0000ffff0000ffff0014001415f7
68426842d000dfff8c5b8c5b00000fff0000ffff0000ffff0014001415f8
68426842d000dfff8c5b8c5b00000fff0000ffff0000ffff0014001415f9
ef83ef8370007fff8c5b8c5b00000fff0000ffff0000ffff0014001415fa
0000ffff0000ffffdfacdfac760076ff0000ffff020202020000001815fb
0000ffff0000ffffdfacdfac760076ff0000ffff004500450000001815fc
0d000dff0000ffff13ee13ef0000ffff0000ffff020202020008000f15fe
690069ff0000ffff65f265f30000ffff0000ffff020202020008000f15ff
70007fff0000ffff20f320f340005fff0000ffff00500050000400131606
68426842c000c7ff65f165f140007fff0000ffff0000ffff001500121607
81128112f000f7ffeebbeebb00003fff0000ffff0000ffff001500121608
ef83ef83600067ff65f165f140007fff0000ffff0000ffff001500121609
70007fff0000ffffafc8afc800000fff008f008f0000ffff00040014160a
684268428000bfff13ec13eca000a7ff0000ffff0000ffff00120015160b
688068ff0000ffffafcaafcb0000ffff001900190000ffff0009000f160d
68426842c000c7ff8c5b8c5b40007fff0000ffff0400ffff001500121611
6c006fff0000ffff13ec13ecc000ffff0000ffff00450045000600121615
6c006fff0000ffff8c5b8c5b40007fff0000ffff00a100a1000600121616
840087ff0000ffff20f320f300003fff0000ffff02020202000600121617
e800ebff0000ffffeebbeebb00003fff0000ffff00190019000600121618
6848684f0000ffff13ec13eca000a7ff0000ffff001409cf000d00151619
690069ff0000ffff8c5a8c5a0000ffff0000ffff02020202000800101621
800080ff0000ffff20f220f20000ffff0000ffff066e066e000800101622
800080ff0000ffff8c5a8c5a0000ffff0000ffff02020202000800101623
ee00eeff0000ffff65f065f00000ffff0000ffff15a415a4000800101624
ee00eeff0000ffffeebaeeba0000ffff0000ffff05990599000800101625
68426842e000ffff65f165f1300037ff0000ffff0000ffff001300151626
81128112c000dfff20f320f368006fff0000ffff0000ffff001300151627
40007fff0000ffff13ec13ecac00afff00a100a10000ffff000200161628
6a006bff0000ffff65f165f18000ffff0000ffff00450045000700111629
820083ff0000ffff20f320f38000ffff0000ffff01f401f400070011162a
6860687f0000ffff65f165f1381038170000ffff0000ffff000b001d162d
68426842d000dfff13ec13eca8a0a8af0000ffff0000ffff0014001c162e
68426842d000dfff65f165f13800380f0000ffff0000ffff0014001c162f
81128112e000efff57185718ca40ca4f0000ffff0000ffff0014001c1630
ef83ef8370007fff57185718ca40ca4f0000ffff0000ffff0014001c1631
ef83ef8370007fff8c5b8c5b1c501c5f0000ffff0000ffff0014001c1632
ef83ef8370007fff65f165f13800380f0000ffff0000ffff0014001c1633
688068ff0000ffff65f165f1388038ff0000ffff001409cf000900191635
68426842c800cbff13ec13eca8c0a8ff0000ffff0000ffff0016001a1638
68426842c800cbff8c5b8c5b1c001c3f0000ffff0000ffff0016001a1639
81128112f800fbffeebbeebb578057bf0000ffff0000ffff0016001a163a
81128112f800fbff8c5b8c5b1c001c3f0000ffff0000ffff0016001a163b
ef83ef836c006fff57185718ca00ca3f0000ffff0000ffff0016001a163c
ef83ef836c006fffeebbeebb578057bf0000ffff0000ffff0016001a163d
ef83ef836c006fffdfacdfac7700773f0000ffff0000ffff0016001a163e
ef83ef836c006fff8c5b8c5b1c001c3f0000ffff0000ffff0016001a163f
600067ff0000ffff65f165f100001fff00a100a10000ffff000500131645
6842684200007fff13ec13ecac00afff0000ffff0000ffff001100161646
68426842c800cbff8c5b8c5b40007fff0000ffff0000ffff001600121647
68426842c800cbff8c5b8c5b40007fff0000ffff0000ffff001600121648
6a006bff0000ffff65f165f140007fff0000ffff00140015000700121649
00007fff0000ffff8c5b8c5b1d001dff066d066e0000ffff00010018164c
6800683f0000ffff8c5b8c5b1c401c430000ffff0000ffff000a001e1651
68426842ce00cfff13ec13ec00007fff0000ffff0000ffff001700111655
6842684200007fff65f165f13a003bff0000ffff0000ffff001100171656
8112811200007fffeebbeebb540055ff0000ffff0000ffff001100171657
6850685f0000ffff8c5b8c5b1c501c5f0000ffff0000ffff000c001c1658
ef90ef9f0000ffff8c5b8c5b1c501c5f0000ffff0000ffff000c001c1659
0000ffff0000ffffdfacdfac760076ff160016000000ffff00000018165a
0000ffff0000ffffdfacdfac760076ff157c157c0000ffff00000018165b
684368430000ffff65f165f13a003bff0000ffff0000ffff00100017165c
ef82ef820000ffffeebbeebb540055ff0000ffff0000ffff00100017165d
6a006bff0000ffff13ec13ec80009fff0000ffff0014001700070013165e
690069ff0000ffff8c5a8c5a0000ffff003500350000ffff00080010165f
81128112f000f7ffeebbeebb60007fff0000ffff0000ffff00150013166b
88008fff0000ffffeebbeebb60007fff0000ffff0599059900050013166c
e000e7ff0000ffffeebbeebb60007fff0000ffff0202020200050013166d
800080ff0000ffff8c5b8c5b40007fff0000ffff0014001700080012166e
8112811200007fff8c5b8c5b1c441c450000ffff0000ffff0011001f166f
ef83ef838000ffff8c5b8c5b1c441c450000ffff0000ffff0011001f1670
811281128000bfffeebbeebb58005fff0000ffff0400ffff001200151671
ef84ef870000ffff8c5b8c5b1c801cff0000ffff0400ffff000e0019167a
8000ffff0000ffff57185718c800c9ff059905990000ffff00010017167b
ef83ef836a006bff65f065f00000ffff0000ffff0000ffff001700101682
c000dfff0000ffff65f165f1300037ff0000ffff00190019000300151683
c000ffff0000ffff65f165f13c003fff0000ffff00500050000200161684
ef82ef820000ffff65f165f1390039ff0000ffff0000ffff001000181685
ef83ef8370007fff65f165f100001fff0000ffff0000ffff001400131687
efa0efbf0000ffff65f165f13800380f0000ffff0400ffff000b001c168e
ef84ef870000ffff65f165f1388038ff0000ffff0000ffff000e00191690
0cd00cd0900093ffdfacdfac778077ff0000ffff0000ffff001600191691
0cd00cd0900093ffafc8afc81100117f0000ffff0000ffff001600191692
68426842c800cbff65f165f1388038ff0000ffff0000ffff001600191693
68426842c800cbff8c5b8c5b1c801cff0000ffff0000ffff001600191694
81128112f800fbffeebbeebb5700577f0000ffff0000ffff001600191695
ef83ef836c006fff57185718ca80caff0000ffff0000ffff001600191696
0cd00cd0a000bfffdfacdfac7750775f0000ffff0000ffff0013001c1697
0cd00cd0a000bfff13ec13eca8a0a8af0000ffff0000ffff0013001c1698
68426842e000ffff13ec13eca8a0a8af0000ffff0000ffff0013001c1699
68426842e000ffff8c5b8c5b1c501c5f0000ffff0000ffff0013001c169a
ef83ef8340005fffeebbeebb57d057df0000ffff0000ffff0013001c169b
ef83ef8340005fff65f165f13800380f0000ffff0000ffff0013001c169c
0cd40cd70000ffffdfacdfac760076ff0000ffff0400ffff000e0018169d
684468470000ffff13ec13eca900a9ff0000ffff0400ffff000e0018169e
0cd00cd080008fffdfacdfac7760777f0000ffff0000ffff0014001b169f
0cd00cd080008fffafc8afc81180119f0000ffff0000ffff0014001b16a0
68426842d000dfff65f165f13820383f0000ffff0000ffff0014001b16a1
68426842d000dfff8c5b8c5b1c601c7f0000ffff0000ffff0014001b16a2
68426842d000dfff13ec13eca880a89f0000ffff0000ffff0014001b16a3
81128112e000efff20f320f365e065ff0000ffff0000ffff0014001b16a4
81128112e000efff57185718ca60ca7f0000ffff0000ffff0014001b16a5
ef83ef8370007fff57185718ca60ca7f0000ffff0000ffff0014001b16a6
ef83ef8370007fff65f165f13820383f0000ffff0000ffff0014001b16a7
0cd20cd30000ffffdfacdfac740075ff0000ffff0400ffff000f001716a8
0ce00cff0000ffffdfacdfac7750775f0000ffff0000ffff000b001c16a9
8120813f0000ffffeebbeebb57d057df0000ffff0000ffff000b001c16aa
0cd00cd0c000ffff13ec13eca000a7ff0000ffff0000ffff0012001516bc
684268428000bfffafc8afc818001fff0000ffff0000ffff0012001516bd
684268428000bfff8c5b8c5b100017ff0000ffff0000ffff0012001516be
811281128000bfffeebbeebb58005fff0000ffff0000ffff0012001516bf
ef83ef8300003fff8c5b8c5b100017ff0000ffff0000ffff0012001516c0
0c000c7f0000ffff65f265f30000ffff001400170000ffff0009000f16c1
0cd00cd098009fff65f165f13840387f0000ffff0000ffff0015001a16d1
68426842c000c7ffafc8afc811c011ff0000ffff0000ffff0015001a16d2
81128112f000f7ffeebbeebb578057bf0000ffff0000ffff0015001a16d3
81128112f000f7ff57185718ca00ca3f0000ffff0000ffff0015001a16d4
ef83ef83600067ff8c5b8c5b1c001c3f0000ffff0000ffff0015001a16d5
ef83ef83600067ff65f165f13840387f0000ffff0000ffff0015001a16d6
0cd00cd080008fffafc8afc840007fff0000ffff0000ffff0014001216de
ef83ef8370007fff65f165f140007fff0000ffff0000ffff0014001216df
10001fff0000ffffafc8afc820003fff0000ffff005000500004001316e0
0cd00cd0940095ffafc8afc8100010ff0000ffff0000ffff0017001816e2
68426842ce00cfff8c5b8c5b1d001dff0000ffff0000ffff0017001816e3
81128112fc00fdff8c5b8c5b1d001dff0000ffff0000ffff0017001816e4
81128112fc00fdff57185718cb00cbff0000ffff0000ffff0017001816e5
ef83ef836a006bffeebbeebb560056ff0000ffff0000ffff0017001816e6
ef83ef836a006bff57185718cb00cbff0000ffff0000ffff0017001816e7
ef83ef836a006bff65f165f1390039ff0000ffff0000ffff0017001816e8
ef83ef836a006bff8c5b8c5b1d001dff0000ffff0000ffff0017001816e9
00007fff0000ffffafc8afc8140017ff0000ffff005000500001001616ea
8000ffff0000ffff57185718cc00cfff0000ffff020202020001001616eb
0cd00cd0a000bfff65f165f100001fff0000ffff0400ffff0013001316ec
68426842e000ffff65f165f100001fff0000ffff0400ffff0013001316ed
81128112c000dfffeebbeebb60007fff0000ffff0400ffff0013001316ee
684368430000ffffafc8afc811a211a30000ffff0000ffff0010001f16fc
684368430000ffff65f165f1381c381d0000ffff0000ffff0010001f16fd
690069ff0000ffff65f265f30000ffff0000ffff008900890008000f16fe
ee00eeff0000ffffeeb8eeb90000ffff0000ffff232b232b0008000f16ff
600067ff0000ffffafc8afc840007fff0000ffff00450045000500121701
e000e7ff0000ffffeebbeebb00003fff0000ffff232b232b000500121702
684268428000bfff65f165f120002fff0000ffff0400ffff001200141703
684268428000bfffafc8afc800000fff0000ffff0400ffff001200141704
6842684200007fffafc8afc811a411a70000ffff0000ffff0011001e170a
68426842e000ffff8c5b8c5b00000fff0000ffff0000ffff00130014170b
68426842e000ffff13ec13ecb000bfff0000ffff0000ffff00130014170c
68426842e000ffff65f165f120002fff0000ffff0000ffff00130014170d
68426842ce00cfff13ed13ed0000ffff0000ffff0000ffff00170010170f
68426842ce00cfff8c5a8c5a0000ffff0000ffff0000ffff001700101710
ef83ef836a006bff65f065f00000ffff0000ffff0000ffff001700101711
68426842c000c7ff8c5b8c5b8000ffff0000ffff0400ffff00150011171b
6c006fff0000ffff13ec13ec80009fff0000ffff0014001700060013171d
40005fff0000ffff8c5b8c5b20003fff0000ffff232b232b00030013171e
6842684200007fff65f165f1300037ff0000ffff0000ffff00110015171f
68426842c800cbff8c5a8c5a0000ffff0000ffff0000ffff001600101721
6848684f0000ffff57185718ca00ca3f0000ffff0000ffff000d001a1723
6848684f0000ffff8c5b8c5b1c801cff0000ffff0000ffff000d00191725
6a006bff0000ffff8c5a8c5a0000ffff0000ffff008b008b000700101726
6a006bff0000ffff8c5b8c5b8000ffff0000ffff00140015000700111729
ec00edff0000ffffeebbeebb8000ffff0000ffff006d006e00070011172a
6c006fff0000ffff65f065f00000ffff0000ffff0202020200060010172b
68426842d000dfff8c5b8c5b20003fff0000ffff0000ffff00140013172c
81128112e000efff57185718e000ffff0000ffff0000ffff00140013172d
ef83ef8370007fffeebbeebb60007fff0000ffff0000ffff00140013172e
ef83ef8370007fff8c5b8c5b20003fff0000ffff0000ffff00140013172f
600067ff0000ffff8c5b8c5b40007fff008f008f0000ffff000500121733
684368430000ffff8c5b8c5b18001bff0400ffff0000ffff001000161742
684468470000ffff8c5b8c5b1c801cff0000ffff0000ffff000e00191746
840087ff0000ffff20f320f38000ffff0000ffff00450045000600111749
e800ebff0000ffff65f165f18000ffff0000ffff0045004500060011174a
a000bfff0000ffff8c5b8c5b00000fff00a100a10000ffff00030014174b
81128112e000efffeebbeebb00003fff0000ffff0400ffff001400121752
ef00ef7f0000ffff8c588c590000ffff0000ffff066d066e0009000f1762
ef00ef7f0000ffff65f265f30000ffff0000ffff071407150009000f1763
ef80ef810000ffff8c5b8c5b1e001fff0000ffff0000ffff000f00171766
ef83ef8340005fff65f165f100001fff0000ffff0000ffff001300131767
e000e7ff0000ffff8c5b8c5b8000ffff0000ffff15901590000500111768
ef83ef836c006fff65f165f18000ffff0000ffff0000ffff001600111769
ef83ef836c006fffeebbeebb8000ffff0000ffff0000ffff00160011176a
e800ebff0000ffff65f165f140007fff0000ffff006d006e00060012176b
0000ffff0000ffffdfacdfac700073ff005000500000ffff00000016176d
ef00ef7f0000ffff65f165f1381038170000ffff0400ffff0009001d1770
ec00edff0000ffff8c588c590000ffff0000ffff020202020007000f1771
ef80ef810000ffff65f165f1381e381e0000ffff0000ffff000f00201772
ef82ef820000ffffeebbeebb540055ff0000ffff0000ffff001000171777
0000ffff0000ffffdfacdfac740075ff0000ffff00450045000000171778
ef84ef870000ffffeebbeebb560056ff0000ffff0000ffff000e0018177a
0cd00cd098009fffdfaddfad0000ffff0000ffff0000ffff00150010177b
0cd00cd098009fff65f065f00000ffff0000ffff0000ffff00150010177c
0cd00cd080008fff13ec13eca8c0a8ff0000ffff0000ffff0014001a177e
0cd00cd080008fffdfacdfac7700773f0000ffff0000ffff0014001a177f
0cd00cd080008fff65f165f13840387f0000ffff0000ffff0014001a1780
0cd00cd080008fffafc8afc811c011ff0000ffff0000ffff0014001a1781
68426842d000dfff8c5b8c5b1c001c3f0000ffff0000ffff0014001a1782
81128112e000efffeebbeebb578057bf0000ffff0000ffff0014001a1783
ef83ef8370007fff8c5b8c5b1c001c3f0000ffff0000ffff0014001a1784
ef83ef8370007fff65f165f13840387f0000ffff0000ffff0014001a1785
000007ff0000ffff13ec13ec00007fff0000ffff15901590000500111786
e000e7ff0000ffff8c5b8c5b8000ffff0000ffff00500050000500111787
0cd00cd0900093ffdfacdfac760076ff0000ffff0000ffff001600181789
68426842c800cbff8c5b8c5b1d001dff0000ffff0000ffff00160018178a
68426842c800cbff13ec13eca900a9ff0000ffff0000ffff00160018178b
81128112f800fbff8c5b8c5b1d001dff0000ffff0000ffff00160018178c
81128112f800fbff20f320f3640064ff0000ffff0000ffff00160018178d
ef83ef836c006fff8c5b8c5b1d001dff0000ffff0000ffff00160018178e
ef83ef836c006fff65f165f1390039ff0000ffff0000ffff00160018178f
0cd00cd0a000bfff13ec13ec80009fff0000ffff0000ffff001300131790
0e000fff0000ffff13ee13ef0000ffff0000ffff004500450007000f1792
0e000fff0000ffff13ee13ef0000ffff0000ffff003500350007000f1793
6a006bff0000ffff20f020f10000ffff0000ffff004500450007000f1794
ec00edff0000ffff571a571b0000ffff0000ffff004500450007000f1795
0cd00cd0940095ff13ec13ecaa00abff0000ffff0000ffff001700171797
0cd00cd0940095ffafc8afc8120013ff0000ffff0000ffff001700171798
68426842ce00cfffafc8afc8120013ff0000ffff0000ffff001700171799
68426842ce00cfff65f165f13a003bff0000ffff0000ffff00170017179a
68426842ce00cfff8c5b8c5b1e001fff0000ffff0000ffff00170017179b
68426842ce00cfff13ec13ecaa00abff0000ffff0000ffff00170017179c
81128112fc00fdff20f320f3660067ff0000ffff0000ffff00170017179d
81128112fc00fdff57185718c800c9ff0000ffff0000ffff00170017179e
81128112fc00fdff8c5b8c5b1e001fff0000ffff0000ffff00170017179f
ef83ef836a006bff57185718c800c9ff0000ffff0000ffff0017001717a0
ef83ef836a006bff8c5b8c5b1e001fff0000ffff0000ffff0017001717a1
0cd00cd0c000ffff13ec13eca8a0a8af0000ffff0000ffff0012001c17a6
684268428000bfff20f320f365d065df0000ffff0000ffff0012001c17a7
684268428000bfff13ec13eca8a0a8af0000ffff0000ffff0012001c17a8
684268428000bfff8c5b8c5b1c501c5f0000ffff0000ffff0012001c17a9
811281128000bfffeebbeebb57d057df0000ffff0000ffff0012001c17aa
ef83ef8300003fff65f165f13800380f0000ffff0000ffff0012001c17ab
ef83ef8300003fff8c5b8c5b1c501c5f0000ffff0000ffff0012001c17ac
08000bff0000ffff65f065f00000ffff0000ffff020202020006001017ae
840087ff0000ffff20f220f20000ffff0000ffff005000500006001017af
840087ff0000ffff20f220f20000ffff0000ffff00a100a10006001017b0
e800ebff0000ffff571957190000ffff0000ffff007100710006001017b1
0cd00cd0c000ffffafc8afc820003fff0000ffff0400ffff0012001317b2
ef83ef8300003fff57185718e000ffff0000ffff0400ffff0012001317b3
0cd00cd0a000bfff65f165f13820383f0000ffff0000ffff0013001b17b9
0cd00cd0a000bfffafc8afc81180119f0000ffff0000ffff0013001b17ba
68426842e000ffff8c5b8c5b1c601c7f0000ffff0000ffff0013001b17bb
81128112c000dfff8c5b8c5b1c601c7f0000ffff0000ffff0013001b17bc
ef83ef8340005fff57185718ca60ca7f0000ffff0000ffff0013001b17bd
ef83ef8340005fff8c5b8c5b1c601c7f0000ffff0000ffff0013001b17be
ef83ef8340005fff65f165f13820383f0000ffff0000ffff0013001b17bf
0cd00cd098009fff65f165f1388038ff0000ffff0000ffff0015001917c0
68426842c000c7ff65f165f1388038ff0000ffff0000ffff0015001917c1
68426842c000c7ff8c5b8c5b1c801cff0000ffff0000ffff0015001917c2
81128112f000f7ff8c5b8c5b1c801cff0000ffff0000ffff0015001917c3
81128112f000f7ff20f320f36500657f0000ffff0000ffff0015001917c4
ef83ef83600067ff57185718ca80caff0000ffff0000ffff0015001917c5
ef83ef83600067ff8c5b8c5b1c801cff0000ffff0000ffff0015001917c6
ef83ef83600067ff65f165f1388038ff0000ffff0000ffff0015001917c7
08000bff0000ffff13ee13ef0000ffff0000ffff232b232b0006000f17db
10001fff0000ffffafc8afc820003fff0000ffff006d006e0004001317df
6842684200007fffafc8afc811a811af0000ffff0000ffff0011001d17e0
6842684200007fff8c5b8c5b1c481c4f0000ffff0000ffff0011001d17e1
ef83ef838000ffff8c5b8c5b1c481c4f0000ffff0000ffff0011001d17e2
684068410000ffffafc8afc811a211a30000ffff0000ffff000f001f17fb
ef80ef810000ffff8c5b8c5b1c441c450000ffff0000ffff000f001f17fc
684368430000ffff8c5b8c5b1c401c430000ffff0000ffff0010001e17ff
811381130000ffff57185718ca58ca5b0000ffff0000ffff0010001e1800
ef82ef820000ffffeebbeebb57cc57cf0000ffff0000ffff0010001e1801
ef82ef820000ffff65f165f13818381b0000ffff0000ffff0010001e1802
40005fff0000ffff8c5b8c5b20003fff0000ffff00450045000300131803
40005fff0000ffff13ec13ec80009fff0000ffff00350035000300131804
6842684200007fff65f165f120002fff0000ffff0000ffff001100141812
ef83ef838000ffff8c5b8c5b00000fff0000ffff0000ffff001100141813
68426842c000c7ff8c5a8c5a0000ffff0000ffff0400ffff001500101819
684468470000ffff8c5b8c5b1e001fff0000ffff0400ffff000e00171821
40007fff0000ffff8c5b8c5b00000fff0000ffff00450045000200141822
c000ffff0000ffff8c5b8c5b00000fff0000ffff00450045000200141823
68426842c000c7ff13ec13ec00007fff0000ffff0000ffff001500111824
ef83ef83600067ff65f165f18000ffff0000ffff0000ffff001500111825
684468470000ffff65f165f1381f381f0000ffff0000ffff000e00201826
ef84ef870000ffff57185718ca5fca5f0000ffff0000ffff000e00201827
ef84ef870000ffffeebbeebb57ca57ca0000ffff0000ffff000e00201828
684268428000bfff13ec13ecb000bfff0000ffff0000ffff00120014182a
ef83ef8300003fff65f165f120002fff0000ffff0000ffff00120014182b
68426842ce00cfff8c588c590000ffff0000ffff0000ffff0017000f182c
684368430000ffff13ec13ecac00afff0000ffff0000ffff00100016182d
ef82ef820000ffff8c5b8c5b18001bff0000ffff0000ffff00100016182e
8120813f0000ffffeebbeebb578057bf0000ffff0400ffff000b001a1832
81128112c000dfff571857188000bfff0000ffff0400ffff00130012183a
840087ff0000ffff8c5b8c5b1c441c450000ffff0000ffff0006001f1840
81128112f800fbff571957190000ffff0000ffff0000ffff001600101841
81128112e000efff5718571800007fff0000ffff0400ffff001400111842
811081110000ffff8c5b8c5b18001bff0000ffff0000ffff000f00161843
8118811f0000ffff8c5b8c5b1d001dff0000ffff0400ffff000d00181845
0000ffff0000ffffdfacdfac700073ff157c157c0000ffff000000161846
ef80ef810000ffff57185718c800c9ff0000ffff0000ffff000f00171848
ef83ef8340005fff571857188000bfff0000ffff0000ffff00130012184b
e800ebff0000ffff5718571800007fff0000ffff006d006e00060011184c
ef82ef820000ffff8c5b8c5b100017ff0000ffff0000ffff00100015184f
ef84ef870000ffff8c5b8c5b1e001fff0400ffff0000ffff000e00171850
ef83ef838000ffffeebbeebb58005fff0000ffff0000ffff001100151852
ef83ef836c006fff65f265f30000ffff0000ffff0400ffff0016000f1853
0000ffff0000ffffdfacdfac700073ff0000ffff066d066d000000161856
ef83ef838000ffffeebbeebb40004fff0000ffff0400ffff001100141857
ef83ef8370007fff8c5b8c5b40007fff0000ffff0000ffff001400121858
0cd00cd0940095ff65f165f13c003fff0000ffff0000ffff001700161859
0cd00cd0940095ff13ec13ecac00afff0000ffff0000ffff00170016185a
0cd00cd0940095ffafc8afc8140017ff0000ffff0000ffff00170016185b
68426842ce00cfff8c5b8c5b18001bff0000ffff0000ffff00170016185c
81128112fc00fdff20f320f3600063ff0000ffff0000ffff00170016185d
81128112fc00fdffeebbeebb500053ff0000ffff0000ffff00170016185e
ef83ef836a006bff8c5b8c5b18001bff0000ffff0000ffff00170016185f
0cd00cd098009fffdfacdfac760076ff0000ffff0000ffff001500181862
0cd00cd098009fff65f165f1390039ff0000ffff0000ffff001500181863
81128112f000f7ff57185718cb00cbff0000ffff0000ffff001500181864
ef83ef83600067ff8c5b8c5b1d001dff0000ffff0000ffff001500181865
ef83ef83600067ff65f165f1390039ff0000ffff0000ffff001500181866
0cd00cd0a000bfff65f165f13840387f0000ffff0000ffff0013001a1872
68426842e000ffffafc8afc811c011ff0000ffff0000ffff0013001a1873
68426842e000ffff8c5b8c5b1c001c3f0000ffff0000ffff0013001a1874
81128112c000dfff20f320f3658065bf0000ffff0000ffff0013001a1875
ef83ef8340005fff57185718ca00ca3f0000ffff0000ffff0013001a1876
ef83ef8340005fffeebbeebb578057bf0000ffff0000ffff0013001a1877
ef83ef8340005fff65f165f13840387f0000ffff0000ffff0013001a1878
ef83ef8340005fff8c5b8c5b1c001c3f0000ffff0000ffff0013001a1879
0cd40cd70000ffff65f165f1381c381d0000ffff0000ffff000e001f187a
811481170000ffff57185718ca5cca5d0000ffff0000ffff000e001f187b
ef84ef870000ffff65f165f1381c381d0000ffff0000ffff000e001f187c
ef84ef870000ffff8c5b8c5b1c441c450000ffff0000ffff000e001f187d
0cd00cd0c000ffffdfacdfac00003fff0000ffff0400ffff00120012187e
684268428000bfff13ec13ecc000ffff0000ffff0400ffff00120012187f
0cd10cd10000ffffdfacdfac7748774f0000ffff0000ffff0010001d1880
811381130000ffffeebbeebb57c057c70000ffff0000ffff0010001d1881
ef82ef820000ffffeebbeebb57c057c70000ffff0000ffff0010001d1882
ef82ef820000ffff65f165f1381038170000ffff0000ffff0010001d1883
0cd00cd0c000ffffafc8afc81180119f0000ffff0000ffff0012001b188d
0cd00cd0c000ffff13ec13eca880a89f0000ffff0000ffff0012001b188e
684268428000bfff13ec13eca880a89f0000ffff0000ffff0012001b188f
ef83ef8300003fffeebbeebb57e057ff0000ffff0000ffff0012001b1890
0cd00cd080008fffafc8afc81100117f0000ffff0000ffff001400191899
68426842d000dfff13ec13eca800a87f0000ffff0000ffff00140019189a
68426842d000dfffafc8afc81100117f0000ffff0000ffff00140019189b
68426842d000dfff8c5b8c5b1c801cff0000ffff0000ffff00140019189c
68426842d000dfff65f165f1388038ff0000ffff0000ffff00140019189d
81128112e000efff57185718ca80caff0000ffff0000ffff00140019189e
ef83ef8370007fff65f165f1388038ff0000ffff0000ffff00140019189f
ef83ef8370007fffeebbeebb5700577f0000ffff0000ffff0014001918a0
ef83ef8370007fff8c5b8c5b1c801cff0000ffff0000ffff0014001918a1
0cd20cd30000ffffafc8afc818001fff0000ffff0400ffff000f001518a8
811081110000ffffeebbeebb58005fff0000ffff0400ffff000f001518a9
0cd20cd30000ffff13ec13ecac00afff0000ffff0000ffff000f001618aa
0cd20cd30000ffffafc8afc8140017ff0000ffff0000ffff000f001618ab
ef80ef810000ffff65f165f13c003fff0000ffff0000ffff000f001618ac
0cd00cd0900093ff13ee13ef0000ffff0000ffff0000ffff0016000f18b3
81128112f800fbffeeb8eeb90000ffff0000ffff0000ffff0016000f18b4
ef83ef836c006fff65f265f30000ffff0000ffff0000ffff0016000f18b5
20003fff0000ffff13ec13ecc000ffff0000ffff020202020003001218bb
40005fff0000ffff20f320f300003fff0000ffff1b3a1b3a0003001218bc
40005fff0000ffff13ec13ecc000ffff0000ffff020202020003001218bd
40005fff0000ffffafc8afc88000ffff003500350000ffff0003001118cc
6848684f0000ffffafc8afc8100010ff0000ffff0000ffff000d001818ce
6848684f0000ffff13ec13eca900a9ff0000ffff0000ffff000d001818cf
6848684f0000ffff8c5b8c5b1d001dff0000ffff0000ffff000d001818d0
8118811f0000ffffeebbeebb560056ff0000ffff0000ffff000d001818d1
6850685f0000ffffafc8afc81100117f0000ffff0000ffff000c001918d2
68426842d000dfff8c5a8c5a0000ffff0000ffff0000ffff0014001018e0
40005fff0000ffff65f165f18000ffff0000ffff003500350003001118e1
6c006fff0000ffff65f265f30000ffff0000ffff232b232b0006000f18e7
6c006fff0000ffff8c588c590000ffff0000ffff004500450006000f18e8
e800ebff0000ffffeeb8eeb90000ffff0000ffff020202020006000f18e9
e800ebff0000ffffeeb8eeb90000ffff0000ffff158615860006000f18ea
6842684200007fff8c5b8c5b1c501c5f0000ffff0000ffff0011001c18eb
8112811200007fffeebbeebb57d057df0000ffff0000ffff0011001c18ec
ef83ef838000ffff57185718ca40ca4f0000ffff0000ffff0011001c18ed
ef83ef838000ffff65f165f13800380f0000ffff0000ffff0011001c18ee
684068410000ffff13ec13eca000a7ff0000ffff0000ffff000f001518f0
684068410000ffff65f165f13818381b0000ffff0000ffff000f001e18f1
811081110000ffff57185718ca58ca5b0000ffff0000ffff000f001e18f2
ef80ef810000ffff8c5b8c5b1c401c430000ffff0000ffff000f001e18f3
ef80ef810000ffff65f165f13818381b0000ffff0000ffff000f001e18f4
684368430000ffff65f165f1300037ff0000ffff0000ffff0010001518f8
811381130000ffff20f320f368006fff0000ffff0000ffff0010001518f9
ef82ef820000ffff8c5b8c5b100017ff0000ffff0000ffff0010001518fa
68426842c800cbff8c5b8c5b1e001fff0000ffff0000ffff0016001718fb
68426842c800cbff65f165f13a003bff0000ffff0000ffff0016001718fc
81128112f800fbff57185718c800c9ff0000ffff0000ffff0016001718fd
ef83ef836c006fff57185718c800c9ff0000ffff0000ffff0016001718fe
ef83ef836c006fffeebbeebb540055ff0000ffff0000ffff0016001718ff
6842684200007fff8c5b8c5b20003fff0000ffff0400ffff001100131900
8112811200007fff8c5b8c5b20003fff0000ffff0400ffff001100131901
40007fff0000ffff8c5b8c5b20003fff0000ffff02020202000200131902
8112811200007fff20f320f340005fff0000ffff0000ffff001100131904
90009fff0000ffff5718571800007fff059905990000ffff000400111906
800080ff0000ffff8c588c590000ffff0000ffff001400170008000f190a
81128112f000f7ff8c5a8c5a0000ffff0000ffff0000ffff00150010190c
ef83ef83600067ff571957190000ffff0000ffff0000ffff00150010190d
820083ff0000ffff571a571b0000ffff0000ffff001400150007000f190e
ec00edff0000ffff8c588c590000ffff0000ffff006d006e0007000f190f
81128112e000efffeebbeebb8000ffff0000ffff0000ffff001400111910
ef83ef83600067ffeeb8eeb90000ffff0000ffff0000ffff0015000f1911
ef83ef8340005fff571857188000bfff0000ffff0000ffff001300121912
ef83ef8340005fff8c5b8c5b40007fff0000ffff0000ffff001300121913
ef90ef9f0000ffff8c5b8c5b1d001dff0000ffff0000ffff000c00181919
ef90ef9f0000ffff65f165f1390039ff0000ffff0000ffff000c0018191a
f000ffff0000ffff65f165f18000ffff0000ffff0050005000040011191d
f000ffff0000ffffeebbeebb8000ffff0000ffff0202020200040011191e
f000ffff0000ffff65f165f18000ffff0000ffff0035003500040011191f
ef84ef870000ffff65f165f13c003fff0000ffff0000ffff000e00161924
ef83ef8340005fff65f165f18000ffff0000ffff0400ffff001300111925
0c800cbf0000ffffdfacdfac7700773f0000ffff0000ffff000a001a192b
0c800cbf0000ffffafc8afc811c011ff0000ffff0000ffff000a001a192c
0cc00ccf0000ffff13ec13ecaa00abff0000ffff0400ffff000c00171933
ef90ef9f0000ffff8c5b8c5b1e001fff0000ffff0400ffff000c00171934
0cd00cd080008fffdfacdfac760076ff0000ffff0000ffff00140018193c
0cd00cd080008fffafc8afc8100010ff0000ffff0000ffff00140018193d
68426842d000dfff8c5b8c5b1d001dff0000ffff0000ffff00140018193e
81128112e000efffeebbeebb560056ff0000ffff0000ffff00140018193f
ef83ef8370007fffeebbeebb560056ff0000ffff0000ffff001400181940
ef83ef8370007fff65f165f1390039ff0000ffff0000ffff001400181941
0cd00cd0a000bfff65f165f18000ffff0000ffff0000ffff001300111942
68426842e000ffff65f165f18000ffff0000ffff0000ffff001300111943
000007ff0000ffffdfaedfaf0000ffff0000ffff001600160005000f1944
88008fff0000ffff8c588c590000ffff0000ffff003500350005000f1945
e000e7ff0000ffffeeb8eeb90000ffff0000ffff004500450005000f1946
0cd00cd080008fffdfaddfad0000ffff0000ffff0000ffff001400101947
68426842d000dfff13ed13ed0000ffff0000ffff0000ffff001400101948
68426842d000dfff13ed13ed0000ffff0000ffff0000ffff001400101949
ef83ef8370007fff8c5a8c5a0000ffff0000ffff0000ffff00140010194a
0ce00cff0000ffffafc8afc8100010ff0000ffff0400ffff000b0018194b
0cd00cd098009fff13ec13ecaa00abff0000ffff0000ffff00150017194f
0cd00cd098009fffafc8afc8120013ff0000ffff0000ffff001500171950
68426842c000c7ffafc8afc8120013ff0000ffff0000ffff001500171951
68426842c000c7ff8c5b8c5b1e001fff0000ffff0000ffff001500171952
ef83ef83600067ff57185718c800c9ff0000ffff0000ffff001500171953
ef83ef83600067ff8c5b8c5b1e001fff0000ffff0000ffff001500171954
ef83ef83600067ff65f165f13a003bff0000ffff0000ffff001500171955
0cd00cd0900093ffafc8afc8140017ff0000ffff0000ffff001600161964
0cd00cd0900093ff65f165f13c003fff0000ffff0000ffff001600161965
68426842c800cbff65f165f13c003fff0000ffff0000ffff001600161966
81128112f800fbff8c5b8c5b18001bff0000ffff0000ffff001600161967
81128112f800fbff57185718cc00cfff0000ffff0000ffff001600161968
ef83ef836c006fff57185718cc00cfff0000ffff0000ffff001600161969
ef83ef836c006fff8c5b8c5b18001bff0000ffff0000ffff00160016196a
ef83ef836c006fff65f165f13c003fff0000ffff0000ffff00160016196b
0cd00cd0c000ffff65f165f18000ffff0000ffff0000ffff00120011196c
0cd00cd0c000ffffafc8afc88000ffff0000ffff0000ffff00120011196d
811281128000bfffeebbeebb8000ffff0000ffff0000ffff00120011196e
0cd00cd0c000ffff13ec13ecc000ffff0000ffff0000ffff001200121973
ef83ef8300003fffeebbeebb00003fff0000ffff0000ffff001200121974
0cd80cdf0000ffff65f165f1381c381d0000ffff0000ffff000d001f1983
0cd80cdf0000ffff13ec13eca8b2a8b30000ffff0000ffff000d001f1984
0cd00cd0c000ffffafc8afc88000ffff0000ffff0400ffff001200111990
684268428000bfff8c5b8c5b8000ffff0000ffff0400ffff001200111991
0cd00cd0940095ff13ec13eca000a7ff0000ffff0000ffff00170015199a
0cd00cd0940095ffafc8afc818001fff0000ffff0000ffff00170015199b
68426842ce00cfff8c5b8c5b100017ff0000ffff0000ffff00170015199c
81128112fc00fdff20f320f368006fff0000ffff0000ffff00170015199d
81128112fc00fdff57185718c000c7ff0000ffff0000ffff00170015199e
ef83ef836a006bff65f165f1300037ff0000ffff0000ffff00170015199f
ef83ef836a006bffeebbeebb58005fff0000ffff0000ffff0017001519a0
0cc00ccf0000ffff65f165f1381f381f0000ffff0000ffff000c002019a1
6850685f0000ffff8c5b8c5b1c471c470000ffff0000ffff000c002019a2
600067ff0000ffffafcaafcb0000ffff003500350000ffff0005000f19a3
684468470000ffff65f165f1300037ff0000ffff0000ffff000e001519a7
68426842e000ffff13ec13eca800a87f0000ffff0000ffff0013001919a8
81128112c000dfffeebbeebb5700577f0000ffff0000ffff0013001919a9
ef83ef8340005fff65f165f1388038ff0000ffff0000ffff0013001919aa
ef83ef8340005fffeebbeebb5700577f0000ffff0000ffff0013001919ab
684268428000bfff13ec13eca8c0a8ff0000ffff0000ffff0012001a19af
811281128000bfffeebbeebb578057bf0000ffff0000ffff0012001a19b0
ef83ef8300003fff57185718ca00ca3f0000ffff0000ffff0012001a19b1
684468470000ffff8c5b8c5b1c401c430000ffff0000ffff000e001e19b6
811481170000ffffeebbeebb57cc57cf0000ffff0000ffff000e001e19b7
684368430000ffff13ec13eca8a0a8af0000ffff0000ffff0010001c19c8
ef82ef820000ffffeebbeebb57d057df0000ffff0000ffff0010001c19c9
ef82ef820000ffff65f165f13800380f0000ffff0000ffff0010001c19ca
6842684200007fff8c5b8c5b40007fff0000ffff0000ffff0011001219cd
6842684200007fff13ec13eca880a89f0000ffff0000ffff0011001b19cf
6842684200007fff8c5b8c5b1c601c7f0000ffff0000ffff0011001b19d0
8112811200007fffeebbeebb57e057ff0000ffff0000ffff0011001b19d1
ef83ef838000ffff8c5b8c5b1c601c7f0000ffff0000ffff0011001b19d2
ef83ef838000ffff65f165f13820383f0000ffff0000ffff0011001b19d3
690069ff0000ffff8c5b8c5b1c501c5f0000ffff0000ffff0008001c19d4
70007fff0000ffff8c5a8c5a0000ffff0000ffff007700770004001019d5
68426842e000ffff13ed13ed0000ffff0000ffff0400ffff0013001019d6
684068410000ffff65f165f1381038170000ffff0000ffff000f001d19d7
811081110000ffff20f320f365c865cf0000ffff0000ffff000f001d19d8
811081110000ffff57185718ca50ca570000ffff0000ffff000f001d19d9
ef80ef810000ffff65f165f1381038170000ffff0000ffff000f001d19da
0000ffff0000ffffdfacdfac40005fff0000ffff007100710000001319dc
684368430000ffff8c5b8c5b20003fff0000ffff0400ffff0010001319de
ef82ef820000ffffeebbeebb60007fff0000ffff0400ffff0010001319df
ef82ef820000ffff8c5b8c5b20003fff0000ffff0400ffff0010001319e0
40005fff0000ffff8c5b8c5b8000ffff0000ffff004500450003001119e1
c000dfff0000ffffeebbeebb8000ffff0000ffff008900890003001119e2
68426842d000dfff13ee13ef0000ffff0000ffff0400ffff0014000f19e3
ef83ef8370007fff65f265f30000ffff0000ffff0400ffff0014000f19e4
811081110000ffffeebbeebb58005fff0000ffff0000ffff000f001519f0
0000ffff0000ffffdfacdfac60006fff0000ffff004500450000001419f5
efc0efff0000ffff8c5b8c5b1c801cff0000ffff0400ffff000a001919f7
ef83ef838000ffff65f165f140007fff0000ffff0400ffff0011001219fd
ef80ef810000ffff65f165f120002fff0000ffff0400ffff000f001419ff
ef80ef810000ffffeebbeebb40004fff0000ffff0400ffff000f00141a00
ef00ef7f0000ffffeebbeebb57e057ff0000ffff0000ffff0009001b1a02
ef82ef820000ffff65f165f120002fff0000ffff0000ffff001000141a03
ef84ef870000ffff65f165f13c003fff0000ffff0000ffff000e00161a04
0cd00cd080008fffdfacdfac740075ff0000ffff0000ffff001400171a07
68426842d000dfffafc8afc8120013ff0000ffff0000ffff001400171a08
68426842d000dfff8c5b8c5b1e001fff0000ffff0000ffff001400171a09
81128112e000efffeebbeebb540055ff0000ffff0000ffff001400171a0a
ef83ef8370007fff8c5b8c5b1e001fff0000ffff0000ffff001400171a0b
ef83ef8370007fff65f165f13a003bff0000ffff0000ffff001400171a0c
0cd20cd30000ffffdfacdfac7750775f0000ffff0000ffff000f001c1a0d
684068410000ffff65f165f13800380f0000ffff0000ffff000f001c1a0e
684068410000ffff13ec13eca8a0a8af0000ffff0000ffff000f001c1a0f
811081110000ffff8c5b8c5b1c501c5f0000ffff0000ffff000f001c1a10
811081110000ffffeebbeebb57d057df0000ffff0000ffff000f001c1a11
ef80ef810000ffff57185718ca40ca4f0000ffff0000ffff000f001c1a12
ef80ef810000ffff65f165f13800380f0000ffff0000ffff000f001c1a13
0cc00ccf0000ffffdfacdfac774277430000ffff0000ffff000c001f1a14
6850685f0000ffff65f165f1381c381d0000ffff0000ffff000c001f1a15
6850685f0000ffff8c5b8c5b1c441c450000ffff0000ffff000c001f1a16
8100810f0000ffff57185718ca5cca5d0000ffff0000ffff000c001f1a17
ef90ef9f0000ffff57185718ca5cca5d0000ffff0000ffff000c001f1a18
ef90ef9f0000ffff65f165f1381c381d0000ffff0000ffff000c001f1a19
0ce00cff0000ffff65f165f1381f381f0000ffff0000ffff000b00201a1c
6860687f0000ffff8c5b8c5b1c471c470000ffff0000ffff000b00201a1d
0cd00cd000007fffdfacdfac7700773f0000ffff0000ffff0011001a1a1e
6842684200007fff8c5b8c5b1c001c3f0000ffff0000ffff0011001a1a1f
8112811200007fff20f320f3658065bf0000ffff0000ffff0011001a1a20
8112811200007fff57185718ca00ca3f0000ffff0000ffff0011001a1a21
8112811200007fff8c5b8c5b1c001c3f0000ffff0000ffff0011001a1a22
ef83ef838000ffff57185718ca00ca3f0000ffff0000ffff0011001a1a23
ef83ef838000ffffeebbeebb578057bf0000ffff0000ffff0011001a1a24
ef83ef838000ffff65f165f13840387f0000ffff0000ffff0011001a1a25
ef83ef838000ffff8c5b8c5b1c001c3f0000ffff0000ffff0011001a1a26
0cd00cd0c000ffffdfacdfac778077ff0000ffff0000ffff001200191a27
0cd00cd0c000ffffafc8afc81100117f0000ffff0000ffff001200191a28
0cd00cd0c000ffff65f165f1388038ff0000ffff0000ffff001200191a29
684268428000bfff13ec13eca800a87f0000ffff0000ffff001200191a2a
684268428000bfff65f165f1388038ff0000ffff0000ffff001200191a2b
811281128000bfff20f320f36500657f0000ffff0000ffff001200191a2c
ef83ef8300003fffeebbeebb5700577f0000ffff0000ffff001200191a2d
ef83ef8300003fff65f165f1388038ff0000ffff0000ffff001200191a2e
0cd00cd0a000bfffdfacdfac760076ff0000ffff0000ffff001300181a30
0cd00cd0a000bfff65f165f1390039ff0000ffff0000ffff001300181a31
0cd00cd0a000bfff13ec13eca900a9ff0000ffff0000ffff001300181a32
0cd00cd0a000bfffafc8afc8100010ff0000ffff0000ffff001300181a33
68426842e000ffff8c5b8c5b1d001dff0000ffff0000ffff001300181a34
81128112c000dfff20f320f3640064ff0000ffff0000ffff001300181a35
ef83ef8340005fff65f165f1390039ff0000ffff0000ffff001300181a36
ef83ef8340005fff8c5b8c5b1d001dff0000ffff0000ffff001300181a37
ef83ef8340005fffeebbeebb560056ff0000ffff0000ffff001300181a38
0cd00cd0900093ffafc8afc818001fff0000ffff0000ffff001600151a3b
68426842c800cbff65f165f1300037ff0000ffff0000ffff001600151a3c
68426842c800cbff8c5b8c5b100017ff0000ffff0000ffff001600151a3d
68426842c800cbff13ec13eca000a7ff0000ffff0000ffff001600151a3e
81128112f800fbffdfacdfac78007fff0000ffff0000ffff001600151a3f
81128112f800fbff8c5b8c5b100017ff0000ffff0000ffff001600151a40
ef83ef836c006fff57185718c000c7ff0000ffff0000ffff001600151a41
ef83ef836c006fff8c5b8c5b100017ff0000ffff0000ffff001600151a42
ef83ef836c006fff65f165f1300037ff0000ffff0000ffff001600151a43
ef83ef836c006fffeebbeebb58005fff0000ffff0000ffff001600151a44
00007fff0000ffffafc8afc840007fff0000ffff02020202000100121a4a
0cd20cd30000ffffafc8afc800000fff0000ffff0000ffff000f00141a4e
ef80ef810000ffff8c5b8c5b00000fff0000ffff0000ffff000f00141a4f
0cd00cd0a000bfffafcaafcb0000ffff0000ffff0000ffff0013000f1a51
0cd80cdf0000ffffafc8afc8140017ff0000ffff0000ffff000d00161a54
0cd80cdf0000ffff65f165f13c003fff0000ffff0000ffff000d00161a55
0cd00cd0940095ffafc8afc800000fff0000ffff0000ffff001700141a56
68426842ce00cfff65f165f120002fff0000ffff0000ffff001700141a57
68426842ce00cfff13ec13ecb000bfff0000ffff0000ffff001700141a58
81128112fc00fdff20f320f370007fff0000ffff0000ffff001700141a59
ef83ef836a006bffeebbeebb40004fff0000ffff0000ffff001700141a5a
ef83ef836a006bff65f165f120002fff0000ffff0000ffff001700141a5b
0cd10cd10000ffff13ec13ecc000ffff0000ffff0000ffff001000121a62
0e000fff0000ffffafc8afc811b011bf0000ffff0000ffff0007001c1a63
6848684f0000ffff65f165f13818381b0000ffff0000ffff000d001e1a64
6848684f0000ffffafc8afc811a411a70000ffff0000ffff000d001e1a65
6848684f0000ffff13ec13eca8b4a8b70000ffff0000ffff000d001e1a66
6848684f0000ffff8c5b8c5b1c401c430000ffff0000ffff000d001e1a67
8118811f0000ffff20f320f365c465c70000ffff0000ffff000d001e1a68
8118811f0000ffff8c5b8c5b1c401c430000ffff0000ffff000d001e1a69
ef88ef8f0000ffff57185718ca58ca5b0000ffff0000ffff000d001e1a6a
ef88ef8f0000ffff65f165f13818381b0000ffff0000ffff000d001e1a6b
688068ff0000ffff20f320f36500657f0000ffff0400ffff000900191a6c
ef00ef7f0000ffff8c5b8c5b1c801cff0000ffff0400ffff000900191a6d
6848684f0000ffff57185718c000c7ff0000ffff0000ffff000d00151a74
6848684f0000ffff13ec13eca000a7ff0000ffff0000ffff000d00151a75
40007fff0000ffff8c5b8c5b8000ffff0000ffff02020202000200111a76
8000bfff0000ffffeebbeebb8000ffff0000ffff159a159a000200111a77
8000bfff0000ffff5718571800007fff0000ffff05990599000200111a78
8000bfff0000ffffeebbeebb8000ffff0000ffff00350035000200111a79
684468470000ffff13ec13eca000a7ff0000ffff0000ffff000e00151a7a
684468470000ffff8c5b8c5b100017ff0000ffff0000ffff000e00151a7b
684268428000bfff8c5a8c5a0000ffff0000ffff0400ffff001200101a7c
68426842c000c7ff8c5b8c5b18001bff0000ffff0000ffff001500161a7d
68426842c000c7ff13ec13ecac00afff0000ffff0000ffff001500161a7e
81128112f000f7ff20f320f3600063ff0000ffff0000ffff001500161a7f
81128112f000f7ff57185718cc00cfff0000ffff0000ffff001500161a80
81128112f000f7ff8c5b8c5b18001bff0000ffff0000ffff001500161a81
ef83ef83600067ff57185718cc00cfff0000ffff0000ffff001500161a82
ef83ef83600067ffeebbeebb500053ff0000ffff0000ffff001500161a83
ef83ef83600067ff8c5b8c5b18001bff0000ffff0000ffff001500161a84
684368430000ffff8c5b8c5b20003fff0000ffff0000ffff001000131a89
684368430000ffff8c5b8c5b1c601c7f0000ffff0000ffff0010001b1a8a
684368430000ffff13ec13eca880a89f0000ffff0000ffff0010001b1a8b
811381130000ffffeebbeebb57e057ff0000ffff0000ffff0010001b1a8c
811381130000ffff8c5b8c5b1c601c7f0000ffff0000ffff0010001b1a8d
ef82ef820000ffff8c5b8c5b1c601c7f0000ffff0000ffff0010001b1a8e
684468470000ffff65f165f1381038170000ffff0000ffff000e001d1a90
684468470000ffff13ec13eca8b8a8bf0000ffff0000ffff000e001d1a91
ef84ef870000ffffeebbeebb57c057c70000ffff0000ffff000e001d1a92
ef84ef870000ffff65f165f1381038170000ffff0000ffff000e001d1a93
6860687f0000ffff65f165f13a003bff0000ffff0000ffff000b00171a9d
684268428000bfff13ec13ec00007fff0000ffff0000ffff001200111a9f
ef83ef8300003fff5718571800007fff0000ffff0000ffff001200111aa0
6850685f0000ffff8c5b8c5b1e001fff0000ffff0000ffff000c00171aa4
0000ffff0000ffffdfacdfac40005fff0000ffff00500050000000131aae
0000ffff0000ffffdfacdfac40005fff0000ffff02020202000000131aaf
81128112c000dfff20f220f20000ffff0000ffff0000ffff001300101ab2
811381130000ffff8c5b8c5b40007fff0000ffff0400ffff001000121abb
ef82ef820000ffff65f165f140007fff0000ffff0400ffff001000121abc
8140817f0000ffff57185718ca80caff0000ffff0000ffff000a00191ac0
a000bfff0000ffff571957190000ffff0000ffff232b232b000300101ac3
81128112c000dfff571a571b0000ffff0000ffff0400ffff0013000f1ac4
f000ffff0000ffff8c588c590000ffff0000ffff001400150004000f1acb
ee00eeff0000ffff65f165f13820383f0000ffff0000ffff0008001b1acd
efa0efbf0000ffff65f165f13a003bff0000ffff0400ffff000b00171acf
f000ffff0000ffff65f265f30000ffff158615860000ffff0004000f1ad1
ef83ef838000ffffeebbeebb8000ffff0000ffff0400ffff001100111ad4
ef84ef870000ffffeebbeebb40004fff0000ffff0000ffff000e00141ad6
0c000c7f0000ffffdfacdfac760076ff0000ffff0400ffff000900181ad9
0cd10cd10000ffffdfacdfac8000ffff0000ffff0400ffff001000111adf
ef82ef820000ffff8c5b8c5b8000ffff0000ffff0400ffff001000111ae0
ef82ef820000ffff65f165f18000ffff0000ffff0400ffff001000111ae1
0cd00cd098009fff65f165f1300037ff0000ffff0000ffff001500151ae2
0cd00cd098009fff13ec13eca000a7ff0000ffff0000ffff001500151ae3
68426842c000c7ff65f165f1300037ff0000ffff0000ffff001500151ae4
68426842c000c7ff8c5b8c5b100017ff0000ffff0000ffff001500151ae5
81128112f000f7ffeebbeebb58005fff0000ffff0000ffff001500151ae6
81128112f000f7ff8c5b8c5b100017ff0000ffff0000ffff001500151ae7
ef83ef83600067ffeebbeebb58005fff0000ffff0000ffff001500151ae8
ef83ef83600067ff65f165f1300037ff0000ffff0000ffff001500151ae9
0cd00cd0900093ffdfacdfac60006fff0000ffff0000ffff001600141aef
68426842c800cbff13ec13ecb000bfff0000ffff0000ffff001600141af0
68426842c800cbff8c5b8c5b00000fff0000ffff0000ffff001600141af1
81128112f800fbffeebbeebb40004fff0000ffff0000ffff001600141af2
ef83ef836c006fff57185718d000dfff0000ffff0000ffff001600141af3
ef83ef836c006fff65f165f120002fff0000ffff0000ffff001600141af4
0c800cbf0000ffffdfacdfac774177410000ffff0000ffff000a00201af5
6800683f0000ffff20f320f365c265c20000ffff0000ffff000a00201af6
efc0efff0000ffff8c5b8c5b1c471c470000ffff0000ffff000a00201af7
0cd00cd000007fff13ec13eca800a87f0000ffff0000ffff001100191af8
8112811200007fff57185718ca80caff0000ffff0000ffff001100191af9
ef83ef838000ffffeebbeebb5700577f0000ffff0000ffff001100191afa
ef83ef838000ffff65f165f1388038ff0000ffff0000ffff001100191afb
ef83ef838000ffff8c5b8c5b1c801cff0000ffff0000ffff001100191afc
0cd00cd0c000ffff65f165f1390039ff0000ffff0000ffff001200181b00
0cd00cd0c000ffffafc8afc8100010ff0000ffff0000ffff001200181b01
684268428000bfff13ec13eca900a9ff0000ffff0000ffff001200181b02
811281128000bfff8c5b8c5b1d001dff0000ffff0000ffff001200181b03
811281128000bfffeebbeebb560056ff0000ffff0000ffff001200181b04
ef83ef8300003fffeebbeebb560056ff0000ffff0000ffff001200181b05
0cc00ccf0000ffffafc8afc818001fff0000ffff0400ffff000c00151b06
6850685f0000ffff65f165f1300037ff0000ffff0400ffff000c00151b07
ef90ef9f0000ffff65f165f1300037ff0000ffff0400ffff000c00151b08
0cd00cd080008fffafc8afc8140017ff0000ffff0000ffff001400161b09
68426842d000dfff13ec13ecac00afff0000ffff0000ffff001400161b0a
68426842d000dfff8c5b8c5b18001bff0000ffff0000ffff001400161b0b
81128112e000efff20f320f3600063ff0000ffff0000ffff001400161b0c
ef83ef8370007fff57185718cc00cfff0000ffff0000ffff001400161b0d
ef83ef8370007fffeebbeebb500053ff0000ffff0000ffff001400161b0e
ef83ef8370007fff8c5b8c5b18001bff0000ffff0000ffff001400161b0f
00003fff0000ffff65f165f1381f381f0000ffff0000ffff000200201b17
0cd20cd30000ffff13ec13ec80009fff0000ffff0000ffff000f00131b18
684068410000ffff8c5b8c5b20003fff0000ffff0000ffff000f00131b19
ef80ef810000ffff8c5b8c5b20003fff0000ffff0000ffff000f00131b1a
ef80ef810000ffff8c5b8c5b20003fff0000ffff0000ffff000f00131b1b
ef80ef810000ffff65f165f100001fff0000ffff0000ffff000f00131b1c
0cd10cd10000ffff65f165f13840387f0000ffff0000ffff0010001a1b20
0cd10cd10000ffffafc8afc811c011ff0000ffff0000ffff0010001a1b21
684368430000ffff65f165f13840387f0000ffff0000ffff0010001a1b22
684368430000ffff8c5b8c5b1c001c3f0000ffff0000ffff0010001a1b23
811381130000ffff57185718ca00ca3f0000ffff0000ffff0010001a1b24
ef82ef820000ffff65f165f13840387f0000ffff0000ffff0010001a1b25
ef82ef820000ffffeebbeebb578057bf0000ffff0000ffff0010001a1b26
0cd00cd000007fff13ec13ec00007fff0000ffff0000ffff001100111b27
ef83ef838000ffff65f165f18000ffff0000ffff0000ffff001100111b28
ef83ef838000ffff8c5b8c5b8000ffff0000ffff0000ffff001100111b29
0cc00ccf0000ffff13ec13ecac00afff0000ffff0000ffff000c00161b2e
8100810f0000ffff8c5b8c5b18001bff0000ffff0000ffff000c00161b2f
0cd20cd30000ffff65f165f13820383f0000ffff0000ffff000f001b1b33
684068410000ffff65f165f13820383f0000ffff0000ffff000f001b1b34
684068410000ffff13ec13eca880a89f0000ffff0000ffff000f001b1b35
684068410000ffff8c5b8c5b1c601c7f0000ffff0000ffff000f001b1b36
811081110000ffffeebbeebb57e057ff0000ffff0000ffff000f001b1b37
811081110000ffff8c5b8c5b1c601c7f0000ffff0000ffff000f001b1b38
ef80ef810000ffffeebbeebb57e057ff0000ffff0000ffff000f001b1b39
ef80ef810000ffff8c5b8c5b1c601c7f0000ffff0000ffff000f001b1b3a
ef80ef810000ffff65f165f13820383f0000ffff0000ffff000f001b1b3b
684268428000bfffafcaafcb0000ffff0000ffff0400ffff0012000f1b46
6c006fff0000ffff20f320f365e065ff0000ffff0400ffff0006001b1b47
68426842ce00cfff65f165f100001fff0000ffff0000ffff001700131b4e
68426842ce00cfff13ec13ec80009fff0000ffff0000ffff001700131b4f
81128112fc00fdff57185718e000ffff0000ffff0000ffff001700131b50
ef83ef836a006bff57185718e000ffff0000ffff0000ffff001700131b51
ef83ef836a006bff65f165f100001fff0000ffff0000ffff001700131b52
6848684f0000ffff57185718d000dfff0000ffff0400ffff000d00141b53
ef88ef8f0000ffff65f165f120002fff0000ffff0400ffff000d00141b54
684468470000ffff65f165f13800380f0000ffff0000ffff000e001c1b55
684468470000ffff8c5b8c5b1c501c5f0000ffff0000ffff000e001c1b56
811481170000ffff57185718ca40ca4f0000ffff0000ffff000e001c1b57
68426842e000ffff8c5b8c5b1e001fff0000ffff0000ffff001300171b58
68426842e000ffff65f165f13a003bff0000ffff0000ffff001300171b59
68426842e000ffff13ec13ecaa00abff0000ffff0000ffff001300171b5a
81128112c000dfff57185718c800c9ff0000ffff0000ffff001300171b5b
81128112c000dfff8c5b8c5b1e001fff0000ffff0000ffff001300171b5c
40007fff0000ffff13ed13ed0000ffff0000ffff232b232b000200101b5d
6860687f0000ffff65f165f1381c381d0000ffff0000ffff000b001f1b5e
6860687f0000ffff8c5b8c5b1c441c450000ffff0000ffff000b001f1b5f
efa0efbf0000ffffeebbeebb57c857c90000ffff0000ffff000b001f1b60
6848684f0000ffff65f165f1300037ff0000ffff0000ffff000d00151b62
68426842e000ffff8c588c590000ffff0000ffff0000ffff0013000f1b64
6848684f0000ffff8c5b8c5b1c481c4f0000ffff0000ffff000d001d1b69
6848684f0000ffff13ec13eca8b8a8bf0000ffff0000ffff000d001d1b6a
8118811f0000ffff57185718ca50ca570000ffff0000ffff000d001d1b6b
00007fff0000ffff8c5b8c5b8000ffff0000ffff066d066e000100111b74
6800683f0000ffff8c5b8c5b1d001dff0000ffff0000ffff000a00181b7b
684368430000ffff8c5b8c5b40007fff0000ffff0000ffff001000121b7c
8100810f0000ffff20f320f365c465c70000ffff0000ffff000c001e1b8b
a000bfff0000ffffeeb8eeb90000ffff0000ffff003500350003000f1b8c
c000dfff0000ffffeeb8eeb90000ffff0000ffff020202020003000f1b8d
840087ff0000ffff8c5b8c5b1c601c7f0000ffff0000ffff0006001b1b8f
ef83ef8300003fffeebaeeba0000ffff0000ffff0000ffff001200101b94
0000ffff0000ffffdfacdfac8000ffff0000ffff00350035000000111b97
0cd00cd000007fffdfacdfac760076ff0000ffff0000ffff001100181b9a
6842684200007fffafc8afc8100010ff0000ffff0000ffff001100181b9b
6842684200007fff65f165f1390039ff0000ffff0000ffff001100181b9c
6842684200007fff8c5b8c5b1d001dff0000ffff0000ffff001100181b9d
8112811200007fff20f320f3640064ff0000ffff0000ffff001100181b9e
ef83ef838000ffffeebbeebb560056ff0000ffff0000ffff001100181b9f
0cd00cd000007fffdfaddfad0000ffff0000ffff0000ffff001100101ba0
6842684200007fff13ed13ed0000ffff0000ffff0000ffff001100101ba1
ef83ef838000ffffeebaeeba0000ffff0000ffff0000ffff001100101ba2
0cd00cd0c000ffff65f165f13a003bff0000ffff0000ffff001200171ba3
0cd00cd0c000ffff13ec13ecaa00abff0000ffff0000ffff001200171ba4
684268428000bfff20f320f3660067ff0000ffff0000ffff001200171ba5
684268428000bfffafc8afc8120013ff0000ffff0000ffff001200171ba6
684268428000bfff13ec13ecaa00abff0000ffff0000ffff001200171ba7
684268428000bfff65f165f13a003bff0000ffff0000ffff001200171ba8
811281128000bfff57185718c800c9ff0000ffff0000ffff001200171ba9
811281128000bfffeebbeebb540055ff0000ffff0000ffff001200171baa
ef83ef8300003fff8c5b8c5b1e001fff0000ffff0000ffff001200171bab
ef83ef8300003fff65f165f13a003bff0000ffff0000ffff001200171bac
0cd00cd080008fffdfacdfac78007fff0000ffff0000ffff001400151baf
0cd00cd080008fffafc8afc818001fff0000ffff0000ffff001400151bb0
0cd00cd080008fff13ec13eca000a7ff0000ffff0000ffff001400151bb1
68426842d000dfffafc8afc818001fff0000ffff0000ffff001400151bb2
ef83ef8370007fff65f165f1300037ff0000ffff0000ffff001400151bb3
ef83ef8370007fffeebbeebb58005fff0000ffff0000ffff001400151bb4
0cd40cd70000ffff13ec13ecc000ffff0000ffff0400ffff000e00121bb5
0cd40cd70000ffffafc8afc840007fff0000ffff0400ffff000e00121bb6
0cd00cd098009fff13ec13ecb000bfff0000ffff0000ffff001500141bb7
0cd00cd098009fffdfacdfac60006fff0000ffff0000ffff001500141bb8
0cd00cd098009fffafc8afc800000fff0000ffff0000ffff001500141bb9
68426842c000c7ffafc8afc800000fff0000ffff0000ffff001500141bba
68426842c000c7ff8c5b8c5b00000fff0000ffff0000ffff001500141bbb
ef83ef83600067ff57185718d000dfff0000ffff0000ffff001500141bbc
ef83ef83600067ff8c5b8c5b00000fff0000ffff0000ffff001500141bbd
ef83ef83600067ffeebbeebb40004fff0000ffff0000ffff001500141bbe
ef83ef83600067ff65f165f120002fff0000ffff0000ffff001500141bbf
00003fff0000ffff65f265f30000ffff003500350000ffff0002000f1bc0
c000ffff0000ffff65f265f30000ffff00a100a10000ffff0002000f1bc1
0cd40cd70000ffff13ec13eca880a89f0000ffff0000ffff000e001b1bc2
0cd40cd70000ffffafc8afc81180119f0000ffff0000ffff000e001b1bc3
0cd40cd70000ffff65f165f13820383f0000ffff0000ffff000e001b1bc4
684468470000ffff65f165f13820383f0000ffff0000ffff000e001b1bc5
684468470000ffff13ec13eca880a89f0000ffff0000ffff000e001b1bc6
811481170000ffff20f320f365e065ff0000ffff0000ffff000e001b1bc7
811481170000ffff8c5b8c5b1c601c7f0000ffff0000ffff000e001b1bc8
ef84ef870000ffff57185718ca60ca7f0000ffff0000ffff000e001b1bc9
ef84ef870000ffff65f165f13820383f0000ffff0000ffff000e001b1bca
0cd10cd10000ffffafc8afc81100117f0000ffff0000ffff001000191bcc
684368430000ffff13ec13eca800a87f0000ffff0000ffff001000191bcd
ef82ef820000ffffeebbeebb5700577f0000ffff0000ffff001000191bce
0cd80cdf0000ffffafc8afc811b011bf0000ffff0000ffff000d001c1bcf
6848684f0000ffff13ec13eca8a0a8af0000ffff0000ffff000d001c1bd0
6848684f0000ffff8c5b8c5b1c501c5f0000ffff0000ffff000d001c1bd1
8118811f0000ffff8c5b8c5b1c501c5f0000ffff0000ffff000d001c1bd2
0c800cbf0000ffff65f165f1381c381d0000ffff0000ffff000a001f1bd3
6800683f0000ffff8c5b8c5b1c441c450000ffff0000ffff000a001f1bd4
0cd00cd0a000bfffafc8afc8140017ff0000ffff0000ffff001300161bd6
0cd00cd0a000bfff13ec13ecac00afff0000ffff0000ffff001300161bd7
68426842e000ffff65f165f13c003fff0000ffff0000ffff001300161bd8
81128112c000dfff8c5b8c5b18001bff0000ffff0000ffff001300161bd9
81128112c000dfffeebbeebb500053ff0000ffff0000ffff001300161bda
ef83ef8340005fffeebbeebb500053ff0000ffff0000ffff001300161bdb
ef83ef8340005fff65f165f13c003fff0000ffff0000ffff001300161bdc
ef83ef8340005fff8c5b8c5b18001bff0000ffff0000ffff001300161bdd
0cd00cd000007fffafcaafcb0000ffff0000ffff0400ffff0011000f1bde
0cd00cd0900093ffafc8afc820003fff0000ffff0000ffff001600131bdf
68426842c800cbff8c5b8c5b20003fff0000ffff0000ffff001600131be0
68426842c800cbff13ec13ec80009fff0000ffff0000ffff001600131be1
ef83ef836c006fff65f165f100001fff0000ffff0000ffff001600131be2
ef83ef836c006fffeebbeebb60007fff0000ffff0000ffff001600131be3
0cd20cd30000ffff13ec13eca8c0a8ff0000ffff0000ffff000f001a1be4
684068410000ffff65f165f13840387f0000ffff0000ffff000f001a1be5
ef80ef810000ffff57185718ca00ca3f0000ffff0000ffff000f001a1be6
ef80ef810000ffffeebbeebb578057bf0000ffff0000ffff000f001a1be7
ef80ef810000ffff8c5b8c5b1c001c3f0000ffff0000ffff000f001a1be8
0c000c7f0000ffff13ec13ecaa00abff0000ffff0400ffff000900171bef
818081ff0000ffffeebbeebb540055ff0000ffff0400ffff000900171bf0
20003fff0000ffff65f265f30000ffff0000ffff001400150003000f1bf6
10001fff0000ffff13ec13eca8a0a8af0000ffff0000ffff0004001c1bfd
6850685f0000ffffafc8afc800000fff0000ffff0400ffff000c00141bfe
8100810f0000ffffeebbeebb40004fff0000ffff0400ffff000c00141bff
68426842ce00cfff13ec13ecc000ffff0000ffff0000ffff001700121c06
68426842ce00cfff8c5b8c5b40007fff0000ffff0000ffff001700121c07
ef83ef836a006bff8c5b8c5b40007fff0000ffff0000ffff001700121c08
ef83ef836a006bff65f165f140007fff0000ffff0000ffff001700121c09
00007fff0000ffff8c5b8c5b8000ffff0000ffff00140017000100111c0a
6860687f0000ffff13ec13eca8b4a8b70000ffff0000ffff000b001e1c10
40007fff0000ffff8c5b8c5b1c401c430000ffff0400ffff0002001e1c13
00007fff0000ffff8c5a8c5a0000ffff0000ffff00190019000100101c14
00007fff0000ffff8c5a8c5a0000ffff0000ffff00350035000100101c15
8000ffff0000ffff20f220f20000ffff0000ffff02020202000100101c16
688068ff0000ffff65f165f1381f381f0000ffff0000ffff000900201c17
ef00ef7f0000ffff65f165f1381e381e0000ffff0000ffff000900201c18
6850685f0000ffff65f165f1381038170000ffff0000ffff000c001d1c1e
6850685f0000ffff13ec13eca8b8a8bf0000ffff0000ffff000c001d1c1f
ef90ef9f0000ffffeebbeebb57c057c70000ffff0000ffff000c001d1c20
684068410000ffff13ec13ecc000ffff0000ffff0000ffff000f00121c21
811081110000ffff8c5b8c5b40007fff0000ffff0000ffff000f00121c22
800080ff0000ffff20f320f3640064ff0000ffff0400ffff000800181c2d
811381130000ffffeebaeeba0000ffff0000ffff0400ffff001000101c2f
8000bfff0000ffff571a571b0000ffff0000ffff020202020002000f1c35
8000bfff0000ffffeeb8eeb90000ffff0000ffff00a100a10002000f1c36
c000ffff0000ffff65f265f30000ffff0000ffff008900890002000f1c37
88008fff0000ffff57185718ca60ca7f0000ffff0400ffff0005001b1c38
811381130000ffff571957190000ffff0000ffff0000ffff001000101c3a
811081110000ffff5718571800007fff0000ffff0400ffff000f00111c3d
8000ffff0000ffff65f165f1381e381e0000ffff0000ffff000100201c44
c000dfff0000ffff65f165f1381038170000ffff0000ffff0003001d1c45
ef83ef8300003fff65f265f30000ffff0000ffff0000ffff0012000f1c46
ef88ef8f0000ffff65f165f100001fff0000ffff0400ffff000d00131c47
0cc00ccf0000ffff65f165f13800380f0000ffff0000ffff000c001c1c51
6850685f0000ffff13ec13eca8a0a8af0000ffff0000ffff000c001c1c52
0c800cbf0000ffffdfacdfac774477470000ffff0000ffff000a001e1c53
6800683f0000ffff65f165f13818381b0000ffff0000ffff000a001e1c54
0cd00cd0c000ffffafc8afc8140017ff0000ffff0000ffff001200161c5d
684268428000bfff65f165f13c003fff0000ffff0000ffff001200161c5e
684268428000bfff8c5b8c5b18001bff0000ffff0000ffff001200161c5f
ef83ef8300003fff8c5b8c5b18001bff0000ffff0000ffff001200161c60
ef83ef8300003fff65f165f13c003fff0000ffff0000ffff001200161c61
ef83ef8300003fffeebbeebb500053ff0000ffff0000ffff001200161c62
0cd00cd0a000bfffafc8afc818001fff0000ffff0000ffff001300151c65
0cd00cd0a000bfff65f165f1300037ff0000ffff0000ffff001300151c66
68426842e000ffff8c5b8c5b100017ff0000ffff0000ffff001300151c67
68426842e000ffff13ec13eca000a7ff0000ffff0000ffff001300151c68
81128112c000dfffeebbeebb58005fff0000ffff0000ffff001300151c69
ef83ef8340005fff8c5b8c5b100017ff0000ffff0000ffff001300151c6a
ef83ef8340005fffeebbeebb58005fff0000ffff0000ffff001300151c6b
0cd00cd0940095ffafc8afc88000ffff0000ffff0000ffff001700111c6d
68426842ce00cfffafc8afc88000ffff0000ffff0000ffff001700111c6e
68426842ce00cfff65f165f18000ffff0000ffff0000ffff001700111c6f
68426842ce00cfff13ec13ec00007fff0000ffff0000ffff001700111c70
68426842ce00cfff8c5b8c5b8000ffff0000ffff0000ffff001700111c71
ef83ef836a006bff8c5b8c5b8000ffff0000ffff0000ffff001700111c72
ef83ef836a006bffeebbeebb8000ffff0000ffff0000ffff001700111c73
ef83ef836a006bff65f165f18000ffff0000ffff0000ffff001700111c74
0cd40cd70000ffffafc8afc840007fff0000ffff0000ffff000e00121c75
684468470000ffff65f165f140007fff0000ffff0000ffff000e00121c76
684468470000ffff8c5b8c5b40007fff0000ffff0000ffff000e00121c77
0cd20cd30000ffff13ec13eca800a87f0000ffff0000ffff000f00191c78
684068410000ffff8c5b8c5b1c801cff0000ffff0000ffff000f00191c79
811081110000ffffeebbeebb5700577f0000ffff0000ffff000f00191c7a
ef80ef810000ffff57185718ca80caff0000ffff0000ffff000f00191c7b
ef80ef810000ffffeebbeebb5700577f0000ffff0000ffff000f00191c7c
0cd10cd10000ffffafc8afc8100010ff0000ffff0000ffff001000181c7e
684368430000ffff8c5b8c5b1d001dff0000ffff0000ffff001000181c7f
811381130000ffffeebbeebb560056ff0000ffff0000ffff001000181c80
ef82ef820000ffff65f165f1390039ff0000ffff0000ffff001000181c81
ef82ef820000ffff8c5b8c5b1d001dff0000ffff0000ffff001000181c82
ef82ef820000ffffeebbeebb560056ff0000ffff0000ffff001000181c83
0cd00cd098009fff13ec13ec80009fff0000ffff0000ffff001500131c85
0cd00cd098009fff65f165f100001fff0000ffff0000ffff001500131c86
68426842c000c7ffafc8afc820003fff0000ffff0000ffff001500131c87
68426842c000c7ff13ec13ec80009fff0000ffff0000ffff001500131c88
68426842c000c7ff65f165f100001fff0000ffff0000ffff001500131c89
68426842c000c7ff8c5b8c5b20003fff0000ffff0000ffff001500131c8a
ef83ef83600067ff65f165f100001fff0000ffff0000ffff001500131c8b
0cd00cd080008fffafc8afc800000fff0000ffff0000ffff001400141c8c
68426842d000dfff8c5b8c5b00000fff0000ffff0000ffff001400141c8d
81128112e000efff57185718d000dfff0000ffff0000ffff001400141c8e
81128112e000efffeebbeebb40004fff0000ffff0000ffff001400141c8f
ef83ef8370007fff65f165f120002fff0000ffff0000ffff001400141c90
00007fff0000ffffafcaafcb0000ffff0000ffff005000500001000f1c9a
8000ffff0000ffff571a571b0000ffff0000ffff003500350001000f1c9b
8000ffff0000ffff65f265f30000ffff0000ffff001900190001000f1c9c
6842684200007fffafc8afc8120013ff0000ffff0000ffff001100171c9d
6842684200007fff65f165f13a003bff0000ffff0000ffff001100171c9e
8112811200007fff8c5b8c5b1e001fff0000ffff0000ffff001100171c9f
ef83ef838000ffffeebbeebb540055ff0000ffff0000ffff001100171ca0
ef83ef838000ffff65f165f13a003bff0000ffff0000ffff001100171ca1
6848684f0000ffff65f165f13820383f0000ffff0000ffff000d001b1ca4
6848684f0000ffff8c5b8c5b1c601c7f0000ffff0000ffff000d001b1ca5
8118811f0000ffffeebbeebb57e057ff0000ffff0000ffff000d001b1ca6
ef88ef8f0000ffffeebbeebb57e057ff0000ffff0000ffff000d001b1ca7
68426842c800cbffafc8afc840007fff0000ffff0000ffff001600121cae
68426842c800cbff8c5b8c5b40007fff0000ffff0000ffff001600121caf
81128112f800fbff20f320f300003fff0000ffff0000ffff001600121cb0
ef83ef836c006fffeebbeebb00003fff0000ffff0000ffff001600121cb1
ef83ef836c006fff8c5b8c5b40007fff0000ffff0000ffff001600121cb2
0000ffff0000ffffdfaddfad0000ffff0000ffff00450045000000101cb5
0000ffff0000ffffdfaddfad0000ffff0000ffff00500050000000101cb6
684468470000ffff13ec13ec00007fff0000ffff0000ffff000e00111cb7
00007fff0000ffff8c5b8c5b1c401c430000ffff0400ffff0001001e1cb9
6850685f0000ffff65f165f120002fff0000ffff0000ffff000c00141cc0
684368430000ffff13ee13ef0000ffff0000ffff0400ffff0010000f1cc2
684368430000ffff8c588c590000ffff0000ffff0400ffff0010000f1cc3
811381130000ffff20f020f10000ffff0000ffff0400ffff0010000f1cc4
684468470000ffff13ec13ec00007fff0000ffff0400ffff000e00111ccd
690069ff0000ffff13ec13ecaa00abff0000ffff0000ffff000800171cd0
818081ff0000ffffeebbeebb540055ff0000ffff0000ffff000900171cdd
ef00ef7f0000ffff57185718c800c9ff0000ffff0000ffff000900171cde
840087ff0000ffff57185718ca80caff0000ffff0400ffff000600191ce3
8120813f0000ffff57185718ca50ca570000ffff0000ffff000b001d1ce4
8118811f0000ffff571857188000bfff0000ffff0400ffff000d00121ce5
0000ffff0000ffffdfaedfaf0000ffff0000ffff020202020000000f1ce7
811481170000ffffeebbeebb578057bf0000ffff0000ffff000e001a1ce9
ef84ef870000ffff8c5b8c5b1c001c3f0000ffff0000ffff000e001a1cea
ef84ef870000ffff65f165f13840387f0000ffff0000ffff000e001a1ceb
ef82ef820000ffff571a571b0000ffff0000ffff0000ffff0010000f1ced
ef80ef810000ffff8c5b8c5b8000ffff0000ffff0000ffff000f00111cee
efc0efff0000ffff65f165f1300037ff0000ffff0000ffff000a00151cf0
0000ffff0000ffffdfaddfad0000ffff0000ffff006d006e000000101cf1
ef90ef9f0000ffff8c5b8c5b20003fff0000ffff0400ffff000c00131cf4
ef00ef7f0000ffff8c5b8c5b18001bff0000ffff0000ffff000900161cf5
0000ffff0000ffffdfacdfac774177410000ffff0000ffff000000201cf8
efc0efff0000ffff65f165f1300037ff0000ffff0400ffff000a00151cfd
ef00ef7f0000ffff65f165f13c003fff0000ffff0400ffff000900161cfe
ef00ef7f0000ffffeebbeebb57c857c90000ffff0000ffff0009001f1d00
0cd10cd10000ffff13ec13ecaa00abff0000ffff0000ffff001000171d01
684368430000ffff8c5b8c5b1e001fff0000ffff0000ffff001000171d02
811381130000ffff57185718c800c9ff0000ffff0000ffff001000171d03
ef82ef820000ffff65f165f13a003bff0000ffff0000ffff001000171d04
0cd40cd70000ffff65f165f18000ffff0000ffff0000ffff000e00111d06
0cd40cd70000ffffafc8afc88000ffff0000ffff0000ffff000e00111d07
0000ffff0000ffffdfaedfaf0000ffff059905990000ffff0000000f1d0e
0cd00cd0a000bfffdfacdfac60006fff0000ffff0000ffff001300141d0f
ef83ef8340005fff8c5b8c5b00000fff0000ffff0000ffff001300141d10
0cd00cd080008fff65f165f100001fff0000ffff0000ffff001400131d12
0cd00cd080008fffafc8afc820003fff0000ffff0000ffff001400131d13
68426842d000dfff65f165f100001fff0000ffff0000ffff001400131d14
68426842d000dfff13ec13ec80009fff0000ffff0000ffff001400131d15
68426842d000dfff8c5b8c5b20003fff0000ffff0000ffff001400131d16
0cc00ccf0000ffff65f165f140007fff0000ffff0000ffff000c00121d19
ef90ef9f0000ffff571857188000bfff0000ffff0000ffff000c00121d1a
0cd20cd30000ffff13ee13ef0000ffff0000ffff0400ffff000f000f1d25
0cd00cd000007fff65f165f13c003fff0000ffff0000ffff001100161d26
00003fff0000ffffafcaafcb0000ffff0000ffff001400170002000f1d27
0cd00cd0900093ffafc8afc88000ffff0000ffff0000ffff001600111d28
68426842c800cbff65f165f18000ffff0000ffff0000ffff001600111d29
68426842c800cbff8c5b8c5b8000ffff0000ffff0000ffff001600111d2a
81128112f800fbffeebbeebb8000ffff0000ffff0000ffff001600111d2b
ef83ef836c006fff65f165f18000ffff0000ffff0000ffff001600111d2c
0d000dff0000ffffafc8afc811a211a30000ffff0000ffff0008001f1d2d
690069ff0000ffff65f165f1381c381d0000ffff0000ffff0008001f1d2e
ee00eeff0000ffff57185718ca5cca5d0000ffff0000ffff0008001f1d2f
0cd00cd0940095ffafc9afc90000ffff0000ffff0000ffff001700101d30
68426842ce00cfff65f065f00000ffff0000ffff0000ffff001700101d31
68426842ce00cfff8c5a8c5a0000ffff0000ffff0000ffff001700101d32
81128112fc00fdff20f220f20000ffff0000ffff0000ffff001700101d33
ef83ef836a006bff8c5a8c5a0000ffff0000ffff0000ffff001700101d34
ef83ef836a006bff65f065f00000ffff0000ffff0000ffff001700101d35
ef83ef836a006bffeebaeeba0000ffff0000ffff0000ffff001700101d36
0cc00ccf0000ffffafc8afc81180119f0000ffff0000ffff000c001b1d37
ef90ef9f0000ffff57185718ca60ca7f0000ffff0000ffff000c001b1d38
6800683f0000ffffafc8afc811a811af0000ffff0000ffff000a001d1d3e
efc0efff0000ffff65f165f1381038170000ffff0000ffff000a001d1d3f
684268428000bfff65f165f1300037ff0000ffff0000ffff001200151d42
811281128000bfff57185718c000c7ff0000ffff0000ffff001200151d43
ef83ef8300003fffeebbeebb58005fff0000ffff0000ffff001200151d44
ef83ef8300003fff8c5b8c5b100017ff0000ffff0000ffff001200151d45
6860687f0000ffff8c5b8c5b20003fff0000ffff0400ffff000b00131d46
8120813f0000ffff57185718e000ffff0000ffff0400ffff000b00131d47
684068410000ffff13ec13eca900a9ff0000ffff0000ffff000f00181d54
684068410000ffff8c5b8c5b1d001dff0000ffff0000ffff000f00181d55
684068410000ffff65f165f1390039ff0000ffff0000ffff000f00181d56
811081110000ffff57185718cb00cbff0000ffff0000ffff000f00181d57
ef80ef810000ffff8c5b8c5b1d001dff0000ffff0000ffff000f00181d58
ef80ef810000ffff65f165f1390039ff0000ffff0000ffff000f00181d59
6800683f0000ffff8c5b8c5b00000fff0000ffff0400ffff000a00141d5d
684468470000ffff13ed13ed0000ffff0000ffff0400ffff000e00101d5e
684468470000ffff8c5a8c5a0000ffff0000ffff0400ffff000e00101d5f
6848684f0000ffff13ec13eca8c0a8ff0000ffff0000ffff000d001a1d66
8118811f0000ffff57185718ca00ca3f0000ffff0000ffff000d001a1d67
68426842c000c7ff13ec13ecc000ffff0000ffff0000ffff001500121d69
81128112f000f7ff20f320f300003fff0000ffff0000ffff001500121d6a
81128112f000f7ff8c5b8c5b40007fff0000ffff0000ffff001500121d6b
ef83ef83600067ff8c5b8c5b40007fff0000ffff0000ffff001500121d6c
ef83ef83600067ffeebbeebb00003fff0000ffff0000ffff001500121d6d
ef83ef83600067ff65f165f140007fff0000ffff0000ffff001500121d6e
6848684f0000ffff65f165f18000ffff0000ffff0400ffff000d00111d72
811481170000ffff8c5b8c5b1c801cff0000ffff0000ffff000e00191d73
ef84ef870000ffff8c5b8c5b1c801cff0000ffff0000ffff000e00191d74
8120813f0000ffff57185718d000dfff0000ffff0000ffff000b00141d7d
8100810f0000ffff571857188000bfff0000ffff0400ffff000c00121d7e
8100810f0000ffff57185718e000ffff0000ffff0000ffff000c00131d80
ef00ef7f0000ffffeebbeebb58005fff0000ffff0400ffff000900151d85
0000ffff0000ffffdfaedfaf0000ffff0000ffff008900890000000f1d88
0000ffff0000ffffdfaedfaf0000ffff0000ffff005000500000000f1d89
ee00eeff0000ffff65f165f13c003fff0000ffff0400ffff000800161d8c
0ce00cff0000ffffdfacdfac40005fff0000ffff0000ffff000b00131d92
0cd10cd10000ffffdfacdfac700073ff0000ffff0000ffff001000161d97
684368430000ffff8c5b8c5b18001bff0000ffff0000ffff001000161d98
811381130000ffff57185718cc00cfff0000ffff0000ffff001000161d99
811381130000ffff8c5b8c5b18001bff0000ffff0000ffff001000161d9a
0cc00ccf0000ffffafc8afc840007fff0000ffff0000ffff000c00121da4
8100810f0000ffffeebbeebb00003fff0000ffff0000ffff000c00121da5
0cd00cd000007fff65f165f1300037ff0000ffff0000ffff001100151da6
6842684200007fff8c5b8c5b100017ff0000ffff0000ffff001100151da7
8112811200007fff57185718c000c7ff0000ffff0000ffff001100151da8
ef83ef838000ffff65f165f1300037ff0000ffff0000ffff001100151da9
0cd00cd098009fff65f165f18000ffff0000ffff0000ffff001500111dab
68426842c000c7ff65f165f18000ffff0000ffff0000ffff001500111dac
68426842c000c7ff13ec13ec00007fff0000ffff0000ffff001500111dad
81128112f000f7ff20f320f38000ffff0000ffff0000ffff001500111dae
81128112f000f7ffeebbeebb8000ffff0000ffff0000ffff001500111daf
ef83ef83600067ff5718571800007fff0000ffff0000ffff001500111db0
ef83ef83600067ff65f165f18000ffff0000ffff0000ffff001500111db1
0c800cbf0000ffff13ec13ec80009fff0000ffff0400ffff000a00131db2
6800683f0000ffff65f165f100001fff0000ffff0400ffff000a00131db3
0cd00cd080008fff65f165f140007fff0000ffff0000ffff001400121db5
0cd00cd080008fffafc8afc840007fff0000ffff0000ffff001400121db6
81128112e000efff20f320f300003fff0000ffff0000ffff001400121db7
81128112e000efff571857188000bfff0000ffff0000ffff001400121db8
ef83ef8370007fffeebbeebb00003fff0000ffff0000ffff001400121db9
0cd00cd0900093ff13ed13ed0000ffff0000ffff0000ffff001600101dbb
68426842c800cbff8c5a8c5a0000ffff0000ffff0000ffff001600101dbc
68426842c800cbff65f065f00000ffff0000ffff0000ffff001600101dbd
81128112f800fbffeebaeeba0000ffff0000ffff0000ffff001600101dbe
81128112f800fbff8c5a8c5a0000ffff0000ffff0000ffff001600101dbf
81128112f800fbff571957190000ffff0000ffff0000ffff001600101dc0
ef83ef836c006fff65f065f00000ffff0000ffff0000ffff001600101dc1
ef83ef836c006fffeebaeeba0000ffff0000ffff0000ffff001600101dc2
0cd40cd70000ffff65f165f1390039ff0000ffff0000ffff000e00181dd2
684468470000ffff65f165f1390039ff0000ffff0000ffff000e00181dd3
684468470000ffff8c5b8c5b1d001dff0000ffff0000ffff000e00181dd4
811481170000ffff57185718cb00cbff0000ffff0000ffff000e00181dd5
0cd80cdf0000ffff65f165f1388038ff0000ffff0000ffff000d00191dd6
8118811f0000ffffeebbeebb5700577f0000ffff0000ffff000d00191dd7
0cd00cd0940095ff20f020f10000ffff0000ffff0000ffff0017000f1ddc
68426842ce00cfff13ee13ef0000ffff0000ffff0000ffff0017000f1ddd
68426842ce00cfff65f265f30000ffff0000ffff0000ffff0017000f1dde
81128112fc00fdff571a571b0000ffff0000ffff0000ffff0017000f1ddf
ef83ef836a006bff571a571b0000ffff0000ffff0000ffff0017000f1de0
0cd40cd70000ffffafcaafcb0000ffff0000ffff0400ffff000e000f1de2
ef84ef870000ffff8c588c590000ffff0000ffff0400ffff000e000f1de3
684268428000bfffafc8afc800000fff0000ffff0000ffff001200141deb
684268428000bfff8c5b8c5b00000fff0000ffff0000ffff001200141dec
684268428000bfff65f165f120002fff0000ffff0000ffff001200141ded
684268428000bfff13ec13ecb000bfff0000ffff0000ffff001200141dee
811281128000bfff8c5b8c5b00000fff0000ffff0000ffff001200141def
ef83ef8300003fff8c5b8c5b00000fff0000ffff0000ffff001200141df0
6800683f0000ffff8c5b8c5b00000fff0000ffff0000ffff000a00141df3
68426842e000ffff65f165f100001fff0000ffff0000ffff001300131df6
ef83ef8340005fff8c5b8c5b20003fff0000ffff0000ffff001300131df7
ef83ef8340005fff65f165f100001fff0000ffff0000ffff001300131df8
684068410000ffff65f165f13a003bff0000ffff0000ffff000f00171df9
811081110000ffff20f320f3660067ff0000ffff0000ffff000f00171dfa
811081110000ffffeebbeebb540055ff0000ffff0000ffff000f00171dfb
811081110000ffff57185718c800c9ff0000ffff0000ffff000f00171dfc
ef80ef810000ffff8c5b8c5b1e001fff0000ffff0000ffff000f00171dfd
ef80ef810000ffff65f165f13a003bff0000ffff0000ffff000f00171dfe
684068410000ffff65f265f30000ffff0000ffff0000ffff000f000f1dff
811081110000ffff8c588c590000ffff0000ffff0000ffff000f000f1e00
6a006bff0000ffff8c5b8c5b1c441c450000ffff0000ffff0007001f1e06
6c006fff0000ffff8c5b8c5b1e001fff0000ffff0400ffff000600171e09
6860687f0000ffff8c5b8c5b1c601c7f0000ffff0000ffff000b001b1e0b
efa0efbf0000ffff65f165f13820383f0000ffff0000ffff000b001b1e0c
efa0efbf0000ffffeebbeebb57e057ff0000ffff0000ffff000b001b1e0d
6848684f0000ffff8c5a8c5a0000ffff0000ffff0400ffff000d00101e0e
6c006fff0000ffff65f165f1381f381f0000ffff0000ffff000600201e10
8100810f0000ffff8c5b8c5b1c001c3f0000ffff0000ffff000c001a1e18
818081ff0000ffff57185718ca50ca570000ffff0000ffff0009001d1e1a
ef00ef7f0000ffff8c5b8c5b1c481c4f0000ffff0000ffff0009001d1e1b
ef00ef7f0000ffff65f165f1381038170000ffff0000ffff0009001d1e1c
8000ffff0000ffff65f265f30000ffff0000ffff001400170001000f1e20
ef84ef870000ffff8c5a8c5a0000ffff0000ffff0000ffff000e00101e26
ec00edff0000ffffeebbeebb500053ff0000ffff0400ffff000700161e28
ef00ef7f0000ffff65f165f120002fff0000ffff0400ffff000900141e29
0cd00cd080008fffdfacdfac8000ffff0000ffff0000ffff001400111e2b
0cd00cd080008fff13ec13ec00007fff0000ffff0000ffff001400111e2c
81128112e000efff20f320f38000ffff0000ffff0000ffff001400111e2d
81128112e000efffeebbeebb8000ffff0000ffff0000ffff001400111e2e
81128112e000efff5718571800007fff0000ffff0000ffff001400111e2f
ef83ef8370007fff65f165f18000ffff0000ffff0000ffff001400111e30
0cd40cd70000ffffdfaedfaf0000ffff0000ffff0000ffff000e000f1e31
0cd00cd0900093ff13ee13ef0000ffff0000ffff0000ffff0016000f1e34
0cd00cd0900093ffafcaafcb0000ffff0000ffff0000ffff0016000f1e35
68426842c800cbff8c588c590000ffff0000ffff0000ffff0016000f1e36
81128112f800fbff571a571b0000ffff0000ffff0000ffff0016000f1e37
81128112f800fbff8c588c590000ffff0000ffff0000ffff0016000f1e38
ef83ef836c006fff571a571b0000ffff0000ffff0000ffff0016000f1e39
ef83ef836c006fffeeb8eeb90000ffff0000ffff0000ffff0016000f1e3a
ef83ef836c006fff65f265f30000ffff0000ffff0000ffff0016000f1e3b
0cd10cd10000ffff13ec13eca000a7ff0000ffff0000ffff001000151e3c
0cd10cd10000ffff65f165f1300037ff0000ffff0000ffff001000151e3d
0cd10cd10000ffffafc8afc818001fff0000ffff0000ffff001000151e3e
684368430000ffff13ec13eca000a7ff0000ffff0000ffff001000151e3f
ef82ef820000ffff57185718c000c7ff0000ffff0000ffff001000151e40
ef82ef820000ffff8c5b8c5b100017ff0000ffff0000ffff001000151e41
ef82ef820000ffff65f165f1300037ff0000ffff0000ffff001000151e42
0cd80cdf0000ffffdfacdfac760076ff0000ffff0000ffff000d00181e43
6848684f0000ffff13ec13eca900a9ff0000ffff0000ffff000d00181e44
ef88ef8f0000ffff57185718cb00cbff0000ffff0000ffff000d00181e45
ef88ef8f0000ffff8c5b8c5b1d001dff0000ffff0000ffff000d00181e46
0cd20cd30000ffff65f165f13c003fff0000ffff0000ffff000f00161e47
684068410000ffff65f165f13c003fff0000ffff0000ffff000f00161e48
684068410000ffff8c5b8c5b18001bff0000ffff0000ffff000f00161e49
811081110000ffffeebbeebb500053ff0000ffff0000ffff000f00161e4a
ef80ef810000ffff65f165f13c003fff0000ffff0000ffff000f00161e4b
ef80ef810000ffffeebbeebb500053ff0000ffff0000ffff000f00161e4c
0ce00cff0000ffffafc8afc811c011ff0000ffff0000ffff000b001a1e4e
6860687f0000ffff8c5b8c5b1c001c3f0000ffff0000ffff000b001a1e4f
8120813f0000ffff20f320f3658065bf0000ffff0000ffff000b001a1e50
0cc00ccf0000ffffafc9afc90000ffff0000ffff0400ffff000c00101e54
0cd00cd098009fffafc9afc90000ffff0000ffff0000ffff001500101e55
0cd00cd098009fff13ed13ed0000ffff0000ffff0000ffff001500101e56
68426842c000c7ff8c5a8c5a0000ffff0000ffff0000ffff001500101e57
0cd40cd70000ffffafc8afc8120013ff0000ffff0000ffff000e00171e5c
684468470000ffff8c5b8c5b1e001fff0000ffff0000ffff000e00171e5d
811481170000ffff20f320f3660067ff0000ffff0000ffff000e00171e5e
811481170000ffffeebbeebb540055ff0000ffff0000ffff000e00171e5f
ef84ef870000ffff65f165f13a003bff0000ffff0000ffff000e00171e60
0cd00cd0a000bfff65f165f140007fff0000ffff0000ffff001300121e61
68426842e000ffff65f165f140007fff0000ffff0000ffff001300121e62
68426842e000ffff8c5b8c5b40007fff0000ffff0000ffff001300121e63
81128112c000dfff571857188000bfff0000ffff0000ffff001300121e64
ef83ef8340005fff65f165f140007fff0000ffff0000ffff001300121e65
0e000fff0000ffff13ec13eca000a7ff0000ffff0000ffff000700151e66
0c800cbf0000ffffafc8afc840007fff0000ffff0000ffff000a00121e6a
0cc00ccf0000ffff65f165f1388038ff0000ffff0000ffff000c00191e6b
6850685f0000ffff13ec13eca800a87f0000ffff0000ffff000c00191e6c
8100810f0000ffff57185718ca80caff0000ffff0000ffff000c00191e6d
688068ff0000ffff20f320f370007fff0000ffff0000ffff000900141e70
818081ff0000ffff57185718d000dfff0000ffff0000ffff000900141e71
6a006bff0000ffffafc8afc811a411a70000ffff0000ffff0007001e1e74
ec00edff0000ffff65f165f13818381b0000ffff0000ffff0007001e1e75
6c006fff0000ffff13ec13eca8b2a8b30000ffff0000ffff0006001f1e77
e800ebff0000ffff65f165f1381c381d0000ffff0000ffff0006001f1e78
6800683f0000ffffafc8afc81180119f0000ffff0000ffff000a001b1e82
efc0efff0000ffffeebbeebb57e057ff0000ffff0000ffff000a001b1e83
efc0efff0000ffff8c5b8c5b1c601c7f0000ffff0000ffff000a001b1e84
6848684f0000ffff8c588c590000ffff0000ffff0400ffff000d000f1e8a
ef88ef8f0000ffff8c588c590000ffff0000ffff0400ffff000d000f1e8b
ef88ef8f0000ffffeeb8eeb90000ffff0000ffff0400ffff000d000f1e8c
684268428000bfff13ec13ec80009fff0000ffff0000ffff001200131e8f
811281128000bfff20f320f340005fff0000ffff0000ffff001200131e90
811281128000bfff57185718e000ffff0000ffff0000ffff001200131e91
811281128000bfff8c5b8c5b20003fff0000ffff0000ffff001200131e92
ef83ef8300003fffeebbeebb60007fff0000ffff0000ffff001200131e93
ef83ef8300003fff8c5b8c5b20003fff0000ffff0000ffff001200131e94
6a006bff0000ffff8c5b8c5b100017ff0000ffff0400ffff000700151e99
a000bfff0000ffff57185718ca80caff0000ffff0000ffff000300191eab
ee00eeff0000ffffeebbeebb58005fff0000ffff0000ffff000800151eb1
ef83ef838000ffff57185718d000dfff0000ffff0000ffff001100141eb3
ef83ef838000ffffeebbeebb40004fff0000ffff0000ffff001100141eb4
ef83ef838000ffff65f165f120002fff0000ffff0000ffff001100141eb5
ef00ef7f0000ffff8c5b8c5b20003fff0000ffff0000ffff000900131eb7
e000e7ff0000ffff65f165f1381e381e0000ffff0000ffff000500201eb9
ef88ef8f0000ffff65f065f00000ffff0000ffff0000ffff000d00101ebc
c000ffff0000ffff65f165f13840387f0000ffff0000ffff0002001a1ebd
f000ffff0000ffff8c5b8c5b1d001dff0000ffff0000ffff000400181ebe
e800ebff0000ffffeebbeebb500053ff0000ffff0400ffff000600161ebf
efa0efbf0000ffff65f165f18000ffff0000ffff0400ffff000b00111ec6
ef00ef7f0000ffff8c5b8c5b1c501c5f0000ffff0000ffff0009001c1ec7
0000ffff0000ffffdfacdfac7750775f0000ffff0000ffff0000001c1ec8
0cd20cd30000ffff65f165f1300037ff0000ffff0000ffff000f00151ecb
684068410000ffff65f165f1300037ff0000ffff0000ffff000f00151ecc
811081110000ffff8c5b8c5b100017ff0000ffff0000ffff000f00151ecd
811081110000ffffeebbeebb58005fff0000ffff0000ffff000f00151ece
0c000c7f0000ffff65f165f140007fff0000ffff0400ffff000900121ecf
688068ff0000ffffafc8afc840007fff0000ffff0400ffff000900121ed0
0cd80cdf0000ffffdfacdfac740075ff0000ffff0000ffff000d00171ed4
6848684f0000ffff65f165f13a003bff0000ffff0000ffff000d00171ed5
0000ffff0000ffffdfacdfac7750775f0000ffff0000ffff0000001c1ed6
0cd00cd0c000ffffdfacdfac00003fff0000ffff0000ffff001200121edc
0cd00cd0c000ffff13ec13ecc000ffff0000ffff0000ffff001200121edd
684268428000bfffafc8afc840007fff0000ffff0000ffff001200121ede
684268428000bfff8c5b8c5b40007fff0000ffff0000ffff001200121edf
811281128000bfff8c5b8c5b40007fff0000ffff0000ffff001200121ee0
ef83ef8300003fff571857188000bfff0000ffff0000ffff001200121ee1
ef83ef8300003fffeebbeebb00003fff0000ffff0000ffff001200121ee2
0cd10cd10000ffff65f165f120002fff0000ffff0000ffff001000141ee5
0cd10cd10000ffffafc8afc800000fff0000ffff0000ffff001000141ee6
684368430000ffff8c5b8c5b00000fff0000ffff0000ffff001000141ee7
684368430000ffff13ec13ecb000bfff0000ffff0000ffff001000141ee8
684368430000ffff65f165f120002fff0000ffff0000ffff001000141ee9
811381130000ffff57185718d000dfff0000ffff0000ffff001000141eea
ef82ef820000ffffeebbeebb40004fff0000ffff0000ffff001000141eeb
ef82ef820000ffff65f165f120002fff0000ffff0000ffff001000141eec
0d000dff0000ffffafc8afc811b011bf0000ffff0000ffff0008001c1ef3
0cd00cd000007fffafc8afc820003fff0000ffff0000ffff001100131ef5
6842684200007fff13ec13ec80009fff0000ffff0000ffff001100131ef6
8112811200007fff20f320f340005fff0000ffff0000ffff001100131ef7
ef83ef838000ffff65f165f100001fff0000ffff0000ffff001100131ef8
ef83ef838000ffffeebbeebb60007fff0000ffff0000ffff001100131ef9
10001fff0000ffff13ec13eca900a9ff0000ffff0000ffff000400181efb
0cd00cd0a000bfffafc8afc88000ffff0000ffff0000ffff001300111eff
68426842e000ffffafc8afc88000ffff0000ffff0000ffff001300111f00
68426842e000ffff8c5b8c5b8000ffff0000ffff0000ffff001300111f01
68426842e000ffff65f165f18000ffff0000ffff0000ffff001300111f02
81128112c000dfffafc8afc88000ffff0000ffff0000ffff001300111f03
ef83ef8340005fff5718571800007fff0000ffff0000ffff001300111f04
0c800cbf0000ffffafc8afc88000ffff0000ffff0400ffff000a00111f05
0cd00cd098009fff65f265f30000ffff0000ffff0000ffff0015000f1f06
68426842c000c7ffafcaafcb0000ffff0000ffff0000ffff0015000f1f07
68426842c000c7ff13ee13ef0000ffff0000ffff0000ffff0015000f1f08
68426842c000c7ff8c588c590000ffff0000ffff0000ffff0015000f1f09
ef83ef83600067ff65f265f30000ffff0000ffff0000ffff0015000f1f0a
0cd40cd70000ffff13ec13ecac00afff0000ffff0000ffff000e00161f0b
684468470000ffff20f320f3600063ff0000ffff0000ffff000e00161f0c
684468470000ffff65f165f13c003fff0000ffff0000ffff000e00161f0d
ef84ef870000ffff57185718cc00cfff0000ffff0000ffff000e00161f0e
ef84ef870000ffffeebbeebb500053ff0000ffff0000ffff000e00161f0f
40005fff0000ffffafc8afc81100117f0000ffff0000ffff000300191f15
a000bfff0000ffff57185718ca80caff0000ffff0000ffff000300191f16
68426842d000dfff65f065f00000ffff0000ffff0000ffff001400101f17
68426842d000dfff8c5a8c5a0000ffff0000ffff0000ffff001400101f18
81128112e000efffeebaeeba0000ffff0000ffff0000ffff001400101f19
81128112e000efff571957190000ffff0000ffff0000ffff001400101f1a
6850685f0000ffff65f165f1390039ff0000ffff0000ffff000c00181f1b
ef90ef9f0000ffff65f165f1390039ff0000ffff0000ffff000c00181f1c
00007fff0000ffff8c5b8c5b1c601c7f0000ffff0000ffff0001001b1f20
00007fff0000ffff8c5b8c5b1c601c7f0000ffff0000ffff0001001b1f21
8000ffff0000ffff57185718ca60ca7f0000ffff0000ffff0001001b1f22
6850685f0000ffff8c588c590000ffff0000ffff0400ffff000c000f1f25
6850685f0000ffff8c5a8c5a0000ffff0000ffff0000ffff000c00101f28
6850685f0000ffff8c5a8c5a0000ffff0000ffff0000ffff000c00101f29
6860687f0000ffff65f065f00000ffff0000ffff0400ffff000b00101f2b
6860687f0000ffff8c5b8c5b1c801cff0000ffff0000ffff000b00191f2d
800080ff0000ffff57185718e000ffff0000ffff0000ffff000800131f36
ec00edff0000ffff57185718c000c7ff0000ffff0000ffff000700151f3b
ec00edff0000ffff65f165f120002fff0000ffff0400ffff000700141f3d
efc0efff0000ffffeebbeebb00003fff0000ffff0000ffff000a00121f3e
efa0efbf0000ffff8c5a8c5a0000ffff0000ffff0000ffff000b00101f3f
c000ffff0000ffff65f165f13840387f0000ffff0000ffff0002001a1f40
ec00edff0000ffff65f165f1381038170000ffff0000ffff0007001d1f41
ef90ef9f0000ffff8c588c590000ffff0000ffff0000ffff000c000f1f43
0cd00cd000007fff13ec13ecc000ffff0000ffff0000ffff001100121f46
0cd00cd000007fffdfacdfac00003fff0000ffff0000ffff001100121f47
0cd00cd000007fffafc8afc840007fff0000ffff0000ffff001100121f48
6842684200007fff8c5b8c5b40007fff0000ffff0000ffff001100121f49
8112811200007fff8c5b8c5b40007fff0000ffff0000ffff001100121f4a
ef83ef838000ffff571857188000bfff0000ffff0000ffff001100121f4b
ef83ef838000ffff8c5b8c5b40007fff0000ffff0000ffff001100121f4c
ef83ef838000ffffeebbeebb00003fff0000ffff0000ffff001100121f4d
0cd00cd0a000bfff65f065f00000ffff0000ffff0000ffff001300101f4f
0cd00cd0a000bfff13ed13ed0000ffff0000ffff0000ffff001300101f50
68426842e000ffff65f065f00000ffff0000ffff0000ffff001300101f51
81128112c000dfffeebaeeba0000ffff0000ffff0000ffff001300101f52
ef83ef8340005fff8c5a8c5a0000ffff0000ffff0000ffff001300101f53
ef83ef8340005fffeebaeeba0000ffff0000ffff0000ffff001300101f54
0cd00cd080008fffafcaafcb0000ffff0000ffff0000ffff0014000f1f66
68426842d000dfffafcaafcb0000ffff0000ffff0000ffff0014000f1f67
68426842d000dfff8c588c590000ffff0000ffff0000ffff0014000f1f68
ef83ef8370007fffeeb8eeb90000ffff0000ffff0000ffff0014000f1f69
08000bff0000ffffafc8afc818001fff0000ffff0000ffff000600151f6b
0d000dff0000ffff13ec13eca880a89f0000ffff0000ffff0008001b1f6c
0cd20cd30000ffff13ec13ecb000bfff0000ffff0000ffff000f00141f6f
684068410000ffffafc8afc800000fff0000ffff0000ffff000f00141f70
ef80ef810000ffff65f165f120002fff0000ffff0000ffff000f00141f71
0cd40cd70000ffffafc8afc818001fff0000ffff0000ffff000e00151f72
684468470000ffff65f165f1300037ff0000ffff0000ffff000e00151f73
684468470000ffff13ec13eca000a7ff0000ffff0000ffff000e00151f74
811481170000ffff20f320f368006fff0000ffff0000ffff000e00151f75
811481170000ffff57185718c000c7ff0000ffff0000ffff000e00151f76
0ce00cff0000ffffafc8afc8100010ff0000ffff0000ffff000b00181f77
6860687f0000ffff8c5b8c5b1d001dff0000ffff0000ffff000b00181f78
efa0efbf0000ffff65f165f1390039ff0000ffff0000ffff000b00181f79
efa0efbf0000ffff8c5b8c5b1d001dff0000ffff0000ffff000b00181f7a
0c800cbf0000ffff65f165f18000ffff0000ffff0000ffff000a00111f7c
efc0efff0000ffff8c5b8c5b8000ffff0000ffff0000ffff000a00111f7d
684368430000ffffafc8afc820003fff0000ffff0000ffff001000131f7e
811381130000ffff57185718e000ffff0000ffff0000ffff001000131f7f
ef82ef820000ffff8c5b8c5b20003fff0000ffff0000ffff001000131f80
6c006fff0000ffffafc8afc800000fff0000ffff0400ffff000600141f81
690069ff0000ffff65f165f140007fff0000ffff0400ffff000800121f83
6850685f0000ffff13ec13ecaa00abff0000ffff0000ffff000c00171f84
8100810f0000ffff20f320f3660067ff0000ffff0000ffff000c00171f85
688068ff0000ffff8c5b8c5b1c001c3f0000ffff0000ffff0009001a1f86
688068ff0000ffff13ec13eca8c0a8ff0000ffff0000ffff0009001a1f87
684268428000bfff8c5b8c5b8000ffff0000ffff0000ffff001200111f88
684268428000bfff65f165f18000ffff0000ffff0000ffff001200111f89
811281128000bfff20f320f38000ffff0000ffff0000ffff001200111f8a
ef83ef8300003fff65f165f18000ffff0000ffff0000ffff001200111f8b
ef83ef8300003fff8c5b8c5b8000ffff0000ffff0000ffff001200111f8c
6860687f0000ffff8c5a8c5a0000ffff0000ffff0000ffff000b00101f96
efa0efbf0000ffffeebaeeba0000ffff0000ffff0000ffff000b00101f97
6850685f0000ffff65f265f30000ffff0000ffff0000ffff000c000f1f9e
6800683f0000ffff8c5b8c5b1c801cff0000ffff0000ffff000a00191faa
6800683f0000ffff13ec13eca800a87f0000ffff0000ffff000a00191fab
8140817f0000ffffeebbeebb5700577f0000ffff0000ffff000a00191fac
8118811f0000ffff57185718cc00cfff0000ffff0000ffff000d00161fb1
8118811f0000ffffeebbeebb500053ff0000ffff0000ffff000d00161fb2
8118811f0000ffff8c5b8c5b18001bff0000ffff0000ffff000d00161fb3
ef88ef8f0000ffffeebbeebb500053ff0000ffff0000ffff000d00161fb4
ef88ef8f0000ffff8c5b8c5b18001bff0000ffff0000ffff000d00161fb5
a000bfff0000ffff57185718cb00cbff0000ffff0000ffff000300181fb6
818081ff0000ffff5718571800007fff0000ffff0400ffff000900111fb7
ef00ef7f0000ffffeebbeebb00003fff0000ffff0000ffff000900121fbc
ec00edff0000ffff8c5b8c5b00000fff0000ffff0000ffff000700141fc1
ec00edff0000ffff65f165f120002fff0000ffff0000ffff000700141fc2
0cd80cdf0000ffff65f165f1300037ff0000ffff0000ffff000d00151fc3
6848684f0000ffff13ec13eca000a7ff0000ffff0000ffff000d00151fc4
6848684f0000ffff8c5b8c5b100017ff0000ffff0000ffff000d00151fc5
8118811f0000ffffeebbeebb58005fff0000ffff0000ffff000d00151fc6
8118811f0000ffff57185718c000c7ff0000ffff0000ffff000d00151fc7
ef88ef8f0000ffff8c5b8c5b100017ff0000ffff0000ffff000d00151fc8
0e000fff0000ffffdfacdfac40005fff0000ffff0000ffff000700131fc9
0cd40cd70000ffff65f165f120002fff0000ffff0000ffff000e00141fd0
684468470000ffffafc8afc800000fff0000ffff0000ffff000e00141fd1
684468470000ffff65f165f120002fff0000ffff0000ffff000e00141fd2
684468470000ffff8c5b8c5b00000fff0000ffff0000ffff000e00141fd3
ef84ef870000ffffeebbeebb40004fff0000ffff0000ffff000e00141fd4
ef84ef870000ffff65f165f120002fff0000ffff0000ffff000e00141fd5
0cd00cd0c000ffffafc9afc90000ffff0000ffff0000ffff001200101fd7
684268428000bfff65f065f00000ffff0000ffff0000ffff001200101fd8
811281128000bfff8c5a8c5a0000ffff0000ffff0000ffff001200101fd9
ef83ef8300003fff65f065f00000ffff0000ffff0000ffff001200101fda
ef83ef8300003fffeebaeeba0000ffff0000ffff0000ffff001200101fdb
0cd10cd10000ffffafc8afc840007fff0000ffff0000ffff001000121fdc
0cd10cd10000ffff13ec13ecc000ffff0000ffff0000ffff001000121fdd
684368430000ffffafc8afc840007fff0000ffff0000ffff001000121fde
684368430000ffff13ec13ecc000ffff0000ffff0000ffff001000121fdf
684368430000ffff8c5b8c5b40007fff0000ffff0000ffff001000121fe0
811381130000ffff20f320f300003fff0000ffff0000ffff001000121fe1
0c800cbf0000ffffafc8afc8100010ff0000ffff0000ffff000a00181fef
0cd00cd0a000bfffafcaafcb0000ffff0000ffff0000ffff0013000f1ff1
68426842e000ffff8c588c590000ffff0000ffff0000ffff0013000f1ff2
81128112c000dfff8c588c590000ffff0000ffff0000ffff0013000f1ff3
81128112c000dfff571a571b0000ffff0000ffff0000ffff0013000f1ff4
ef83ef8340005fff65f265f30000ffff0000ffff0000ffff0013000f1ff5
ef83ef8340005fff8c588c590000ffff0000ffff0000ffff0013000f1ff6
0d000dff0000ffff65f165f140007fff0000ffff0000ffff000800121ffe
6850685f0000ffff20f320f3600063ff0000ffff0000ffff000c00161fff
8100810f0000ffff57185718cc00cfff0000ffff0000ffff000c00162000
8100810f0000ffff8c5b8c5b18001bff0000ffff0000ffff000c00162001
ef90ef9f0000ffff57185718cc00cfff0000ffff0000ffff000c00162002
684068410000ffff65f165f100001fff0000ffff0000ffff000f00132007
684068410000ffff13ec13ec80009fff0000ffff0000ffff000f00132008
684068410000ffff8c5b8c5b20003fff0000ffff0000ffff000f00132009
ef80ef810000ffff8c5b8c5b20003fff0000ffff0000ffff000f0013200a
600067ff0000ffff65f165f120002fff0000ffff0400ffff00050014200b
6842684200007fff8c5b8c5b8000ffff0000ffff0000ffff00110011200d
6842684200007fff13ec13ec00007fff0000ffff0000ffff00110011200e
ef83ef838000ffffeebbeebb8000ffff0000ffff0000ffff00110011200f
ef83ef838000ffff8c5b8c5b8000ffff0000ffff0000ffff001100112010
0000ffff0000ffffdfacdfac7700773f0000ffff0000ffff0000001a2011
6860687f0000ffff13ec13ecaa00abff0000ffff0000ffff000b00172012
6860687f0000ffff8c5b8c5b1e001fff0000ffff0000ffff000b00172013
6860687f0000ffff65f165f13a003bff0000ffff0000ffff000b00172014
efa0efbf0000ffff8c5b8c5b1e001fff0000ffff0000ffff000b00172015
efa0efbf0000ffffeebbeebb540055ff0000ffff0000ffff000b00172016
6860687f0000ffff13ee13ef0000ffff0000ffff0000ffff000b000f201d
688068ff0000ffff13ed13ed0000ffff0000ffff0400ffff00090010201e
820083ff0000ffffeebbeebb57e057ff0000ffff0000ffff0007001b2024
820083ff0000ffff57185718ca60ca7f0000ffff0000ffff0007001b2025
8140817f0000ffff571a571b0000ffff0000ffff0000ffff000a000f2026
efc0efff0000ffffeeb8eeb90000ffff0000ffff0000ffff000a000f2027
efc0efff0000ffffeeb8eeb90000ffff0000ffff0400ffff000a000f202b
efc0efff0000ffff571a571b0000ffff0000ffff0400ffff000a000f202c
ee00eeff0000ffffeebbeebb8000ffff0000ffff0000ffff000800112033
ee00eeff0000ffff65f165f13840387f0000ffff0000ffff0008001a2035
ec00edff0000ffffeebbeebb00003fff0000ffff0400ffff000700122036
ef00ef7f0000ffff65f165f1388038ff0000ffff0000ffff000900192039
c000dfff0000ffff65f165f1381c381d0000ffff0000ffff0003001f203b
0c800cbf0000ffffdfacdfac740075ff0000ffff0000ffff000a0017203c
efc0efff0000ffff65f165f13a003bff0000ffff0000ffff000a0017203d
0cd00cd000007fff65f065f00000ffff0000ffff0000ffff001100102051
6842684200007fff8c5a8c5a0000ffff0000ffff0000ffff001100102052
6842684200007fff65f065f00000ffff0000ffff0000ffff001100102053
8112811200007fff20f220f20000ffff0000ffff0000ffff001100102054
8112811200007fffeebaeeba0000ffff0000ffff0000ffff001100102055
ef83ef838000ffff8c5a8c5a0000ffff0000ffff0000ffff001100102056
ef83ef838000ffff65f065f00000ffff0000ffff0000ffff001100102057
08000bff0000ffffafc8afc81180119f0000ffff0000ffff0006001b205e
690069ff0000ffff65f165f18000ffff0000ffff0000ffff000800112064
800080ff0000ffff5718571800007fff0000ffff0000ffff000800112065
684368430000ffff65f165f18000ffff0000ffff0000ffff001000112066
684368430000ffff8c5b8c5b8000ffff0000ffff0000ffff001000112067
ef82ef820000ffff8c5b8c5b8000ffff0000ffff0000ffff001000112068
ef82ef820000ffffeebbeebb8000ffff0000ffff0000ffff001000112069
6848684f0000ffff13ec13ecb000bfff0000ffff0000ffff000d00142078
ef88ef8f0000ffff57185718d000dfff0000ffff0000ffff000d00142079
ef88ef8f0000ffffeebbeebb40004fff0000ffff0000ffff000d0014207a
ef88ef8f0000ffff65f165f120002fff0000ffff0000ffff000d0014207b
6c006fff0000ffff8c5b8c5b20003fff0000ffff0000ffff00060013207c
6a006bff0000ffff8c5b8c5b40007fff0000ffff0000ffff000700122080
684068410000ffff13ec13ecc000ffff0000ffff0000ffff000f00122081
811081110000ffff20f320f300003fff0000ffff0000ffff000f00122082
811081110000ffff8c5b8c5b40007fff0000ffff0000ffff000f00122083
ef80ef810000ffff8c5b8c5b40007fff0000ffff0000ffff000f00122084
ef80ef810000ffff65f165f140007fff0000ffff0000ffff000f00122085
684468470000ffff65f165f100001fff0000ffff0000ffff000e00132086
684468470000ffff8c5b8c5b20003fff0000ffff0000ffff000e00132087
ef84ef870000ffff57185718e000ffff0000ffff0000ffff000e00132088
ef84ef870000ffff65f165f100001fff0000ffff0000ffff000e00132089
6860687f0000ffff65f165f13c003fff0000ffff0000ffff000b0016208a
8120813f0000ffff57185718cc00cfff0000ffff0000ffff000b0016208b
efa0efbf0000ffffeebbeebb500053ff0000ffff0000ffff000b0016208c
00007fff0000ffff8c5b8c5b1d001dff0000ffff0000ffff00010018208d
690069ff0000ffff8c5b8c5b1c801cff0000ffff0000ffff00080019208e
ee00eeff0000ffffeebbeebb5700577f0000ffff0000ffff00080019208f
684268428000bfff65f265f30000ffff0000ffff0000ffff0012000f2090
6c006fff0000ffff65f165f140007fff0000ffff0400ffff000600122094
840087ff0000ffffeebbeebb00003fff0000ffff0400ffff000600122095
6850685f0000ffff8c5b8c5b100017ff0000ffff0000ffff000c00152098
ef90ef9f0000ffff8c5b8c5b100017ff0000ffff0000ffff000c00152099
6c006fff0000ffff65f165f140007fff0000ffff0000ffff00060012209a
688068ff0000ffff65f165f1390039ff0000ffff0000ffff00090018209f
818081ff0000ffff20f320f3640064ff0000ffff0000ffff0009001820a0
ef00ef7f0000ffffeebbeebb560056ff0000ffff0000ffff0009001820a1
ef00ef7f0000ffff65f165f1390039ff0000ffff0000ffff0009001820a2
8000bfff0000ffffeebbeebb540055ff0000ffff0000ffff0002001720a5
818081ff0000ffff20f020f10000ffff0000ffff0400ffff0009000f20a6
800080ff0000ffff571957190000ffff0000ffff0400ffff0008001020a7
a000bfff0000ffff57185718cc00cfff0000ffff0000ffff0003001620a8
e000e7ff0000ffff65f165f13800380f0000ffff0000ffff0005001c20ac
e000e7ff0000ffffeebbeebb60007fff0000ffff0400ffff0005001320ad
0000ffff0000ffffdfacdfac778077ff0000ffff0000ffff0000001920af
ef00ef7f0000ffff65f065f00000ffff0000ffff0000ffff0009001020b0
0d000dff0000ffffdfaedfaf0000ffff0000ffff0000ffff0008000f20b7
0cd10cd10000ffff13ed13ed0000ffff0000ffff0000ffff0010001020b9
684368430000ffff65f065f00000ffff0000ffff0000ffff0010001020ba
ef82ef820000ffff65f065f00000ffff0000ffff0000ffff0010001020bb
0d000dff0000ffff65f265f30000ffff0000ffff0400ffff0008000f20bc
10001fff0000ffff65f165f13800380f0000ffff0000ffff0004001c20c4
00007fff0000ffffafc8afc811a211a30000ffff0000ffff0001001f20c8
00007fff0000ffff8c5b8c5b1c441c450000ffff0000ffff0001001f20c9
8000ffff0000ffff65f165f1381c381d0000ffff0000ffff0001001f20ca
10001fff0000ffffafc8afc800000fff0000ffff0000ffff0004001420d6
0cd00cd000007fffafcaafcb0000ffff0000ffff0000ffff0011000f20d7
6842684200007fff13ee13ef0000ffff0000ffff0000ffff0011000f20d8
ef83ef838000ffff8c588c590000ffff0000ffff0000ffff0011000f20d9
0cd80cdf0000ffff65f165f100001fff0000ffff0000ffff000d001320dd
6848684f0000ffff65f165f100001fff0000ffff0000ffff000d001320de
8118811f0000ffff57185718e000ffff0000ffff0000ffff000d001320df
ef88ef8f0000ffff8c5b8c5b20003fff0000ffff0000ffff000d001320e0
20003fff0000ffffafc8afc811a811af0000ffff0000ffff0003001d20e1
40005fff0000ffff8c5b8c5b1c481c4f0000ffff0000ffff0003001d20e2
00007fff0000ffffafc8afc8140017ff0000ffff0000ffff0001001620e9
00007fff0000ffff8c5b8c5b18001bff0000ffff0000ffff0001001620ea
6850685f0000ffff8c5b8c5b00000fff0000ffff0000ffff000c001420eb
8100810f0000ffff8c5b8c5b00000fff0000ffff0000ffff000c001420ec
684068410000ffff8c5b8c5b8000ffff0000ffff0000ffff000f001120ed
684068410000ffff13ec13ec00007fff0000ffff0000ffff000f001120ee
811081110000ffff8c5b8c5b8000ffff0000ffff0000ffff000f001120ef
ef80ef810000ffff65f165f18000ffff0000ffff0000ffff000f001120f0
6800683f0000ffff8c5b8c5b18001bff0000ffff0000ffff000a001620f4
600067ff0000ffff65f165f140007fff0000ffff0400ffff0005001220f5
6c006fff0000ffff8c5b8c5b8000ffff0000ffff0400ffff0006001120f6
0000ffff0000ffffdfacdfac740075ff0000ffff0400ffff0000001720fa
6c006fff0000ffff8c5b8c5b1c001c3f0000ffff0000ffff0006001a20fb
e800ebff0000ffff65f165f13840387f0000ffff0000ffff0006001a20fc
690069ff0000ffff8c5b8c5b1d001dff0000ffff0000ffff0008001820fd
ee00eeff0000ffff57185718cb00cbff0000ffff0000ffff0008001820fe
820083ff0000ffffeebaeeba0000ffff0000ffff0000ffff0007001020ff
820083ff0000ffff57185718ca80caff0000ffff0000ffff000700192105
8000bfff0000ffff57185718c000c7ff0000ffff0400ffff000200152106
c000ffff0000ffff65f165f1300037ff0000ffff0400ffff000200152107
811481170000ffff571857188000bfff0000ffff0000ffff000e00122109
ef84ef870000ffff571857188000bfff0000ffff0000ffff000e0012210a
ef84ef870000ffff65f165f140007fff0000ffff0000ffff000e0012210b
ef84ef870000ffff8c5b8c5b40007fff0000ffff0000ffff000e0012210c
88008fff0000ffff571857188000bfff0000ffff0000ffff00050012210f
88008fff0000ffff8c5b8c5b1c601c7f0000ffff0000ffff0005001b2110
ef00ef7f0000ffff57185718c800c9ff0000ffff0000ffff000900172113
e800ebff0000ffffeebbeebb00003fff0000ffff0000ffff000600122117
ef00ef7f0000ffff8c588c590000ffff0000ffff0000ffff0009000f211c
8000ffff0000ffff65f165f13a003bff0000ffff0000ffff00010017211f
c000dfff0000ffff8c5b8c5b00000fff0000ffff0400ffff000300142120
0cd40cd70000ffffafc8afc88000ffff0000ffff0000ffff000e0011212c
684468470000ffff8c5b8c5b8000ffff0000ffff0000ffff000e0011212d
811481170000ffff5718571800007fff0000ffff0000ffff000e0011212e
0d000dff0000ffff65f265f30000ffff0000ffff0000ffff0008000f2130
690069ff0000ffff8c588c590000ffff0000ffff0000ffff0008000f2131
ee00eeff0000ffffeeb8eeb90000ffff0000ffff0000ffff0008000f2132
0cc00ccf0000ffff65f165f100001fff0000ffff0000ffff000c00132137
6850685f0000ffff65f165f100001fff0000ffff0000ffff000c00132138
8100810f0000ffff20f320f340005fff0000ffff0000ffff000c00132139
20003fff0000ffffafc8afc820003fff0000ffff0000ffff00030013213c
0c000c7f0000ffffafc8afc8140017ff0000ffff0000ffff00090016213d
6848684f0000ffff8c5b8c5b40007fff0000ffff0000ffff000d0012214c
ef88ef8f0000ffff65f165f140007fff0000ffff0000ffff000d0012214d
6c006fff0000ffff8c5a8c5a0000ffff0000ffff0400ffff00060010214f
684068410000ffff8c5a8c5a0000ffff0000ffff0000ffff000f00102156
811081110000ffff20f220f20000ffff0000ffff0000ffff000f00102157
811081110000ffff8c5a8c5a0000ffff0000ffff0000ffff000f00102158
811081110000ffff571957190000ffff0000ffff0000ffff000f00102159
ef80ef810000ffffeebaeeba0000ffff0000ffff0000ffff000f0010215a
690069ff0000ffff13ec13ecaa00abff0000ffff0000ffff00080017215c
800080ff0000ffff8c5b8c5b1e001fff0000ffff0000ffff00080017215d
40007fff0000ffff13ec13eca8b8a8bf0000ffff0000ffff0002001d215e
6a006bff0000ffff13ec13eca900a9ff0000ffff0000ffff00070018215f
ec00edff0000ffffeebbeebb560056ff0000ffff0000ffff000700182160
6860687f0000ffff8c5b8c5b00000fff0000ffff0000ffff000b00142161
efa0efbf0000ffffeebbeebb40004fff0000ffff0000ffff000b00142162
6c006fff0000ffff8c5b8c5b1c801cff0000ffff0000ffff000600192163
e800ebff0000ffff57185718ca80caff0000ffff0000ffff000600192164
90009fff0000ffff571857188000bfff0000ffff0000ffff00040012216a
811381130000ffffeeb8eeb90000ffff0000ffff0000ffff0010000f216b
ef82ef820000ffff65f265f30000ffff0000ffff0000ffff0010000f216c
ef82ef820000ffff8c588c590000ffff0000ffff0000ffff0010000f216d
0000ffff0000ffffdfacdfac774277430000ffff0000ffff0000001f2171
c000ffff0000ffff65f165f1300037ff0000ffff0000ffff000200152174
e000e7ff0000ffff65f165f13840387f0000ffff0000ffff0005001a2178
c000ffff0000ffff8c5b8c5b00000fff0000ffff0400ffff000200142179
0cd20cd30000ffff13ee13ef0000ffff0000ffff0000ffff000f000f217e
0cd80cdf0000ffffdfacdfac8000ffff0000ffff0000ffff000d0011217f
6848684f0000ffff8c5b8c5b8000ffff0000ffff0000ffff000d00112180
6848684f0000ffff65f165f18000ffff0000ffff0000ffff000d00112181
8118811f0000ffff20f320f38000ffff0000ffff0000ffff000d00112182
ef88ef8f0000ffffdfacdfac8000ffff0000ffff0000ffff000d00112183
0d000dff0000ffffdfacdfac700073ff0000ffff0000ffff000800162184
0000ffff0000ffffdfacdfac700073ff0000ffff0000ffff000000162196
0000ffff0000ffffdfacdfac700073ff0000ffff0000ffff000000162197
0c800cbf0000ffffafc8afc800000fff0000ffff0000ffff000a00142199
6800683f0000ffff13ec13ecb000bfff0000ffff0000ffff000a0014219a
0cc00ccf0000ffffafc8afc840007fff0000ffff0000ffff000c0012219f
6850685f0000ffff13ec13ecc000ffff0000ffff0000ffff000c001221a0
ef90ef9f0000ffff65f165f140007fff0000ffff0000ffff000c001221a1
6c006fff0000ffff20f320f3640064ff0000ffff0000ffff0006001821a5
e800ebff0000ffff65f165f1390039ff0000ffff0000ffff0006001821a6
6860687f0000ffff8c5b8c5b20003fff0000ffff0000ffff000b001321af
6860687f0000ffff13ec13ec80009fff0000ffff0000ffff000b001321b0
6860687f0000ffff65f165f100001fff0000ffff0000ffff000b001321b1
efa0efbf0000ffff57185718e000ffff0000ffff0000ffff000b001321b2
684468470000ffff8c5a8c5a0000ffff0000ffff0000ffff000e001021ba
ef84ef870000ffffeebaeeba0000ffff0000ffff0000ffff000e001021bb
ef84ef870000ffff65f065f00000ffff0000ffff0000ffff000e001021bc
600067ff0000ffff8c5a8c5a0000ffff0000ffff0000ffff0005001021c1
600067ff0000ffff65f165f18000ffff0000ffff0000ffff0005001121c2
e000e7ff0000ffff8c5b8c5b8000ffff0000ffff0000ffff0005001121c3
00007fff0000ffff8c5b8c5b00000fff0000ffff0000ffff0001001421c4
818081ff0000ffff57185718c000c7ff0000ffff0000ffff0009001521ce
90009fff0000ffffeebbeebb00003fff0000ffff0000ffff0004001221d1
88008fff0000ffff57185718ca80caff0000ffff0000ffff0005001921d4
c000dfff0000ffffeebbeebb57e057ff0000ffff0000ffff0003001b21d5
ec00edff0000ffff65f265f30000ffff0000ffff0000ffff0007000f21db
0000ffff0000ffffdfacdfac774477470000ffff0000ffff0000001e21dc
0e000fff0000ffff13ec13ecac00afff0000ffff0000ffff0007001621e6
6a006bff0000ffff8c5b8c5b18001bff0000ffff0000ffff0007001621e7
6a006bff0000ffff13ec13ecac00afff0000ffff0000ffff0007001621e8
0c000c7f0000ffffafc8afc800000fff0000ffff0000ffff000900142200
10001fff0000ffffafc9afc90000ffff0000ffff0400ffff000400102207
10001fff0000ffffafc8afc81100117f0000ffff0000ffff00040019220d
00003fff0000ffff65f165f100001fff0000ffff0000ffff000200132211
6850685f0000ffff13ec13ec00007fff0000ffff0000ffff000c0011221d
8100810f0000ffff8c5b8c5b8000ffff0000ffff0000ffff000c0011221e
ef90ef9f0000ffffeebbeebb8000ffff0000ffff0000ffff000c0011221f
40005fff0000ffff13ec13ecc000ffff0000ffff0000ffff000300122221
a000bfff0000ffff20f320f300003fff0000ffff0000ffff000300122222
70007fff0000ffff8c5a8c5a0000ffff0000ffff0000ffff000400102223
684468470000ffff8c588c590000ffff0000ffff0000ffff000e000f2228
684468470000ffff65f265f30000ffff0000ffff0000ffff000e000f2229
811481170000ffff20f020f10000ffff0000ffff0000ffff000e000f222a
ef84ef870000ffff8c588c590000ffff0000ffff0000ffff000e000f222b
8120813f0000ffffeebbeebb00003fff0000ffff0000ffff000b00122239
ef88ef8f0000ffff571957190000ffff0000ffff0000ffff000d0010223e
ef88ef8f0000ffff65f065f00000ffff0000ffff0000ffff000d0010223f
f000ffff0000ffff65f165f18000ffff0000ffff0000ffff00040011224a
e800ebff0000ffff65f165f13a003bff0000ffff0000ffff00060017224e
00007fff0000ffffdfacdfac00003fff0000ffff0400ffff000100122253
0e000fff0000ffffdfacdfac78007fff0000ffff0000ffff000700152254
ec00edff0000ffff65f165f1300037ff0000ffff0000ffff000700152255
00007fff0000ffffafc8afc820003fff0000ffff0000ffff000100132256
20003fff0000ffffafc8afc81100117f0000ffff0000ffff000300192259
40005fff0000ffff13ec13eca800a87f0000ffff0000ffff00030019225a
0c000c7f0000ffffafc8afc820003fff0000ffff0000ffff00090013225b
0cd80cdf0000ffffafcaafcb0000ffff0000ffff0000ffff000d000f225c
6848684f0000ffff8c588c590000ffff0000ffff0000ffff000d000f225d
ef88ef8f0000ffffeeb8eeb90000ffff0000ffff0000ffff000d000f225e
0cc00ccf0000ffff65f065f00000ffff0000ffff0000ffff000c00102261
0cc00ccf0000ffff13ed13ed0000ffff0000ffff0000ffff000c00102262
6850685f0000ffff13ed13ed0000ffff0000ffff0000ffff000c00102263
6850685f0000ffff8c5a8c5a0000ffff0000ffff0000ffff000c00102264
00007fff0000ffffafc8afc81180119f0000ffff0000ffff0001001b2265
0d000dff0000ffff20f320f370007fff0000ffff0000ffff00080014226e
800080ff0000ffffeebbeebb40004fff0000ffff0000ffff00080014226f
70007fff0000ffff8c5b8c5b1d001dff0000ffff0000ffff000400182279
600067ff0000ffff13ec13ecaa00abff0000ffff0000ffff00050017227a
e000e7ff0000ffff65f165f13a003bff0000ffff0000ffff00050017227b
6800683f0000ffff8c5b8c5b40007fff0000ffff0000ffff000a00122284
efc0efff0000ffff8c5b8c5b40007fff0000ffff0000ffff000a00122285
6860687f0000ffff8c5b8c5b8000ffff0000ffff0000ffff000b00112286
8120813f0000ffffeebbeebb8000ffff0000ffff0000ffff000b00112287
efa0efbf0000ffff8c5b8c5b8000ffff0000ffff0000ffff000b00112288
40007fff0000ffff13ec13eca8c0a8ff0000ffff0000ffff0002001a2289
6c006fff0000ffff8c5b8c5b18001bff0000ffff0000ffff00060016228e
e800ebff0000ffffdfacdfac700073ff0000ffff0000ffff00060016228f
0000ffff0000ffffdfacdfac7750775f0000ffff0000ffff0000001c2296
0000ffff0000ffffdfacdfac40005fff0000ffff0000ffff000000132297
0000ffff0000ffffdfacdfac40005fff0000ffff0400ffff00000013229c
0cc00ccf0000ffffdfaedfaf0000ffff0000ffff0000ffff000c000f22ae
0cc00ccf0000ffff13ee13ef0000ffff0000ffff0000ffff000c000f22af
8100810f0000ffff571a571b0000ffff0000ffff0000ffff000c000f22b0
0c000c7f0000ffff65f165f140007fff0000ffff0000ffff0009001222c7
0c000c7f0000ffffafc8afc840007fff0000ffff0000ffff0009001222c8
818081ff0000ffff571857188000bfff0000ffff0000ffff0009001222c9
ef00ef7f0000ffff65f165f140007fff0000ffff0000ffff0009001222ca
ef00ef7f0000ffff8c5b8c5b40007fff0000ffff0000ffff0009001222cb
40007fff0000ffff8c5b8c5b1c801cff0000ffff0000ffff0002001922d5
c000ffff0000ffff65f165f1388038ff0000ffff0000ffff0002001922d6
70007fff0000ffff13ee13ef0000ffff0000ffff0000ffff0004000f22df
40005fff0000ffff8c5b8c5b1d001dff0000ffff0000ffff0003001822e7
a000bfff0000ffffeebbeebb560056ff0000ffff0000ffff0003001822e8
6a006bff0000ffff13ec13ecb000bfff0000ffff0000ffff0007001422e9
820083ff0000ffff57185718d000dfff0000ffff0000ffff0007001422ea
6c006fff0000ffff65f165f1300037ff0000ffff0000ffff0006001522ec
e800ebff0000ffff8c5b8c5b100017ff0000ffff0000ffff0006001522ed
70007fff0000ffff65f165f13a003bff0000ffff0000ffff0004001722ee
f000ffff0000ffff65f165f13a003bff0000ffff0000ffff0004001722ef
f000ffff0000ffffeebbeebb540055ff0000ffff0000ffff0004001722f0
6860687f0000ffff13ed13ed0000ffff0000ffff0000ffff000b001022f1
8120813f0000ffff20f220f20000ffff0000ffff0000ffff000b001022f2
6800683f0000ffff8c5b8c5b8000ffff0000ffff0000ffff000a001122f3
8140817f0000ffff5718571800007fff0000ffff0000ffff000a001122f4
efc0efff0000ffffeebbeebb8000ffff0000ffff0000ffff000a001122f5
efc0efff0000ffff65f165f18000ffff0000ffff0000ffff000a001122f6
0000ffff0000ffffdfacdfac7760777f0000ffff0000ffff0000001b22fa
ee00eeff0000ffffeebbeebb60007fff0000ffff0000ffff000800132301
ee00eeff0000ffff8c5b8c5b20003fff0000ffff0000ffff000800132302
0000ffff0000ffffdfacdfac00003fff0000ffff0000ffff000000122309
0d000dff0000ffffdfacdfac00003fff0000ffff0000ffff000800122310
800080ff0000ffffeebbeebb00003fff0000ffff0000ffff000800122311
0000ffff0000ffffdfacdfac7700773f0000ffff0000ffff0000001a2312
000007ff0000ffffdfacdfac78007fff0000ffff0000ffff000500152315
e000e7ff0000ffff65f165f1300037ff0000ffff0000ffff000500152316
0c000c7f0000ffff13ec13ec00007fff0000ffff0000ffff000900112319
0c000c7f0000ffff65f165f18000ffff0000ffff0000ffff00090011231a
688068ff0000ffff13ec13ec00007fff0000ffff0000ffff00090011231b
688068ff0000ffff65f165f18000ffff0000ffff0000ffff00090011231c
00007fff0000ffffafc8afc81100117f0000ffff0000ffff000100192320
00007fff0000ffff8c5b8c5b1c801cff0000ffff0000ffff000100192321
8000ffff0000ffff20f320f36500657f0000ffff0000ffff000100192322
8000ffff0000ffff57185718ca80caff0000ffff0000ffff000100192323
8000ffff0000ffff65f165f1388038ff0000ffff0000ffff000100192324
0c800cbf0000ffffafc9afc90000ffff0000ffff0000ffff000a00102333
0e000fff0000ffffafc8afc820003fff0000ffff0000ffff000700132338
70007fff0000ffff57185718cc00cfff0000ffff0000ffff000400162341
40005fff0000ffffafc8afc8120013ff0000ffff0000ffff000300172344
6860687f0000ffff8c588c590000ffff0000ffff0000ffff000b000f2348
40005fff0000ffff8c588c590000ffff0000ffff0000ffff0003000f234d
8000bfff0000ffff571a571b0000ffff0000ffff0400ffff0002000f2356
e800ebff0000ffff65f165f120002fff0000ffff0000ffff000600142361
10001fff0000ffffdfacdfac78007fff0000ffff0000ffff000400152362
70007fff0000ffff8c5b8c5b100017ff0000ffff0000ffff000400152363
90009fff0000ffff8c5b8c5b100017ff0000ffff0000ffff000400152364
0c800cbf0000ffff65f265f30000ffff0000ffff0000ffff000a000f2372
0c800cbf0000ffffafcaafcb0000ffff0000ffff0000ffff000a000f2373
6800683f0000ffffafcaafcb0000ffff0000ffff0000ffff000a000f2374
6800683f0000ffff8c588c590000ffff0000ffff0000ffff000a000f2375
0c000c7f0000ffff13ed13ed0000ffff0000ffff0000ffff000900102383
0c000c7f0000ffffafc9afc90000ffff0000ffff0000ffff000900102384
818081ff0000ffff571957190000ffff0000ffff0000ffff000900102385
ef00ef7f0000ffff571957190000ffff0000ffff0000ffff000900102386
ef00ef7f0000ffffeebaeeba0000ffff0000ffff0000ffff000900102387
08000bff0000ffff65f165f100001fff0000ffff0000ffff000600132390
0000ffff0000ffffdfacdfac778077ff0000ffff0000ffff000000192392
6a006bff0000ffff65f165f140007fff0000ffff0000ffff000700122398
6a006bff0000ffff8c5b8c5b40007fff0000ffff0000ffff000700122399
00007fff0000ffff8c5b8c5b1d001dff0000ffff0000ffff00010018239d
690069ff0000ffff65f165f18000ffff0000ffff0000ffff0008001123a2
ee00eeff0000ffff5718571800007fff0000ffff0000ffff0008001123a3
a000bfff0000ffffeebbeebb500053ff0000ffff0000ffff0003001623a9
a000bfff0000ffff8c5b8c5b18001bff0000ffff0000ffff0003001623aa
c000dfff0000ffff57185718cc00cfff0000ffff0000ffff0003001623ab
88008fff0000ffff57185718d000dfff0000ffff0000ffff0005001423ad
0000ffff0000ffffdfaddfad0000ffff0000ffff0000ffff0000001023b6
c000ffff0000ffff65f165f13a003bff0000ffff0000ffff0002001723b7
c000ffff0000ffff8c5b8c5b1e001fff0000ffff0000ffff0002001723b8
00007fff0000ffffafcaafcb0000ffff0000ffff0000ffff0001000f23ed
00007fff0000ffffafc8afc8120013ff0000ffff0000ffff0001001723ee
8000ffff0000ffff65f165f13a003bff0000ffff0000ffff0001001723ef
6c006fff0000ffffafc8afc840007fff0000ffff0000ffff0006001223fd
e800ebff0000ffff8c5b8c5b40007fff0000ffff0000ffff0006001223fe
40007fff0000ffff13ec13ecac00afff0000ffff0000ffff0002001623ff
c000ffff0000ffff8c5b8c5b18001bff0000ffff0000ffff000200162400
c000ffff0000ffff57185718cc00cfff0000ffff0000ffff000200162401
c000ffff0000ffff65f165f13c003fff0000ffff0000ffff000200162402
40005fff0000ffff8c5b8c5b100017ff0000ffff0000ffff000300152408
6a006bff0000ffff13ec13ec00007fff0000ffff0000ffff00070011240e
ec00edff0000ffff8c5b8c5b8000ffff0000ffff0000ffff00070011240f
ec00edff0000ffff65f165f18000ffff0000ffff0000ffff000700112410
690069ff0000ffff65f065f00000ffff0000ffff0000ffff000800102411
ee00eeff0000ffff8c5a8c5a0000ffff0000ffff0000ffff000800102412
90009fff0000ffff8c5b8c5b00000fff0000ffff0000ffff000400142417
f000ffff0000ffff8c5b8c5b00000fff0000ffff0000ffff000400142418
818081ff0000ffff571a571b0000ffff0000ffff0000ffff0009000f241a
ef00ef7f0000ffff8c588c590000ffff0000ffff0000ffff0009000f241b
e000e7ff0000ffff8c5b8c5b20003fff0000ffff0000ffff00050013241e
e000e7ff0000ffff65f165f100001fff0000ffff0000ffff00050013241f
0000ffff0000ffffdfacdfac760076ff0000ffff0000ffff000000182420
0000ffff0000ffffdfaddfad0000ffff0000ffff0000ffff000000102421
10001fff0000ffffdfacdfac40005fff0000ffff0000ffff000400132425
70007fff0000ffff13ec13ec80009fff0000ffff0000ffff000400132426
90009fff0000ffffeebbeebb60007fff0000ffff0000ffff000400132427
f000ffff0000ffff65f165f100001fff0000ffff0000ffff000400132428
0000ffff0000ffffdfacdfac740075ff0000ffff0000ffff00000017242e
00007fff0000ffffdfacdfac700073ff0000ffff0000ffff00010016242f
00007fff0000ffffafc8afc8140017ff0000ffff0000ffff000100162430
00007fff0000ffff8c5b8c5b18001bff0000ffff0000ffff000100162431
8000ffff0000ffff20f320f3600063ff0000ffff0000ffff000100162432
20003fff0000ffff13ec13ecb000bfff0000ffff0000ffff000300142437
40005fff0000ffff13ec13ecb000bfff0000ffff0000ffff000300142438
6c006fff0000ffff65f165f18000ffff0000ffff0000ffff00060011243b
e800ebff0000ffff5718571800007fff0000ffff0000ffff00060011243c
6a006bff0000ffff65f065f00000ffff0000ffff0000ffff000700102443
820083ff0000ffff571957190000ffff0000ffff0000ffff000700102444
690069ff0000ffff65f265f30000ffff0000ffff0000ffff0008000f2452
800080ff0000ffffeeb8eeb90000ffff0000ffff0000ffff0008000f2453
800080ff0000ffff571a571b0000ffff0000ffff0000ffff0008000f2454
ee00eeff0000ffff571a571b0000ffff0000ffff0000ffff0008000f2455
e000e7ff0000ffff571857188000bfff0000ffff0000ffff00050012245a
c000ffff0000ffff65f165f1300037ff0000ffff0000ffff00020015245c
c000ffff0000ffff8c5b8c5b100017ff0000ffff0000ffff00020015245d
10001fff0000ffffafc8afc840007fff0000ffff0000ffff000400122461
70007fff0000ffff13ec13ecc000ffff0000ffff0000ffff000400122462
90009fff0000ffffeebbeebb00003fff0000ffff0000ffff000400122463
0000ffff0000ffffdfacdfac700073ff0000ffff0000ffff000000162464
0e000fff0000ffffafcaafcb0000ffff0000ffff0000ffff0007000f246a
6a006bff0000ffff13ee13ef0000ffff0000ffff0000ffff0007000f246b
ec00edff0000ffff65f265f30000ffff0000ffff0000ffff0007000f246c
00007fff0000ffff8c5b8c5b100017ff0000ffff0000ffff000100152481
40007fff0000ffff13ec13ecb000bfff0000ffff0000ffff000200142488
40007fff0000ffff8c5b8c5b00000fff0000ffff0000ffff000200142489
8000bfff0000ffff20f320f370007fff0000ffff0000ffff00020014248a
c000ffff0000ffff8c5b8c5b00000fff0000ffff0000ffff00020014248b
88008fff0000ffff8c5b8c5b8000ffff0000ffff0000ffff00050011248f
e000e7ff0000ffff8c5b8c5b8000ffff0000ffff0000ffff000500112490
e000e7ff0000ffffeebbeebb8000ffff0000ffff0000ffff000500112491
a000bfff0000ffff8c5b8c5b20003fff0000ffff0000ffff000300132492
840087ff0000ffffeebaeeba0000ffff0000ffff0000ffff000600102494
840087ff0000ffff571957190000ffff0000ffff0000ffff000600102495
e800ebff0000ffff65f065f00000ffff0000ffff0000ffff000600102496
10001fff0000ffff65f165f18000ffff0000ffff0000ffff00040011249d
70007fff0000ffff65f165f18000ffff0000ffff0000ffff00040011249e
08000bff0000ffffafcaafcb0000ffff0000ffff0000ffff0006000f24a3
6c006fff0000ffff8c588c590000ffff0000ffff0000ffff0006000f24a4
6c006fff0000ffff65f265f30000ffff0000ffff0000ffff0006000f24a5
e800ebff0000ffffeeb8eeb90000ffff0000ffff0000ffff0006000f24a6
600067ff0000ffff13ed13ed0000ffff0000ffff0000ffff0005001024ca
88008fff0000ffff8c5a8c5a0000ffff0000ffff0000ffff0005001024cb
e000e7ff0000ffffeebaeeba0000ffff0000ffff0000ffff0005001024cc
40007fff0000ffff13ec13ec80009fff0000ffff0000ffff0002001324d5
c000ffff0000ffff65f165f100001fff0000ffff0000ffff0002001324d6
8000ffff0000ffff20f320f370007fff0000ffff0000ffff0001001424e3
8000ffff0000ffff65f165f120002fff0000ffff0000ffff0001001424e4
c000dfff0000ffff8c5b8c5b40007fff0000ffff0000ffff0003001224ee
000007ff0000ffffafcaafcb0000ffff0000ffff0000ffff0005000f2505
a000bfff0000ffff5718571800007fff0000ffff0000ffff000300112515
c000dfff0000ffffeebbeebb8000ffff0000ffff0000ffff000300112516
f000ffff0000ffffeebaeeba0000ffff0000ffff0000ffff00040010251a
c000ffff0000ffff65f165f140007fff0000ffff0000ffff00020012251e
10001fff0000ffffdfaedfaf0000ffff0000ffff0000ffff0004000f251f
70007fff0000ffff13ee13ef0000ffff0000ffff0000ffff0004000f2520
00007fff0000ffffdfacdfac00003fff0000ffff0000ffff000100122521
00007fff0000ffff8c5b8c5b40007fff0000ffff0000ffff000100122522
40005fff0000ffff8c5a8c5a0000ffff0000ffff0000ffff000300102541
c000dfff0000ffffeebaeeba0000ffff0000ffff0000ffff000300102542
c000ffff0000ffff8c5b8c5b8000ffff0000ffff0000ffff00020011254a
40007fff0000ffffafc9afc90000ffff0000ffff0000ffff00020010256b
00007fff0000ffff8c5b8c5b8000ffff0000ffff0000ffff00010011257d
a000bfff0000ffff8c588c590000ffff0000ffff0000ffff0003000f2582
0000ffff0000ffffdfacdfac8000ffff0000ffff0000ffff0000001125b5
00007fff0000ffffafcaafcb0000ffff0000ffff0000ffff0001000f25d2
8000ffff0000ffff571a571b0000ffff0000ffff0000ffff0001000f25d3
0000ffff0000ffffdfaddfad0000ffff0000ffff0000ffff0000001025dc
0000ffff0000ffffdfaedfaf0000ffff0000ffff0000ffff0000000f260d
