8112 8112 fe61 fe61 8c5b 8c5b 1c47 1c47 599 599 18ca 18ca 20 20 0
8112 8112 fe61 fe61 20f3 20f3 65c2 65c2 8f 8f 16 16 20 20 1
8112 8112 fe61 fe61 5718 5718 ca5f ca5f 599 599 45 45 20 20 2
8112 8112 fe61 fe61 eebb eebb 57c8 57c9 8f 8f 45 45 20 1f 3
ef83 ef83 68fd 68fd 8c5b 8c5b 1c44 1c45 1f4 1f4 66d 66e 20 1f 4
6842 6842 cc20 cc23 13ec 13ec a8b2 a8b3 a1 a1 202 202 1e 1f 5
8112 8112 fe70 fe7f 8c5b 8c5b 1c47 1c47 35 35 45 45 1c 20 6
8112 8112 fe64 fe67 eebb eebb 57c0 57c7 16 16 50 50 1e 1d 7
6842 6842 cc20 cc23 8c5b 8c5b 1c50 1c5f a1 a1 202 202 1e 1c 8
ef83 ef83 68c0 68df 65f1 65f1 381c 381d 16 16 a2 a2 1b 1f 9
6842 6842 cc00 cc1f 8c5b 8c5b 1c44 1c45 1590 1590 14 15 1b 1f a
6842 6842 cc20 cc23 afc8 afc8 1100 117f 50 50 19 19 1e 19 b
6842 6842 cd00 cdff 8c5b 8c5b 1c44 1c45 599 599 232b 232b 18 1f c
8112 8112 fe00 fe3f 8c5b 8c5b 1c48 1c4f 15a4 15a4 1bd 1bd 1a 1d d
ef83 ef83 6800 687f 8c5b 8c5b 1c40 1c43 a1 a1 50 50 19 1e e
ef83 ef83 6c00 6fff 65f1 65f1 381e 381e 35 35 50 50 16 20 f
6842 6842 cc26 cc26 8c5b 8c5b 1000 17ff a1 a1 45 45 20 15 10
cd0 cd0 96ef 96ef 13ec 13ec a8b0 a8b0 0 ffff 202 202 20 20 11
cd0 cd0 96ef 96ef dfac dfac 7741 7741 0 ffff 45 45 20 20 12
6842 6842 cc27 cc27 65f1 65f1 381f 381f 0 ffff 50 50 20 20 13
6842 6842 cc26 cc26 8c5b 8c5b 1c47 1c47 0 ffff 45 45 20 20 14
6842 6842 cc26 cc26 65f1 65f1 381f 381f 0 ffff 202 202 20 20 15
6842 6842 cc26 cc26 8c5b 8c5b 1c47 1c47 0 ffff 232b 232b 20 20 16
8112 8112 fe61 fe61 8c5b 8c5b 1c47 1c47 0 ffff 202 202 20 20 17
8112 8112 fe61 fe61 eebb eebb 57ca 57ca 0 ffff a1 a1 20 20 18
8112 8112 fe61 fe61 eebb eebb 57ca 57ca 0 ffff 89 89 20 20 19
ef83 ef83 68fd 68fd eebb eebb 57ca 57ca 0 ffff 16 16 20 20 1a
ef83 ef83 68fd 68fd 8c5b 8c5b 1c47 1c47 0 ffff 71 71 20 20 1b
6842 6842 cc27 cc27 13ec 13ec a8b0 a8b0 7b 7b 0 ffff 20 20 1c
6842 6842 cc27 cc27 8c5b 8c5b 1c47 1c47 35 35 0 ffff 20 20 1d
6842 6842 cc26 cc26 13ec 13ec a8b0 a8b0 15a4 15a4 0 ffff 20 20 1e
6842 6842 cc26 cc26 8c5b 8c5b 1c47 1c47 a1 a1 0 ffff 20 20 1f
6842 6842 cc26 cc26 13ec 13ec a8b0 a8b0 599 599 0 ffff 20 20 20
8112 8112 fc00 fdff 20f3 20f3 6580 65bf a1 a1 50 50 17 1a 21
cd0 cd0 96ef 96ef dfac dfac 7741 7741 1f4 1f4 0 ffff 20 20 22
cd0 cd0 96ef 96ef afc8 afc8 11a1 11a1 14 14 0 ffff 20 20 23
cd0 cd0 96ef 96ef 13ec 13ec a8b0 a8b0 19 19 0 ffff 20 20 24
6842 6842 cc26 cc26 8c5b 8c5b 1c47 1c47 a1 a1 0 ffff 20 20 25
6842 6842 cc26 cc26 8c5b 8c5b 1c47 1c47 1590 1590 0 ffff 20 20 26
8112 8112 fe61 fe61 afc8 afc8 11a1 11a1 16 16 0 ffff 20 20 27
8112 8112 fe61 fe61 5718 5718 ca5f ca5f 19 19 0 ffff 20 20 28
ef83 ef83 68fd 68fd 8c5b 8c5b 1c47 1c47 a1 a1 0 ffff 20 20 29
cd0 cd0 96ef 96ef afc8 afc8 11a1 11a1 0 ffff 1b3a 1b3a 20 20 2a
cd0 cd0 96ef 96ef afc8 afc8 11a1 11a1 0 ffff 9f5 9f5 20 20 2b
cd0 cd0 96ef 96ef afc8 afc8 11a1 11a1 0 ffff 45 45 20 20 2c
cd0 cd0 96ef 96ef 65f1 65f1 381f 381f 0 ffff 35 35 20 20 2d
cd0 cd0 96ef 96ef 65f1 65f1 381f 381f 0 ffff 50 50 20 20 2e
cd0 cd0 96ef 96ef 13ec 13ec a8b0 a8b0 0 ffff 45 45 20 20 2f
cd0 cd0 96ef 96ef afc8 afc8 11a1 11a1 0 ffff 232b 232b 20 20 30
cd0 cd0 96ef 96ef 65f1 65f1 381f 381f 0 ffff 202 202 20 20 31
cd0 cd0 96ef 96ef afc8 afc8 11a1 11a1 0 ffff 35 35 20 20 32
cd0 cd0 96ef 96ef afc8 afc8 11a1 11a1 0 ffff 8b 8b 20 20 33
cd0 cd0 96ef 96ef afc8 afc8 11a1 11a1 0 ffff 19 19 20 20 34
6842 6842 cc27 cc27 20f3 20f3 65c2 65c2 0 ffff 35 35 20 20 35
6842 6842 cc27 cc27 afc8 afc8 11a1 11a1 0 ffff 19 19 20 20 36
6842 6842 cc27 cc27 afc8 afc8 11a1 11a1 0 ffff 232b 232b 20 20 37
6842 6842 cc27 cc27 13ec 13ec a8b0 a8b0 0 ffff 1a2b 1a2b 20 20 38
6842 6842 cc27 cc27 13ec 13ec a8b0 a8b0 0 ffff 50 50 20 20 39
6842 6842 cc27 cc27 8c5b 8c5b 1c47 1c47 0 ffff 45 45 20 20 3a
6842 6842 cc27 cc27 65f1 65f1 381f 381f 0 ffff 19 19 20 20 3b
6842 6842 cc26 cc26 13ec 13ec a8b0 a8b0 0 ffff 45 45 20 20 3c
6842 6842 cc26 cc26 65f1 65f1 381f 381f 0 ffff 19 19 20 20 3d
6842 6842 cc26 cc26 8c5b 8c5b 1c47 1c47 0 ffff 45 45 20 20 3e
6842 6842 cc26 cc26 8c5b 8c5b 1c47 1c47 0 ffff a2 a2 20 20 3f
6842 6842 cc26 cc26 8c5b 8c5b 1c47 1c47 0 ffff 50 50 20 20 40
6842 6842 cc26 cc26 8c5b 8c5b 1c47 1c47 0 ffff 50 50 20 20 41
6842 6842 cc26 cc26 8c5b 8c5b 1c47 1c47 0 ffff 202 202 20 20 42
6842 6842 cc26 cc26 13ec 13ec a8b0 a8b0 0 ffff 19 19 20 20 43
6842 6842 cc26 cc26 8c5b 8c5b 1c47 1c47 0 ffff 89 89 20 20 44
6842 6842 cc26 cc26 13ec 13ec a8b0 a8b0 0 ffff 17 17 20 20 45
8112 8112 fe61 fe61 20f3 20f3 65c2 65c2 0 ffff 202 202 20 20 46
8112 8112 fe61 fe61 8c5b 8c5b 1c47 1c47 0 ffff 9f5 9f5 20 20 47
8112 8112 fe61 fe61 8c5b 8c5b 1c47 1c47 0 ffff 71 71 20 20 48
8112 8112 fe61 fe61 eebb eebb 57ca 57ca 0 ffff 1323 1323 20 20 49
8112 8112 fe61 fe61 5718 5718 ca5f ca5f 0 ffff 202 202 20 20 4a
8112 8112 fe61 fe61 8c5b 8c5b 1c47 1c47 0 ffff 232b 232b 20 20 4b
8112 8112 fe61 fe61 5718 5718 ca5f ca5f 0 ffff 1b58 1b58 20 20 4c
8112 8112 fe61 fe61 8c5b 8c5b 1c47 1c47 0 ffff 50 50 20 20 4d
8112 8112 fe61 fe61 8c5b 8c5b 1c47 1c47 0 ffff 45 45 20 20 4e
8112 8112 fe61 fe61 8c5b 8c5b 1c47 1c47 0 ffff 77 77 20 20 4f
ef83 ef83 68fc 68fc 5718 5718 ca5f ca5f 0 ffff 202 202 20 20 50
ef83 ef83 68fc 68fc 8c5b 8c5b 1c47 1c47 0 ffff a2 a2 20 20 51
ef83 ef83 68fc 68fc 8c5b 8c5b 1c47 1c47 0 ffff 35 35 20 20 52
ef83 ef83 68fc 68fc 8c5b 8c5b 1c47 1c47 0 ffff 232b 232b 20 20 53
ef83 ef83 68fc 68fc 5718 5718 ca5f ca5f 0 ffff 35 35 20 20 54
ef83 ef83 68fc 68fc 5718 5718 ca5f ca5f 0 ffff 202 202 20 20 55
ef83 ef83 68fc 68fc 65f1 65f1 381e 381e 0 ffff 15ff 15ff 20 20 56
ef83 ef83 68fc 68fc 65f1 65f1 381e 381e 0 ffff 50 50 20 20 57
ef83 ef83 68fc 68fc 8c5b 8c5b 1c47 1c47 0 ffff 8b 8b 20 20 58
ef83 ef83 68fc 68fc 8c5b 8c5b 1c47 1c47 0 ffff 9f5 9f5 20 20 59
ef83 ef83 68fd 68fd 65f1 65f1 381e 381e 0 ffff 35 35 20 20 5a
ef83 ef83 68fd 68fd 65f1 65f1 381e 381e 0 ffff 35 35 20 20 5b
ef83 ef83 68fd 68fd 65f1 65f1 381f 381f 0 ffff 87 87 20 20 5c
ef83 ef83 68fd 68fd 65f1 65f1 381f 381f 0 ffff 6e 6e 20 20 5d
ef83 ef83 68fd 68fd 65f1 65f1 381f 381f 0 ffff 202 202 20 20 5e
ef83 ef83 68fd 68fd 8c5b 8c5b 1c47 1c47 0 ffff 89 89 20 20 5f
ef83 ef83 68fd 68fd eebb eebb 57ca 57ca 0 ffff 50 50 20 20 60
ef83 ef83 68fd 68fd 65f1 65f1 381f 381f 0 ffff 45 45 20 20 61
ef83 ef83 68fd 68fd 65f1 65f1 381f 381f 0 ffff 232b 232b 20 20 62
ef83 ef83 68fd 68fd eebb eebb 57ca 57ca 0 ffff 599 599 20 20 63
ef83 ef83 68fd 68fd 8c5b 8c5b 1c47 1c47 0 ffff 9f5 9f5 20 20 64
ef83 ef83 68fd 68fd 65f1 65f1 381f 381f 0 ffff 50 50 20 20 65
ef83 ef83 68fd 68fd 65f1 65f1 381f 381f 0 ffff 66d 66d 20 20 66
ef83 ef83 68fd 68fd 8c5b 8c5b 1c47 1c47 0 ffff 232b 232b 20 20 67
cd0 cd0 96ec 96ed 13ec 13ec a8b0 a8b0 35 35 0 ffff 1f 20 68
cd0 cd0 96ec 96ed 65f1 65f1 381f 381f 0 ffff 35 35 1f 20 69
cd0 cd0 96ec 96ed 13ec 13ec a8b0 a8b0 0 ffff 1a2b 1a2b 1f 20 6a
6842 6842 cc24 cc25 8c5b 8c5b 1c47 1c47 0 ffff 6bb 6bb 1f 20 6b
6842 6842 cc24 cc25 8c5b 8c5b 1c47 1c47 0 ffff 599 599 1f 20 6c
8112 8112 fe62 fe63 20f3 20f3 65c2 65c2 0 ffff 35 35 1f 20 6d
ef83 ef83 68fe 68ff 5718 5718 ca5f ca5f 0 ffff 45 45 1f 20 6e
ef83 ef83 68fe 68ff 8c5b 8c5b 1c47 1c47 0 ffff 45 45 1f 20 6f
ef83 ef83 68fe 68ff 65f1 65f1 381e 381e 0 ffff 202 202 1f 20 70
ef83 ef83 68fe 68ff eebb eebb 57ca 57ca 0 ffff 4be 4be 1f 20 71
6842 6842 cc27 cc27 afc8 afc8 11a2 11a3 0 ffff 8f 8f 20 1f 72
6842 6842 cc26 cc26 8c5b 8c5b 1c44 1c45 0 ffff 232b 232b 20 1f 73
6842 6842 cc26 cc26 8c5b 8c5b 1c44 1c45 0 ffff 45 45 20 1f 74
6842 6842 cc26 cc26 65f1 65f1 381c 381d 0 ffff 66d 66d 20 1f 75
8112 8112 fe61 fe61 5718 5718 ca5c ca5d 0 ffff 202 202 20 1f 76
ef83 ef83 68fc 68fc eebb eebb 57c8 57c9 0 ffff 202 202 20 1f 77
ef83 ef83 68fc 68fc 8c5b 8c5b 1c44 1c45 0 ffff 202 202 20 1f 78
ef83 ef83 68fc 68fc 8c5b 8c5b 1c44 1c45 0 ffff 19 19 20 1f 79
ef83 ef83 68fd 68fd 65f1 65f1 381c 381d 0 ffff 9f5 9f5 20 1f 7a
6842 6842 cc26 cc26 13ec 13ec a8b0 a8b0 0 ffff 714 715 20 20 7b
ef83 ef83 7000 7fff 65f1 65f1 3800 380f 35 35 50 50 14 1c 7c
ef83 ef83 68fd 68fd 8c5b 8c5b 1c44 1c45 a1 a1 0 ffff 20 1f 7d
cd0 cd0 96ec 96ed 20f3 20f3 65c2 65c2 1600 1600 0 ffff 1f 20 7e
cd0 cd0 96ec 96ed afc8 afc8 11a1 11a1 19 19 0 ffff 1f 20 7f
cd0 cd0 96ec 96ed afc8 afc8 11a1 11a1 599 599 0 ffff 1f 20 80
8112 8112 fe62 fe63 5718 5718 ca5f ca5f 16 16 0 ffff 1f 20 81
ef83 ef83 68fe 68ff 8c5b 8c5b 1c47 1c47 1586 1586 0 ffff 1f 20 82
ef83 ef83 68fe 68ff 65f1 65f1 381f 381f 16 16 0 ffff 1f 20 83
cd0 cd0 96ef 96ef dfac dfac 7742 7743 0 ffff 45 45 20 1f 84
cd0 cd0 96ef 96ef dfac dfac 7742 7743 0 ffff 8f 8f 20 1f 85
cd0 cd0 96ef 96ef dfac dfac 7742 7743 0 ffff 15 15 20 1f 86
cd0 cd0 96ef 96ef afc8 afc8 11a2 11a3 0 ffff 202 202 20 1f 87
cd0 cd0 96ef 96ef afc8 afc8 11a2 11a3 0 ffff 45 45 20 1f 88
cd0 cd0 96ef 96ef afc8 afc8 11a2 11a3 0 ffff 35 35 20 1f 89
cd0 cd0 96ef 96ef 13ec 13ec a8b2 a8b3 0 ffff 45 45 20 1f 8a
cd0 cd0 96ef 96ef afc8 afc8 11a2 11a3 0 ffff 232b 232b 20 1f 8b
cd0 cd0 96ef 96ef afc8 afc8 11a2 11a3 0 ffff 202 202 20 1f 8c
cd0 cd0 96ef 96ef 65f1 65f1 381c 381d 0 ffff 232b 232b 20 1f 8d
6842 6842 cc27 cc27 65f1 65f1 381c 381d 0 ffff 202 202 20 1f 8e
6842 6842 cc27 cc27 afc8 afc8 11a2 11a3 0 ffff 77 77 20 1f 8f
6842 6842 cc27 cc27 65f1 65f1 381c 381d 0 ffff 202 202 20 1f 90
6842 6842 cc27 cc27 13ec 13ec a8b2 a8b3 0 ffff 599 599 20 1f 91
6842 6842 cc27 cc27 65f1 65f1 381c 381d 0 ffff 157c 157c 20 1f 92
6842 6842 cc27 cc27 8c5b 8c5b 1c44 1c45 0 ffff 45 45 20 1f 93
6842 6842 cc27 cc27 13ec 13ec a8b2 a8b3 0 ffff 202 202 20 1f 94
6842 6842 cc26 cc26 8c5b 8c5b 1c44 1c45 0 ffff 89 89 20 1f 95
6842 6842 cc26 cc26 65f1 65f1 381c 381d 0 ffff 232b 232b 20 1f 96
6842 6842 cc26 cc26 8c5b 8c5b 1c44 1c45 0 ffff 45 45 20 1f 97
6842 6842 cc26 cc26 65f1 65f1 381c 381d 0 ffff 20c 20c 20 1f 98
6842 6842 cc26 cc26 8c5b 8c5b 1c44 1c45 0 ffff 50 50 20 1f 99
6842 6842 cc26 cc26 13ec 13ec a8b2 a8b3 0 ffff 45 45 20 1f 9a
6842 6842 cc26 cc26 65f1 65f1 381c 381d 0 ffff 71 71 20 1f 9b
6842 6842 cc26 cc26 8c5b 8c5b 1c44 1c45 0 ffff 45 45 20 1f 9c
8112 8112 fe61 fe61 20f3 20f3 65c0 65c1 0 ffff 50 50 20 1f 9d
8112 8112 fe61 fe61 eebb eebb 57c8 57c9 0 ffff 202 202 20 1f 9e
8112 8112 fe61 fe61 5718 5718 ca5c ca5d 0 ffff 202 202 20 1f 9f
8112 8112 fe61 fe61 5718 5718 ca5c ca5d 0 ffff 232b 232b 20 1f a0
8112 8112 fe61 fe61 5718 5718 ca5c ca5d 0 ffff 202 202 20 1f a1
ef83 ef83 68fc 68fc 5718 5718 ca5c ca5d 0 ffff 202 202 20 1f a2
ef83 ef83 68fc 68fc 8c5b 8c5b 1c44 1c45 0 ffff 202 202 20 1f a3
ef83 ef83 68fc 68fc 8c5b 8c5b 1c44 1c45 0 ffff 50 50 20 1f a4
ef83 ef83 68fc 68fc eebb eebb 57c8 57c9 0 ffff 50 50 20 1f a5
ef83 ef83 68fd 68fd eebb eebb 57c8 57c9 0 ffff 202 202 20 1f a6
ef83 ef83 68fd 68fd 65f1 65f1 381c 381d 0 ffff 202 202 20 1f a7
ef83 ef83 68fd 68fd 8c5b 8c5b 1c44 1c45 0 ffff 599 599 20 1f a8
ef83 ef83 68fd 68fd 8c5b 8c5b 1c44 1c45 0 ffff 202 202 20 1f a9
ef83 ef83 68fd 68fd 8c5b 8c5b 1c44 1c45 0 ffff 45 45 20 1f aa
cd0 cd0 96ec 96ed 13ec 13ec a8b0 a8b0 0 ffff 89 89 1f 20 ab
cd0 cd0 96ec 96ed 13ec 13ec a8b0 a8b0 0 ffff 19 19 1f 20 ac
cd0 cd0 96ec 96ed afc8 afc8 11a1 11a1 0 ffff 77 77 1f 20 ad
cd0 cd0 96ec 96ed 13ec 13ec a8b0 a8b0 0 ffff 202 202 1f 20 ae
cd0 cd0 96ec 96ed afc8 afc8 11a1 11a1 0 ffff 50 50 1f 20 af
cd0 cd0 96ec 96ed 13ec 13ec a8b0 a8b0 0 ffff 87 87 1f 20 b0
cd0 cd0 96ec 96ed afc8 afc8 11a1 11a1 0 ffff 17 17 1f 20 b1
cd0 cd0 96ec 96ed afc8 afc8 11a1 11a1 0 ffff 45 45 1f 20 b2
6842 6842 cc24 cc25 13ec 13ec a8b0 a8b0 0 ffff 19 19 1f 20 b3
6842 6842 cc24 cc25 13ec 13ec a8b0 a8b0 0 ffff 45 45 1f 20 b4
6842 6842 cc24 cc25 8c5b 8c5b 1c47 1c47 0 ffff 19 19 1f 20 b5
6842 6842 cc24 cc25 65f1 65f1 381f 381f 0 ffff 19 19 1f 20 b6
6842 6842 cc24 cc25 13ec 13ec a8b0 a8b0 0 ffff 202 202 1f 20 b7
6842 6842 cc24 cc25 65f1 65f1 381f 381f 0 ffff 50 50 1f 20 b8
6842 6842 cc24 cc25 8c5b 8c5b 1c47 1c47 0 ffff a1 a1 1f 20 b9
8112 8112 fe62 fe63 eebb eebb 57ca 57ca 0 ffff 202 202 1f 20 ba
8112 8112 fe62 fe63 8c5b 8c5b 1c47 1c47 0 ffff 202 202 1f 20 bb
8112 8112 fe62 fe63 20f3 20f3 65c2 65c2 0 ffff 202 202 1f 20 bc
8112 8112 fe62 fe63 20f3 20f3 65c2 65c2 0 ffff a2 a2 1f 20 bd
8112 8112 fe62 fe63 8c5b 8c5b 1c47 1c47 0 ffff 8f 8f 1f 20 be
8112 8112 fe62 fe63 8c5b 8c5b 1c47 1c47 0 ffff 66e 66e 1f 20 bf
8112 8112 fe62 fe63 5718 5718 ca5f ca5f 0 ffff 66e 66e 1f 20 c0
8112 8112 fe62 fe63 5718 5718 ca5f ca5f 0 ffff 20c 20c 1f 20 c1
8112 8112 fe62 fe63 8c5b 8c5b 1c47 1c47 0 ffff 45 45 1f 20 c2
8112 8112 fe62 fe63 5718 5718 ca5f ca5f 0 ffff a1 a1 1f 20 c3
ef83 ef83 68fe 68ff eebb eebb 57ca 57ca 0 ffff 50 50 1f 20 c4
ef83 ef83 68fe 68ff 8c5b 8c5b 1c47 1c47 0 ffff 35 35 1f 20 c5
ef83 ef83 68fe 68ff 65f1 65f1 381e 381e 0 ffff 1e61 1e61 1f 20 c6
ef83 ef83 68fe 68ff 8c5b 8c5b 1c47 1c47 0 ffff 45 45 1f 20 c7
ef83 ef83 68fe 68ff 65f1 65f1 381e 381e 0 ffff 202 202 1f 20 c8
ef83 ef83 68fe 68ff eebb eebb 57ca 57ca 0 ffff 45 45 1f 20 c9
ef83 ef83 68fe 68ff 8c5b 8c5b 1c47 1c47 0 ffff 66e 66e 1f 20 ca
ef83 ef83 68fe 68ff eebb eebb 57ca 57ca 0 ffff 35 35 1f 20 cb
ef83 ef83 68fe 68ff 65f1 65f1 381f 381f 0 ffff 45 45 1f 20 cc
ef83 ef83 68fe 68ff 8c5b 8c5b 1c47 1c47 0 ffff 1a2b 1a2b 1f 20 cd
ef83 ef83 68fe 68ff eebb eebb 57ca 57ca 0 ffff 35 35 1f 20 ce
ef83 ef83 68fe 68ff 8c5b 8c5b 1c47 1c47 0 ffff 232b 232b 1f 20 cf
cd0 cd0 96ef 96ef dfac dfac 7744 7747 0 ffff 202 202 20 1e d0
6842 6842 cc27 cc27 8c5b 8c5b 1c40 1c43 0 ffff 45 45 20 1e d1
6842 6842 cc26 cc26 8c5b 8c5b 1c40 1c43 0 ffff 50 50 20 1e d2
ef83 ef83 68fc 68fc 5718 5718 ca58 ca5b 0 ffff 599 599 20 1e d3
ef83 ef83 68fd 68fd 8c5b 8c5b 1c40 1c43 0 ffff 232b 232b 20 1e d4
cd0 cd0 96e8 96eb dfac dfac 7741 7741 a1 a1 0 ffff 1e 20 d5
6842 6842 cc20 cc23 8c5b 8c5b 1c47 1c47 a1 a1 0 ffff 1e 20 d6
cd0 cd0 96ef 96ef 13ec 13ec a8b2 a8b3 a1 a1 0 ffff 20 1f d7
cd0 cd0 96ef 96ef 65f1 65f1 381c 381d 50 50 0 ffff 20 1f d8
6842 6842 cc26 cc26 13ec 13ec a8b2 a8b3 a1 a1 0 ffff 20 1f d9
8112 8112 fe61 fe61 5718 5718 ca5c ca5d 599 599 0 ffff 20 1f da
ef83 ef83 68fc 68fc eebb eebb 57c8 57c9 15a4 15a4 0 ffff 20 1f db
ef83 ef83 68fc 68fc 65f1 65f1 381c 381d 19 19 0 ffff 20 1f dc
6842 6842 cc26 cc26 13ec 13ec a8b4 a8b7 599 599 0 ffff 20 1e dd
6842 6842 cc24 cc25 13ec 13ec a8b2 a8b3 0 ffff 35 35 1f 1f de
ef83 ef83 68fe 68ff 8c5b 8c5b 1c44 1c45 0 ffff 8f 8f 1f 1f df
ef83 ef83 68fe 68ff 5718 5718 ca5c ca5d 0 ffff 8b 8b 1f 1f e0
ef83 ef83 68fe 68ff 8c5b 8c5b 1c44 1c45 0 ffff 7b 7b 1f 1f e1
6842 6842 cc20 cc23 65f1 65f1 381f 381f 0 ffff 50 50 1e 20 e2
6842 6842 cc20 cc23 8c5b 8c5b 1c47 1c47 0 ffff 66d 66d 1e 20 e3
8112 8112 fe64 fe67 20f3 20f3 65c2 65c2 0 ffff 202 202 1e 20 e4
8112 8112 fe64 fe67 20f3 20f3 65c2 65c2 0 ffff 599 599 1e 20 e5
8112 8112 fe64 fe67 5718 5718 ca5f ca5f 0 ffff 15ae 15ae 1e 20 e6
ef83 ef83 68f8 68fb 8c5b 8c5b 1c47 1c47 0 ffff 18ca 18ca 1e 20 e7
ef83 ef83 68f8 68fb 65f1 65f1 381f 381f 0 ffff 202 202 1e 20 e8
6842 6842 0 7fff 65f1 65f1 381f 381f a1 a1 14 17 11 20 e9
8112 8112 fe61 fe61 8c5b 8c5b 1c47 1c47 0 ffff 14 15 20 20 ea
ef83 ef83 68fd 68fd eebb eebb 57ca 57ca 0 ffff 6d 6e 20 20 eb
ef83 ef83 68fe 68ff eebb eebb 57ca 57ca 0 ffff 66d 66e 1f 20 ec
ef83 ef83 68fe 68ff 65f1 65f1 381e 381e 0 ffff 714 715 1f 20 ed
ef83 ef83 68fd 68fd eebb eebb 57c8 57c9 14 15 0 ffff 20 1f ee
cd0 cd0 96ec 96ed dfac dfac 7742 7743 a1 a1 0 ffff 1f 1f ef
6842 6842 cc24 cc25 afc8 afc8 11a2 11a3 599 599 0 ffff 1f 1f f0
6842 6842 cc24 cc25 8c5b 8c5b 1c44 1c45 35 35 0 ffff 1f 1f f1
6842 6842 cc24 cc25 8c5b 8c5b 1c44 1c45 15ff 15ff 0 ffff 1f 1f f2
8112 8112 fe62 fe63 eebb eebb 57c8 57c9 50 50 0 ffff 1f 1f f3
8112 8112 fe62 fe63 eebb eebb 57c8 57c9 a1 a1 0 ffff 1f 1f f4
ef83 ef83 68fe 68ff dfac dfac 7742 7743 a1 a1 0 ffff 1f 1f f5
ef83 ef83 68fe 68ff eebb eebb 57c8 57c9 35 35 0 ffff 1f 1f f6
ef83 ef83 68fe 68ff 65f1 65f1 381c 381d a1 a1 0 ffff 1f 1f f7
ef83 ef83 68fe 68ff 8c5b 8c5b 1c44 1c45 157c 157c 0 ffff 1f 1f f8
ef83 ef83 68fe 68ff 65f1 65f1 381c 381d 599 599 0 ffff 1f 1f f9
ef83 ef83 68fe 68ff eebb eebb 57c8 57c9 50 50 0 ffff 1f 1f fa
cd0 cd0 96ef 96ef dfac dfac 7744 7747 0 ffff 45 45 20 1e fb
cd0 cd0 96ef 96ef dfac dfac 7744 7747 0 ffff 45 45 20 1e fc
cd0 cd0 96ef 96ef afc8 afc8 11a4 11a7 0 ffff 15a4 15a4 20 1e fd
cd0 cd0 96ef 96ef 13ec 13ec a8b4 a8b7 0 ffff 15ae 15ae 20 1e fe
cd0 cd0 96ef 96ef 65f1 65f1 3818 381b 0 ffff 232b 232b 20 1e ff
6842 6842 cc27 cc27 20f3 20f3 65c4 65c7 0 ffff 8b 8b 20 1e 100
6842 6842 cc27 cc27 afc8 afc8 11a4 11a7 0 ffff 45 45 20 1e 101
6842 6842 cc27 cc27 13ec 13ec a8b4 a8b7 0 ffff 16 16 20 1e 102
6842 6842 cc26 cc26 65f1 65f1 3818 381b 0 ffff 19 19 20 1e 103
6842 6842 cc26 cc26 8c5b 8c5b 1c40 1c43 0 ffff 232b 232b 20 1e 104
6842 6842 cc26 cc26 65f1 65f1 3818 381b 0 ffff 35 35 20 1e 105
6842 6842 cc26 cc26 8c5b 8c5b 1c40 1c43 0 ffff 66d 66d 20 1e 106
8112 8112 fe61 fe61 20f3 20f3 65c4 65c7 0 ffff 202 202 20 1e 107
8112 8112 fe61 fe61 eebb eebb 57cc 57cf 0 ffff 77 77 20 1e 108
8112 8112 fe61 fe61 5718 5718 ca58 ca5b 0 ffff 202 202 20 1e 109
ef83 ef83 68fc 68fc eebb eebb 57cc 57cf 0 ffff 45 45 20 1e 10a
ef83 ef83 68fc 68fc 8c5b 8c5b 1c40 1c43 0 ffff 35 35 20 1e 10b
ef83 ef83 68fc 68fc dfac dfac 7744 7747 0 ffff 45 45 20 1e 10c
ef83 ef83 68fc 68fc 65f1 65f1 3818 381b 0 ffff a1 a1 20 1e 10d
ef83 ef83 68fc 68fc dfac dfac 7744 7747 0 ffff 202 202 20 1e 10e
ef83 ef83 68fc 68fc eebb eebb 57cc 57cf 0 ffff 66e 66e 20 1e 10f
ef83 ef83 68fd 68fd 8c5b 8c5b 1c40 1c43 0 ffff 232b 232b 20 1e 110
ef83 ef83 68fd 68fd 8c5b 8c5b 1c40 1c43 0 ffff 35 35 20 1e 111
ef83 ef83 68fd 68fd 65f1 65f1 3818 381b 0 ffff 45 45 20 1e 112
ef83 ef83 68fd 68fd 65f1 65f1 3818 381b 0 ffff 232b 232b 20 1e 113
ef83 ef83 68fd 68fd 65f1 65f1 3818 381b 0 ffff 202 202 20 1e 114
ef83 ef83 68fd 68fd 8c5b 8c5b 1c40 1c43 0 ffff a1 a1 20 1e 115
ef83 ef83 68fd 68fd 8c5b 8c5b 1c40 1c43 0 ffff 1b58 1b58 20 1e 116
cd0 cd0 96e8 96eb 65f1 65f1 381f 381f 0 ffff 20c 20c 1e 20 117
cd0 cd0 96e8 96eb 65f1 65f1 381f 381f 0 ffff 45 45 1e 20 118
cd0 cd0 96e8 96eb dfac dfac 7741 7741 0 ffff 71 71 1e 20 119
cd0 cd0 96e8 96eb afc8 afc8 11a1 11a1 0 ffff 1e61 1e61 1e 20 11a
cd0 cd0 96e8 96eb afc8 afc8 11a1 11a1 0 ffff 19 19 1e 20 11b
cd0 cd0 96e8 96eb afc8 afc8 11a1 11a1 0 ffff 232b 232b 1e 20 11c
cd0 cd0 96e8 96eb 65f1 65f1 381f 381f 0 ffff 202 202 1e 20 11d
6842 6842 cc20 cc23 afc8 afc8 11a1 11a1 0 ffff 45 45 1e 20 11e
6842 6842 cc20 cc23 afc8 afc8 11a1 11a1 0 ffff 35 35 1e 20 11f
6842 6842 cc20 cc23 8c5b 8c5b 1c47 1c47 0 ffff 35 35 1e 20 120
6842 6842 cc20 cc23 8c5b 8c5b 1c47 1c47 0 ffff 45 45 1e 20 121
6842 6842 cc20 cc23 65f1 65f1 381f 381f 0 ffff 45 45 1e 20 122
6842 6842 cc20 cc23 13ec 13ec a8b0 a8b0 0 ffff 45 45 1e 20 123
6842 6842 cc20 cc23 65f1 65f1 381f 381f 0 ffff 15a4 15a4 1e 20 124
6842 6842 cc20 cc23 8c5b 8c5b 1c47 1c47 0 ffff 50 50 1e 20 125
8112 8112 fe64 fe67 8c5b 8c5b 1c47 1c47 0 ffff 50 50 1e 20 126
8112 8112 fe64 fe67 20f3 20f3 65c2 65c2 0 ffff 202 202 1e 20 127
8112 8112 fe64 fe67 eebb eebb 57ca 57ca 0 ffff a1 a1 1e 20 128
8112 8112 fe64 fe67 20f3 20f3 65c2 65c2 0 ffff 35 35 1e 20 129
8112 8112 fe64 fe67 8c5b 8c5b 1c47 1c47 0 ffff 1a2b 1a2b 1e 20 12a
8112 8112 fe64 fe67 8c5b 8c5b 1c47 1c47 0 ffff 202 202 1e 20 12b
8112 8112 fe64 fe67 5718 5718 ca5f ca5f 0 ffff 89 89 1e 20 12c
8112 8112 fe64 fe67 5718 5718 ca5f ca5f 0 ffff 66d 66d 1e 20 12d
ef83 ef83 68f8 68fb 8c5b 8c5b 1c47 1c47 0 ffff 50 50 1e 20 12e
ef83 ef83 68f8 68fb 65f1 65f1 381e 381e 0 ffff 35 35 1e 20 12f
ef83 ef83 68f8 68fb 65f1 65f1 381e 381e 0 ffff 6e 6e 1e 20 130
ef83 ef83 68f8 68fb 8c5b 8c5b 1c47 1c47 0 ffff 15a4 15a4 1e 20 131
ef83 ef83 68f8 68fb 65f1 65f1 381f 381f 0 ffff 19 19 1e 20 132
ef83 ef83 68f8 68fb 65f1 65f1 381f 381f 0 ffff 202 202 1e 20 133
ef83 ef83 68f8 68fb eebb eebb 57ca 57ca 0 ffff 202 202 1e 20 134
ef83 ef83 68f8 68fb 65f1 65f1 381f 381f 0 ffff 16 16 1e 20 135
cd0 cd0 96ef 96ef dfac dfac 7742 7743 0 ffff 6d 6e 20 1f 136
cd0 cd0 96ef 96ef 13ec 13ec a8b2 a8b3 0 ffff 66d 66e 20 1f 137
6842 6842 cc26 cc26 13ec 13ec a8b2 a8b3 0 ffff 6d 6e 20 1f 138
ef83 ef83 68fd 68fd 65f1 65f1 381c 381d 0 ffff 66d 66e 20 1f 139
cd0 cd0 96ec 96ed dfac dfac 7742 7743 0 ffff 22ab 22ab 1f 1f 13a
cd0 cd0 96ec 96ed dfac dfac 7742 7743 0 ffff 232b 232b 1f 1f 13b
cd0 cd0 96ec 96ed afc8 afc8 11a2 11a3 0 ffff 19 19 1f 1f 13c
cd0 cd0 96ec 96ed 65f1 65f1 381c 381d 0 ffff 71 71 1f 1f 13d
cd0 cd0 96ec 96ed 13ec 13ec a8b2 a8b3 0 ffff 45 45 1f 1f 13e
cd0 cd0 96ec 96ed 13ec 13ec a8b2 a8b3 0 ffff 50 50 1f 1f 13f
6842 6842 cc24 cc25 13ec 13ec a8b2 a8b3 0 ffff 22ab 22ab 1f 1f 140
6842 6842 cc24 cc25 65f1 65f1 381c 381d 0 ffff 202 202 1f 1f 141
6842 6842 cc24 cc25 13ec 13ec a8b2 a8b3 0 ffff 6bb 6bb 1f 1f 142
6842 6842 cc24 cc25 8c5b 8c5b 1c44 1c45 0 ffff 66e 66e 1f 1f 143
6842 6842 cc24 cc25 13ec 13ec a8b2 a8b3 0 ffff 35 35 1f 1f 144
6842 6842 cc24 cc25 8c5b 8c5b 1c44 1c45 0 ffff 202 202 1f 1f 145
6842 6842 cc24 cc25 8c5b 8c5b 1c44 1c45 0 ffff 15a4 15a4 1f 1f 146
6842 6842 cc24 cc25 8c5b 8c5b 1c44 1c45 0 ffff 1e61 1e61 1f 1f 147
8112 8112 fe62 fe63 20f3 20f3 65c0 65c1 0 ffff 50 50 1f 1f 148
8112 8112 fe62 fe63 5718 5718 ca5c ca5d 0 ffff a1 a1 1f 1f 149
8112 8112 fe62 fe63 8c5b 8c5b 1c44 1c45 0 ffff 35 35 1f 1f 14a
ef83 ef83 68fe 68ff 5718 5718 ca5c ca5d 0 ffff 202 202 1f 1f 14b
ef83 ef83 68fe 68ff 5718 5718 ca5c ca5d 0 ffff 6bb 6bb 1f 1f 14c
ef83 ef83 68fe 68ff 65f1 65f1 381c 381d 0 ffff 45 45 1f 1f 14d
ef83 ef83 68fe 68ff eebb eebb 57c8 57c9 0 ffff 45 45 1f 1f 14e
ef83 ef83 68fe 68ff 65f1 65f1 381c 381d 0 ffff 232b 232b 1f 1f 14f
ef83 ef83 68fe 68ff 65f1 65f1 381c 381d 0 ffff 202 202 1f 1f 150
cd0 cd0 96e0 96e7 afc8 afc8 11a1 11a1 0 ffff 232b 232b 1d 20 151
cd0 cd0 96e0 96e7 afc8 afc8 11a1 11a1 0 ffff 202 202 1d 20 152
6842 6842 cc28 cc2f 8c5b 8c5b 1c47 1c47 0 ffff 202 202 1d 20 153
cd0 cd0 96ef 96ef afc8 afc8 11a8 11af 0 ffff 35 35 20 1d 154
ef83 ef83 68fd 68fd eebb eebb 57c0 57c7 0 ffff 50 50 20 1d 155
ef83 ef83 68fd 68fd 65f1 65f1 3810 3817 0 ffff 45 45 20 1d 156
cd0 cd0 96ef 96ef 13ec 13ec a8b0 a8b0 14 17 0 ffff 20 20 157
6842 6842 cc20 cc23 8c5b 8c5b 1c44 1c45 16 16 0 ffff 1e 1f 158
6842 6842 cc20 cc23 8c5b 8c5b 1c44 1c45 a1 a1 0 ffff 1e 1f 159
8112 8112 fe64 fe67 5718 5718 ca5c ca5d 6bb 6bb 0 ffff 1e 1f 15a
6842 6842 cc27 cc27 65f1 65f1 3818 381b a1 a1 0 ffff 20 1e 15b
6842 6842 cc27 cc27 8c5b 8c5b 1c40 1c43 15a4 15a4 0 ffff 20 1e 15c
6842 6842 cc27 cc27 13ec 13ec a8b4 a8b7 50 50 0 ffff 20 1e 15d
ef83 ef83 68fd 68fd eebb eebb 57cc 57cf 35 35 0 ffff 20 1e 15e
6842 6842 cc27 cc27 65f1 65f1 381f 381f 0 ffff 14 17 20 20 15f
6842 6842 cc24 cc25 13ec 13ec a8b0 a8b0 0 ffff 14 15 1f 20 160
6842 6842 cc24 cc25 8c5b 8c5b 1c44 1c45 6d 6e 0 ffff 1f 1f 161
8112 8112 fe62 fe63 20f3 20f3 65c0 65c1 66d 66e 0 ffff 1f 1f 162
6842 6842 cc27 cc27 8c5b 8c5b 1c40 1c43 6d 6e 0 ffff 20 1e 163
8112 8112 fe61 fe61 eebb eebb 57cc 57cf 6d 6e 0 ffff 20 1e 164
6842 6842 cc27 cc27 8c5b 8c5b 1c44 1c45 66d 66e 0 ffff 20 1f 165
8112 8112 fe61 fe61 eebb eebb 57c8 57c9 6d 6e 0 ffff 20 1f 166
ef83 ef83 68fd 68fd 65f1 65f1 381c 381d 14 15 0 ffff 20 1f 167
6842 6842 cc20 cc23 8c5b 8c5b 1c44 1c45 0 ffff 71 71 1e 1f 168
ef83 ef83 68f8 68fb 8c5b 8c5b 1c44 1c45 0 ffff 599 599 1e 1f 169
6842 6842 cc24 cc25 8c5b 8c5b 1c40 1c43 0 ffff 202 202 1f 1e 16a
ef83 ef83 68fe 68ff 8c5b 8c5b 1c40 1c43 0 ffff 202 202 1f 1e 16b
6842 6842 cc24 cc25 65f1 65f1 3818 381b 14 14 0 ffff 1f 1e 16c
8112 8112 fe64 fe67 eebb eebb 57ca 57ca 87 87 0 ffff 1e 20 16d
ef83 ef83 68f8 68fb eebb eebb 57ca 57ca 15a4 15a4 0 ffff 1e 20 16e
ef83 ef83 68fc 68fc eebb eebb 57cc 57cf 0 ffff 714 715 20 1e 16f
ef83 ef83 68f0 68f7 65f1 65f1 381e 381e 35 35 0 ffff 1d 20 170
ef83 ef83 68f8 68fb 65f1 65f1 381f 381f 0 ffff 14 15 1e 20 171
cd0 cd0 96e8 96eb dfac dfac 7742 7743 0 ffff 89 89 1e 1f 172
cd0 cd0 96e8 96eb afc8 afc8 11a2 11a3 0 ffff 599 599 1e 1f 173
cd0 cd0 96e8 96eb 13ec 13ec a8b2 a8b3 0 ffff 19 19 1e 1f 174
cd0 cd0 96e8 96eb 65f1 65f1 381c 381d 0 ffff 45 45 1e 1f 175
cd0 cd0 96e8 96eb afc8 afc8 11a2 11a3 0 ffff 50 50 1e 1f 176
6842 6842 cc20 cc23 13ec 13ec a8b2 a8b3 0 ffff 202 202 1e 1f 177
6842 6842 cc20 cc23 65f1 65f1 381c 381d 0 ffff 16 16 1e 1f 178
6842 6842 cc20 cc23 13ec 13ec a8b2 a8b3 0 ffff 45 45 1e 1f 179
6842 6842 cc20 cc23 65f1 65f1 381c 381d 0 ffff 50 50 1e 1f 17a
6842 6842 cc20 cc23 13ec 13ec a8b2 a8b3 0 ffff 35 35 1e 1f 17b
6842 6842 cc20 cc23 65f1 65f1 381c 381d 0 ffff 9f5 9f5 1e 1f 17c
6842 6842 cc20 cc23 13ec 13ec a8b2 a8b3 0 ffff 202 202 1e 1f 17d
6842 6842 cc20 cc23 8c5b 8c5b 1c44 1c45 0 ffff 232b 232b 1e 1f 17e
6842 6842 cc20 cc23 8c5b 8c5b 1c44 1c45 0 ffff 202 202 1e 1f 17f
6842 6842 cc20 cc23 8c5b 8c5b 1c44 1c45 0 ffff 50 50 1e 1f 180
8112 8112 fe64 fe67 5718 5718 ca5c ca5d 0 ffff 89 89 1e 1f 181
ef83 ef83 68f8 68fb eebb eebb 57c8 57c9 0 ffff 202 202 1e 1f 182
ef83 ef83 68f8 68fb eebb eebb 57c8 57c9 0 ffff 45 45 1e 1f 183
ef83 ef83 68f8 68fb eebb eebb 57c8 57c9 0 ffff 159a 159a 1e 1f 184
ef83 ef83 68f8 68fb 8c5b 8c5b 1c44 1c45 0 ffff 35 35 1e 1f 185
cd0 cd0 96ef 96ef dfac dfac 7748 774f 0 ffff 50 50 20 1d 186
cd0 cd0 96ef 96ef 65f1 65f1 3810 3817 0 ffff 232b 232b 20 1d 187
cd0 cd0 96ef 96ef afc8 afc8 11a8 11af 0 ffff 202 202 20 1d 188
cd0 cd0 96ef 96ef afc8 afc8 11a8 11af 0 ffff 66e 66e 20 1d 189
cd0 cd0 96ef 96ef 13ec 13ec a8b8 a8bf 0 ffff 35 35 20 1d 18a
6842 6842 cc27 cc27 65f1 65f1 3810 3817 0 ffff 50 50 20 1d 18b
6842 6842 cc27 cc27 13ec 13ec a8b8 a8bf 0 ffff 202 202 20 1d 18c
6842 6842 cc26 cc26 8c5b 8c5b 1c48 1c4f 0 ffff 45 45 20 1d 18d
6842 6842 cc26 cc26 13ec 13ec a8b8 a8bf 0 ffff 232b 232b 20 1d 18e
ef83 ef83 68fc 68fc eebb eebb 57c0 57c7 0 ffff 71 71 20 1d 18f
ef83 ef83 68fc 68fc 8c5b 8c5b 1c48 1c4f 0 ffff 19 19 20 1d 190
ef83 ef83 68fc 68fc 65f1 65f1 3810 3817 0 ffff 8b 8b 20 1d 191
ef83 ef83 68fd 68fd 65f1 65f1 3810 3817 0 ffff 50 50 20 1d 192
ef83 ef83 68fd 68fd 65f1 65f1 3810 3817 0 ffff 71 71 20 1d 193
ef83 ef83 68fd 68fd eebb eebb 57c0 57c7 0 ffff 77 77 20 1d 194
cd0 cd0 96e0 96e7 dfac dfac 7741 7741 35 35 0 ffff 1d 20 195
8112 8112 fe68 fe6f 20f3 20f3 65c2 65c2 599 599 0 ffff 1d 20 196
8112 8112 fe68 fe6f eebb eebb 57ca 57ca 35 35 0 ffff 1d 20 197
8112 8112 fe68 fe6f eebb eebb 57ca 57ca a1 a1 0 ffff 1d 20 198
ef83 ef83 68f0 68f7 8c5b 8c5b 1c47 1c47 16 16 0 ffff 1d 20 199
ef83 ef83 68f0 68f7 eebb eebb 57ca 57ca a1 a1 0 ffff 1d 20 19a
ef83 ef83 68f0 68f7 eebb eebb 57ca 57ca 50 50 0 ffff 1d 20 19b
cd0 cd0 96ec 96ed 13ec 13ec a8b4 a8b7 0 ffff 50 50 1f 1e 19c
cd0 cd0 96ec 96ed 13ec 13ec a8b4 a8b7 0 ffff 66d 66d 1f 1e 19d
cd0 cd0 96ec 96ed afc8 afc8 11a4 11a7 0 ffff 1a2b 1a2b 1f 1e 19e
6842 6842 cc24 cc25 13ec 13ec a8b4 a8b7 0 ffff 35 35 1f 1e 19f
6842 6842 cc24 cc25 8c5b 8c5b 1c40 1c43 0 ffff 232b 232b 1f 1e 1a0
6842 6842 cc24 cc25 8c5b 8c5b 1c40 1c43 0 ffff 45 45 1f 1e 1a1
6842 6842 cc24 cc25 8c5b 8c5b 1c40 1c43 0 ffff 50 50 1f 1e 1a2
6842 6842 cc24 cc25 65f1 65f1 3818 381b 0 ffff 232b 232b 1f 1e 1a3
6842 6842 cc24 cc25 13ec 13ec a8b4 a8b7 0 ffff 35 35 1f 1e 1a4
6842 6842 cc24 cc25 8c5b 8c5b 1c40 1c43 0 ffff 1a2b 1a2b 1f 1e 1a5
6842 6842 cc24 cc25 13ec 13ec a8b4 a8b7 0 ffff 45 45 1f 1e 1a6
6842 6842 cc24 cc25 8c5b 8c5b 1c40 1c43 0 ffff 19 19 1f 1e 1a7
6842 6842 cc24 cc25 8c5b 8c5b 1c40 1c43 0 ffff 50 50 1f 1e 1a8
6842 6842 cc24 cc25 65f1 65f1 3818 381b 0 ffff 89 89 1f 1e 1a9
8112 8112 fe62 fe63 eebb eebb 57cc 57cf 0 ffff 77 77 1f 1e 1aa
8112 8112 fe62 fe63 5718 5718 ca58 ca5b 0 ffff 202 202 1f 1e 1ab
ef83 ef83 68fe 68ff eebb eebb 57cc 57cf 0 ffff 35 35 1f 1e 1ac
ef83 ef83 68fe 68ff 65f1 65f1 3818 381b 0 ffff 45 45 1f 1e 1ad
ef83 ef83 68fe 68ff 65f1 65f1 3818 381b 0 ffff 35 35 1f 1e 1ae
ef83 ef83 68fe 68ff 8c5b 8c5b 1c40 1c43 0 ffff 45 45 1f 1e 1af
ef83 ef83 68fe 68ff 65f1 65f1 3818 381b 0 ffff 1a2b 1a2b 1f 1e 1b0
ef83 ef83 68fe 68ff eebb eebb 57cc 57cf 0 ffff 45 45 1f 1e 1b1
ef83 ef83 68fe 68ff eebb eebb 57cc 57cf 0 ffff 202 202 1f 1e 1b2
ef83 ef83 68fe 68ff 8c5b 8c5b 1c40 1c43 0 ffff 202 202 1f 1e 1b3
cd0 cd0 96e0 96e7 13ec 13ec a8b0 a8b0 0 ffff 202 202 1d 20 1b4
cd0 cd0 96e0 96e7 dfac dfac 7741 7741 0 ffff 89 89 1d 20 1b5
cd0 cd0 96e0 96e7 afc8 afc8 11a1 11a1 0 ffff 77 77 1d 20 1b6
cd0 cd0 96e0 96e7 afc8 afc8 11a1 11a1 0 ffff 202 202 1d 20 1b7
6842 6842 cc28 cc2f afc8 afc8 11a1 11a1 0 ffff 19 19 1d 20 1b8
6842 6842 cc28 cc2f 65f1 65f1 381f 381f 0 ffff 19 19 1d 20 1b9
6842 6842 cc28 cc2f 8c5b 8c5b 1c47 1c47 0 ffff 89 89 1d 20 1ba
6842 6842 cc28 cc2f 8c5b 8c5b 1c47 1c47 0 ffff 17 17 1d 20 1bb
8112 8112 fe68 fe6f eebb eebb 57ca 57ca 0 ffff 87 87 1d 20 1bc
8112 8112 fe68 fe6f 5718 5718 ca5f ca5f 0 ffff 71 71 1d 20 1bd
ef83 ef83 68f0 68f7 8c5b 8c5b 1c47 1c47 0 ffff 50 50 1d 20 1be
ef83 ef83 68f0 68f7 eebb eebb 57ca 57ca 0 ffff 599 599 1d 20 1bf
ef83 ef83 68f0 68f7 eebb eebb 57ca 57ca 0 ffff 8b 8b 1d 20 1c0
ef83 ef83 68f0 68f7 8c5b 8c5b 1c47 1c47 0 ffff 50 50 1d 20 1c1
ef83 ef83 68f0 68f7 65f1 65f1 381f 381f 0 ffff a1 a1 1d 20 1c2
ef83 ef83 68f0 68f7 65f1 65f1 381f 381f 0 ffff 1586 1586 1d 20 1c3
ef83 ef83 68f0 68f7 eebb eebb 57ca 57ca 0 ffff 50 50 1d 20 1c4
ef83 ef83 68f0 68f7 65f1 65f1 381f 381f 0 ffff 15ff 15ff 1d 20 1c5
cd0 cd0 96ef 96ef afc8 afc8 11a8 11af 14 15 0 ffff 20 1d 1c6
cd0 cd0 96ec 96ed 13ec 13ec a8b0 a8b0 14 17 0 ffff 1f 20 1c7
cd0 cd0 96e8 96eb 13ec 13ec a8b0 a8b0 66d 66e 0 ffff 1e 20 1c8
cd0 cd0 96e8 96eb afc8 afc8 11a4 11a7 0 ffff 35 35 1e 1e 1c9
6842 6842 cc20 cc23 65f1 65f1 3818 381b 0 ffff 35 35 1e 1e 1ca
ef83 ef83 68f8 68fb 8c5b 8c5b 1c40 1c43 0 ffff 35 35 1e 1e 1cb
6842 6842 cc27 cc27 13ec 13ec a8a0 a8af a1 a1 0 ffff 20 1c 1cc
8112 8112 fe61 fe61 eebb eebb 57d0 57df a1 a1 0 ffff 20 1c 1cd
ef83 ef83 68fd 68fd 65f1 65f1 3800 380f 1f4 1f4 0 ffff 20 1c 1ce
6842 6842 cc28 cc2f 65f1 65f1 381c 381d 0 ffff 202 202 1d 1f 1cf
ef83 ef83 68f0 68f7 8c5b 8c5b 1c44 1c45 0 ffff 71 71 1d 1f 1d0
6842 6842 cc24 cc25 8c5b 8c5b 1c48 1c4f 0 ffff 50 50 1f 1d 1d1
6842 6842 cc24 cc25 8c5b 8c5b 1c48 1c4f 0 ffff 45 45 1f 1d 1d2
6842 6842 cc27 cc27 65f1 65f1 3800 380f 0 ffff 50 50 20 1c 1d3
ef83 ef83 68fc 68fc 65f1 65f1 3800 380f 0 ffff 8b 8b 20 1c 1d4
ef83 ef83 68fd 68fd eebb eebb 57d0 57df 0 ffff 45 45 20 1c 1d5
6842 6842 cc28 cc2f 13ec 13ec a8b2 a8b3 a1 a1 0 ffff 1d 1f 1d6
6842 6842 cc24 cc25 13ec 13ec a8b4 a8b7 a1 a1 0 ffff 1f 1e 1d7
8112 8112 fe62 fe63 8c5b 8c5b 1c40 1c43 a1 a1 0 ffff 1f 1e 1d8
6842 6842 cc20 cc23 13ec 13ec a8b4 a8b7 1590 1590 0 ffff 1e 1e 1d9
8112 8112 fe64 fe67 20f3 20f3 65c4 65c7 1586 1586 0 ffff 1e 1e 1da
6842 6842 cc20 cc23 8c5b 8c5b 1c47 1c47 0 ffff 14 15 1e 20 1db
8112 8112 fe64 fe67 20f3 20f3 65c2 65c2 0 ffff 6d 6e 1e 20 1dc
8112 8112 fe64 fe67 5718 5718 ca5f ca5f 0 ffff 6d 6e 1e 20 1dd
ef83 ef83 68f8 68fb 5718 5718 ca5f ca5f 0 ffff 714 715 1e 20 1de
6842 6842 cc28 cc2f 13ec 13ec a8b0 a8b0 0 ffff 6d 6e 1d 20 1df
8112 8112 fe68 fe6f 5718 5718 ca5f ca5f 0 ffff 6d 6e 1d 20 1e0
6842 6842 cc27 cc27 65f1 65f1 381c 381d 0 ffff 14 17 20 1f 1e1
ef83 ef83 68fd 68fd 65f1 65f1 381c 381d 0 ffff 14 17 20 1f 1e2
6842 6842 cc24 cc25 13ec 13ec a8b8 a8bf a1 a1 0 ffff 1f 1d 1e3
6842 6842 cc20 cc23 8c5b 8c5b 1c44 1c45 8f 8f 0 ffff 1e 1f 1e4
6842 6842 cc24 cc25 8c5b 8c5b 1c44 1c45 0 ffff 66d 66e 1f 1f 1e5
6842 6842 cc24 cc25 8c5b 8c5b 1c44 1c45 66d 66e 0 ffff 1f 1f 1e6
ef83 ef83 68fe 68ff 8c5b 8c5b 1c44 1c45 6d 6e 0 ffff 1f 1f 1e7
8112 8112 fe64 fe67 eebb eebb 57c8 57c9 66d 66e 0 ffff 1e 1f 1e8
ef83 ef83 68e0 68ef 65f1 65f1 381e 381e 0 ffff 45 45 1c 20 1e9
ef83 ef83 68e0 68ef 65f1 65f1 381f 381f 0 ffff 66d 66d 1c 20 1ea
ef83 ef83 68f0 68f7 eebb eebb 57ca 57ca 6d 6e 0 ffff 1d 20 1eb
ef83 ef83 68fd 68fd eebb eebb 57cc 57cf 0 ffff 14 17 20 1e 1ec
ef83 ef83 68fd 68fd 65f1 65f1 3810 3817 a1 a1 0 ffff 20 1d 1ed
cd0 cd0 96e8 96eb dfac dfac 7744 7747 15a4 15a4 0 ffff 1e 1e 1ee
cd0 cd0 96e8 96eb 65f1 65f1 3818 381b a1 a1 0 ffff 1e 1e 1ef
8112 8112 fe64 fe67 5718 5718 ca58 ca5b 35 35 0 ffff 1e 1e 1f0
ef83 ef83 68f8 68fb 65f1 65f1 3818 381b a1 a1 0 ffff 1e 1e 1f1
ef83 ef83 68f8 68fb 65f1 65f1 3818 381b a1 a1 0 ffff 1e 1e 1f2
cd0 cd0 96ef 96ef dfac dfac 7750 775f 0 ffff 1b3a 1b3a 20 1c 1f3
cd0 cd0 96ef 96ef 13ec 13ec a8a0 a8af 0 ffff 202 202 20 1c 1f4
cd0 cd0 96ef 96ef 65f1 65f1 3800 380f 0 ffff 599 599 20 1c 1f5
cd0 cd0 96ef 96ef 13ec 13ec a8a0 a8af 0 ffff 45 45 20 1c 1f6
6842 6842 cc26 cc26 8c5b 8c5b 1c50 1c5f 0 ffff 50 50 20 1c 1f7
6842 6842 cc26 cc26 8c5b 8c5b 1c50 1c5f 0 ffff 157c 157c 20 1c 1f8
6842 6842 cc26 cc26 8c5b 8c5b 1c50 1c5f 0 ffff 45 45 20 1c 1f9
6842 6842 cc26 cc26 8c5b 8c5b 1c50 1c5f 0 ffff 71 71 20 1c 1fa
6842 6842 cc26 cc26 8c5b 8c5b 1c50 1c5f 0 ffff 232b 232b 20 1c 1fb
6842 6842 cc26 cc26 8c5b 8c5b 1c50 1c5f 0 ffff 232b 232b 20 1c 1fc
8112 8112 fe61 fe61 eebb eebb 57d0 57df 0 ffff 35 35 20 1c 1fd
8112 8112 fe61 fe61 20f3 20f3 65d0 65df 0 ffff 202 202 20 1c 1fe
8112 8112 fe61 fe61 5718 5718 ca40 ca4f 0 ffff 89 89 20 1c 1ff
ef83 ef83 68fd 68fd 65f1 65f1 3800 380f 0 ffff 45 45 20 1c 200
ef83 ef83 68fd 68fd 65f1 65f1 3800 380f 0 ffff 202 202 20 1c 201
cd0 cd0 96f0 96ff dfac dfac 7741 7741 0 ffff 22ab 22ab 1c 20 202
cd0 cd0 96f0 96ff 13ec 13ec a8b0 a8b0 0 ffff 45 45 1c 20 203
cd0 cd0 96f0 96ff 65f1 65f1 381f 381f 0 ffff 45 45 1c 20 204
6842 6842 cc30 cc3f 13ec 13ec a8b0 a8b0 0 ffff 45 45 1c 20 205
6842 6842 cc30 cc3f 65f1 65f1 381f 381f 0 ffff 35 35 1c 20 206
6842 6842 cc30 cc3f 13ec 13ec a8b0 a8b0 0 ffff 50 50 1c 20 207
6842 6842 cc30 cc3f 8c5b 8c5b 1c47 1c47 0 ffff 232b 232b 1c 20 208
6842 6842 cc30 cc3f 8c5b 8c5b 1c47 1c47 0 ffff 45 45 1c 20 209
6842 6842 cc30 cc3f 13ec 13ec a8b0 a8b0 0 ffff 22ab 22ab 1c 20 20a
6842 6842 cc30 cc3f 65f1 65f1 381f 381f 0 ffff 232b 232b 1c 20 20b
6842 6842 cc30 cc3f 8c5b 8c5b 1c47 1c47 0 ffff 17 17 1c 20 20c
8112 8112 fe70 fe7f 8c5b 8c5b 1c47 1c47 0 ffff 35 35 1c 20 20d
8112 8112 fe70 fe7f 5718 5718 ca5f ca5f 0 ffff 50 50 1c 20 20e
8112 8112 fe70 fe7f 5718 5718 ca5f ca5f 0 ffff 71 71 1c 20 20f
8112 8112 fe70 fe7f 8c5b 8c5b 1c47 1c47 0 ffff 50 50 1c 20 210
8112 8112 fe70 fe7f 5718 5718 ca5f ca5f 0 ffff 45 45 1c 20 211
ef83 ef83 68e0 68ef 5718 5718 ca5f ca5f 0 ffff 45 45 1c 20 212
ef83 ef83 68e0 68ef 8c5b 8c5b 1c47 1c47 0 ffff 50 50 1c 20 213
ef83 ef83 68e0 68ef 8c5b 8c5b 1c47 1c47 0 ffff 15ff 15ff 1c 20 214
ef83 ef83 68e0 68ef 65f1 65f1 381f 381f 0 ffff 35 35 1c 20 215
cd0 cd0 96e8 96eb afc8 afc8 11a4 11a7 0 ffff 232b 232b 1e 1e 216
cd0 cd0 96e8 96eb 13ec 13ec a8b4 a8b7 0 ffff 45 45 1e 1e 217
cd0 cd0 96e8 96eb afc8 afc8 11a4 11a7 0 ffff 45 45 1e 1e 218
cd0 cd0 96e8 96eb 13ec 13ec a8b4 a8b7 0 ffff 35 35 1e 1e 219
6842 6842 cc20 cc23 8c5b 8c5b 1c40 1c43 0 ffff 15 15 1e 1e 21a
6842 6842 cc20 cc23 13ec 13ec a8b4 a8b7 0 ffff 202 202 1e 1e 21b
6842 6842 cc20 cc23 8c5b 8c5b 1c40 1c43 0 ffff 1a2b 1a2b 1e 1e 21c
8112 8112 fe64 fe67 20f3 20f3 65c4 65c7 0 ffff 71 71 1e 1e 21d
8112 8112 fe64 fe67 5718 5718 ca58 ca5b 0 ffff 66d 66d 1e 1e 21e
8112 8112 fe64 fe67 8c5b 8c5b 1c40 1c43 0 ffff 45 45 1e 1e 21f
ef83 ef83 68f8 68fb 8c5b 8c5b 1c40 1c43 0 ffff 45 45 1e 1e 220
ef83 ef83 68f8 68fb 5718 5718 ca58 ca5b 0 ffff 19 19 1e 1e 221
ef83 ef83 68f8 68fb 65f1 65f1 3818 381b 0 ffff 66d 66d 1e 1e 222
ef83 ef83 68f8 68fb 8c5b 8c5b 1c40 1c43 0 ffff 45 45 1e 1e 223
cd0 cd0 96ec 96ed afc8 afc8 11a8 11af 0 ffff 45 45 1f 1d 224
cd0 cd0 96ec 96ed 65f1 65f1 3810 3817 0 ffff 35 35 1f 1d 225
6842 6842 cc24 cc25 13ec 13ec a8b8 a8bf 0 ffff 89 89 1f 1d 226
6842 6842 cc24 cc25 8c5b 8c5b 1c48 1c4f 0 ffff 45 45 1f 1d 227
6842 6842 cc24 cc25 13ec 13ec a8b8 a8bf 0 ffff 1b3a 1b3a 1f 1d 228
6842 6842 cc24 cc25 8c5b 8c5b 1c48 1c4f 0 ffff 232b 232b 1f 1d 229
6842 6842 cc24 cc25 8c5b 8c5b 1c48 1c4f 0 ffff 50 50 1f 1d 22a
6842 6842 cc24 cc25 65f1 65f1 3810 3817 0 ffff 20c 20c 1f 1d 22b
8112 8112 fe62 fe63 8c5b 8c5b 1c48 1c4f 0 ffff 35 35 1f 1d 22c
ef83 ef83 68fe 68ff 8c5b 8c5b 1c48 1c4f 0 ffff 35 35 1f 1d 22d
ef83 ef83 68fe 68ff 65f1 65f1 3810 3817 0 ffff 232b 232b 1f 1d 22e
ef83 ef83 68fe 68ff eebb eebb 57c0 57c7 0 ffff 15 15 1f 1d 22f
ef83 ef83 68fe 68ff 65f1 65f1 3810 3817 0 ffff 202 202 1f 1d 230
ef83 ef83 68fe 68ff 8c5b 8c5b 1c48 1c4f 0 ffff 202 202 1f 1d 231
cd0 cd0 96e0 96e7 13ec 13ec a8b4 a8b7 6bb 6bb 0 ffff 1d 1e 232
6842 6842 cc28 cc2f 13ec 13ec a8b4 a8b7 19 19 0 ffff 1d 1e 233
cd0 cd0 96e0 96e7 13ec 13ec a8b2 a8b3 0 ffff 71 71 1d 1f 234
cd0 cd0 96e0 96e7 65f1 65f1 381c 381d 0 ffff 87 87 1d 1f 235
cd0 cd0 96e0 96e7 afc8 afc8 11a2 11a3 0 ffff 22ab 22ab 1d 1f 236
6842 6842 cc28 cc2f 8c5b 8c5b 1c44 1c45 0 ffff 6bb 6bb 1d 1f 237
6842 6842 cc28 cc2f 8c5b 8c5b 1c44 1c45 0 ffff 202 202 1d 1f 238
6842 6842 cc28 cc2f 65f1 65f1 381c 381d 0 ffff 1388 1388 1d 1f 239
6842 6842 cc28 cc2f 13ec 13ec a8b2 a8b3 0 ffff 202 202 1d 1f 23a
8112 8112 fe68 fe6f eebb eebb 57c8 57c9 0 ffff 45 45 1d 1f 23b
8112 8112 fe68 fe6f eebb eebb 57c8 57c9 0 ffff 66e 66e 1d 1f 23c
ef83 ef83 68f0 68f7 5718 5718 ca5c ca5d 0 ffff 202 202 1d 1f 23d
ef83 ef83 68f0 68f7 8c5b 8c5b 1c44 1c45 0 ffff 19 19 1d 1f 23e
ef83 ef83 68f0 68f7 65f1 65f1 381c 381d 0 ffff 232b 232b 1d 1f 23f
ef83 ef83 68f0 68f7 8c5b 8c5b 1c44 1c45 0 ffff 22ab 22ab 1d 1f 240
ef83 ef83 68f0 68f7 8c5b 8c5b 1c44 1c45 0 ffff 202 202 1d 1f 241
ef83 ef83 68f0 68f7 65f1 65f1 381c 381d 0 ffff 1b58 1b58 1d 1f 242
ef83 ef83 68f0 68f7 65f1 65f1 381c 381d 0 ffff 87 87 1d 1f 243
ef83 ef83 68f0 68f7 65f1 65f1 381c 381d 0 ffff 35 35 1d 1f 244
ef83 ef83 68f0 68f7 8c5b 8c5b 1c44 1c45 0 ffff 15a4 15a4 1d 1f 245
cd0 cd0 96e8 96eb 65f1 65f1 381c 381d 14 17 0 ffff 1e 1f 246
cd0 cd0 96f0 96ff 13ec 13ec a8b0 a8b0 35 35 0 ffff 1c 20 247
6842 6842 cc30 cc3f 8c5b 8c5b 1c47 1c47 35 35 0 ffff 1c 20 248
6842 6842 cc30 cc3f 8c5b 8c5b 1c47 1c47 599 599 0 ffff 1c 20 249
cd0 cd0 96ec 96ed afc8 afc8 11a8 11af 1590 1590 0 ffff 1f 1d 24a
8112 8112 fe62 fe63 eebb eebb 57c0 57c7 1590 1590 0 ffff 1f 1d 24b
ef83 ef83 68fe 68ff 8c5b 8c5b 1c48 1c4f 19 19 0 ffff 1f 1d 24c
cd0 cd0 96e0 96e7 13ec 13ec a8b0 a8b0 14 15 0 ffff 1d 20 24d
6842 6842 cc28 cc2f 8c5b 8c5b 1c47 1c47 14 15 0 ffff 1d 20 24e
ef83 ef83 68f0 68f7 8c5b 8c5b 1c47 1c47 14 15 0 ffff 1d 20 24f
6842 6842 cc20 cc23 65f1 65f1 3810 3817 0 ffff 45 45 1e 1d 250
6842 6842 cc20 cc23 8c5b 8c5b 1c48 1c4f 0 ffff 50 50 1e 1d 251
ef83 ef83 68f8 68fb eebb eebb 57c0 57c7 0 ffff 89 89 1e 1d 252
6842 6842 cc30 cc3f afc8 afc8 11a2 11a3 0 ffff 19 19 1c 1f 253
8112 8112 fe70 fe7f 8c5b 8c5b 1c44 1c45 0 ffff 4be 4be 1c 1f 254
6842 6842 cc28 cc2f 65f1 65f1 3818 381b 0 ffff 8f 8f 1d 1e 255
6842 6842 cc27 cc27 13ec 13ec a8a0 a8af 6d 6e 0 ffff 20 1c 256
6842 6842 cc26 cc26 13ec 13ec a8a0 a8af 50 50 0 ffff 20 1c 257
6842 6842 cc26 cc26 8c5b 8c5b 1c50 1c5f 35 35 0 ffff 20 1c 258
ef83 ef83 68fc 68fc eebb eebb 57d0 57df 15ff 15ff 0 ffff 20 1c 259
ef83 ef83 68fc 68fc 8c5b 8c5b 1c50 1c5f 15a4 15a4 0 ffff 20 1c 25a
ef83 ef83 68fd 68fd eebb eebb 57d0 57df 35 35 0 ffff 20 1c 25b
ef83 ef83 68fd 68fd 65f1 65f1 3800 380f 8f 8f 0 ffff 20 1c 25c
ef83 ef83 68fd 68fd 65f1 65f1 3800 380f 7b 7b 0 ffff 20 1c 25d
6842 6842 cc24 cc25 8c5b 8c5b 1c50 1c5f 0 ffff 8006 8006 1f 1c 25e
8112 8112 fe62 fe63 5718 5718 ca40 ca4f 0 ffff 202 202 1f 1c 25f
6842 6842 cc00 cc1f 8c5b 8c5b 1c47 1c47 0 ffff 202 202 1b 20 260
8112 8112 fe40 fe5f 20f3 20f3 65c2 65c2 0 ffff 202 202 1b 20 261
ef83 ef83 68c0 68df eebb eebb 57ca 57ca 0 ffff 45 45 1b 20 262
6842 6842 cc26 cc26 13ec 13ec a880 a89f 0 ffff 232b 232b 20 1b 263
8112 8112 fe61 fe61 eebb eebb 57e0 57ff 0 ffff 45 45 20 1b 264
8112 8112 fe61 fe61 5718 5718 ca50 ca57 0 ffff 66d 66e 20 1d 265
ef83 ef83 68fd 68fd 65f1 65f1 3810 3817 0 ffff 6d 6e 20 1d 266
ef83 ef83 68f8 68fb 65f1 65f1 381e 381e 0 ffff 14 17 1e 20 267
ef83 ef83 68fc 68fc 65f1 65f1 3810 3817 6d 6e 0 ffff 20 1d 268
ef83 ef83 68fe 68ff eebb eebb 57cc 57cf 0 ffff 66d 66e 1f 1e 269
cd0 cd0 96c0 96df dfac dfac 7741 7741 0 ffff 202 202 1b 20 26a
cd0 cd0 96c0 96df 13ec 13ec a8b0 a8b0 0 ffff 202 202 1b 20 26b
cd0 cd0 96c0 96df afc8 afc8 11a1 11a1 0 ffff 35 35 1b 20 26c
6842 6842 cc00 cc1f afc8 afc8 11a1 11a1 0 ffff 8b 8b 1b 20 26d
6842 6842 cc00 cc1f 8c5b 8c5b 1c47 1c47 0 ffff 232b 232b 1b 20 26e
6842 6842 cc00 cc1f 8c5b 8c5b 1c47 1c47 0 ffff 202 202 1b 20 26f
8112 8112 fe40 fe5f 20f3 20f3 65c2 65c2 0 ffff 71 71 1b 20 270
8112 8112 fe40 fe5f 5718 5718 ca5f ca5f 0 ffff 202 202 1b 20 271
8112 8112 fe40 fe5f 5718 5718 ca5f ca5f 0 ffff 35 35 1b 20 272
8112 8112 fe40 fe5f 8c5b 8c5b 1c47 1c47 0 ffff 89 89 1b 20 273
ef83 ef83 68c0 68df eebb eebb 57ca 57ca 0 ffff 89 89 1b 20 274
ef83 ef83 68c0 68df dfac dfac 7741 7741 0 ffff 202 202 1b 20 275
cd0 cd0 96f0 96ff dfac dfac 7742 7743 0 ffff 45 45 1c 1f 276
cd0 cd0 96f0 96ff 65f1 65f1 381c 381d 0 ffff 232b 232b 1c 1f 277
cd0 cd0 96f0 96ff 13ec 13ec a8b2 a8b3 0 ffff 202 202 1c 1f 278
6842 6842 cc30 cc3f 65f1 65f1 381c 381d 0 ffff 45 45 1c 1f 279
6842 6842 cc30 cc3f 65f1 65f1 381c 381d 0 ffff 17 17 1c 1f 27a
6842 6842 cc30 cc3f 13ec 13ec a8b2 a8b3 0 ffff 45 45 1c 1f 27b
6842 6842 cc30 cc3f 8c5b 8c5b 1c44 1c45 0 ffff 202 202 1c 1f 27c
ef83 ef83 68e0 68ef 5718 5718 ca5c ca5d 0 ffff 19 19 1c 1f 27d
ef83 ef83 68e0 68ef 65f1 65f1 381c 381d 0 ffff 50 50 1c 1f 27e
ef83 ef83 68e0 68ef 8c5b 8c5b 1c44 1c45 0 ffff 8f 8f 1c 1f 27f
ef83 ef83 68e0 68ef 65f1 65f1 381c 381d 0 ffff 8b 8b 1c 1f 280
ef83 ef83 68e0 68ef 8c5b 8c5b 1c44 1c45 0 ffff 45 45 1c 1f 281
cd0 cd0 96ec 96ed dfac dfac 7750 775f 0 ffff 202 202 1f 1c 282
cd0 cd0 96ec 96ed afc8 afc8 11b0 11bf 0 ffff 232b 232b 1f 1c 283
6842 6842 cc24 cc25 65f1 65f1 3800 380f 0 ffff a2 a2 1f 1c 284
6842 6842 cc24 cc25 65f1 65f1 3800 380f 0 ffff 45 45 1f 1c 285
6842 6842 cc24 cc25 8c5b 8c5b 1c50 1c5f 0 ffff 232b 232b 1f 1c 286
6842 6842 cc24 cc25 8c5b 8c5b 1c50 1c5f 0 ffff 202 202 1f 1c 287
6842 6842 cc24 cc25 8c5b 8c5b 1c50 1c5f 0 ffff 8f 8f 1f 1c 288
8112 8112 fe62 fe63 eebb eebb 57d0 57df 0 ffff 202 202 1f 1c 289
8112 8112 fe62 fe63 5718 5718 ca40 ca4f 0 ffff 77 77 1f 1c 28a
8112 8112 fe62 fe63 5718 5718 ca40 ca4f 0 ffff 19 19 1f 1c 28b
8112 8112 fe62 fe63 5718 5718 ca40 ca4f 0 ffff 35 35 1f 1c 28c
8112 8112 fe62 fe63 8c5b 8c5b 1c50 1c5f 0 ffff 89 89 1f 1c 28d
ef83 ef83 68fe 68ff 5718 5718 ca40 ca4f 0 ffff 202 202 1f 1c 28e
ef83 ef83 68fe 68ff eebb eebb 57d0 57df 0 ffff 45 45 1f 1c 28f
ef83 ef83 68fe 68ff 5718 5718 ca40 ca4f 0 ffff 19 19 1f 1c 290
ef83 ef83 68fe 68ff 8c5b 8c5b 1c50 1c5f 0 ffff 50 50 1f 1c 291
cd0 cd0 96c0 96df dfac dfac 7742 7743 0 ffff 45 45 1b 1f 292
6842 6842 cc00 cc1f 8c5b 8c5b 1c44 1c45 0 ffff 35 35 1b 1f 293
ef83 ef83 68c0 68df 65f1 65f1 381c 381d 0 ffff 202 202 1b 1f 294
cd0 cd0 96e8 96eb 65f1 65f1 3810 3817 a1 a1 0 ffff 1e 1d 295
6842 6842 cc20 cc23 8c5b 8c5b 1c48 1c4f 599 599 0 ffff 1e 1d 296
6842 6842 cc20 cc23 13ec 13ec a8b8 a8bf 35 35 0 ffff 1e 1d 297
6842 6842 cc20 cc23 8c5b 8c5b 1c48 1c4f 19 19 0 ffff 1e 1d 298
ef83 ef83 68f8 68fb 65f1 65f1 3810 3817 15a4 15a4 0 ffff 1e 1d 299
cd0 cd0 96e0 96e7 afc8 afc8 11a8 11af 0 ffff 1a2b 1a2b 1d 1d 29a
cd0 cd0 96f0 96ff afc8 afc8 11a4 11a7 0 ffff 89 89 1c 1e 29b
6842 6842 cc30 cc3f 8c5b 8c5b 1c40 1c43 0 ffff 232b 232b 1c 1e 29c
ef83 ef83 68e0 68ef 65f1 65f1 3818 381b 0 ffff 16 16 1c 1e 29d
cd0 cd0 96e0 96e7 65f1 65f1 3818 381b 0 ffff 202 202 1d 1e 29e
cd0 cd0 96e0 96e7 afc8 afc8 11a4 11a7 0 ffff 1388 1388 1d 1e 29f
cd0 cd0 96e0 96e7 afc8 afc8 11a4 11a7 0 ffff 45 45 1d 1e 2a0
cd0 cd0 96e0 96e7 afc8 afc8 11a4 11a7 0 ffff 232b 232b 1d 1e 2a1
6842 6842 cc28 cc2f afc8 afc8 11a4 11a7 0 ffff 1b58 1b58 1d 1e 2a2
6842 6842 cc28 cc2f 8c5b 8c5b 1c40 1c43 0 ffff 50 50 1d 1e 2a3
6842 6842 cc28 cc2f 65f1 65f1 3818 381b 0 ffff 202 202 1d 1e 2a4
6842 6842 cc28 cc2f 65f1 65f1 3818 381b 0 ffff 45 45 1d 1e 2a5
6842 6842 cc28 cc2f 65f1 65f1 3818 381b 0 ffff 232b 232b 1d 1e 2a6
6842 6842 cc28 cc2f 8c5b 8c5b 1c40 1c43 0 ffff 22ab 22ab 1d 1e 2a7
8112 8112 fe68 fe6f 20f3 20f3 65c4 65c7 0 ffff 202 202 1d 1e 2a8
8112 8112 fe68 fe6f 5718 5718 ca58 ca5b 0 ffff 50 50 1d 1e 2a9
8112 8112 fe68 fe6f eebb eebb 57cc 57cf 0 ffff 202 202 1d 1e 2aa
8112 8112 fe68 fe6f eebb eebb 57cc 57cf 0 ffff 35 35 1d 1e 2ab
ef83 ef83 68f0 68f7 8c5b 8c5b 1c40 1c43 0 ffff 15ff 15ff 1d 1e 2ac
ef83 ef83 68f0 68f7 65f1 65f1 3818 381b 0 ffff 16 16 1d 1e 2ad
ef83 ef83 68f0 68f7 8c5b 8c5b 1c40 1c43 0 ffff 45 45 1d 1e 2ae
ef83 ef83 68f0 68f7 eebb eebb 57cc 57cf 0 ffff 50 50 1d 1e 2af
cd0 cd0 96ec 96ed afc8 afc8 1180 119f 0 ffff 45 45 1f 1b 2b0
cd0 cd0 96ec 96ed 65f1 65f1 3820 383f 0 ffff 232b 232b 1f 1b 2b1
cd0 cd0 96e0 96e7 65f1 65f1 3818 381b 8f 8f 0 ffff 1d 1e 2b2
6842 6842 cc28 cc2f 13ec 13ec a8b4 a8b7 a1 a1 0 ffff 1d 1e 2b3
6842 6842 cc28 cc2f 8c5b 8c5b 1c40 1c43 50 50 0 ffff 1d 1e 2b4
6842 6842 cc28 cc2f 13ec 13ec a8b4 a8b7 1590 1590 0 ffff 1d 1e 2b5
8112 8112 fe68 fe6f 5718 5718 ca58 ca5b 50 50 0 ffff 1d 1e 2b6
8112 8112 fe68 fe6f 8c5b 8c5b 1c40 1c43 14 14 0 ffff 1d 1e 2b7
cd0 cd0 96ef 96ef afc8 afc8 1180 119f 0 ffff 45 45 20 1b 2b8
cd0 cd0 96ef 96ef afc8 afc8 1180 119f 0 ffff 35 35 20 1b 2b9
cd0 cd0 96ef 96ef afc8 afc8 1180 119f 0 ffff 202 202 20 1b 2ba
6842 6842 cc27 cc27 8c5b 8c5b 1c60 1c7f 0 ffff 1a2b 1a2b 20 1b 2bb
6842 6842 cc26 cc26 8c5b 8c5b 1c60 1c7f 0 ffff 9f5 9f5 20 1b 2bc
6842 6842 cc26 cc26 65f1 65f1 3820 383f 0 ffff a1 a1 20 1b 2bd
6842 6842 cc26 cc26 8c5b 8c5b 1c60 1c7f 0 ffff 66d 66d 20 1b 2be
8112 8112 fe61 fe61 8c5b 8c5b 1c60 1c7f 0 ffff 35 35 20 1b 2bf
cd0 cd0 96e8 96eb afc8 afc8 11a8 11af 0 ffff 232b 232b 1e 1d 2c0
6842 6842 cc20 cc23 13ec 13ec a8b8 a8bf 0 ffff a2 a2 1e 1d 2c1
8112 8112 fe64 fe67 20f3 20f3 65c8 65cf 0 ffff 232b 232b 1e 1d 2c2
ef83 ef83 68f8 68fb 65f1 65f1 3810 3817 0 ffff 202 202 1e 1d 2c3
ef83 ef83 68f8 68fb eebb eebb 57c0 57c7 0 ffff 50 50 1e 1d 2c4
ef83 ef83 68f8 68fb eebb eebb 57c0 57c7 0 ffff 15a4 15a4 1e 1d 2c5
cd0 cd0 96e8 96eb 13ec 13ec a8b4 a8b7 14 15 0 ffff 1e 1e 2c6
ef83 ef83 68f8 68fb eebb eebb 57cc 57cf 14 15 0 ffff 1e 1e 2c7
cd0 cd0 96ef 96ef 65f1 65f1 3820 383f 19 19 0 ffff 20 1b 2c8
8112 8112 fe61 fe61 eebb eebb 57e0 57ff 50 50 0 ffff 20 1b 2c9
8112 8112 fe61 fe61 20f3 20f3 65e0 65ff 35 35 0 ffff 20 1b 2ca
ef83 ef83 68fd 68fd 65f1 65f1 3820 383f 50 50 0 ffff 20 1b 2cb
6842 6842 cc24 cc25 afc8 afc8 11a8 11af 14 17 0 ffff 1f 1d 2cc
6842 6842 cc00 cc1f 65f1 65f1 381f 381f a1 a1 0 ffff 1b 20 2cd
ef83 ef83 68c0 68df 8c5b 8c5b 1c47 1c47 a1 a1 0 ffff 1b 20 2ce
ef83 ef83 68c0 68df 65f1 65f1 381f 381f a1 a1 0 ffff 1b 20 2cf
6842 6842 cc24 cc25 8c5b 8c5b 1c48 1c4f 66d 66e 0 ffff 1f 1d 2d0
8112 8112 fe62 fe63 8c5b 8c5b 1c48 1c4f 66d 66e 0 ffff 1f 1d 2d1
6842 6842 cc20 cc23 65f1 65f1 3818 381b 0 ffff 66d 66e 1e 1e 2d2
6842 6842 cc20 cc23 65f1 65f1 3800 380f a1 a1 0 ffff 1e 1c 2d3
6842 6842 cc28 cc2f 8c5b 8c5b 1c40 1c43 6d 6e 0 ffff 1d 1e 2d4
6842 6842 cc24 cc25 8c5b 8c5b 1c50 1c5f 1586 1586 0 ffff 1f 1c 2d5
8112 8112 fe62 fe63 eebb eebb 57d0 57df a1 a1 0 ffff 1f 1c 2d6
6842 6842 cc28 cc2f 13ec 13ec a8b4 a8b7 0 ffff 6d 6e 1d 1e 2d7
ef83 ef83 68f0 68f7 8c5b 8c5b 1c40 1c43 0 ffff 14 15 1d 1e 2d8
6842 6842 cc30 cc3f 8c5b 8c5b 1c47 1c47 0 ffff 6d 6e 1c 20 2d9
ef83 ef83 68e0 68ef 5718 5718 ca5f ca5f 0 ffff 14 15 1c 20 2da
ef83 ef83 68e0 68ef 8c5b 8c5b 1c47 1c47 0 ffff 66d 66e 1c 20 2db
6842 6842 cc26 cc26 8c5b 8c5b 1c60 1c7f 6d 6e 0 ffff 20 1b 2dc
8112 8112 fe61 fe61 eebb eebb 57e0 57ff 14 15 0 ffff 20 1b 2dd
6842 6842 cc30 cc3f 8c5b 8c5b 1c44 1c45 35 35 0 ffff 1c 1f 2de
ef83 ef83 68e0 68ef 65f1 65f1 381c 381d 19 19 0 ffff 1c 1f 2df
8112 8112 fe68 fe6f 8c5b 8c5b 1c47 1c47 0 ffff 14 17 1d 20 2e0
ef83 ef83 68f0 68f7 eebb eebb 57ca 57ca 0 ffff 14 17 1d 20 2e1
8112 8112 fe62 fe63 eebb eebb 57c0 57c7 0 ffff 714 715 1f 1d 2e2
8112 8112 fe61 fe61 5718 5718 ca00 ca3f 8f 8f 0 ffff 20 1a 2e3
ef83 ef83 68fd 68fd 8c5b 8c5b 1c00 1c3f 45 45 0 ffff 20 1a 2e4
ef83 ef83 68f0 68f7 dfac dfac 7742 7743 0 ffff 6d 6e 1d 1f 2e5
ef83 ef83 68f0 68f7 65f1 65f1 381c 381d 0 ffff 66d 66e 1d 1f 2e6
ef83 ef83 68fc 68fc 5718 5718 ca00 ca3f 0 ffff 45 45 20 1a 2e7
ef83 ef83 68fd 68fd 65f1 65f1 3840 387f 0 ffff 50 50 20 1a 2e8
ef83 ef83 68fe 68ff 5718 5718 ca40 ca4f 14 15 0 ffff 1f 1c 2e9
ef83 ef83 68f8 68fb eebb eebb 57cc 57cf 14 17 0 ffff 1e 1e 2ea
ef83 ef83 68fe 68ff 8c5b 8c5b 1c40 1c43 14 17 0 ffff 1f 1e 2eb
ef83 ef83 6880 68bf 65f1 65f1 381e 381e 0 ffff 50 50 1a 20 2ec
ef83 ef83 68fe 68ff 8c5b 8c5b 1c40 1c43 0 ffff 14 17 1f 1e 2ed
ef83 ef83 68c0 68df eebb eebb 57c8 57c9 19 19 0 ffff 1b 1f 2ee
cd0 cd0 96f0 96ff dfac dfac 7744 7747 87 87 0 ffff 1c 1e 2ef
cd0 cd0 96f0 96ff 13ec 13ec a8b4 a8b7 89 89 0 ffff 1c 1e 2f0
6842 6842 cc30 cc3f 8c5b 8c5b 1c40 1c43 a1 a1 0 ffff 1c 1e 2f1
ef83 ef83 68e0 68ef 5718 5718 ca58 ca5b 599 599 0 ffff 1c 1e 2f2
ef83 ef83 68e0 68ef 65f1 65f1 3818 381b 15a4 15a4 0 ffff 1c 1e 2f3
cd0 cd0 96c0 96df dfac dfac 7742 7743 0 ffff 202 202 1b 1f 2f4
cd0 cd0 96c0 96df afc8 afc8 11a2 11a3 0 ffff 19 19 1b 1f 2f5
cd0 cd0 96c0 96df afc8 afc8 11a2 11a3 0 ffff 202 202 1b 1f 2f6
cd0 cd0 96c0 96df 65f1 65f1 381c 381d 0 ffff 35 35 1b 1f 2f7
6842 6842 cc00 cc1f afc8 afc8 11a2 11a3 0 ffff 159a 159a 1b 1f 2f8
6842 6842 cc00 cc1f 8c5b 8c5b 1c44 1c45 0 ffff 232b 232b 1b 1f 2f9
6842 6842 cc00 cc1f 13ec 13ec a8b2 a8b3 0 ffff 8f 8f 1b 1f 2fa
6842 6842 cc00 cc1f 8c5b 8c5b 1c44 1c45 0 ffff 45 45 1b 1f 2fb
6842 6842 cc00 cc1f 8c5b 8c5b 1c44 1c45 0 ffff 15ae 15ae 1b 1f 2fc
6842 6842 cc00 cc1f 8c5b 8c5b 1c44 1c45 0 ffff 35 35 1b 1f 2fd
6842 6842 cc00 cc1f 8c5b 8c5b 1c44 1c45 0 ffff 202 202 1b 1f 2fe
6842 6842 cc00 cc1f 8c5b 8c5b 1c44 1c45 0 ffff a2 a2 1b 1f 2ff
8112 8112 fe40 fe5f 20f3 20f3 65c0 65c1 0 ffff 15ff 15ff 1b 1f 300
8112 8112 fe40 fe5f 20f3 20f3 65c0 65c1 0 ffff d3d d3d 1b 1f 301
8112 8112 fe40 fe5f 8c5b 8c5b 1c44 1c45 0 ffff 8006 8006 1b 1f 302
8112 8112 fe40 fe5f 5718 5718 ca5c ca5d 0 ffff 45 45 1b 1f 303
ef83 ef83 68c0 68df 8c5b 8c5b 1c44 1c45 0 ffff 50 50 1b 1f 304
ef83 ef83 68c0 68df eebb eebb 57c8 57c9 0 ffff 202 202 1b 1f 305
ef83 ef83 68c0 68df 5718 5718 ca5c ca5d 0 ffff 202 202 1b 1f 306
ef83 ef83 68c0 68df 8c5b 8c5b 1c44 1c45 0 ffff 19 19 1b 1f 307
ef83 ef83 68c0 68df 8c5b 8c5b 1c44 1c45 0 ffff 16 16 1b 1f 308
ef83 ef83 68c0 68df 65f1 65f1 381c 381d 0 ffff 232b 232b 1b 1f 309
ef83 ef83 68c0 68df 8c5b 8c5b 1c44 1c45 0 ffff 202 202 1b 1f 30a
ef83 ef83 68c0 68df 65f1 65f1 381c 381d 0 ffff 202 202 1b 1f 30b
ef83 ef83 68c0 68df eebb eebb 57c8 57c9 0 ffff 50 50 1b 1f 30c
cd0 cd0 96ec 96ed 13ec 13ec a880 a89f 0 ffff 35 35 1f 1b 30d
cd0 cd0 96ec 96ed 65f1 65f1 3820 383f 0 ffff 18ca 18ca 1f 1b 30e
cd0 cd0 96ec 96ed 13ec 13ec a880 a89f 0 ffff 202 202 1f 1b 30f
cd0 cd0 96ec 96ed 65f1 65f1 3820 383f 0 ffff 35 35 1f 1b 310
cd0 cd0 96ec 96ed afc8 afc8 1180 119f 0 ffff 15a4 15a4 1f 1b 311
6842 6842 cc24 cc25 13ec 13ec a880 a89f 0 ffff 232b 232b 1f 1b 312
6842 6842 cc24 cc25 8c5b 8c5b 1c60 1c7f 0 ffff 45 45 1f 1b 313
8112 8112 fe62 fe63 20f3 20f3 65e0 65ff 0 ffff 35 35 1f 1b 314
8112 8112 fe62 fe63 eebb eebb 57e0 57ff 0 ffff 19 19 1f 1b 315
8112 8112 fe62 fe63 5718 5718 ca60 ca7f 0 ffff 45 45 1f 1b 316
ef83 ef83 68fe 68ff 5718 5718 ca60 ca7f 0 ffff 35 35 1f 1b 317
ef83 ef83 68fe 68ff 8c5b 8c5b 1c60 1c7f 0 ffff 1b3a 1b3a 1f 1b 318
ef83 ef83 68fe 68ff eebb eebb 57e0 57ff 0 ffff 15ae 15ae 1f 1b 319
ef83 ef83 68fe 68ff eebb eebb 57e0 57ff 0 ffff 66d 66d 1f 1b 31a
cd0 cd0 96e0 96e7 13ec 13ec a8b8 a8bf 6d 6e 0 ffff 1d 1d 31b
ef83 ef83 68f0 68f7 8c5b 8c5b 1c48 1c4f 66d 66e 0 ffff 1d 1d 31c
cd0 cd0 9680 96bf dfac dfac 7741 7741 0 ffff 202 202 1a 20 31d
6842 6842 cc40 cc7f afc8 afc8 11a1 11a1 0 ffff 45 45 1a 20 31e
6842 6842 cc40 cc7f 8c5b 8c5b 1c47 1c47 0 ffff 50 50 1a 20 31f
6842 6842 cc40 cc7f 13ec 13ec a8b0 a8b0 0 ffff 45 45 1a 20 320
6842 6842 cc40 cc7f 8c5b 8c5b 1c47 1c47 0 ffff 202 202 1a 20 321
6842 6842 cc40 cc7f 8c5b 8c5b 1c47 1c47 0 ffff 19 19 1a 20 322
ef83 ef83 6880 68bf 5718 5718 ca5f ca5f 0 ffff 20c 20c 1a 20 323
ef83 ef83 6880 68bf 8c5b 8c5b 1c47 1c47 0 ffff 45 45 1a 20 324
ef83 ef83 6880 68bf eebb eebb 57ca 57ca 0 ffff 50 50 1a 20 325
cd0 cd0 96e8 96eb 13ec 13ec a8a0 a8af 0 ffff 1b3a 1b3a 1e 1c 326
cd0 cd0 96e8 96eb afc8 afc8 11b0 11bf 0 ffff 50 50 1e 1c 327
6842 6842 cc20 cc23 afc8 afc8 11b0 11bf 0 ffff 50 50 1e 1c 328
6842 6842 cc20 cc23 13ec 13ec a8a0 a8af 0 ffff 6bb 6bb 1e 1c 329
6842 6842 cc20 cc23 65f1 65f1 3800 380f 0 ffff 1590 1590 1e 1c 32a
6842 6842 cc20 cc23 65f1 65f1 3800 380f 0 ffff 19 19 1e 1c 32b
8112 8112 fe64 fe67 20f3 20f3 65d0 65df 0 ffff 19 19 1e 1c 32c
8112 8112 fe64 fe67 eebb eebb 57d0 57df 0 ffff 18ca 18ca 1e 1c 32d
8112 8112 fe64 fe67 eebb eebb 57d0 57df 0 ffff 35 35 1e 1c 32e
8112 8112 fe64 fe67 8c5b 8c5b 1c50 1c5f 0 ffff 45 45 1e 1c 32f
ef83 ef83 68f8 68fb 5718 5718 ca40 ca4f 0 ffff 9f5 9f5 1e 1c 330
ef83 ef83 68f8 68fb 65f1 65f1 3800 380f 0 ffff 50 50 1e 1c 331
ef83 ef83 68f8 68fb eebb eebb 57d0 57df 0 ffff 8b 8b 1e 1c 332
ef83 ef83 68f8 68fb 65f1 65f1 3800 380f 0 ffff 599 599 1e 1c 333
ef83 ef83 68f8 68fb 65f1 65f1 3800 380f 0 ffff 71 71 1e 1c 334
cd0 cd0 96ef 96ef 13ec 13ec a8c0 a8ff a1 a1 0 ffff 20 1a 335
6842 6842 cc27 cc27 afc8 afc8 11c0 11ff 15ff 15ff 0 ffff 20 1a 336
8112 8112 fe61 fe61 20f3 20f3 6580 65bf 16 16 0 ffff 20 1a 337
8112 8112 fe61 fe61 8c5b 8c5b 1c00 1c3f 35 35 0 ffff 20 1a 338
ef83 ef83 68fd 68fd 65f1 65f1 3840 387f 8f 8f 0 ffff 20 1a 339
cd0 cd0 96c0 96df dfac dfac 7742 7743 a1 a1 0 ffff 1b 1f 33a
6842 6842 cc00 cc1f afc8 afc8 11a2 11a3 599 599 0 ffff 1b 1f 33b
8112 8112 fe40 fe5f 5718 5718 ca5c ca5d 35 35 0 ffff 1b 1f 33c
ef83 ef83 68c0 68df eebb eebb 57c8 57c9 157c 157c 0 ffff 1b 1f 33d
ef83 ef83 68c0 68df 5718 5718 ca5c ca5d 599 599 0 ffff 1b 1f 33e
ef83 ef83 68c0 68df 65f1 65f1 381c 381d 7b 7b 0 ffff 1b 1f 33f
cd0 cd0 96ec 96ed dfac dfac 7700 773f 159a 159a 0 ffff 1f 1a 340
cd0 cd0 96ec 96ed afc8 afc8 1180 119f 6bb 6bb 0 ffff 1f 1b 341
cd0 cd0 96ec 96ed 13ec 13ec a880 a89f 35 35 0 ffff 1f 1b 342
6842 6842 cc24 cc25 8c5b 8c5b 1c60 1c7f 19 19 0 ffff 1f 1b 343
6842 6842 cc24 cc25 8c5b 8c5b 1c60 1c7f 15a4 15a4 0 ffff 1f 1b 344
ef83 ef83 68fe 68ff 8c5b 8c5b 1c60 1c7f a1 a1 0 ffff 1f 1b 345
cd0 cd0 96e0 96e7 afc8 afc8 11a8 11af 16 16 0 ffff 1d 1d 346
cd0 cd0 96e0 96e7 afc8 afc8 11a8 11af 35 35 0 ffff 1d 1d 347
6842 6842 cc28 cc2f 8c5b 8c5b 1c48 1c4f 19 19 0 ffff 1d 1d 348
8112 8112 fe68 fe6f 8c5b 8c5b 1c48 1c4f 35 35 0 ffff 1d 1d 349
ef83 ef83 68f0 68f7 65f1 65f1 3810 3817 16 16 0 ffff 1d 1d 34a
cd0 cd0 96e0 96e7 afc8 afc8 11a2 11a3 0 ffff 14 17 1d 1f 34b
cd0 cd0 96e0 96e7 afc8 afc8 11b0 11bf 35 35 0 ffff 1d 1c 34c
ef83 ef83 68f0 68f7 65f1 65f1 3800 380f a1 a1 0 ffff 1d 1c 34d
ef83 ef83 68f0 68f7 65f1 65f1 3800 380f 1600 1600 0 ffff 1d 1c 34e
cd0 cd0 96e0 96e7 65f1 65f1 3818 381b 0 ffff 14 17 1d 1e 34f
cd0 cd0 96f0 96ff 65f1 65f1 3810 3817 159a 159a 0 ffff 1c 1d 350
cd0 cd0 96f0 96ff afc8 afc8 11a4 11a7 0 ffff 45 45 1c 1e 351
6842 6842 cc30 cc3f afc8 afc8 11a4 11a7 0 ffff 50 50 1c 1e 352
6842 6842 cc30 cc3f afc8 afc8 11a4 11a7 0 ffff 89 89 1c 1e 353
6842 6842 cc30 cc3f 13ec 13ec a8b4 a8b7 0 ffff 202 202 1c 1e 354
ef83 ef83 68e0 68ef 5718 5718 ca58 ca5b 0 ffff 45 45 1c 1e 355
ef83 ef83 68e0 68ef 65f1 65f1 3818 381b 0 ffff 19 19 1c 1e 356
ef83 ef83 68e0 68ef 8c5b 8c5b 1c40 1c43 0 ffff 232b 232b 1c 1e 357
ef83 ef83 68e0 68ef eebb eebb 57cc 57cf 0 ffff 50 50 1c 1e 358
ef83 ef83 68e0 68ef 65f1 65f1 3818 381b 0 ffff 50 50 1c 1e 359
ef83 ef83 68e0 68ef 65f1 65f1 3818 381b 0 ffff 35 35 1c 1e 35a
ef83 ef83 68e0 68ef 65f1 65f1 3818 381b 0 ffff 202 202 1c 1e 35b
ef83 ef83 68e0 68ef 65f1 65f1 3818 381b 0 ffff 232b 232b 1c 1e 35c
ef83 ef83 68e0 68ef 8c5b 8c5b 1c40 1c43 0 ffff 202 202 1c 1e 35d
6842 6842 cc28 cc2f 20f3 20f3 65d0 65df 0 ffff 45 45 1d 1c 35e
ef83 ef83 68f0 68f7 65f1 65f1 3800 380f 0 ffff 50 50 1d 1c 35f
6842 6842 cc40 cc7f afc8 afc8 11a2 11a3 0 ffff 232b 232b 1a 1f 360
ef83 ef83 6880 68bf 8c5b 8c5b 1c44 1c45 0 ffff 16 16 1a 1f 361
6842 6842 cc20 cc23 afc8 afc8 1180 119f 35 35 0 ffff 1e 1b 362
6842 6842 cc20 cc23 65f1 65f1 3820 383f a1 a1 0 ffff 1e 1b 363
6842 6842 cc20 cc23 8c5b 8c5b 1c60 1c7f 50 50 0 ffff 1e 1b 364
ef83 ef83 68f8 68fb 5718 5718 ca60 ca7f a1 a1 0 ffff 1e 1b 365
ef83 ef83 68f8 68fb 5718 5718 ca60 ca7f 8f 8f 0 ffff 1e 1b 366
ef83 ef83 68f8 68fb 8c5b 8c5b 1c60 1c7f a1 a1 0 ffff 1e 1b 367
6842 6842 cc28 cc2f afc8 afc8 11a8 11af 0 ffff 77 77 1d 1d 368
6842 6842 cc28 cc2f 13ec 13ec a8b8 a8bf 0 ffff 50 50 1d 1d 369
6842 6842 cc28 cc2f 8c5b 8c5b 1c48 1c4f 0 ffff 1590 1590 1d 1d 36a
6842 6842 cc28 cc2f 8c5b 8c5b 1c48 1c4f 0 ffff 599 599 1d 1d 36b
6842 6842 cc28 cc2f 8c5b 8c5b 1c48 1c4f 0 ffff 232b 232b 1d 1d 36c
8112 8112 fe68 fe6f 8c5b 8c5b 1c48 1c4f 0 ffff 19 19 1d 1d 36d
8112 8112 fe68 fe6f 20f3 20f3 65c8 65cf 0 ffff 15 15 1d 1d 36e
ef83 ef83 68f0 68f7 eebb eebb 57c0 57c7 0 ffff 1f4 1f4 1d 1d 36f
ef83 ef83 68f0 68f7 65f1 65f1 3810 3817 0 ffff 18ca 18ca 1d 1d 370
ef83 ef83 68f0 68f7 65f1 65f1 3810 3817 0 ffff 202 202 1d 1d 371
ef83 ef83 68f0 68f7 65f1 65f1 3810 3817 0 ffff 50 50 1d 1d 372
ef83 ef83 68f0 68f7 eebb eebb 57c0 57c7 0 ffff 66d 66d 1d 1d 373
6842 6842 cc30 cc3f 8c5b 8c5b 1c48 1c4f 0 ffff 45 45 1c 1d 374
ef83 ef83 68e0 68ef 5718 5718 ca50 ca57 0 ffff 45 45 1c 1d 375
6842 6842 cc20 cc23 8c5b 8c5b 1c50 1c5f 50 50 0 ffff 1e 1c 376
6842 6842 cc24 cc25 8c5b 8c5b 1c00 1c3f 0 ffff 232b 232b 1f 1a 377
6842 6842 cc24 cc25 8c5b 8c5b 1c00 1c3f 0 ffff 71 71 1f 1a 378
8112 8112 fe62 fe63 5718 5718 ca00 ca3f 0 ffff 599 599 1f 1a 379
8112 8112 fe62 fe63 eebb eebb 5780 57bf 0 ffff 232b 232b 1f 1a 37a
ef83 ef83 68fe 68ff eebb eebb 5780 57bf 0 ffff 232b 232b 1f 1a 37b
6842 6842 cc30 cc3f 8c5b 8c5b 1c44 1c45 0 ffff 6d 6e 1c 1f 37c
6842 6842 cc30 cc3f 13ec 13ec a8b2 a8b3 0 ffff 14 15 1c 1f 37d
6842 6842 cc30 cc3f 13ec 13ec a8b2 a8b3 0 ffff 6d 6e 1c 1f 37e
6842 6842 cc30 cc3f 8c5b 8c5b 1c44 1c45 66d 66e 0 ffff 1c 1f 37f
8112 8112 fe70 fe7f 8c5b 8c5b 1c44 1c45 14 15 0 ffff 1c 1f 380
6842 6842 cc24 cc25 8c5b 8c5b 1c50 1c5f 0 ffff 6d 6e 1f 1c 381
6842 6842 cc26 cc26 13ec 13ec a8c0 a8ff 0 ffff 8f 8f 20 1a 382
6842 6842 cc26 cc26 8c5b 8c5b 1c00 1c3f 0 ffff 19 19 20 1a 383
ef83 ef83 68fc 68fc 8c5b 8c5b 1c00 1c3f 0 ffff 45 45 20 1a 384
8112 8112 fe62 fe63 dfac dfac 7748 774f 14 17 0 ffff 1f 1d 385
8112 8112 fe40 fe5f 8c5b 8c5b 1c44 1c45 0 ffff 14 15 1b 1f 386
8112 8112 fe40 fe5f 5718 5718 ca5c ca5d 0 ffff 6d 6e 1b 1f 387
8112 8112 fe70 fe7f 5718 5718 ca58 ca5b 0 ffff 14 15 1c 1e 388
ef83 ef83 68f0 68f7 eebb eebb 57cc 57cf 0 ffff 6d 6e 1d 1e 389
ef83 ef83 68fc 68fc eebb eebb 57e0 57ff 14 15 0 ffff 20 1b 38a
ef83 ef83 68c0 68df 65f1 65f1 3818 381b 0 ffff 232b 232b 1b 1e 38b
ef83 ef83 68fd 68fd 65f1 65f1 3840 387f 66d 66e 0 ffff 20 1a 38c
ef83 ef83 68f8 68fb 8c5b 8c5b 1c48 1c4f 14 15 0 ffff 1e 1d 38d
cd0 cd0 9680 96bf dfac dfac 7742 7743 0 ffff 202 202 1a 1f 38e
cd0 cd0 9680 96bf dfac dfac 7742 7743 0 ffff 202 202 1a 1f 38f
cd0 cd0 9680 96bf dfac dfac 7742 7743 0 ffff 50 50 1a 1f 390
cd0 cd0 9680 96bf 13ec 13ec a8b2 a8b3 0 ffff 50 50 1a 1f 391
cd0 cd0 9680 96bf 65f1 65f1 381c 381d 0 ffff 202 202 1a 1f 392
6842 6842 cc40 cc7f afc8 afc8 11a2 11a3 0 ffff 45 45 1a 1f 393
6842 6842 cc40 cc7f 13ec 13ec a8b2 a8b3 0 ffff 50 50 1a 1f 394
6842 6842 cc40 cc7f 8c5b 8c5b 1c44 1c45 0 ffff 45 45 1a 1f 395
8112 8112 fe00 fe3f 8c5b 8c5b 1c44 1c45 0 ffff 50 50 1a 1f 396
8112 8112 fe00 fe3f 8c5b 8c5b 1c44 1c45 0 ffff 1e61 1e61 1a 1f 397
ef83 ef83 6880 68bf 5718 5718 ca5c ca5d 0 ffff 202 202 1a 1f 398
ef83 ef83 6880 68bf 65f1 65f1 381c 381d 0 ffff a2 a2 1a 1f 399
ef83 ef83 6880 68bf 8c5b 8c5b 1c44 1c45 0 ffff 89 89 1a 1f 39a
cd0 cd0 96c0 96df 13ec 13ec a8b4 a8b7 0 ffff 77 77 1b 1e 39b
cd0 cd0 96c0 96df dfac dfac 7744 7747 0 ffff 45 45 1b 1e 39c
cd0 cd0 96c0 96df afc8 afc8 11a4 11a7 0 ffff 15ff 15ff 1b 1e 39d
cd0 cd0 96c0 96df afc8 afc8 11a4 11a7 0 ffff 35 35 1b 1e 39e
cd0 cd0 96c0 96df afc8 afc8 11a4 11a7 0 ffff 8b 8b 1b 1e 39f
6842 6842 cc00 cc1f afc8 afc8 11a4 11a7 0 ffff 232b 232b 1b 1e 3a0
6842 6842 cc00 cc1f 13ec 13ec a8b4 a8b7 0 ffff 202 202 1b 1e 3a1
6842 6842 cc00 cc1f 13ec 13ec a8b4 a8b7 0 ffff 8f 8f 1b 1e 3a2
6842 6842 cc00 cc1f 8c5b 8c5b 1c40 1c43 0 ffff a2 a2 1b 1e 3a3
6842 6842 cc00 cc1f 65f1 65f1 3818 381b 0 ffff a2 a2 1b 1e 3a4
6842 6842 cc00 cc1f 8c5b 8c5b 1c40 1c43 0 ffff 45 45 1b 1e 3a5
8112 8112 fe40 fe5f 8c5b 8c5b 1c40 1c43 0 ffff 45 45 1b 1e 3a6
8112 8112 fe40 fe5f 20f3 20f3 65c4 65c7 0 ffff 202 202 1b 1e 3a7
ef83 ef83 68c0 68df 8c5b 8c5b 1c40 1c43 0 ffff 8b 8b 1b 1e 3a8
ef83 ef83 68c0 68df 65f1 65f1 3818 381b 0 ffff 71 71 1b 1e 3a9
cd0 cd0 9600 967f dfac dfac 7741 7741 0 ffff 6bb 6bb 19 20 3aa
cd0 cd0 9600 967f 65f1 65f1 381f 381f 0 ffff 8f 8f 19 20 3ab
cd0 cd0 9600 967f 65f1 65f1 381f 381f 0 ffff 45 45 19 20 3ac
6842 6842 cc80 ccff 65f1 65f1 381f 381f 0 ffff 19 19 19 20 3ad
6842 6842 cc80 ccff 65f1 65f1 381f 381f 0 ffff 9f5 9f5 19 20 3ae
6842 6842 cc80 ccff 8c5b 8c5b 1c47 1c47 0 ffff 19 19 19 20 3af
8112 8112 fe80 feff 20f3 20f3 65c2 65c2 0 ffff 202 202 19 20 3b0
8112 8112 fe80 feff 5718 5718 ca5f ca5f 0 ffff 232b 232b 19 20 3b1
ef83 ef83 6800 687f 65f1 65f1 381e 381e 0 ffff 16 16 19 20 3b2
cd0 cd0 96f0 96ff 13ec 13ec a8b8 a8bf 599 599 0 ffff 1c 1d 3b3
8112 8112 fe70 fe7f 5718 5718 ca50 ca57 50 50 0 ffff 1c 1d 3b4
ef83 ef83 68e0 68ef 65f1 65f1 3810 3817 a1 a1 0 ffff 1c 1d 3b5
cd0 cd0 96ec 96ed 65f1 65f1 3840 387f 0 ffff 45 45 1f 1a 3b6
6842 6842 cc24 cc25 8c5b 8c5b 1c00 1c3f 0 ffff 202 202 1f 1a 3b7
8112 8112 fe62 fe63 eebb eebb 5780 57bf 0 ffff 202 202 1f 1a 3b8
ef83 ef83 68fe 68ff 65f1 65f1 3840 387f 0 ffff 45 45 1f 1a 3b9
ef83 ef83 68fe 68ff eebb eebb 5780 57bf 0 ffff 17 17 1f 1a 3ba
cd0 cd0 96e0 96e7 65f1 65f1 3800 380f 0 ffff a2 a2 1d 1c 3bb
cd0 cd0 96e0 96e7 afc8 afc8 11b0 11bf 0 ffff 50 50 1d 1c 3bc
6842 6842 cc28 cc2f 8c5b 8c5b 1c50 1c5f 0 ffff 35 35 1d 1c 3bd
6842 6842 cc28 cc2f 13ec 13ec a8a0 a8af 0 ffff 50 50 1d 1c 3be
6842 6842 cc28 cc2f 8c5b 8c5b 1c50 1c5f 0 ffff 202 202 1d 1c 3bf
8112 8112 fe68 fe6f 8c5b 8c5b 1c50 1c5f 0 ffff 202 202 1d 1c 3c0
8112 8112 fe68 fe6f 5718 5718 ca40 ca4f 0 ffff 202 202 1d 1c 3c1
ef83 ef83 68f0 68f7 eebb eebb 57d0 57df 0 ffff 50 50 1d 1c 3c2
ef83 ef83 68f0 68f7 eebb eebb 57d0 57df 0 ffff 202 202 1d 1c 3c3
ef83 ef83 68f0 68f7 65f1 65f1 3800 380f 0 ffff 202 202 1d 1c 3c4
cd0 cd0 96e8 96eb 65f1 65f1 3820 383f 0 ffff 50 50 1e 1b 3c5
6842 6842 cc20 cc23 8c5b 8c5b 1c60 1c7f 0 ffff 19 19 1e 1b 3c6
8112 8112 fe64 fe67 eebb eebb 57e0 57ff 0 ffff 202 202 1e 1b 3c7
ef83 ef83 68f8 68fb 65f1 65f1 3820 383f 0 ffff 35 35 1e 1b 3c8
cd0 cd0 96ec 96ed afc8 afc8 1180 119f 6d 6e 0 ffff 1f 1b 3c9
cd0 cd0 96f0 96ff afc8 afc8 11a8 11af 0 ffff 202 202 1c 1d 3ca
cd0 cd0 96f0 96ff afc8 afc8 11a8 11af 0 ffff 202 202 1c 1d 3cb
6842 6842 cc30 cc3f 65f1 65f1 3810 3817 0 ffff 77 77 1c 1d 3cc
6842 6842 cc30 cc3f 8c5b 8c5b 1c48 1c4f 0 ffff a1 a1 1c 1d 3cd
8112 8112 fe70 fe7f 20f3 20f3 65c8 65cf 0 ffff 232b 232b 1c 1d 3ce
8112 8112 fe70 fe7f 5718 5718 ca50 ca57 0 ffff 19 19 1c 1d 3cf
8112 8112 fe70 fe7f 8c5b 8c5b 1c48 1c4f 0 ffff 202 202 1c 1d 3d0
8112 8112 fe70 fe7f eebb eebb 57c0 57c7 0 ffff 232b 232b 1c 1d 3d1
ef83 ef83 68e0 68ef eebb eebb 57c0 57c7 0 ffff 45 45 1c 1d 3d2
ef83 ef83 68e0 68ef 8c5b 8c5b 1c48 1c4f 0 ffff 16 16 1c 1d 3d3
ef83 ef83 68e0 68ef 65f1 65f1 3810 3817 0 ffff 35 35 1c 1d 3d4
cd0 cd0 9680 96bf 13ec 13ec a8b4 a8b7 0 ffff 202 202 1a 1e 3d5
6842 6842 cc40 cc7f afc8 afc8 11a1 11a1 0 ffff 66d 66e 1a 20 3d6
6842 6842 cc20 cc23 afc8 afc8 11b0 11bf 14 15 0 ffff 1e 1c 3d7
6842 6842 cc27 cc27 afc8 afc8 1100 117f 1388 1389 0 ffff 20 19 3d8
6842 6842 cc26 cc26 65f1 65f1 3880 38ff 1388 1389 0 ffff 20 19 3d9
6842 6842 cc24 cc25 8c5b 8c5b 1c00 1c3f 66d 66e 0 ffff 1f 1a 3da
6842 6842 cc24 cc25 65f1 65f1 3840 387f 8f 8f 0 ffff 1f 1a 3db
6842 6842 cc24 cc25 8c5b 8c5b 1c00 1c3f 16 16 0 ffff 1f 1a 3dc
ef83 ef83 68fe 68ff 8c5b 8c5b 1c00 1c3f 50 50 0 ffff 1f 1a 3dd
6842 6842 cc00 cc1f 65f1 65f1 3810 3817 0 ffff a1 a1 1b 1d 3de
6842 6842 cc40 cc7f 13ec 13ec a8b2 a8b3 159a 159a 0 ffff 1a 1f 3df
8112 8112 fe00 fe3f 5718 5718 ca5c ca5d 8f 8f 0 ffff 1a 1f 3e0
ef83 ef83 6880 68bf 65f1 65f1 381c 381d 1600 1600 0 ffff 1a 1f 3e1
6842 6842 cc20 cc23 8c5b 8c5b 1c00 1c3f a1 a1 0 ffff 1e 1a 3e2
ef83 ef83 68f8 68fb 65f1 65f1 3840 387f 19 19 0 ffff 1e 1a 3e3
ef83 ef83 68f8 68fb 65f1 65f1 3840 387f 1590 1590 0 ffff 1e 1a 3e4
6842 6842 cc00 cc1f 8c5b 8c5b 1c48 1c4f a1 a1 0 ffff 1b 1d 3e5
8112 8112 fe40 fe5f 8c5b 8c5b 1c48 1c4f 50 50 0 ffff 1b 1d 3e6
ef83 ef83 68c0 68df eebb eebb 57c0 57c7 1bb 1bb 0 ffff 1b 1d 3e7
6842 6842 cc26 cc26 8c5b 8c5b 1c80 1cff 35 35 0 ffff 20 19 3e8
6842 6842 cc00 cc1f 13ec 13ec a8b4 a8b7 a1 a1 0 ffff 1b 1e 3e9
ef83 ef83 68c0 68df 8c5b 8c5b 1c40 1c43 35 35 0 ffff 1b 1e 3ea
6842 6842 cc24 cc25 8c5b 8c5b 1c80 1cff 599 599 0 ffff 1f 19 3eb
6842 6842 cc24 cc25 65f1 65f1 3820 383f 14 17 0 ffff 1f 1b 3ec
8112 8112 fe64 fe67 eebb eebb 57d0 57df 0 ffff 14 17 1e 1c 3ed
8112 8112 fe61 fe61 8c5b 8c5b 1c80 1cff 0 ffff 599 599 20 19 3ee
8112 8112 fe61 fe61 20f3 20f3 6580 65bf 14 15 0 ffff 20 1a 3ef
8112 8112 fe70 fe7f 20f3 20f3 65d0 65df 0 ffff 599 599 1c 1c 3f0
8112 8112 fe70 fe7f eebb eebb 57d0 57df 0 ffff 16 16 1c 1c 3f1
8112 8112 fe80 feff eebb eebb 57c8 57c9 0 ffff 202 202 19 1f 3f2
ef83 ef83 6800 687f eebb eebb 57c8 57c9 0 ffff 77 77 19 1f 3f3
8112 8112 fe64 fe67 5718 5718 ca60 ca7f a1 a1 0 ffff 1e 1b 3f4
8112 8112 fe64 fe67 5718 5718 ca60 ca7f 15ae 15ae 0 ffff 1e 1b 3f5
8112 8112 fe64 fe67 5718 5718 ca60 ca7f a1 a1 0 ffff 1e 1b 3f6
ef83 ef83 68f8 68fb eebb eebb 57e0 57ff 1600 1600 0 ffff 1e 1b 3f7
ef83 ef83 68f8 68fb 8c5b 8c5b 1c60 1c7f a1 a1 0 ffff 1e 1b 3f8
ef83 ef83 68f8 68fb 8c5b 8c5b 1c60 1c7f 19 19 0 ffff 1e 1b 3f9
8112 8112 fe61 fe61 5718 5718 ca60 ca7f 14 17 0 ffff 20 1b 3fa
ef83 ef83 68f0 68f7 5718 5718 ca40 ca4f 35 35 0 ffff 1d 1c 3fb
ef83 ef83 6800 687f 5718 5718 ca5c ca5d 35 35 0 ffff 19 1f 3fc
ef83 ef83 68c0 68df 8c5b 8c5b 1c44 1c45 0 ffff 14 15 1b 1f 3fd
ef83 ef83 68c0 68df 65f1 65f1 381c 381d 0 ffff 14 15 1b 1f 3fe
ef83 ef83 68fc 68fc eebb eebb 5600 56ff 1f4 1f4 0 ffff 20 18 3ff
ef83 ef83 68e0 68ef 5718 5718 ca5c ca5d 14 17 0 ffff 1c 1f 400
ef83 ef83 6900 69ff eebb eebb 57ca 57ca 0 ffff 202 202 18 20 401
ef83 ef83 68fe 68ff 8c5b 8c5b 1c60 1c7f 0 ffff 714 715 1f 1b 402
ef83 ef83 68f8 68fb 65f1 65f1 3840 387f 0 ffff 19 19 1e 1a 403
ef83 ef83 68f0 68f7 65f1 65f1 3820 383f 0 ffff 19 19 1d 1b 404
ef83 ef83 6900 69ff eebb eebb 57ca 57ca 50 50 0 ffff 18 20 405
cd0 cd0 96e0 96e7 65f1 65f1 3820 383f 0 ffff 14 15 1d 1b 406
cd0 cd0 9680 96bf 13ec 13ec a8b4 a8b7 0 ffff 45 45 1a 1e 407
cd0 cd0 9680 96bf dfac dfac 7744 7747 0 ffff 8f 8f 1a 1e 408
cd0 cd0 9680 96bf afc8 afc8 11a4 11a7 0 ffff 8b 8b 1a 1e 409
cd0 cd0 9680 96bf afc8 afc8 11a4 11a7 0 ffff 19 19 1a 1e 40a
6842 6842 cc40 cc7f afc8 afc8 11a4 11a7 0 ffff 35 35 1a 1e 40b
6842 6842 cc40 cc7f afc8 afc8 11a4 11a7 0 ffff 202 202 1a 1e 40c
6842 6842 cc40 cc7f 13ec 13ec a8b4 a8b7 0 ffff 157c 157c 1a 1e 40d
6842 6842 cc40 cc7f 8c5b 8c5b 1c40 1c43 0 ffff 35 35 1a 1e 40e
8112 8112 fe00 fe3f 20f3 20f3 65c4 65c7 0 ffff a2 a2 1a 1e 40f
8112 8112 fe00 fe3f 20f3 20f3 65c4 65c7 0 ffff 19 19 1a 1e 410
ef83 ef83 6880 68bf eebb eebb 57cc 57cf 0 ffff 4be 4be 1a 1e 411
ef83 ef83 6880 68bf 8c5b 8c5b 1c40 1c43 0 ffff 50 50 1a 1e 412
ef83 ef83 6880 68bf 65f1 65f1 3818 381b 0 ffff 202 202 1a 1e 413
ef83 ef83 6880 68bf 65f1 65f1 3818 381b 0 ffff 45 45 1a 1e 414
cd0 cd0 96e0 96e7 dfac dfac 7700 773f 0 ffff 19 19 1d 1a 415
6842 6842 cc28 cc2f 13ec 13ec a8c0 a8ff 0 ffff 8f 8f 1d 1a 416
8112 8112 fe68 fe6f eebb eebb 5780 57bf 0 ffff a1 a1 1d 1a 417
cd0 cd0 96c0 96df 13ec 13ec a8b8 a8bf 0 ffff 35 35 1b 1d 418
cd0 cd0 96c0 96df afc8 afc8 11a8 11af 0 ffff 35 35 1b 1d 419
6842 6842 cc00 cc1f 20f3 20f3 65c8 65cf 0 ffff 50 50 1b 1d 41a
6842 6842 cc00 cc1f 65f1 65f1 3810 3817 0 ffff 50 50 1b 1d 41b
8112 8112 fe40 fe5f afc8 afc8 11a8 11af 0 ffff 45 45 1b 1d 41c
8112 8112 fe40 fe5f 5718 5718 ca50 ca57 0 ffff a1 a1 1b 1d 41d
ef83 ef83 68c0 68df eebb eebb 57c0 57c7 0 ffff 202 202 1b 1d 41e
ef83 ef83 68c0 68df 65f1 65f1 3810 3817 0 ffff 202 202 1b 1d 41f
ef83 ef83 68c0 68df 65f1 65f1 3810 3817 0 ffff 45 45 1b 1d 420
cd0 cd0 96ef 96ef 13ec 13ec a900 a9ff 0 ffff 202 202 20 18 421
6842 6842 cc27 cc27 8c5b 8c5b 1d00 1dff 0 ffff 16 16 20 18 422
6842 6842 cc26 cc26 8c5b 8c5b 1d00 1dff 0 ffff a1 a1 20 18 423
6842 6842 cc26 cc26 13ec 13ec a900 a9ff 0 ffff 16 16 20 18 424
ef83 ef83 68fd 68fd 8c5b 8c5b 1d00 1dff 0 ffff 232b 232b 20 18 425
ef83 ef83 68fd 68fd 65f1 65f1 3900 39ff 0 ffff 8f 8f 20 18 426
cd0 cd0 96e8 96eb 13ec 13ec a800 a87f 0 ffff 202 202 1e 19 427
cd0 cd0 96f0 96ff 65f1 65f1 3820 383f 0 ffff 45 45 1c 1b 428
cd0 cd0 96ec 96ed afc8 afc8 1100 117f 0 ffff 35 35 1f 19 429
cd0 cd0 96ec 96ed 13ec 13ec a800 a87f 0 ffff 45 45 1f 19 42a
6842 6842 cc24 cc25 8c5b 8c5b 1c80 1cff 0 ffff 9f5 9f5 1f 19 42b
8112 8112 fe62 fe63 5718 5718 ca80 caff 0 ffff 4be 4be 1f 19 42c
cd0 cd0 96c0 96df afc8 afc8 11a2 11a3 0 ffff 14 17 1b 1f 42d
8112 8112 fe40 fe5f eebb eebb 57c8 57c9 0 ffff 14 17 1b 1f 42e
ef83 ef83 68c0 68df 65f1 65f1 381c 381d 0 ffff 14 17 1b 1f 42f
cd0 cd0 9600 967f 13ec 13ec a8b4 a8b7 0 ffff 35 35 19 1e 430
cd0 cd0 9600 967f afc8 afc8 11a4 11a7 0 ffff 45 45 19 1e 431
cd0 cd0 96e0 96e7 65f1 65f1 3820 383f 0 ffff 50 50 1d 1b 432
6842 6842 cc28 cc2f 65f1 65f1 3820 383f 0 ffff 1a2b 1a2b 1d 1b 433
6842 6842 cc28 cc2f 8c5b 8c5b 1c60 1c7f 0 ffff 202 202 1d 1b 434
8112 8112 fe68 fe6f 8c5b 8c5b 1c60 1c7f 0 ffff 202 202 1d 1b 435
ef83 ef83 68f0 68f7 8c5b 8c5b 1c60 1c7f 0 ffff 45 45 1d 1b 436
ef83 ef83 68f0 68f7 65f1 65f1 3820 383f 0 ffff a1 a1 1d 1b 437
ef83 ef83 68f0 68f7 65f1 65f1 3820 383f 0 ffff 87 87 1d 1b 438
ef83 ef83 68f0 68f7 65f1 65f1 3820 383f 0 ffff 20c 20c 1d 1b 439
ef83 ef83 68f0 68f7 65f1 65f1 3820 383f 0 ffff 35 35 1d 1b 43a
cd0 cd0 96e0 96e7 65f1 65f1 3820 383f 66d 66e 0 ffff 1d 1b 43b
cd0 cd0 96e8 96eb afc8 afc8 11c0 11ff 15a4 15a4 0 ffff 1e 1a 43c
cd0 cd0 96e8 96eb 13ec 13ec a8c0 a8ff 50 50 0 ffff 1e 1a 43d
6842 6842 cc20 cc23 8c5b 8c5b 1c00 1c3f 35 35 0 ffff 1e 1a 43e
6842 6842 cc20 cc23 8c5b 8c5b 1c00 1c3f 1590 1590 0 ffff 1e 1a 43f
ef83 ef83 68f8 68fb eebb eebb 5780 57bf 1586 1586 0 ffff 1e 1a 440
ef83 ef83 68f8 68fb eebb eebb 5780 57bf 1590 1590 0 ffff 1e 1a 441
ef83 ef83 68f8 68fb eebb eebb 5780 57bf 35 35 0 ffff 1e 1a 442
ef83 ef83 68f8 68fb eebb eebb 5780 57bf a1 a1 0 ffff 1e 1a 443
cd0 cd0 9700 97ff afc8 afc8 11a1 11a1 0 ffff 202 202 18 20 444
6842 6842 cd00 cdff afc8 afc8 11a1 11a1 0 ffff 202 202 18 20 445
6842 6842 cd00 cdff 8c5b 8c5b 1c47 1c47 0 ffff 19 19 18 20 446
6842 6842 cd00 cdff 13ec 13ec a8b0 a8b0 0 ffff 202 202 18 20 447
6842 6842 cd00 cdff 8c5b 8c5b 1c47 1c47 0 ffff 50 50 18 20 448
6842 6842 cd00 cdff 65f1 65f1 381f 381f 0 ffff 50 50 18 20 449
8112 8112 ff00 ffff 8c5b 8c5b 1c47 1c47 0 ffff 50 50 18 20 44a
8112 8112 ff00 ffff 5718 5718 ca5f ca5f 0 ffff 8b 8b 18 20 44b
ef83 ef83 6900 69ff eebb eebb 57ca 57ca 0 ffff 6e 6e 18 20 44c
ef83 ef83 6900 69ff eebb eebb 57ca 57ca 0 ffff 35 35 18 20 44d
ef83 ef83 6900 69ff 65f1 65f1 381f 381f 0 ffff 45 45 18 20 44e
cd0 cd0 96ec 96ed afc8 afc8 1000 10ff 0 ffff 77 77 1f 18 44f
ef83 ef83 68fe 68ff 65f1 65f1 3900 39ff 0 ffff 202 202 1f 18 450
cd0 cd0 96f0 96ff 13ec 13ec a8a0 a8af 0 ffff 15a4 15a4 1c 1c 451
6842 6842 cc30 cc3f afc8 afc8 11b0 11bf 0 ffff 50 50 1c 1c 452
6842 6842 cc30 cc3f 8c5b 8c5b 1c50 1c5f 0 ffff 202 202 1c 1c 453
8112 8112 fe70 fe7f 20f3 20f3 65d0 65df 0 ffff 45 45 1c 1c 454
ef83 ef83 68e0 68ef 5718 5718 ca40 ca4f 0 ffff a2 a2 1c 1c 455
ef83 ef83 68e0 68ef 65f1 65f1 3800 380f 0 ffff 45 45 1c 1c 456
ef83 ef83 68e0 68ef 65f1 65f1 3800 380f 0 ffff 19 19 1c 1c 457
ef83 ef83 68e0 68ef 8c5b 8c5b 1c50 1c5f 0 ffff 45 45 1c 1c 458
ef83 ef83 68e0 68ef 65f1 65f1 3800 380f 0 ffff 50 50 1c 1c 459
cd0 cd0 96e0 96e7 13ec 13ec a8a0 a8af 0 ffff 6d 6e 1d 1c 45a
8112 8112 fe68 fe6f 5718 5718 ca40 ca4f 0 ffff 6d 6e 1d 1c 45b
cd0 cd0 96c0 96df afc8 afc8 11a8 11af 35 35 0 ffff 1b 1d 45c
6842 6842 cc00 cc1f 13ec 13ec a8b8 a8bf 8f 8f 0 ffff 1b 1d 45d
6842 6842 cc00 cc1f 13ec 13ec a8b8 a8bf 50 50 0 ffff 1b 1d 45e
6842 6842 cc00 cc1f 13ec 13ec a8b8 a8bf a1 a1 0 ffff 1b 1d 45f
cd0 cd0 96e8 96eb afc8 afc8 11c0 11ff 0 ffff 232b 232b 1e 1a 460
6842 6842 cc20 cc23 20f3 20f3 6580 65bf 0 ffff 1f4 1f4 1e 1a 461
6842 6842 cc20 cc23 20f3 20f3 6580 65bf 0 ffff 232b 232b 1e 1a 462
6842 6842 cc20 cc23 afc8 afc8 11c0 11ff 0 ffff 45 45 1e 1a 463
6842 6842 cc20 cc23 afc8 afc8 11c0 11ff 0 ffff 202 202 1e 1a 464
6842 6842 cc20 cc23 65f1 65f1 3840 387f 0 ffff 50 50 1e 1a 465
8112 8112 fe64 fe67 8c5b 8c5b 1c00 1c3f 0 ffff 19 19 1e 1a 466
8112 8112 fe64 fe67 8c5b 8c5b 1c00 1c3f 0 ffff 45 45 1e 1a 467
8112 8112 fe64 fe67 eebb eebb 5780 57bf 0 ffff 8b 8b 1e 1a 468
ef83 ef83 68f8 68fb eebb eebb 5780 57bf 0 ffff 45 45 1e 1a 469
ef83 ef83 68f8 68fb 65f1 65f1 3840 387f 0 ffff 599 599 1e 1a 46a
ef83 ef83 68f8 68fb 65f1 65f1 3840 387f 0 ffff 50 50 1e 1a 46b
6842 6842 cc80 ccff afc8 afc8 11a1 11a1 0 ffff 6d 6e 19 20 46c
6842 6842 cc80 ccff 65f1 65f1 381f 381f 0 ffff 714 715 19 20 46d
6842 6842 cc80 ccff 13ec 13ec a8b0 a8b0 0 ffff 1388 1389 19 20 46e
ef83 ef83 6800 687f 65f1 65f1 381e 381e 0 ffff 6d 6e 19 20 46f
6842 6842 cc40 cc7f afc8 afc8 11a4 11a7 599 599 0 ffff 1a 1e 470
6842 6842 cc40 cc7f afc8 afc8 11a2 11a3 0 ffff 14 15 1a 1f 471
6842 6842 cc80 ccff 13ec 13ec a8b0 a8b0 0 ffff 14 17 19 20 472
6842 6842 cc80 ccff 13ec 13ec a8b2 a8b3 0 ffff 50 50 19 1f 473
6842 6842 cc80 ccff 8c5b 8c5b 1c44 1c45 0 ffff 4be 4be 19 1f 474
6842 6842 cc80 ccff 65f1 65f1 381c 381d 0 ffff 202 202 19 1f 475
6842 6842 cc80 ccff 65f1 65f1 381c 381d 0 ffff 232b 232b 19 1f 476
8112 8112 fe80 feff 5718 5718 ca5c ca5d 0 ffff 50 50 19 1f 477
ef83 ef83 6800 687f 65f1 65f1 381c 381d 0 ffff 232b 232b 19 1f 478
ef83 ef83 6800 687f 8c5b 8c5b 1c44 1c45 0 ffff 45 45 19 1f 479
ef83 ef83 6800 687f 65f1 65f1 381c 381d 0 ffff 202 202 19 1f 47a
ef83 ef83 6800 687f 65f1 65f1 381c 381d 0 ffff 232b 232b 19 1f 47b
ef83 ef83 6800 687f 65f1 65f1 381c 381d 0 ffff 1586 1586 19 1f 47c
6842 6842 cc00 cc1f 8c5b 8c5b 1c40 1c43 0 ffff 14 15 1b 1e 47d
8112 8112 fe40 fe5f 8c5b 8c5b 1c40 1c43 0 ffff 14 15 1b 1e 47e
6842 6842 cc00 cc1f 8c5b 8c5b 1c50 1c5f 0 ffff 202 202 1b 1c 47f
8112 8112 fe40 fe5f 8c5b 8c5b 1c50 1c5f 0 ffff 19 19 1b 1c 480
8112 8112 fe40 fe5f 5718 5718 ca40 ca4f 0 ffff 202 202 1b 1c 481
ef83 ef83 68c0 68df 8c5b 8c5b 1c50 1c5f 0 ffff 87 87 1b 1c 482
6842 6842 cc00 cc1f 8c5b 8c5b 1c50 1c5f 35 35 0 ffff 1b 1c 483
6842 6842 cc24 cc25 8c5b 8c5b 1c00 1c3f 66d 66e 0 ffff 1f 1a 484
6842 6842 cc26 cc26 8c5b 8c5b 1d00 1dff a1 a1 0 ffff 20 18 485
6842 6842 cc28 cc2f 8c5b 8c5b 1c00 1c3f 15ff 15ff 0 ffff 1d 1a 486
8112 8112 fe00 fe3f 8c5b 8c5b 1c47 1c47 0 ffff 14 17 1a 20 487
ef83 ef83 6880 68bf 8c5b 8c5b 1c47 1c47 0 ffff 14 17 1a 20 488
8112 8112 f800 fbff 20f3 20f3 0 3fff 15ff 15ff 45 45 16 12 489
8112 8112 fe70 fe7f 20f3 20f3 65c8 65cf 0 ffff 66d 66e 1c 1d 48a
8112 8112 fe64 fe67 8c5b 8c5b 1c80 1cff 599 599 0 ffff 1e 19 48b
8112 8112 fe68 fe6f eebb eebb 57c0 57c7 14 17 0 ffff 1d 1d 48c
ef83 ef83 68f0 68f7 8c5b 8c5b 1c50 1c5f 14 15 0 ffff 1d 1c 48d
ef83 ef83 68c0 68df 8c5b 8c5b 1c48 1c4f 0 ffff 6d 6e 1b 1d 48e
ef83 ef83 68fc 68fc 5718 5718 ca80 caff 0 ffff 6d 6e 20 19 48f
ef83 ef83 68fd 68fd 65f1 65f1 3880 38ff 0 ffff 66d 66e 20 19 490
ef83 ef83 68f0 68f7 8c5b 8c5b 1c50 1c5f 0 ffff 14 17 1d 1c 491
ef83 ef83 6900 69ff 65f1 65f1 381c 381d 0 ffff 50 50 18 1f 492
ef83 ef83 68f0 68f7 65f1 65f1 3820 383f 599 599 0 ffff 1d 1b 493
ef83 ef83 6a00 6bff eebb eebb 57ca 57ca 50 50 0 ffff 17 20 494
ef83 ef83 6880 68bf eebb eebb 57c8 57c9 14 15 0 ffff 1a 1f 495
ef83 ef83 6900 69ff 8c5b 8c5b 1c44 1c45 159a 159a 0 ffff 18 1f 496
ef83 ef83 6800 687f 65f1 65f1 381c 381d 50 50 0 ffff 19 1f 497
ef83 ef83 68fe 68ff 8c5b 8c5b 1d00 1dff 8f 8f 0 ffff 1f 18 498
ef83 ef83 68e0 68ef 8c5b 8c5b 1c50 1c5f 50 50 0 ffff 1c 1c 499
ef83 ef83 6900 69ff 65f1 65f1 381f 381f 35 35 0 ffff 18 20 49a
ef83 ef83 68fd 68fd 65f1 65f1 3a00 3bff 35 35 0 ffff 20 17 49b
cd0 cd0 96e0 96e7 13ec 13ec a800 a87f 19 19 0 ffff 1d 19 49c
cd0 cd0 96e0 96e7 afc8 afc8 1100 117f 44a 44a 0 ffff 1d 19 49d
6842 6842 cc28 cc2f 8c5b 8c5b 1c80 1cff 15a4 15a4 0 ffff 1d 19 49e
cd0 cd0 96c0 96df dfac dfac 7750 775f 599 599 0 ffff 1b 1c 49f
6842 6842 cc00 cc1f afc8 afc8 11b0 11bf 599 599 0 ffff 1b 1c 4a0
8112 8112 fe40 fe5f 5718 5718 ca40 ca4f 1586 1586 0 ffff 1b 1c 4a1
ef83 ef83 68c0 68df 65f1 65f1 3800 380f 16 16 0 ffff 1b 1c 4a2
cd0 cd0 96ef 96ef dfac dfac 7600 76ff 14 17 0 ffff 20 18 4a3
cd0 cd0 9700 97ff 13ec 13ec a8b2 a8b3 0 ffff 45 45 18 1f 4a4
cd0 cd0 9700 97ff afc8 afc8 11a2 11a3 0 ffff 19 19 18 1f 4a5
6842 6842 cd00 cdff 8c5b 8c5b 1c44 1c45 0 ffff 202 202 18 1f 4a6
6842 6842 cd00 cdff 8c5b 8c5b 1c44 1c45 0 ffff 202 202 18 1f 4a7
6842 6842 cd00 cdff 65f1 65f1 381c 381d 0 ffff 45 45 18 1f 4a8
8112 8112 ff00 ffff eebb eebb 57c8 57c9 0 ffff 202 202 18 1f 4a9
ef83 ef83 6900 69ff 65f1 65f1 381c 381d 0 ffff 1a2b 1a2b 18 1f 4aa
ef83 ef83 6900 69ff 65f1 65f1 381c 381d 0 ffff 45 45 18 1f 4ab
ef83 ef83 6900 69ff 65f1 65f1 381c 381d 0 ffff 232b 232b 18 1f 4ac
cd0 cd0 96f0 96ff dfac dfac 7760 777f 0 ffff 50 50 1c 1b 4ad
cd0 cd0 96f0 96ff afc8 afc8 1180 119f 0 ffff a1 a1 1c 1b 4ae
cd0 cd0 96f0 96ff afc8 afc8 1180 119f 0 ffff 15ae 15ae 1c 1b 4af
6842 6842 cc30 cc3f 65f1 65f1 3820 383f 0 ffff 35 35 1c 1b 4b0
6842 6842 cc30 cc3f 13ec 13ec a880 a89f 0 ffff 35 35 1c 1b 4b1
6842 6842 cc30 cc3f 8c5b 8c5b 1c60 1c7f 0 ffff a1 a1 1c 1b 4b2
6842 6842 cc30 cc3f 8c5b 8c5b 1c60 1c7f 0 ffff 77 77 1c 1b 4b3
8112 8112 fe70 fe7f 20f3 20f3 65e0 65ff 0 ffff 202 202 1c 1b 4b4
ef83 ef83 68e0 68ef 65f1 65f1 3820 383f 0 ffff 45 45 1c 1b 4b5
ef83 ef83 68e0 68ef 65f1 65f1 3820 383f 0 ffff 19 19 1c 1b 4b6
ef83 ef83 68e0 68ef dfac dfac 7760 777f 0 ffff 50 50 1c 1b 4b7
cd0 cd0 96ec 96ed dfac dfac 7600 76ff a1 a1 0 ffff 1f 18 4b8
cd0 cd0 96ec 96ed afc8 afc8 1000 10ff a1 a1 0 ffff 1f 18 4b9
6842 6842 cc24 cc25 20f3 20f3 6400 64ff 1f4 1f4 0 ffff 1f 18 4ba
ef83 ef83 68fe 68ff 65f1 65f1 3900 39ff 157c 157c 0 ffff 1f 18 4bb
cd0 cd0 96c0 96df afc8 afc8 1180 119f 0 ffff 45 45 1b 1b 4bc
cd0 cd0 96e8 96eb 13ec 13ec a800 a87f 0 ffff 66d 66e 1e 19 4bd
6842 6842 cc20 cc23 13ec 13ec a800 a87f 0 ffff 6d 6e 1e 19 4be
cd0 cd0 96e8 96eb afc8 afc8 1000 10ff 0 ffff 50 50 1e 18 4bf
8112 8112 fe64 fe67 20f3 20f3 6400 64ff 0 ffff 232b 232b 1e 18 4c0
cd0 cd0 9680 96bf afc8 afc8 11a8 11af 0 ffff 89 89 1a 1d 4c1
cd0 cd0 9680 96bf 65f1 65f1 3810 3817 0 ffff 45 45 1a 1d 4c2
cd0 cd0 9680 96bf 13ec 13ec a8b8 a8bf 0 ffff 232b 232b 1a 1d 4c3
cd0 cd0 9680 96bf afc8 afc8 11a8 11af 0 ffff 202 202 1a 1d 4c4
6842 6842 cc40 cc7f 65f1 65f1 3810 3817 0 ffff 202 202 1a 1d 4c5
6842 6842 cc40 cc7f 13ec 13ec a8b8 a8bf 0 ffff 202 202 1a 1d 4c6
6842 6842 cc40 cc7f 8c5b 8c5b 1c48 1c4f 0 ffff 45 45 1a 1d 4c7
8112 8112 fe00 fe3f eebb eebb 57c0 57c7 0 ffff 16 16 1a 1d 4c8
8112 8112 fe00 fe3f eebb eebb 57c0 57c7 0 ffff 45 45 1a 1d 4c9
8112 8112 fe00 fe3f eebb eebb 57c0 57c7 0 ffff 599 599 1a 1d 4ca
8112 8112 fe00 fe3f 5718 5718 ca50 ca57 0 ffff 19 19 1a 1d 4cb
ef83 ef83 6880 68bf eebb eebb 57c0 57c7 0 ffff 16 16 1a 1d 4cc
ef83 ef83 6880 68bf 65f1 65f1 3810 3817 0 ffff 202 202 1a 1d 4cd
cd0 cd0 9700 97ff 65f1 65f1 381c 381d 15ae 15ae 0 ffff 18 1f 4ce
6842 6842 cd00 cdff 8c5b 8c5b 1c44 1c45 15a4 15a4 0 ffff 18 1f 4cf
6842 6842 cd00 cdff 65f1 65f1 381c 381d 599 599 0 ffff 18 1f 4d0
ef83 ef83 6900 69ff 5718 5718 ca5c ca5d 19 19 0 ffff 18 1f 4d1
ef83 ef83 6900 69ff 5718 5718 ca5c ca5d 15ae 15ae 0 ffff 18 1f 4d2
cd0 cd0 96c0 96df afc8 afc8 11b0 11bf 0 ffff 45 45 1b 1c 4d3
cd0 cd0 96c0 96df afc8 afc8 11b0 11bf 0 ffff 1f4 1f4 1b 1c 4d4
cd0 cd0 96c0 96df afc8 afc8 11b0 11bf 0 ffff 35 35 1b 1c 4d5
6842 6842 cc00 cc1f 8c5b 8c5b 1c50 1c5f 0 ffff 50 50 1b 1c 4d6
6842 6842 cc00 cc1f 8c5b 8c5b 1c50 1c5f 0 ffff 8006 8006 1b 1c 4d7
6842 6842 cc00 cc1f 65f1 65f1 3800 380f 0 ffff 202 202 1b 1c 4d8
6842 6842 cc00 cc1f 13ec 13ec a8a0 a8af 0 ffff 50 50 1b 1c 4d9
6842 6842 cc00 cc1f 8c5b 8c5b 1c50 1c5f 0 ffff 6bb 6bb 1b 1c 4da
8112 8112 fe40 fe5f eebb eebb 57d0 57df 0 ffff 202 202 1b 1c 4db
ef83 ef83 68c0 68df 5718 5718 ca40 ca4f 0 ffff 202 202 1b 1c 4dc
ef83 ef83 68c0 68df eebb eebb 57d0 57df 0 ffff 19 19 1b 1c 4dd
ef83 ef83 68c0 68df 5718 5718 ca40 ca4f 0 ffff 16 16 1b 1c 4de
ef83 ef83 68c0 68df 8c5b 8c5b 1c50 1c5f 0 ffff 202 202 1b 1c 4df
cd0 cd0 9400 95ff afc8 afc8 11a2 11a3 50 50 0 ffff 17 1f 4e0
cd0 cd0 9400 95ff 13ec 13ec a8b2 a8b3 0 ffff 19 19 17 1f 4e1
cd0 cd0 9680 96bf afc8 afc8 11b0 11bf a1 a1 0 ffff 1a 1c 4e2
6842 6842 cc40 cc7f 65f1 65f1 3800 380f a1 a1 0 ffff 1a 1c 4e3
8112 8112 fe00 fe3f 5718 5718 ca40 ca4f 35 35 0 ffff 1a 1c 4e4
cd0 cd0 9400 95ff afc8 afc8 11a1 11a1 0 ffff 45 45 17 20 4e5
6842 6842 ce00 cfff 5718 5718 ca5f ca5f 0 ffff 8f 8f 17 20 4e6
6842 6842 ce00 cfff 8c5b 8c5b 1c47 1c47 0 ffff 16 16 17 20 4e7
6842 6842 ce00 cfff 13ec 13ec a8b0 a8b0 0 ffff 19 19 17 20 4e8
6842 6842 ce00 cfff 8c5b 8c5b 1c47 1c47 0 ffff 1b58 1b58 17 20 4e9
6842 6842 ce00 cfff 8c5b 8c5b 1c47 1c47 0 ffff 16 16 17 20 4ea
ef83 ef83 6a00 6bff eebb eebb 57ca 57ca 0 ffff 45 45 17 20 4eb
ef83 ef83 6a00 6bff 65f1 65f1 381f 381f 0 ffff 202 202 17 20 4ec
cd0 cd0 96ef 96ef 13ec 13ec ac00 afff 35 35 0 ffff 20 16 4ed
6842 6842 cc00 cc1f 65f1 65f1 3818 381b 0 ffff 14 17 1b 1e 4ee
6842 6842 cc00 cc1f 65f1 65f1 3800 380f 66d 66e 0 ffff 1b 1c 4ef
6842 6842 cc40 cc7f 13ec 13ec a8b8 a8bf 15ae 15ae 0 ffff 1a 1d 4f0
6842 6842 cc27 cc27 8c5b 8c5b 1e00 1fff 0 ffff 45 45 20 17 4f1
6842 6842 cc26 cc26 65f1 65f1 3a00 3bff 0 ffff 45 45 20 17 4f2
6842 6842 cc28 cc2f 65f1 65f1 3840 387f 16 16 0 ffff 1d 1a 4f3
6842 6842 cc28 cc2f 65f1 65f1 3840 387f 19 19 0 ffff 1d 1a 4f4
ef83 ef83 68f0 68f7 65f1 65f1 3840 387f 15ae 15ae 0 ffff 1d 1a 4f5
6842 6842 cc24 cc25 65f1 65f1 3900 39ff 0 ffff 202 202 1f 18 4f6
6842 6842 cc24 cc25 8c5b 8c5b 1d00 1dff 0 ffff 71 71 1f 18 4f7
6842 6842 cc27 cc27 65f1 65f1 3c00 3fff 0 ffff 1b3a 1b3a 20 16 4f8
6842 6842 cc80 ccff 65f1 65f1 381c 381d 0 ffff 66d 66e 19 1f 4f9
6842 6842 cc40 cc7f 8c5b 8c5b 1c44 1c45 0 ffff 14 17 1a 1f 4fa
6842 6842 cc24 cc25 8c5b 8c5b 1e00 1fff 0 ffff 1a2b 1a2b 1f 17 4fb
6842 6842 cc24 cc25 8c5b 8c5b 1e00 1fff 0 ffff 202 202 1f 17 4fc
ef83 ef83 68fe 68ff eebb eebb 5400 55ff 0 ffff 87 87 1f 17 4fd
6842 6842 cc24 cc25 13ec 13ec a800 a87f 6d 6e 0 ffff 1f 19 4fe
6842 6842 cc80 ccff 8c5b 8c5b 1c40 1c43 a1 a1 0 ffff 19 1e 4ff
6842 6842 cc80 ccff 65f1 65f1 3818 381b 19 19 0 ffff 19 1e 500
ef83 ef83 6800 687f 5718 5718 ca58 ca5b a1 a1 0 ffff 19 1e 501
ef83 ef83 6800 687f eebb eebb 57cc 57cf a1 a1 0 ffff 19 1e 502
6842 6842 cc20 cc23 65f1 65f1 3820 383f 0 ffff 14 17 1e 1b 503
6842 6842 cc20 cc23 8c5b 8c5b 1c80 1cff 0 ffff 89 89 1e 19 504
6842 6842 cc40 cc7f 65f1 65f1 3818 381b 14 17 0 ffff 1a 1e 505
6842 6842 cc00 cc1f 8c5b 8c5b 1c50 1c5f 0 ffff 6d 6e 1b 1c 506
6842 6842 cc80 ccff 13ec 13ec a8b4 a8b7 0 ffff 16 16 19 1e 507
8112 8112 fe80 feff 5718 5718 ca58 ca5b 0 ffff 1f4 1f4 19 1e 508
ef83 ef83 6800 687f 5718 5718 ca58 ca5b 0 ffff 35 35 19 1e 509
ef83 ef83 6800 687f 65f1 65f1 3818 381b 0 ffff 45 45 19 1e 50a
ef83 ef83 6800 687f 8c5b 8c5b 1c40 1c43 0 ffff 35 35 19 1e 50b
8112 8112 ff00 ffff 20f3 20f3 65c4 65c7 0 ffff 202 202 18 1e 50c
8112 8112 fe80 feff 5718 5718 ca50 ca57 0 ffff 50 50 19 1d 50d
ef83 ef83 6800 687f 65f1 65f1 3810 3817 0 ffff 202 202 19 1d 50e
8112 8112 fe68 fe6f 8c5b 8c5b 1c00 1c3f 0 ffff 89 89 1d 1a 50f
ef83 ef83 68f0 68f7 eebb eebb 5780 57bf 0 ffff 50 50 1d 1a 510
ef83 ef83 68f0 68f7 8c5b 8c5b 1c00 1c3f 0 ffff 66e 66e 1d 1a 511
ef83 ef83 68f0 68f7 65f1 65f1 3840 387f 0 ffff 50 50 1d 1a 512
8112 8112 fe00 fe3f eebb eebb 57d0 57df 0 ffff 35 35 1a 1c 513
ef83 ef83 6880 68bf eebb eebb 57d0 57df 0 ffff 202 202 1a 1c 514
8112 8112 fe61 fe61 5718 5718 c800 c9ff 35 35 0 ffff 20 17 515
ef83 ef83 6c00 6fff eebb eebb 57ca 57ca 16 16 0 ffff 16 20 516
ef83 ef83 6800 687f 5718 5718 ca5c ca5d 14 17 0 ffff 19 1f 517
ef83 ef83 6800 687f 65f1 65f1 381c 381d 0 ffff 14 17 19 1f 518
ef83 ef83 6900 69ff 65f1 65f1 381e 381e 0 ffff 6d 6e 18 20 519
ef83 ef83 68f0 68f7 65f1 65f1 3880 38ff 0 ffff 35 35 1d 19 51a
ef83 ef83 68f0 68f7 65f1 65f1 3820 383f 0 ffff 14 17 1d 1b 51b
ef83 ef83 6c00 6fff 65f1 65f1 381e 381e 0 ffff 232b 232b 16 20 51c
ef83 ef83 68f8 68fb 8c5b 8c5b 1c80 1cff 16 16 0 ffff 1e 19 51d
ef83 ef83 6a00 6bff 65f1 65f1 381f 381f 599 599 0 ffff 17 20 51e
ef83 ef83 68fd 68fd 8c5b 8c5b 1e00 1fff 14 15 0 ffff 20 17 51f
ef83 ef83 68f0 68f7 8c5b 8c5b 1c50 1c5f 14 17 0 ffff 1d 1c 520
ef83 ef83 68f8 68fb eebb eebb 5780 57bf 6d 6e 0 ffff 1e 1a 521
cd0 cd0 96e8 96eb dfac dfac 7700 773f 14 17 0 ffff 1e 1a 522
cd0 cd0 9700 97ff dfac dfac 7744 7747 0 ffff 202 202 18 1e 523
6842 6842 cd00 cdff afc8 afc8 11a4 11a7 0 ffff 232b 232b 18 1e 524
6842 6842 cd00 cdff 65f1 65f1 3818 381b 0 ffff 19 19 18 1e 525
6842 6842 cd00 cdff 8c5b 8c5b 1c40 1c43 0 ffff a1 a1 18 1e 526
8112 8112 ff00 ffff 20f3 20f3 65c4 65c7 0 ffff 202 202 18 1e 527
8112 8112 ff00 ffff eebb eebb 57cc 57cf 0 ffff 232b 232b 18 1e 528
8112 8112 ff00 ffff 20f3 20f3 65c4 65c7 0 ffff 17 17 18 1e 529
8112 8112 ff00 ffff eebb eebb 57cc 57cf 0 ffff 45 45 18 1e 52a
8112 8112 ff00 ffff eebb eebb 57cc 57cf 0 ffff 599 599 18 1e 52b
ef83 ef83 6900 69ff eebb eebb 57cc 57cf 0 ffff 45 45 18 1e 52c
cd0 cd0 96f0 96ff dfac dfac 7700 773f 0 ffff 66d 66d 1c 1a 52d
cd0 cd0 96f0 96ff 65f1 65f1 3840 387f 0 ffff 45 45 1c 1a 52e
6842 6842 cc30 cc3f 13ec 13ec a8c0 a8ff 0 ffff 50 50 1c 1a 52f
8112 8112 fe70 fe7f eebb eebb 5780 57bf 0 ffff 202 202 1c 1a 530
8112 8112 fe70 fe7f 5718 5718 ca00 ca3f 0 ffff 19 19 1c 1a 531
cd0 cd0 9680 96bf dfac dfac 7748 774f 0 ffff 6d 6e 1a 1d 532
cd0 cd0 96f0 96ff afc8 afc8 11c0 11ff a1 a1 0 ffff 1c 1a 533
6842 6842 cc30 cc3f 65f1 65f1 3840 387f a1 a1 0 ffff 1c 1a 534
6842 6842 cc30 cc3f 8c5b 8c5b 1c00 1c3f 599 599 0 ffff 1c 1a 535
cd0 cd0 9600 967f afc8 afc8 11a4 11a7 0 ffff 66d 66e 19 1e 536
cd0 cd0 96c0 96df afc8 afc8 11b0 11bf 0 ffff 66d 66e 1b 1c 537
ef83 ef83 68c0 68df 65f1 65f1 3800 380f 0 ffff 714 715 1b 1c 538
ef83 ef83 68c0 68df eebb eebb 57d0 57df 0 ffff 14 15 1b 1c 539
cd0 cd0 9000 93ff 13ec 13ec a8b0 a8b0 0 ffff 202 202 16 20 53a
cd0 cd0 9000 93ff 65f1 65f1 381f 381f 0 ffff 50 50 16 20 53b
6842 6842 c800 cbff 65f1 65f1 381f 381f 0 ffff 45 45 16 20 53c
6842 6842 c800 cbff 8c5b 8c5b 1c47 1c47 0 ffff 45 45 16 20 53d
ef83 ef83 6c00 6fff 65f1 65f1 381e 381e 0 ffff 202 202 16 20 53e
cd0 cd0 96e0 96e7 afc8 afc8 1100 117f 8f 8f 0 ffff 1d 19 53f
cd0 cd0 96e0 96e7 65f1 65f1 3880 38ff 0 ffff 45 45 1d 19 540
cd0 cd0 96e0 96e7 65f1 65f1 3880 38ff 0 ffff 8f 8f 1d 19 541
6842 6842 cc28 cc2f 13ec 13ec a800 a87f 0 ffff 8f 8f 1d 19 542
ef83 ef83 68f0 68f7 65f1 65f1 3880 38ff 0 ffff 45 45 1d 19 543
cd0 cd0 9680 96bf 65f1 65f1 3800 380f 0 ffff 45 45 1a 1c 544
6842 6842 cc40 cc7f 13ec 13ec a8a0 a8af 0 ffff 77 77 1a 1c 545
6842 6842 cc40 cc7f 8c5b 8c5b 1c50 1c5f 0 ffff 232b 232b 1a 1c 546
8112 8112 fe00 fe3f 20f3 20f3 65d0 65df 0 ffff 45 45 1a 1c 547
8112 8112 fe00 fe3f eebb eebb 57d0 57df 0 ffff 19 19 1a 1c 548
ef83 ef83 6880 68bf eebb eebb 57d0 57df 0 ffff 35 35 1a 1c 549
ef83 ef83 6880 68bf eebb eebb 57d0 57df 0 ffff 66e 66e 1a 1c 54a
cd0 cd0 96ef 96ef afc8 afc8 1400 17ff 0 ffff 202 202 20 16 54b
8112 8112 fe61 fe61 8c5b 8c5b 1800 1bff 0 ffff 45 45 20 16 54c
8112 8112 fe61 fe61 eebb eebb 5000 53ff 0 ffff 202 202 20 16 54d
ef83 ef83 68fc 68fc 65f1 65f1 3c00 3fff 0 ffff 45 45 20 16 54e
cd0 cd0 9800 9fff afc8 afc8 11a1 11a1 0 ffff 202 202 15 20 54f
ef83 ef83 6000 67ff 8c5b 8c5b 1c47 1c47 0 ffff 4be 4be 15 20 550
6842 6842 cd00 cdff 65f1 65f1 381c 381d 0 ffff 6d 6e 18 1f 551
ef83 ef83 6900 69ff 8c5b 8c5b 1c44 1c45 0 ffff 14 15 18 1f 552
6842 6842 cc24 cc25 8c5b 8c5b 1e00 1fff 14 15 0 ffff 1f 17 553
8112 8112 fe62 fe63 eebb eebb 5400 55ff 14 15 0 ffff 1f 17 554
6842 6842 cc40 cc7f 8c5b 8c5b 1c60 1c7f 0 ffff 50 50 1a 1b 555
6842 6842 ce00 cfff 8c5b 8c5b 1c44 1c45 35 35 0 ffff 17 1f 556
6842 6842 cc00 cc1f 65f1 65f1 3820 383f 0 ffff 202 202 1b 1b 557
6842 6842 cc00 cc1f 8c5b 8c5b 1c60 1c7f 0 ffff 45 45 1b 1b 558
8112 8112 fe40 fe5f 20f3 20f3 65e0 65ff 0 ffff 202 202 1b 1b 559
8112 8112 fe40 fe5f 8c5b 8c5b 1c60 1c7f 0 ffff 45 45 1b 1b 55a
8112 8112 fe40 fe5f 8c5b 8c5b 1c60 1c7f 0 ffff 202 202 1b 1b 55b
ef83 ef83 68c0 68df 8c5b 8c5b 1c60 1c7f 0 ffff 35 35 1b 1b 55c
ef83 ef83 68c0 68df 65f1 65f1 3820 383f 0 ffff 19 19 1b 1b 55d
ef83 ef83 68c0 68df 65f1 65f1 3820 383f 0 ffff 232b 232b 1b 1b 55e
6842 6842 cc20 cc23 13ec 13ec a900 a9ff 0 ffff 1a2b 1a2b 1e 18 55f
6842 6842 cc20 cc23 8c5b 8c5b 1d00 1dff 0 ffff 202 202 1e 18 560
6842 6842 cd00 cdff 13ec 13ec a8b8 a8bf 0 ffff 20c 20c 18 1d 561
6842 6842 cd00 cdff 65f1 65f1 3818 381b 35 35 0 ffff 18 1e 562
6842 6842 cc40 cc7f 8c5b 8c5b 1c60 1c7f 1590 1590 0 ffff 1a 1b 563
6842 6842 cc80 ccff 8c5b 8c5b 1c48 1c4f 0 ffff 35 35 19 1d 564
6842 6842 cc80 ccff 65f1 65f1 3810 3817 0 ffff 45 45 19 1d 565
6842 6842 cc80 ccff 13ec 13ec a8b8 a8bf 0 ffff 232b 232b 19 1d 566
6842 6842 cc80 ccff 8c5b 8c5b 1c48 1c4f 0 ffff 232b 232b 19 1d 567
6842 6842 cc80 ccff 13ec 13ec a8b8 a8bf 0 ffff 35 35 19 1d 568
8112 8112 fe80 feff 8c5b 8c5b 1c48 1c4f 0 ffff 45 45 19 1d 569
ef83 ef83 6800 687f 65f1 65f1 3810 3817 0 ffff 45 45 19 1d 56a
ef83 ef83 6800 687f 65f1 65f1 3810 3817 0 ffff 35 35 19 1d 56b
ef83 ef83 6800 687f 65f1 65f1 3810 3817 0 ffff 202 202 19 1d 56c
6842 6842 cc00 cc1f 13ec 13ec a8a0 a8af 66d 66e 0 ffff 1b 1c 56d
6842 6842 cc28 cc2f 65f1 65f1 3840 387f 6d 6e 0 ffff 1d 1a 56e
6842 6842 cc24 cc25 65f1 65f1 3900 39ff 66d 66e 0 ffff 1f 18 56f
ef83 ef83 68fe 68ff eebb eebb 5600 56ff 14 15 0 ffff 1f 18 570
6842 6842 ce00 cfff 13ec 13ec a8b2 a8b3 0 ffff 50 50 17 1f 571
8112 8112 fc00 fdff eebb eebb 57c8 57c9 0 ffff 202 202 17 1f 572
8112 8112 fc00 fdff 5718 5718 ca5c ca5d 0 ffff 22ab 22ab 17 1f 573
ef83 ef83 6a00 6bff eebb eebb 57c8 57c9 0 ffff 45 45 17 1f 574
6842 6842 ce00 cfff 65f1 65f1 381f 381f 0 ffff 14 17 17 20 575
6842 6842 cc26 cc26 8c5b 8c5b 1e00 1fff 14 17 0 ffff 20 17 576
ef83 ef83 68fd 68fd 65f1 65f1 3a00 3bff 14 17 0 ffff 20 17 577
6842 6842 cc40 cc7f 8c5b 8c5b 1c48 1c4f 14 17 0 ffff 1a 1d 578
6842 6842 cc30 cc3f 13ec 13ec a800 a87f 0 ffff 202 202 1c 19 579
6842 6842 c800 cbff 65f1 65f1 381c 381d 0 ffff 45 45 16 1f 57a
6842 6842 cc24 cc25 8c5b 8c5b 1800 1bff a1 a1 0 ffff 1f 16 57b
ef83 ef83 68fe 68ff 65f1 65f1 3c00 3fff a1 a1 0 ffff 1f 16 57c
6842 6842 cc20 cc23 8c5b 8c5b 1d00 1dff 16 16 0 ffff 1e 18 57d
ef83 ef83 68f8 68fb 65f1 65f1 3900 39ff 50 50 0 ffff 1e 18 57e
6842 6842 ce00 cfff 65f1 65f1 3818 381b 0 ffff 50 50 17 1e 57f
6842 6842 cc24 cc25 8c5b 8c5b 1e00 1fff 50 50 0 ffff 1f 17 580
ef83 ef83 68fe 68ff 5718 5718 c800 c9ff a1 a1 0 ffff 1f 17 581
ef83 ef83 68fe 68ff 8c5b 8c5b 1e00 1fff 8f 8f 0 ffff 1f 17 582
6842 6842 cc40 cc7f 8c5b 8c5b 1c50 1c5f 159a 159a 0 ffff 1a 1c 583
ef83 ef83 6880 68bf 65f1 65f1 3800 380f 1586 1586 0 ffff 1a 1c 584
ef83 ef83 6880 68bf 65f1 65f1 3800 380f a1 a1 0 ffff 1a 1c 585
8112 8112 f800 fbff 20f3 20f3 65c2 65c2 a1 a1 0 ffff 16 20 586
8112 8112 fe64 fe67 8c5b 8c5b 1e00 1fff 1590 1590 0 ffff 1e 17 587
8112 8112 fc00 fdff 20f3 20f3 65c0 65c1 1388 1389 0 ffff 17 1f 588
8112 8112 fe64 fe67 20f3 20f3 6600 67ff 0 ffff 19 19 1e 17 589
8112 8112 fe64 fe67 5718 5718 c800 c9ff 0 ffff 45 45 1e 17 58a
ef83 ef83 68f8 68fb 8c5b 8c5b 1e00 1fff 0 ffff 599 599 1e 17 58b
8112 8112 fe68 fe6f 8c5b 8c5b 1d00 1dff a1 a1 0 ffff 1d 18 58c
8112 8112 fe40 fe5f 20f3 20f3 65e0 65ff 599 599 0 ffff 1b 1b 58d
8112 8112 fe40 fe5f 5718 5718 ca60 ca7f 19 19 0 ffff 1b 1b 58e
ef83 ef83 68c0 68df eebb eebb 57e0 57ff 157c 157c 0 ffff 1b 1b 58f
8112 8112 fe68 fe6f 5718 5718 ca00 ca3f 0 ffff 6d 6e 1d 1a 590
ef83 ef83 68f0 68f7 5718 5718 ca00 ca3f 0 ffff 6d 6e 1d 1a 591
8112 8112 fe68 fe6f eebb eebb 5600 56ff 0 ffff 45 45 1d 18 592
8112 8112 fe62 fe63 5718 5718 c800 c9ff 0 ffff 45 45 1f 17 593
8112 8112 fe40 fe5f 5718 5718 ca40 ca4f 0 ffff 14 17 1b 1c 594
ef83 ef83 6800 687f eebb eebb 57d0 57df 0 ffff 71 71 19 1c 595
ef83 ef83 68f0 68f7 eebb eebb 5780 57bf 0 ffff 14 17 1d 1a 596
ef83 ef83 6900 69ff eebb eebb 57c8 57c9 1388 1389 0 ffff 18 1f 597
ef83 ef83 6800 687f eebb eebb 57c0 57c7 a1 a1 0 ffff 19 1d 598
ef83 ef83 68fc 68fc 65f1 65f1 3a00 3bff 66d 66e 0 ffff 20 17 599
ef83 ef83 68fc 68fc 65f1 65f1 3000 37ff 0 ffff 45 45 20 15 59a
ef83 ef83 68fc 68fc 65f1 65f1 3000 37ff 0 ffff 202 202 20 15 59b
ef83 ef83 68f0 68f7 eebb eebb 5700 577f 66d 66e 0 ffff 1d 19 59c
ef83 ef83 68fe 68ff eebb eebb 5600 56ff 14 17 0 ffff 1f 18 59d
ef83 ef83 6900 69ff eebb eebb 57c0 57c7 a1 a1 0 ffff 18 1d 59e
ef83 ef83 68fd 68fd eebb eebb 5800 5fff a1 a1 0 ffff 20 15 59f
cd0 cd0 9600 967f 65f1 65f1 3800 380f 0 ffff 202 202 19 1c 5a0
ef83 ef83 6800 687f 5718 5718 ca40 ca4f 0 ffff 35 35 19 1c 5a1
cd0 cd0 9700 97ff dfac dfac 7748 774f 0 ffff 1a2b 1a2b 18 1d 5a2
6842 6842 cd00 cdff afc8 afc8 11a8 11af 0 ffff 19 19 18 1d 5a3
6842 6842 cd00 cdff 8c5b 8c5b 1c48 1c4f 0 ffff 15 15 18 1d 5a4
8112 8112 ff00 ffff eebb eebb 57c0 57c7 0 ffff 45 45 18 1d 5a5
8112 8112 ff00 ffff 5718 5718 ca50 ca57 0 ffff 45 45 18 1d 5a6
8112 8112 ff00 ffff 5718 5718 ca50 ca57 0 ffff 15a4 15a4 18 1d 5a7
8112 8112 ff00 ffff 5718 5718 ca50 ca57 0 ffff 599 599 18 1d 5a8
ef83 ef83 6900 69ff 8c5b 8c5b 1c48 1c4f 0 ffff 45 45 18 1d 5a9
ef83 ef83 6900 69ff 65f1 65f1 3810 3817 0 ffff 45 45 18 1d 5aa
ef83 ef83 6900 69ff 8c5b 8c5b 1c48 1c4f 0 ffff 50 50 18 1d 5ab
cd0 cd0 96e8 96eb 65f1 65f1 3a00 3bff 35 35 0 ffff 1e 17 5ac
cd0 cd0 96e8 96eb 13ec 13ec aa00 abff 19 19 0 ffff 1e 17 5ad
cd0 cd0 9600 967f 13ec 13ec a8a0 a8af 50 50 0 ffff 19 1c 5ae
8112 8112 fe80 feff 5718 5718 ca40 ca4f 19 19 0 ffff 19 1c 5af
ef83 ef83 6800 687f eebb eebb 57d0 57df 19 19 0 ffff 19 1c 5b0
cd0 cd0 96e0 96e7 dfac dfac 7700 773f 14 17 0 ffff 1d 1a 5b1
cd0 cd0 96c0 96df dfac dfac 7700 773f 1586 1586 0 ffff 1b 1a 5b2
cd0 cd0 96e0 96e7 dfac dfac 7600 76ff 0 ffff 599 599 1d 18 5b3
cd0 cd0 96e0 96e7 afc8 afc8 1000 10ff 0 ffff 89 89 1d 18 5b4
8112 8112 fe68 fe6f 5718 5718 cb00 cbff 0 ffff 50 50 1d 18 5b5
cd0 cd0 9700 97ff afc8 afc8 11b0 11bf 15ae 15ae 0 ffff 18 1c 5b6
8112 8112 ff00 ffff 8c5b 8c5b 1c50 1c5f 50 50 0 ffff 18 1c 5b7
cd0 cd0 9400 95ff afc8 afc8 11a4 11a7 0 ffff 50 50 17 1e 5b8
cd0 cd0 9400 95ff afc8 afc8 11a4 11a7 0 ffff 232b 232b 17 1e 5b9
6842 6842 ce00 cfff 13ec 13ec a8b4 a8b7 0 ffff 35 35 17 1e 5ba
ef83 ef83 6a00 6bff 8c5b 8c5b 1c40 1c43 0 ffff 202 202 17 1e 5bb
ef83 ef83 6a00 6bff 65f1 65f1 3818 381b 0 ffff 45 45 17 1e 5bc
ef83 ef83 6a00 6bff 65f1 65f1 3818 381b 0 ffff 45 45 17 1e 5bd
cd0 cd0 96ef 96ef afc8 afc8 1800 1fff 0 ffff 19 19 20 15 5be
cd0 cd0 96ef 96ef afc8 afc8 1800 1fff 0 ffff 50 50 20 15 5bf
6842 6842 cc27 cc27 8c5b 8c5b 1000 17ff 0 ffff 202 202 20 15 5c0
6842 6842 cc27 cc27 8c5b 8c5b 1000 17ff 0 ffff 6bb 6bb 20 15 5c1
8112 8112 fe61 fe61 20f3 20f3 6800 6fff 0 ffff 1590 1590 20 15 5c2
ef83 ef83 68fc 68fc 65f1 65f1 3000 37ff 0 ffff 50 50 20 15 5c3
ef83 ef83 68fd 68fd 8c5b 8c5b 1000 17ff 0 ffff 45 45 20 15 5c4
cd0 cd0 9700 97ff afc8 afc8 11a8 11af 6d 6e 0 ffff 18 1d 5c5
cd0 cd0 9800 9fff 65f1 65f1 381f 381f a1 a1 0 ffff 15 20 5c6
6842 6842 c000 c7ff 8c5b 8c5b 1c47 1c47 35 35 0 ffff 15 20 5c7
cd0 cd0 96c0 96df 65f1 65f1 3880 38ff 35 35 0 ffff 1b 19 5c8
cd0 cd0 96f0 96ff afc8 afc8 1100 117f 0 ffff 35 35 1c 19 5c9
cd0 cd0 96f0 96ff afc8 afc8 1100 117f 0 ffff 45 45 1c 19 5ca
6842 6842 cc30 cc3f afc8 afc8 1100 117f 0 ffff 45 45 1c 19 5cb
6842 6842 cc30 cc3f 8c5b 8c5b 1c80 1cff 0 ffff 35 35 1c 19 5cc
ef83 ef83 68e0 68ef eebb eebb 5700 577f 0 ffff 202 202 1c 19 5cd
cd0 cd0 96c0 96df 65f1 65f1 3800 380f 0 ffff 14 17 1b 1c 5ce
ef83 ef83 68c0 68df 8c5b 8c5b 1c50 1c5f 0 ffff 14 17 1b 1c 5cf
cd0 cd0 96e8 96eb 13ec 13ec a900 a9ff 66d 66e 0 ffff 1e 18 5d0
6842 6842 c000 c7ff afc8 afc8 11a1 11a1 0 ffff 6d 6e 15 20 5d1
8112 8112 f000 f7ff eebb eebb 57ca 57ca 0 ffff 6d 6e 15 20 5d2
ef83 ef83 6000 67ff 5718 5718 ca5f ca5f 0 ffff 66d 66e 15 20 5d3
ef83 ef83 6000 67ff 8c5b 8c5b 1c47 1c47 0 ffff 6d 6e 15 20 5d4
6842 6842 d000 dfff afc8 afc8 11a1 11a1 0 ffff 45 45 14 20 5d5
6842 6842 ce00 cfff 8c5b 8c5b 1c44 1c45 0 ffff 14 15 17 1f 5d6
6842 6842 c800 cbff 8c5b 8c5b 1c40 1c43 0 ffff 50 50 16 1e 5d7
6842 6842 c800 cbff 8c5b 8c5b 1c44 1c45 0 ffff 8f 8f 16 1f 5d8
6842 6842 c800 cbff 8c5b 8c5b 1c44 1c45 0 ffff 202 202 16 1f 5d9
8112 8112 f800 fbff 8c5b 8c5b 1c44 1c45 0 ffff 16 16 16 1f 5da
8112 8112 f800 fbff 8c5b 8c5b 1c44 1c45 0 ffff 6bb 6bb 16 1f 5db
8112 8112 f800 fbff eebb eebb 57c8 57c9 0 ffff 232b 232b 16 1f 5dc
ef83 ef83 6c00 6fff 8c5b 8c5b 1c44 1c45 0 ffff 6bb 6bb 16 1f 5dd
ef83 ef83 6c00 6fff 65f1 65f1 381c 381d 0 ffff 15a4 15a4 16 1f 5de
ef83 ef83 6c00 6fff 65f1 65f1 381c 381d 0 ffff 45 45 16 1f 5df
ef83 ef83 6c00 6fff 65f1 65f1 381c 381d 0 ffff 7b 7b 16 1f 5e0
ef83 ef83 6c00 6fff 65f1 65f1 381c 381d 0 ffff 202 202 16 1f 5e1
6842 6842 cc28 cc2f 65f1 65f1 3880 38ff 66d 66e 0 ffff 1d 19 5e2
6842 6842 cc20 cc23 13ec 13ec aa00 abff 0 ffff 50 50 1e 17 5e3
ef83 ef83 68f8 68fb 5718 5718 c800 c9ff 0 ffff 89 89 1e 17 5e4
6842 6842 cc40 cc7f 8c5b 8c5b 1c60 1c7f 8f 8f 0 ffff 1a 1b 5e5
ef83 ef83 6880 68bf eebb eebb 57e0 57ff a1 a1 0 ffff 1a 1b 5e6
ef83 ef83 6880 68bf eebb eebb 57e0 57ff a1 a1 0 ffff 1a 1b 5e7
6842 6842 cd00 cdff 65f1 65f1 3810 3817 0 ffff 14 15 18 1d 5e8
6842 6842 cc24 cc25 8c5b 8c5b 1800 1bff 0 ffff 202 202 1f 16 5e9
ef83 ef83 68fe 68ff 5718 5718 cc00 cfff 0 ffff 15 15 1f 16 5ea
6842 6842 cc40 cc7f 5718 5718 ca60 ca7f 0 ffff 202 202 1a 1b 5eb
8112 8112 fe00 fe3f 5718 5718 ca60 ca7f 0 ffff 89 89 1a 1b 5ec
ef83 ef83 6880 68bf 65f1 65f1 3820 383f 0 ffff 50 50 1a 1b 5ed
ef83 ef83 6880 68bf 8c5b 8c5b 1c60 1c7f 0 ffff 45 45 1a 1b 5ee
6842 6842 cc80 ccff 8c5b 8c5b 1c60 1c7f 0 ffff 599 599 19 1b 5ef
8112 8112 fe80 feff 5718 5718 ca60 ca7f 0 ffff 202 202 19 1b 5f0
6842 6842 cc30 cc3f 65f1 65f1 3900 39ff 35 35 0 ffff 1c 18 5f1
6842 6842 ce00 cfff 8c5b 8c5b 1c44 1c45 0 ffff 14 17 17 1f 5f2
6842 6842 c000 c7ff 8c5b 8c5b 1c47 1c47 0 ffff 35 35 15 20 5f3
8112 8112 f000 f7ff 20f3 20f3 65c2 65c2 0 ffff 35 35 15 20 5f4
ef83 ef83 6000 67ff 65f1 65f1 381e 381e 0 ffff 16 16 15 20 5f5
ef83 ef83 6000 67ff 65f1 65f1 381f 381f 0 ffff 50 50 15 20 5f6
6842 6842 cc00 cc1f 8c5b 8c5b 1c80 1cff 0 ffff 16 16 1b 19 5f7
ef83 ef83 68c0 68df 8c5b 8c5b 1c80 1cff 0 ffff 599 599 1b 19 5f8
6842 6842 cc20 cc23 8c5b 8c5b 1800 1bff 0 ffff 50 50 1e 16 5f9
6842 6842 cc00 cc1f 8c5b 8c5b 1c00 1c3f 0 ffff 202 202 1b 1a 5fa
ef83 ef83 68c0 68df eebb eebb 5780 57bf 0 ffff 35 35 1b 1a 5fb
ef83 ef83 68c0 68df 65f1 65f1 3840 387f 0 ffff 232b 232b 1b 1a 5fc
ef83 ef83 68c0 68df 65f1 65f1 3840 387f 0 ffff 202 202 1b 1a 5fd
6842 6842 cc40 cc7f 65f1 65f1 3800 380f 14 15 0 ffff 1a 1c 5fe
6842 6842 cc40 cc7f 65f1 65f1 3800 380f 0 ffff 14 17 1a 1c 5ff
6842 6842 ce00 cfff 8c5b 8c5b 1c48 1c4f a1 a1 0 ffff 17 1d 600
8112 8112 fc00 fdff 5718 5718 ca58 ca5b 15a4 15a4 0 ffff 17 1e 601
8112 8112 fc00 fdff 5718 5718 ca58 ca5b 1f4 1f4 0 ffff 17 1e 602
8112 8112 fc00 fdff 5718 5718 ca50 ca57 0 ffff 202 202 17 1d 603
8112 8112 fc00 fdff 5718 5718 ca5c ca5d 6d 6e 0 ffff 17 1f 604
8112 8112 fe00 fe3f 8c5b 8c5b 1c48 1c4f 0 ffff 14 17 1a 1d 605
8112 8112 f800 fbff 5718 5718 ca5f ca5f 0 ffff 14 15 16 20 606
8112 8112 fe80 feff 5718 5718 ca50 ca57 0 ffff 1388 1389 19 1d 607
8112 8112 ff00 ffff 5718 5718 ca58 ca5b 0 ffff 66d 66e 18 1e 608
8112 8112 fe40 fe5f eebb eebb 57e0 57ff 14 15 0 ffff 1b 1b 609
ef83 ef83 68c0 68df 65f1 65f1 3820 383f 14 15 0 ffff 1b 1b 60a
8112 8112 fe80 feff 5718 5718 ca60 ca7f 15ae 15ae 0 ffff 19 1b 60b
ef83 ef83 6900 69ff 5718 5718 ca5c ca5d 14 17 0 ffff 18 1f 60c
ef83 ef83 68f0 68f7 65f1 65f1 3900 39ff 50 50 0 ffff 1d 18 60d
ef83 ef83 68f0 68f7 65f1 65f1 3900 39ff 7b 7b 0 ffff 1d 18 60e
ef83 ef83 68f0 68f7 65f1 65f1 3900 39ff 16 16 0 ffff 1d 18 60f
ef83 ef83 6c00 6fff 65f1 65f1 381c 381d 15a4 15a4 0 ffff 16 1f 610
ef83 ef83 6c00 6fff 65f1 65f1 381c 381d 1f4 1f4 0 ffff 16 1f 611
ef83 ef83 68f8 68fb 65f1 65f1 3900 39ff 0 ffff 14 15 1e 18 612
ef83 ef83 68fe 68ff eebb eebb 5400 55ff 0 ffff 14 15 1f 17 613
ef83 ef83 6880 68bf 65f1 65f1 3810 3817 14 17 0 ffff 1a 1d 614
cd0 cd0 9400 95ff 13ec 13ec a8b4 a8b7 0 ffff 6d 6e 17 1e 615
cd0 cd0 96e0 96e7 13ec 13ec ac00 afff 0 ffff 202 202 1d 16 616
8112 8112 fe68 fe6f eebb eebb 5000 53ff 0 ffff 45 45 1d 16 617
ef83 ef83 68f0 68f7 8c5b 8c5b 1800 1bff 0 ffff 50 50 1d 16 618
ef83 ef83 68f0 68f7 eebb eebb 5000 53ff 0 ffff 66d 66d 1d 16 619
cd0 cd0 96f0 96ff dfac dfac 7700 773f 0 ffff 14 17 1c 1a 61a
cd0 cd0 9600 967f dfac dfac 7700 773f 0 ffff a1 a1 19 1a 61b
6842 6842 cc80 ccff 13ec 13ec a8c0 a8ff 0 ffff 18ca 18ca 19 1a 61c
8112 8112 fe80 feff 20f3 20f3 6580 65bf 0 ffff 50 50 19 1a 61d
cd0 cd0 9800 9fff 13ec 13ec a8b2 a8b3 0 ffff 1586 1586 15 1f 61e
6842 6842 c000 c7ff 8c5b 8c5b 1c44 1c45 0 ffff a1 a1 15 1f 61f
6842 6842 c000 c7ff 8c5b 8c5b 1c44 1c45 0 ffff 22ab 22ab 15 1f 620
8112 8112 f000 f7ff 20f3 20f3 65c0 65c1 0 ffff 50 50 15 1f 621
cd0 cd0 9800 9fff dfac dfac 7741 7741 0 ffff 6d 6e 15 20 622
6842 6842 c000 c7ff 65f1 65f1 381f 381f 0 ffff 66d 66e 15 20 623
cd0 cd0 96f0 96ff dfac dfac 7600 76ff 0 ffff 202 202 1c 18 624
6842 6842 cc30 cc3f 8c5b 8c5b 1d00 1dff 0 ffff 1586 1586 1c 18 625
6842 6842 cc30 cc3f 8c5b 8c5b 1d00 1dff 0 ffff 45 45 1c 18 626
8112 8112 fe70 fe7f 5718 5718 cb00 cbff 0 ffff 232b 232b 1c 18 627
ef83 ef83 68e0 68ef 5718 5718 cb00 cbff 0 ffff 232b 232b 1c 18 628
ef83 ef83 68e0 68ef 5718 5718 cb00 cbff 0 ffff 45 45 1c 18 629
ef83 ef83 68e0 68ef 65f1 65f1 3900 39ff 0 ffff 66d 66d 1c 18 62a
ef83 ef83 68e0 68ef 65f1 65f1 3900 39ff 0 ffff 71 71 1c 18 62b
cd0 cd0 96ec 96ed dfac dfac 7800 7fff 19 19 0 ffff 1f 15 62c
cd0 cd0 9400 95ff 65f1 65f1 3810 3817 0 ffff 19 19 17 1d 62d
cd0 cd0 9400 95ff 13ec 13ec a8b8 a8bf 0 ffff 16 16 17 1d 62e
6842 6842 ce00 cfff afc8 afc8 11a8 11af 0 ffff 87 87 17 1d 62f
6842 6842 ce00 cfff 8c5b 8c5b 1c48 1c4f 0 ffff 50 50 17 1d 630
8112 8112 fc00 fdff 5718 5718 ca50 ca57 0 ffff 77 77 17 1d 631
cd0 cd0 96e8 96eb dfac dfac 7000 73ff 599 599 0 ffff 1e 16 632
8112 8112 fe64 fe67 5718 5718 cc00 cfff 16 16 0 ffff 1e 16 633
8112 8112 fe64 fe67 8c5b 8c5b 1800 1bff a1 a1 0 ffff 1e 16 634
cd0 cd0 9000 93ff 13ec 13ec a8b4 a8b7 0 ffff 1590 1590 16 1e 635
6842 6842 c800 cbff afc8 afc8 11a4 11a7 0 ffff 66d 66d 16 1e 636
6842 6842 c800 cbff 65f1 65f1 3818 381b 0 ffff 202 202 16 1e 637
6842 6842 c800 cbff 13ec 13ec a8b4 a8b7 0 ffff 19 19 16 1e 638
6842 6842 c800 cbff 65f1 65f1 3818 381b 0 ffff 17 17 16 1e 639
ef83 ef83 6c00 6fff eebb eebb 57cc 57cf 0 ffff 202 202 16 1e 63a
cd0 cd0 96c0 96df 65f1 65f1 3880 38ff 0 ffff 157c 157c 1b 19 63b
6842 6842 cc00 cc1f 13ec 13ec a800 a87f 0 ffff 45 45 1b 19 63c
8112 8112 fe40 fe5f 8c5b 8c5b 1c80 1cff 0 ffff 202 202 1b 19 63d
8112 8112 fe40 fe5f eebb eebb 5700 577f 0 ffff 45 45 1b 19 63e
ef83 ef83 68c0 68df eebb eebb 5700 577f 0 ffff 89 89 1b 19 63f
cd0 cd0 9000 93ff 13ec 13ec a8b2 a8b3 6d 6e 0 ffff 16 1f 640
cd0 cd0 96ef 96ef 65f1 65f1 3000 37ff 14 15 0 ffff 20 15 641
ef83 ef83 68fd 68fd 65f1 65f1 3000 37ff 66d 66e 0 ffff 20 15 642
cd0 cd0 9800 9fff dfac dfac 7742 7743 0 ffff 6d 6e 15 1f 643
cd0 cd0 9800 9fff 65f1 65f1 381c 381d 0 ffff 14 15 15 1f 644
cd0 cd0 96e8 96eb dfac dfac 7000 73ff 0 ffff 599 599 1e 16 645
6842 6842 cc20 cc23 65f1 65f1 3c00 3fff 0 ffff 232b 232b 1e 16 646
ef83 ef83 68f8 68fb 65f1 65f1 3c00 3fff 0 ffff 202 202 1e 16 647
cd0 cd0 9700 97ff afc8 afc8 1180 119f 0 ffff 66e 66e 18 1b 648
8112 8112 ff00 ffff 8c5b 8c5b 1c60 1c7f 0 ffff 71 71 18 1b 649
8112 8112 ff00 ffff 20f3 20f3 65e0 65ff 0 ffff 202 202 18 1b 64a
cd0 cd0 9700 97ff afc8 afc8 11a8 11af 0 ffff 6d 6e 18 1d 64b
ef83 ef83 6900 69ff 8c5b 8c5b 1c48 1c4f 0 ffff 14 15 18 1d 64c
cd0 cd0 96ec 96ed 65f1 65f1 3000 37ff 0 ffff 4be 4be 1f 15 64d
6842 6842 cc24 cc25 13ec 13ec a000 a7ff 0 ffff 202 202 1f 15 64e
ef83 ef83 68fe 68ff 8c5b 8c5b 1000 17ff 0 ffff 202 202 1f 15 64f
ef83 ef83 68fe 68ff 65f1 65f1 3000 37ff 0 ffff 202 202 1f 15 650
cd0 cd0 9000 93ff 13ec 13ec a8b8 a8bf 159a 159a 0 ffff 16 1d 651
8112 8112 f800 fbff 20f3 20f3 65c8 65cf 15ae 15ae 0 ffff 16 1d 652
cd0 cd0 9680 96bf afc8 afc8 11c0 11ff 0 ffff 202 202 1a 1a 653
6842 6842 cc40 cc7f 65f1 65f1 3840 387f 0 ffff 18ca 18ca 1a 1a 654
8112 8112 fe00 fe3f 8c5b 8c5b 1c00 1c3f 0 ffff a2 a2 1a 1a 655
8112 8112 fe00 fe3f 5718 5718 ca00 ca3f 0 ffff 232b 232b 1a 1a 656
ef83 ef83 6880 68bf 65f1 65f1 3840 387f 0 ffff 45 45 1a 1a 657
ef83 ef83 6880 68bf 65f1 65f1 3840 387f 0 ffff 35 35 1a 1a 658
ef83 ef83 6880 68bf eebb eebb 5780 57bf 0 ffff 45 45 1a 1a 659
cd0 cd0 96ef 96ef 13ec 13ec b000 bfff 0 ffff 35 35 20 14 65a
6842 6842 cc27 cc27 20f3 20f3 7000 7fff 0 ffff 89 89 20 14 65b
cd0 cd0 96e0 96e7 afc8 afc8 1200 13ff 0 ffff 202 202 1d 17 65c
6842 6842 cc28 cc2f afc8 afc8 1200 13ff 0 ffff 45 45 1d 17 65d
8112 8112 fe68 fe6f 8c5b 8c5b 1e00 1fff 0 ffff 599 599 1d 17 65e
cd0 cd0 8000 8fff 13ec 13ec a8b0 a8b0 0 ffff 45 45 14 20 65f
6842 6842 d000 dfff 8c5b 8c5b 1c47 1c47 0 ffff 7b 7b 14 20 660
8112 8112 e000 efff eebb eebb 57ca 57ca 0 ffff 45 45 14 20 661
8112 8112 e000 efff 5718 5718 ca5f ca5f 0 ffff 45 45 14 20 662
cd0 cd0 96c0 96df afc8 afc8 1100 117f 15a4 15a4 0 ffff 1b 19 663
cd0 cd0 96c0 96df afc8 afc8 1100 117f 19 19 0 ffff 1b 19 664
ef83 ef83 68c0 68df 5718 5718 ca80 caff 19 19 0 ffff 1b 19 665
6842 6842 cc27 cc27 13ec 13ec a000 a7ff 0 ffff 714 715 20 15 666
6842 6842 cc24 cc25 8c5b 8c5b 0 fff 0 ffff 599 599 1f 14 667
6842 6842 cc40 cc7f 13ec 13ec a8c0 a8ff 1590 1590 0 ffff 1a 1a 668
ef83 ef83 6880 68bf eebb eebb 5780 57bf 50 50 0 ffff 1a 1a 669
ef83 ef83 6880 68bf 65f1 65f1 3840 387f a1 a1 0 ffff 1a 1a 66a
6842 6842 cd00 cdff 8c5b 8c5b 1c50 1c5f 0 ffff 50 50 18 1c 66b
6842 6842 cd00 cdff 8c5b 8c5b 1c50 1c5f 0 ffff 599 599 18 1c 66c
6842 6842 cd00 cdff 65f1 65f1 3800 380f 0 ffff 45 45 18 1c 66d
6842 6842 cc28 cc2f 8c5b 8c5b 1e00 1fff 19 19 0 ffff 1d 17 66e
6842 6842 cc80 ccff 65f1 65f1 3820 383f 0 ffff 45 45 19 1b 66f
6842 6842 cc80 ccff 8c5b 8c5b 1c60 1c7f 0 ffff 50 50 19 1b 670
6842 6842 cc80 ccff 8c5b 8c5b 1c60 1c7f 0 ffff 18ca 18ca 19 1b 671
6842 6842 cc80 ccff 8c5b 8c5b 1c60 1c7f 0 ffff 202 202 19 1b 672
6842 6842 cc80 ccff 13ec 13ec a880 a89f 0 ffff 15 15 19 1b 673
6842 6842 cc80 ccff 13ec 13ec a880 a89f 0 ffff 8f 8f 19 1b 674
8112 8112 fe80 feff 20f3 20f3 65e0 65ff 0 ffff 45 45 19 1b 675
8112 8112 fe80 feff 8c5b 8c5b 1c60 1c7f 0 ffff d3d d3d 19 1b 676
ef83 ef83 6800 687f eebb eebb 57e0 57ff 0 ffff 45 45 19 1b 677
ef83 ef83 6800 687f 5718 5718 ca60 ca7f 0 ffff 22ab 22ab 19 1b 678
ef83 ef83 6800 687f eebb eebb 57e0 57ff 0 ffff 50 50 19 1b 679
ef83 ef83 6800 687f 65f1 65f1 3820 383f 0 ffff a2 a2 19 1b 67a
6842 6842 cc27 cc27 8c5b 8c5b 2000 3fff 599 599 0 ffff 20 13 67b
6842 6842 cc24 cc25 65f1 65f1 2000 2fff 8f 8f 0 ffff 1f 14 67c
6842 6842 cc27 cc27 65f1 65f1 2000 2fff 16 16 0 ffff 20 14 67d
ef83 ef83 68fc 68fc 5718 5718 d000 dfff a1 a1 0 ffff 20 14 67e
ef83 ef83 68fc 68fc 65f1 65f1 2000 2fff 19 19 0 ffff 20 14 67f
6842 6842 c000 c7ff 65f1 65f1 381c 381d a1 a1 0 ffff 15 1f 680
6842 6842 c000 c7ff 8c5b 8c5b 1c44 1c45 35 35 0 ffff 15 1f 681
6842 6842 cc00 cc1f 8c5b 8c5b 1c80 1cff 66d 66e 0 ffff 1b 19 682
6842 6842 cc80 ccff 13ec 13ec a880 a89f 8f 8f 0 ffff 19 1b 683
ef83 ef83 6800 687f 65f1 65f1 3820 383f a1 a1 0 ffff 19 1b 684
ef83 ef83 6800 687f 65f1 65f1 3820 383f a1 a1 0 ffff 19 1b 685
6842 6842 cc30 cc3f 13ec 13ec a900 a9ff 1f4 1f4 0 ffff 1c 18 686
6842 6842 cc40 cc7f 13ec 13ec a8a0 a8af 0 ffff 14 17 1a 1c 687
8112 8112 fe00 fe3f eebb eebb 57d0 57df 0 ffff 14 17 1a 1c 688
6842 6842 cc28 cc2f 8c5b 8c5b 1d00 1dff 6d 6e 0 ffff 1d 18 689
ef83 ef83 68f0 68f7 65f1 65f1 3900 39ff 14 15 0 ffff 1d 18 68a
8112 8112 fe64 fe67 eebb eebb 5000 53ff 6d 6e 0 ffff 1e 16 68b
8112 8112 c000 dfff eebb eebb 57ca 57ca 0 ffff 45 45 13 20 68c
8112 8112 fe62 fe63 eebb eebb 5000 53ff 14 17 0 ffff 1f 16 68d
ef83 ef83 6c00 6fff eebb eebb 57c0 57c7 0 ffff 50 50 16 1d 68e
ef83 ef83 6900 69ff 8c5b 8c5b 1c50 1c5f 35 35 0 ffff 18 1c 68f
ef83 ef83 6900 69ff 65f1 65f1 3800 380f 157c 157c 0 ffff 18 1c 690
ef83 ef83 7000 7fff 8c5b 8c5b 1c47 1c47 599 599 0 ffff 14 20 691
ef83 ef83 68f0 68f7 8c5b 8c5b 1d00 1dff 0 ffff 14 15 1d 18 692
ef83 ef83 6900 69ff eebb eebb 57cc 57cf 0 ffff 14 17 18 1e 693
ef83 ef83 6800 687f eebb eebb 57c0 57c7 0 ffff 14 17 19 1d 694
ef83 ef83 6800 687f 65f1 65f1 3810 3817 0 ffff 14 17 19 1d 695
ef83 ef83 6880 68bf eebb eebb 57e0 57ff 14 17 0 ffff 1a 1b 696
ef83 ef83 6880 68bf 65f1 65f1 3820 383f 14 17 0 ffff 1a 1b 697
ef83 ef83 6c00 6fff eebb eebb 57cc 57cf 19 19 0 ffff 16 1e 698
ef83 ef83 68e0 68ef 65f1 65f1 3a00 3bff 0 ffff 157c 157c 1c 17 699
ef83 ef83 68e0 68ef 65f1 65f1 3a00 3bff 0 ffff 89 89 1c 17 69a
ef83 ef83 68c0 68df 65f1 65f1 3900 39ff 35 35 0 ffff 1b 18 69b
ef83 ef83 68c0 68df 65f1 65f1 3880 38ff 0 ffff 66d 66e 1b 19 69c
cd0 cd0 9000 93ff 65f1 65f1 3810 3817 0 ffff 202 202 16 1d 69d
cd0 cd0 9000 93ff 65f1 65f1 3810 3817 0 ffff 89 89 16 1d 69e
cd0 cd0 9000 93ff 13ec 13ec a8b8 a8bf 0 ffff 35 35 16 1d 69f
8112 8112 f800 fbff 8c5b 8c5b 1c48 1c4f 0 ffff 89 89 16 1d 6a0
8112 8112 f800 fbff 5718 5718 ca50 ca57 0 ffff 66d 66d 16 1d 6a1
ef83 ef83 6c00 6fff 5718 5718 ca50 ca57 0 ffff 45 45 16 1d 6a2
ef83 ef83 6c00 6fff 8c5b 8c5b 1c48 1c4f 0 ffff 45 45 16 1d 6a3
cd0 cd0 9680 96bf dfac dfac 7780 77ff 0 ffff 202 202 1a 19 6a4
6842 6842 cc40 cc7f afc8 afc8 1100 117f 0 ffff 35 35 1a 19 6a5
6842 6842 cc40 cc7f 13ec 13ec a800 a87f 0 ffff 202 202 1a 19 6a6
8112 8112 fe00 fe3f 20f3 20f3 6500 657f 0 ffff 89 89 1a 19 6a7
8112 8112 fe00 fe3f 5718 5718 ca80 caff 0 ffff 4be 4be 1a 19 6a8
ef83 ef83 6880 68bf 8c5b 8c5b 1c80 1cff 0 ffff 19 19 1a 19 6a9
ef83 ef83 6880 68bf 65f1 65f1 3880 38ff 0 ffff 50 50 1a 19 6aa
cd0 cd0 96ef 96ef 13ec 13ec 8000 9fff 0 ffff 232b 232b 20 13 6ab
cd0 cd0 9400 95ff dfac dfac 7760 777f 45 45 0 ffff 17 1b 6ac
cd0 cd0 9600 967f afc8 afc8 11c0 11ff a1 a1 0 ffff 19 1a 6ad
6842 6842 cc80 ccff 8c5b 8c5b 1c00 1c3f 599 599 0 ffff 19 1a 6ae
cd0 cd0 8000 8fff afc8 afc8 11a2 11a3 0 ffff 202 202 14 1f 6af
6842 6842 d000 dfff 13ec 13ec a8b2 a8b3 0 ffff 19 19 14 1f 6b0
8112 8112 e000 efff eebb eebb 57c8 57c9 0 ffff 45 45 14 1f 6b1
ef83 ef83 7000 7fff 65f1 65f1 381c 381d 0 ffff 202 202 14 1f 6b2
ef83 ef83 7000 7fff eebb eebb 57c8 57c9 0 ffff 202 202 14 1f 6b3
cd0 cd0 9600 967f afc8 afc8 11c0 11ff 0 ffff 50 50 19 1a 6b4
6842 6842 cc80 ccff afc8 afc8 11c0 11ff 0 ffff 232b 232b 19 1a 6b5
6842 6842 cc80 ccff 65f1 65f1 3840 387f 0 ffff 35 35 19 1a 6b6
8112 8112 fe80 feff 20f3 20f3 6580 65bf 0 ffff 45 45 19 1a 6b7
ef83 ef83 6800 687f 5718 5718 ca00 ca3f 0 ffff 45 45 19 1a 6b8
ef83 ef83 6800 687f 8c5b 8c5b 1c00 1c3f 0 ffff 202 202 19 1a 6b9
ef83 ef83 6800 687f 8c5b 8c5b 1c00 1c3f 0 ffff 159a 159a 19 1a 6ba
cd0 cd0 9400 95ff afc8 afc8 11b0 11bf a1 a1 0 ffff 17 1c 6bb
6842 6842 ce00 cfff 8c5b 8c5b 1c50 1c5f a1 a1 0 ffff 17 1c 6bc
cd0 cd0 8000 8fff afc8 afc8 11a4 11a7 0 ffff 202 202 14 1e 6bd
6842 6842 d000 dfff 8c5b 8c5b 1c40 1c43 0 ffff 50 50 14 1e 6be
ef83 ef83 7000 7fff 8c5b 8c5b 1c40 1c43 0 ffff 77 77 14 1e 6bf
cd0 cd0 8000 8fff afc8 afc8 11a2 11a3 8f 8f 0 ffff 14 1f 6c0
8112 8112 e000 efff 20f3 20f3 65c0 65c1 a1 a1 0 ffff 14 1f 6c1
8112 8112 e000 efff 5718 5718 ca5c ca5d a1 a1 0 ffff 14 1f 6c2
ef83 ef83 7000 7fff 8c5b 8c5b 1c44 1c45 15ff 15ff 0 ffff 14 1f 6c3
cd0 cd0 96e0 96e7 afc8 afc8 1400 17ff 0 ffff 202 202 1d 16 6c4
8112 8112 fe68 fe6f eebb eebb 5000 53ff 0 ffff 232b 232b 1d 16 6c5
ef83 ef83 68f0 68f7 65f1 65f1 3c00 3fff 0 ffff 45 45 1d 16 6c6
ef83 ef83 68f0 68f7 65f1 65f1 3c00 3fff 0 ffff 19 19 1d 16 6c7
6842 6842 cc20 cc23 20f3 20f3 6000 63ff 66d 66e 0 ffff 1e 16 6c8
6842 6842 cc30 cc3f 65f1 65f1 3a00 3bff 1586 1586 0 ffff 1c 17 6c9
8112 8112 fe70 fe7f eebb eebb 5400 55ff 15ae 15ae 0 ffff 1c 17 6ca
6842 6842 cd00 cdff afc8 afc8 1180 119f 0 ffff 19 19 18 1b 6cb
6842 6842 cd00 cdff 8c5b 8c5b 1c60 1c7f 0 ffff 50 50 18 1b 6cc
8112 8112 ff00 ffff 20f3 20f3 65e0 65ff 0 ffff a2 a2 18 1b 6cd
ef83 ef83 6900 69ff 65f1 65f1 3820 383f 0 ffff 45 45 18 1b 6ce
6842 6842 cc24 cc25 afc8 afc8 0 fff 19 19 0 ffff 1f 14 6cf
6842 6842 cc24 cc25 8c5b 8c5b 0 fff 35 35 0 ffff 1f 14 6d0
6842 6842 cc24 cc25 8c5b 8c5b 0 fff 45 45 0 ffff 1f 14 6d1
ef83 ef83 68fe 68ff 65f1 65f1 2000 2fff 15a4 15a4 0 ffff 1f 14 6d2
6842 6842 cc30 cc3f 13ec 13ec aa00 abff 0 ffff a2 a2 1c 17 6d3
6842 6842 cc30 cc3f 65f1 65f1 3a00 3bff 0 ffff 45 45 1c 17 6d4
8112 8112 fe70 fe7f 8c5b 8c5b 1e00 1fff 0 ffff 45 45 1c 17 6d5
8112 8112 fe70 fe7f 5718 5718 c800 c9ff 0 ffff 50 50 1c 17 6d6
ef83 ef83 68e0 68ef 8c5b 8c5b 1e00 1fff 0 ffff 202 202 1c 17 6d7
6842 6842 c000 c7ff 65f1 65f1 3818 381b 0 ffff 202 202 15 1e 6d8
6842 6842 c000 c7ff 8c5b 8c5b 1c40 1c43 0 ffff 16 16 15 1e 6d9
ef83 ef83 6000 67ff 65f1 65f1 3818 381b 0 ffff 202 202 15 1e 6da
6842 6842 cd00 cdff 8c5b 8c5b 1c60 1c7f 14 15 0 ffff 18 1b 6db
6842 6842 cc24 cc25 13ec 13ec b000 bfff 0 ffff 50 50 1f 14 6dc
ef83 ef83 68fe 68ff 5718 5718 d000 dfff 0 ffff 202 202 1f 14 6dd
6842 6842 cc30 cc3f 13ec 13ec a800 a87f 14 17 0 ffff 1c 19 6de
6842 6842 cc28 cc2f 8c5b 8c5b 1d00 1dff 14 17 0 ffff 1d 18 6df
6842 6842 c800 cbff 8c5b 8c5b 1c48 1c4f 17 17 0 ffff 16 1d 6e0
6842 6842 cc24 cc25 65f1 65f1 3000 37ff 6d 6e 0 ffff 1f 15 6e1
ef83 ef83 68fe 68ff eebb eebb 5800 5fff 6d 6e 0 ffff 1f 15 6e2
ef83 ef83 68fe 68ff 65f1 65f1 3000 37ff 6d 6e 0 ffff 1f 15 6e3
6842 6842 cc20 cc23 13ec 13ec a000 a7ff 599 599 0 ffff 1e 15 6e4
6842 6842 cc20 cc23 13ec 13ec a000 a7ff 16 16 0 ffff 1e 15 6e5
ef83 ef83 68f8 68fb 8c5b 8c5b 1000 17ff 50 50 0 ffff 1e 15 6e6
6842 6842 cc80 ccff 65f1 65f1 3800 380f 14 17 0 ffff 19 1c 6e7
6842 6842 ce00 cfff 13ec 13ec a880 a89f 0 ffff 7b 7b 17 1b 6e8
6842 6842 cc30 cc3f 65f1 65f1 3a00 3bff 14 15 0 ffff 1c 17 6e9
6842 6842 ce00 cfff 8c5b 8c5b 1c48 1c4f 0 ffff 6d 6e 17 1d 6ea
6842 6842 cc80 ccff 8c5b 8c5b 1c60 1c7f 0 ffff 14 15 19 1b 6eb
6842 6842 cc40 cc7f 13ec 13ec a880 a89f 14 17 0 ffff 1a 1b 6ec
6842 6842 cc20 cc23 8c5b 8c5b 1000 17ff 0 ffff 202 202 1e 15 6ed
6842 6842 e000 ffff 13ec 13ec a8b0 a8b0 0 ffff 202 202 13 20 6ee
8112 8112 c000 dfff 20f3 20f3 65c2 65c2 0 ffff 35 35 13 20 6ef
ef83 ef83 4000 5fff 8c5b 8c5b 1c47 1c47 0 ffff 232b 232b 13 20 6f0
6842 6842 cc28 cc2f 8c5b 8c5b 1800 1bff 8a 8a 0 ffff 1d 16 6f1
8112 8112 ff00 ffff 8c5b 8c5b 1c50 1c5f 14 15 0 ffff 18 1c 6f2
8112 8112 fe70 fe7f 20f3 20f3 6000 63ff 50 50 0 ffff 1c 16 6f3
8112 8112 fe70 fe7f eebb eebb 5000 53ff a1 a1 0 ffff 1c 16 6f4
8112 8112 fe70 fe7f 20f3 20f3 6400 64ff 0 ffff 6d 6e 1c 18 6f5
8112 8112 fe00 fe3f 8c5b 8c5b 1c00 1c3f 66d 66e 0 ffff 1a 1a 6f6
8112 8112 fc00 fdff 8c5b 8c5b 1c50 1c5f 0 ffff 22ab 22ab 17 1c 6f7
ef83 ef83 6a00 6bff eebb eebb 57d0 57df 0 ffff 45 45 17 1c 6f8
8112 8112 fe62 fe63 5718 5718 d000 dfff 0 ffff 14 15 1f 14 6f9
ef83 ef83 68c0 68df 5718 5718 ca80 caff 0 ffff 6d 6e 1b 19 6fa
ef83 ef83 6a00 6bff 5718 5718 ca58 ca5b 0 ffff 14 17 17 1e 6fb
ef83 ef83 6900 69ff 8c5b 8c5b 1c00 1c3f 0 ffff 35 35 18 1a 6fc
ef83 ef83 6900 69ff 65f1 65f1 3840 387f 0 ffff 45 45 18 1a 6fd
ef83 ef83 68fc 68fc 5718 5718 d000 dfff 6d 6e 0 ffff 20 14 6fe
ef83 ef83 6a00 6bff 5718 5718 ca50 ca57 14 15 0 ffff 17 1d 6ff
ef83 ef83 68c0 68df 5718 5718 c800 c9ff 0 ffff 159a 159a 1b 17 700
ef83 ef83 68c0 68df eebb eebb 5400 55ff 0 ffff 8b 8b 1b 17 701
ef83 ef83 68c0 68df 65f1 65f1 3a00 3bff 0 ffff 232b 232b 1b 17 702
ef83 ef83 6880 68bf 5718 5718 ca80 caff 19 19 0 ffff 1a 19 703
ef83 ef83 68f0 68f7 8c5b 8c5b 1000 17ff 0 ffff 599 599 1d 15 704
ef83 ef83 68fe 68ff eebb eebb 4000 4fff 66d 66e 0 ffff 1f 14 705
ef83 ef83 6880 68bf 8c5b 8c5b 1d00 1dff 1f4 1f4 0 ffff 1a 18 706
ef83 ef83 68fd 68fd 65f1 65f1 4000 7fff a1 a1 0 ffff 20 12 707
ef83 ef83 6880 68bf 65f1 65f1 3900 39ff 0 ffff 89 89 1a 18 708
ef83 ef83 6800 687f eebb eebb 5700 577f 0 ffff 1b58 1b58 19 19 709
ef83 ef83 6800 687f 65f1 65f1 3820 383f 0 ffff 14 17 19 1b 70a
cd0 cd0 96f0 96ff dfac dfac 7000 73ff 0 ffff 50 50 1c 16 70b
6842 6842 cc30 cc3f afc8 afc8 1400 17ff 0 ffff 1f4 1f4 1c 16 70c
6842 6842 cc30 cc3f 65f1 65f1 3c00 3fff 0 ffff 232b 232b 1c 16 70d
ef83 ef83 68e0 68ef 5718 5718 cc00 cfff 0 ffff 16 16 1c 16 70e
ef83 ef83 68e0 68ef 65f1 65f1 3c00 3fff 0 ffff 66d 66d 1c 16 70f
ef83 ef83 68e0 68ef 65f1 65f1 3c00 3fff 0 ffff 45 45 1c 16 710
cd0 cd0 96ef 96ef 65f1 65f1 0 1fff 14 17 0 ffff 20 13 711
cd0 cd0 c000 ffff 65f1 65f1 381f 381f 0 ffff 6d 6e 12 20 712
cd0 cd0 9700 97ff 65f1 65f1 3840 387f 8f 8f 0 ffff 18 1a 713
6842 6842 cd00 cdff 8c5b 8c5b 1c00 1c3f a1 a1 0 ffff 18 1a 714
cd0 cd0 96e8 96eb 65f1 65f1 2000 2fff 0 ffff 45 45 1e 14 715
8112 8112 fe64 fe67 5718 5718 d000 dfff 0 ffff a2 a2 1e 14 716
ef83 ef83 68f8 68fb 65f1 65f1 2000 2fff 0 ffff 45 45 1e 14 717
cd0 cd0 9000 93ff afc8 afc8 11b0 11bf 0 ffff 16 16 16 1c 718
8112 8112 f800 fbff 8c5b 8c5b 1c50 1c5f 0 ffff 66d 66d 16 1c 719
8112 8112 f800 fbff 5718 5718 ca40 ca4f 0 ffff 599 599 16 1c 71a
ef83 ef83 6c00 6fff 5718 5718 ca40 ca4f 0 ffff a1 a1 16 1c 71b
cd0 cd0 96f0 96ff afc8 afc8 1200 13ff 14 17 0 ffff 1c 17 71c
cd0 cd0 8000 8fff afc8 afc8 11a2 11a3 0 ffff 6d 6e 14 1f 71d
ef83 ef83 7000 7fff 8c5b 8c5b 1c44 1c45 0 ffff 6d 6e 14 1f 71e
cd0 cd0 9400 95ff 65f1 65f1 3840 387f a1 a1 0 ffff 17 1a 71f
cd0 cd0 9000 93ff afc8 afc8 11b0 11bf 599 599 0 ffff 16 1c 720
cd0 cd0 9000 93ff afc8 afc8 11b0 11bf 599 599 0 ffff 16 1c 721
cd0 cd0 9000 93ff afc8 afc8 11b0 11bf 1586 1586 0 ffff 16 1c 722
ef83 ef83 6c00 6fff 8c5b 8c5b 1c50 1c5f a1 a1 0 ffff 16 1c 723
cd0 cd0 8000 8fff 13ec 13ec a8b4 a8b7 0 ffff 232b 232b 14 1e 724
cd0 cd0 a000 bfff 13ec 13ec a8b4 a8b7 599 599 0 ffff 13 1e 725
6842 6842 e000 ffff 8c5b 8c5b 1c40 1c43 8f 8f 0 ffff 13 1e 726
cd0 cd0 96ef 96ef 13ec 13ec 8000 9fff 14 15 0 ffff 20 13 727
cd0 cd0 9600 967f afc8 afc8 1000 10ff 87 87 0 ffff 19 18 728
6842 6842 cc20 cc23 afc8 afc8 2000 3fff 1f4 1f4 0 ffff 1e 13 729
6842 6842 cc20 cc23 65f1 65f1 0 1fff 15ae 15ae 0 ffff 1e 13 72a
6842 6842 cc28 cc2f 20f3 20f3 6800 6fff 0 ffff 202 202 1d 15 72b
8112 8112 fe68 fe6f eebb eebb 5800 5fff 0 ffff 71 71 1d 15 72c
ef83 ef83 68f0 68f7 8c5b 8c5b 1000 17ff 0 ffff 71 71 1d 15 72d
6842 6842 cc80 ccff afc8 afc8 1100 117f 19 19 0 ffff 19 19 72e
ef83 ef83 6800 687f 8c5b 8c5b 1c80 1cff 35 35 0 ffff 19 19 72f
ef83 ef83 6800 687f 65f1 65f1 3880 38ff 15ae 15ae 0 ffff 19 19 730
6842 6842 cd00 cdff afc8 afc8 11b0 11bf 14 17 0 ffff 18 1c 731
6842 6842 c000 c7ff afc8 afc8 11a4 11a7 0 ffff 6d 6e 15 1e 732
8112 8112 f000 f7ff 5718 5718 ca58 ca5b 0 ffff 14 15 15 1e 733
6842 6842 cc24 cc25 afc8 afc8 2000 3fff 0 ffff 35 35 1f 13 734
6842 6842 c000 c7ff 65f1 65f1 3810 3817 0 ffff 35 35 15 1d 735
6842 6842 c000 c7ff 8c5b 8c5b 1c48 1c4f 0 ffff 45 45 15 1d 736
ef83 ef83 6000 67ff 65f1 65f1 3810 3817 0 ffff 35 35 15 1d 737
6842 6842 8000 bfff 65f1 65f1 381f 381f 15ae 15ae 0 ffff 12 20 738
6842 6842 cc80 ccff 8c5b 8c5b 1c00 1c3f 0 ffff 6d 6e 19 1a 739
6842 6842 cc40 cc7f 8c5b 8c5b 1e00 1fff 599 599 0 ffff 1a 17 73a
6842 6842 cc30 cc3f 8c5b 8c5b 1000 17ff 0 ffff 1bd 1bd 1c 15 73b
6842 6842 cc40 cc7f 8c5b 8c5b 1d00 1dff 0 ffff 14 15 1a 18 73c
6842 6842 ce00 cfff 65f1 65f1 3820 383f 0 ffff 202 202 17 1b 73d
ef83 ef83 6a00 6bff 8c5b 8c5b 1c60 1c7f 0 ffff 50 50 17 1b 73e
ef83 ef83 6a00 6bff 65f1 65f1 3820 383f 0 ffff 202 202 17 1b 73f
6842 6842 d000 dfff 8c5b 8c5b 1c40 1c43 a1 a1 0 ffff 14 1e 740
6842 6842 cc80 ccff 8c5b 8c5b 1c80 1cff 0 ffff 232b 232b 19 19 741
8112 8112 fe80 feff 20f3 20f3 6500 657f 0 ffff 45 45 19 19 742
8112 8112 fe80 feff 5718 5718 ca80 caff 0 ffff 19 19 19 19 743
8112 8112 fe80 feff 5718 5718 ca80 caff 0 ffff 232b 232b 19 19 744
ef83 ef83 6800 687f 65f1 65f1 3880 38ff 0 ffff 19 19 19 19 745
6842 6842 cc40 cc7f 8c5b 8c5b 1d00 1dff 16 16 0 ffff 1a 18 746
6842 6842 cc00 cc1f 8c5b 8c5b 1e00 1fff 0 ffff 20c 20c 1b 17 747
8112 8112 fe40 fe5f eebb eebb 5400 55ff 0 ffff 50 50 1b 17 748
8112 8112 fe40 fe5f eebb eebb 5400 55ff 0 ffff 66e 66e 1b 17 749
ef83 ef83 68c0 68df 5718 5718 c800 c9ff 0 ffff 599 599 1b 17 74a
ef83 ef83 68c0 68df 65f1 65f1 3a00 3bff 0 ffff 19 19 1b 17 74b
ef83 ef83 68c0 68df 65f1 65f1 3a00 3bff 0 ffff 45 45 1b 17 74c
8112 8112 f800 fbff 20f3 20f3 65e0 65ff 0 ffff 50 50 16 1b 74d
ef83 ef83 6c00 6fff eebb eebb 57e0 57ff 0 ffff 202 202 16 1b 74e
8112 8112 fe64 fe67 afc8 afc8 0 fff a1 a1 0 ffff 1e 14 74f
8112 8112 fc00 fdff 8c5b 8c5b 1c60 1c7f 35 35 0 ffff 17 1b 750
8112 8112 fc00 fdff 8c5b 8c5b 1c50 1c5f 0 ffff 14 15 17 1c 751
ef83 ef83 6a00 6bff eebb eebb 57d0 57df 0 ffff 6d 6e 17 1c 752
8112 8112 fe61 fe61 eebb eebb 0 3fff 8f 8f 0 ffff 20 12 753
ef83 ef83 68fc 68fc 5718 5718 8000 bfff 50 50 0 ffff 20 12 754
8112 8112 fe68 fe6f 5718 5718 c000 c7ff a1 a1 0 ffff 1d 15 755
8112 8112 f800 fbff eebb eebb 57c0 57c7 0 ffff 6d 6e 16 1d 756
8112 8112 c000 dfff 8c5b 8c5b 1c44 1c45 0 ffff 66d 66e 13 1f 757
8112 8112 fe00 fe3f 8c5b 8c5b 1e00 1fff 0 ffff 45 45 1a 17 758
8112 8112 fe64 fe67 8c5b 8c5b 2000 3fff 0 ffff 45 45 1e 13 759
8112 8112 fe68 fe6f eebb eebb 5000 53ff 66d 66e 0 ffff 1d 16 75a
ef83 ef83 68c0 68df 5718 5718 c800 c9ff 599 599 0 ffff 1b 17 75b
ef83 ef83 68c0 68df 5718 5718 c800 c9ff 35 35 0 ffff 1b 17 75c
ef83 ef83 68c0 68df eebb eebb 5400 55ff 19 19 0 ffff 1b 17 75d
ef83 ef83 6900 69ff 5718 5718 ca00 ca3f 0 ffff 15a4 15a4 18 1a 75e
ef83 ef83 6900 69ff 65f1 65f1 3840 387f 0 ffff 45 45 18 1a 75f
ef83 ef83 4000 5fff 5718 5718 ca5c ca5d 0 ffff 45 45 13 1f 760
ef83 ef83 6880 68bf 5718 5718 ca80 caff 0 ffff 66d 66e 1a 19 761
ef83 ef83 6900 69ff 5718 5718 ca00 ca3f 0 ffff 6d 6e 18 1a 762
ef83 ef83 6000 67ff 8c5b 8c5b 1c44 1c45 0 ffff 14 17 15 1f 763
ef83 ef83 6000 67ff 65f1 65f1 381c 381d 0 ffff 14 17 15 1f 764
ef83 ef83 68e0 68ef 65f1 65f1 3900 39ff 0 ffff 14 17 1c 18 765
ef83 ef83 68c0 68df 8c5b 8c5b 1d00 1dff 0 ffff 66d 66e 1b 18 766
ef83 ef83 68c0 68df eebb eebb 5000 53ff a1 a1 0 ffff 1b 16 767
ef83 ef83 6800 687f 8c5b 8c5b 1d00 1dff 0 ffff 45 45 19 18 768
ef83 ef83 6900 69ff 65f1 65f1 3880 38ff 0 ffff 45 45 18 19 769
ef83 ef83 68fe 68ff eebb eebb 6000 7fff a1 a1 0 ffff 1f 13 76a
ef83 ef83 68fe 68ff 8c5b 8c5b 2000 3fff 35 35 0 ffff 1f 13 76b
ef83 ef83 6880 68bf 65f1 65f1 3900 39ff 0 ffff 89 89 1a 18 76c
ef83 ef83 6880 68bf 65f1 65f1 3900 39ff 0 ffff 1b58 1b58 1a 18 76d
ef83 ef83 68e0 68ef 65f1 65f1 3a00 3bff 0 ffff 6d 6e 1c 17 76e
ef83 ef83 0 3fff eebb eebb 57ca 57ca 0 ffff 232b 232b 12 20 76f
ef83 ef83 68f8 68fb eebb eebb 5800 5fff 66d 66e 0 ffff 1e 15 770
ef83 ef83 6000 67ff 65f1 65f1 3810 3817 1600 1600 0 ffff 15 1d 771
ef83 ef83 6000 67ff 65f1 65f1 3800 380f 0 ffff a1 a1 15 1c 772
cd0 cd0 9680 96bf dfac dfac 7400 75ff a1 a1 0 ffff 1a 17 773
6842 6842 cc40 cc7f 8c5b 8c5b 1e00 1fff 35 35 0 ffff 1a 17 774
ef83 ef83 6880 68bf 65f1 65f1 3a00 3bff a1 a1 0 ffff 1a 17 775
cd0 cd0 a000 bfff dfac dfac 7744 7747 35 35 0 ffff 13 1e 776
cd0 cd0 96ef 96ef 13ec 13ec a8b0 a8b0 0 ffff 400 ffff 20 20 777
cd0 cd0 96ef 96ef afc8 afc8 11a1 11a1 0 ffff 400 ffff 20 20 778
cd0 cd0 96ef 96ef 65f1 65f1 381f 381f 0 ffff 400 ffff 20 20 779
6842 6842 cc27 cc27 afc8 afc8 11a1 11a1 0 ffff 400 ffff 20 20 77a
6842 6842 cc27 cc27 65f1 65f1 381f 381f 0 ffff 400 ffff 20 20 77b
6842 6842 cc27 cc27 13ec 13ec a8b0 a8b0 0 ffff 400 ffff 20 20 77c
6842 6842 cc27 cc27 8c5b 8c5b 1c47 1c47 0 ffff 400 ffff 20 20 77d
6842 6842 cc26 cc26 8c5b 8c5b 1c47 1c47 0 ffff 400 ffff 20 20 77e
6842 6842 cc26 cc26 13ec 13ec a8b0 a8b0 0 ffff 400 ffff 20 20 77f
6842 6842 cc26 cc26 65f1 65f1 381f 381f 0 ffff 400 ffff 20 20 780
8112 8112 fe61 fe61 20f3 20f3 65c2 65c2 0 ffff 400 ffff 20 20 781
8112 8112 fe61 fe61 8c5b 8c5b 1c47 1c47 0 ffff 400 ffff 20 20 782
8112 8112 fe61 fe61 eebb eebb 57ca 57ca 0 ffff 400 ffff 20 20 783
8112 8112 fe61 fe61 5718 5718 ca5f ca5f 0 ffff 400 ffff 20 20 784
8112 8112 fe61 fe61 afc8 afc8 11a1 11a1 0 ffff 400 ffff 20 20 785
ef83 ef83 68fc 68fc 8c5b 8c5b 1c47 1c47 0 ffff 400 ffff 20 20 786
ef83 ef83 68fc 68fc 5718 5718 ca5f ca5f 0 ffff 400 ffff 20 20 787
ef83 ef83 68fc 68fc eebb eebb 57ca 57ca 0 ffff 400 ffff 20 20 788
ef83 ef83 68fc 68fc 65f1 65f1 381e 381e 0 ffff 400 ffff 20 20 789
ef83 ef83 68fd 68fd 65f1 65f1 381e 381e 0 ffff 400 ffff 20 20 78a
ef83 ef83 68fd 68fd 8c5b 8c5b 1c47 1c47 0 ffff 400 ffff 20 20 78b
ef83 ef83 68fd 68fd dfac dfac 7741 7741 0 ffff 400 ffff 20 20 78c
ef83 ef83 68fd 68fd 65f1 65f1 381f 381f 0 ffff 400 ffff 20 20 78d
ef83 ef83 68fd 68fd eebb eebb 57ca 57ca 0 ffff 400 ffff 20 20 78e
cd0 cd0 a000 bfff afc8 afc8 11a4 11a7 0 ffff 1b3a 1b3a 13 1e 78f
6842 6842 e000 ffff afc8 afc8 11a4 11a7 0 ffff 50 50 13 1e 790
6842 6842 e000 ffff 65f1 65f1 3818 381b 0 ffff 66e 66e 13 1e 791
6842 6842 e000 ffff 8c5b 8c5b 1c40 1c43 0 ffff 35 35 13 1e 792
ef83 ef83 4000 5fff 5718 5718 ca58 ca5b 0 ffff 6bb 6bb 13 1e 793
ef83 ef83 4000 5fff 8c5b 8c5b 1c40 1c43 0 ffff 50 50 13 1e 794
ef83 ef83 4000 5fff 65f1 65f1 3818 381b 0 ffff 71 71 13 1e 795
cd0 cd0 9000 93ff afc8 afc8 11c0 11ff 0 ffff 45 45 16 1a 796
cd0 cd0 96e0 96e7 afc8 afc8 1400 17ff 14 17 0 ffff 1d 16 797
ef83 ef83 68f0 68f7 eebb eebb 5000 53ff 14 17 0 ffff 1d 16 798
cd0 cd0 9600 967f 65f1 65f1 3900 39ff 0 ffff 45 45 19 18 799
8112 8112 fe80 feff eebb eebb 5600 56ff 0 ffff 50 50 19 18 79a
ef83 ef83 6800 687f 8c5b 8c5b 1d00 1dff 0 ffff 45 45 19 18 79b
ef83 ef83 6800 687f 65f1 65f1 3900 39ff 0 ffff 45 45 19 18 79c
ef83 ef83 6800 687f 65f1 65f1 3900 39ff 0 ffff 50 50 19 18 79d
cd0 cd0 96e8 96eb afc8 afc8 2000 3fff 0 ffff 202 202 1e 13 79e
ef83 ef83 68f8 68fb 8c5b 8c5b 2000 3fff 0 ffff a2 a2 1e 13 79f
cd0 cd0 96c0 96df 13ec 13ec ac00 afff 0 ffff 15ff 15ff 1b 16 7a0
cd0 cd0 96c0 96df 65f1 65f1 3c00 3fff 0 ffff 35 35 1b 16 7a1
8112 8112 fe40 fe5f 20f3 20f3 6000 63ff 0 ffff 45 45 1b 16 7a2
8112 8112 fe40 fe5f 5718 5718 cc00 cfff 0 ffff a1 a1 1b 16 7a3
ef83 ef83 68c0 68df 5718 5718 cc00 cfff 0 ffff 50 50 1b 16 7a4
ef83 ef83 68c0 68df 65f1 65f1 3c00 3fff 0 ffff 45 45 1b 16 7a5
ef83 ef83 68c0 68df 8c5b 8c5b 1800 1bff 0 ffff 45 45 1b 16 7a6
ef83 ef83 68c0 68df 8c5b 8c5b 1800 1bff 0 ffff 232b 232b 1b 16 7a7
ef83 ef83 68c0 68df 65f1 65f1 3c00 3fff 0 ffff 77 77 1b 16 7a8
ef83 ef83 68c0 68df eebb eebb 5000 53ff 0 ffff 45 45 1b 16 7a9
cd0 cd0 9000 93ff 13ec 13ec a880 a89f 0 ffff 50 50 16 1b 7aa
6842 6842 c800 cbff 8c5b 8c5b 1c60 1c7f 0 ffff 66e 66e 16 1b 7ab
8112 8112 f800 fbff eebb eebb 57e0 57ff 0 ffff 45 45 16 1b 7ac
ef83 ef83 6c00 6fff 5718 5718 ca60 ca7f 0 ffff 50 50 16 1b 7ad
ef83 ef83 6c00 6fff eebb eebb 57e0 57ff 0 ffff 50 50 16 1b 7ae
ef83 ef83 6c00 6fff 65f1 65f1 3820 383f 0 ffff 8f 8f 16 1b 7af
ef83 ef83 6c00 6fff 65f1 65f1 3820 383f 0 ffff 1b58 1b58 16 1b 7b0
ef83 ef83 6c00 6fff 65f1 65f1 3820 383f 0 ffff 1586 1586 16 1b 7b1
cd0 cd0 96ec 96ed afc8 afc8 4000 7fff 0 ffff 45 45 1f 12 7b2
ef83 ef83 68fe 68ff eebb eebb 0 3fff 0 ffff 599 599 1f 12 7b3
6842 6842 c000 c7ff 65f1 65f1 3800 380f 0 ffff 6d 6e 15 1c 7b4
6842 6842 cc27 cc27 afc8 afc8 8000 ffff 0 ffff 45 45 20 11 7b5
6842 6842 cd00 cdff afc8 afc8 1100 117f 1586 1586 0 ffff 18 19 7b6
ef83 ef83 6900 69ff eebb eebb 5700 577f a1 a1 0 ffff 18 19 7b7
6842 6842 cd00 cdff 65f1 65f1 3880 38ff 0 ffff 45 45 18 19 7b8
8112 8112 ff00 ffff eebb eebb 5700 577f 0 ffff 35 35 18 19 7b9
ef83 ef83 6900 69ff 5718 5718 ca80 caff 0 ffff 8b 8b 18 19 7ba
ef83 ef83 6900 69ff 65f1 65f1 3880 38ff 0 ffff 35 35 18 19 7bb
ef83 ef83 6900 69ff dfac dfac 7780 77ff 0 ffff 45 45 18 19 7bc
ef83 ef83 6900 69ff 65f1 65f1 3880 38ff 0 ffff 45 45 18 19 7bd
ef83 ef83 6900 69ff 65f1 65f1 3880 38ff 0 ffff 202 202 18 19 7be
6842 6842 ce00 cfff 8c5b 8c5b 1c00 1c3f 0 ffff 202 202 17 1a 7bf
6842 6842 ce00 cfff 8c5b 8c5b 1c00 1c3f 0 ffff 89 89 17 1a 7c0
ef83 ef83 6a00 6bff 65f1 65f1 3840 387f 0 ffff 89 89 17 1a 7c1
6842 6842 cd00 cdff 8c5b 8c5b 1c00 1c3f 0 ffff 14 15 18 1a 7c2
6842 6842 cd00 cdff 13ec 13ec a900 a9ff 15ae 15ae 0 ffff 18 18 7c3
6842 6842 cc40 cc7f 8c5b 8c5b 1e00 1fff 0 ffff a1 a1 1a 17 7c4
6842 6842 cc40 cc7f 65f1 65f1 3a00 3bff 0 ffff 202 202 1a 17 7c5
6842 6842 cc80 ccff 8c5b 8c5b 1d00 1dff 0 ffff 714 715 19 18 7c6
6842 6842 c000 c7ff 8c5b 8c5b 1c50 1c5f 0 ffff 15a4 15a4 15 1c 7c7
8112 8112 f000 f7ff 20f3 20f3 65d0 65df 0 ffff 50 50 15 1c 7c8
8112 8112 f000 f7ff 20f3 20f3 65d0 65df 0 ffff 202 202 15 1c 7c9
8112 8112 f000 f7ff 8c5b 8c5b 1c50 1c5f 0 ffff 202 202 15 1c 7ca
6842 6842 cc30 cc3f 8c5b 8c5b 1000 17ff 14 15 0 ffff 1c 15 7cb
6842 6842 cc20 cc23 65f1 65f1 0 1fff 19 19 0 ffff 1e 13 7cc
ef83 ef83 68f8 68fb 8c5b 8c5b 2000 3fff 159a 159a 0 ffff 1e 13 7cd
6842 6842 cc40 cc7f 8c5b 8c5b 1800 1bff a1 a1 0 ffff 1a 16 7ce
6842 6842 cc28 cc2f 13ec 13ec a000 a7ff 14 17 0 ffff 1d 15 7cf
6842 6842 ce00 cfff 13ec 13ec a8c0 a8ff 19 19 0 ffff 17 1a 7d0
6842 6842 ce00 cfff 8c5b 8c5b 1c80 1cff 0 ffff 599 599 17 19 7d1
ef83 ef83 6a00 6bff 5718 5718 ca80 caff 0 ffff 50 50 17 19 7d2
6842 6842 e000 ffff 8c5b 8c5b 1c47 1c47 0 ffff 14 17 13 20 7d3
ef83 ef83 4000 5fff 65f1 65f1 381f 381f 0 ffff 14 17 13 20 7d4
6842 6842 cc30 cc3f 65f1 65f1 3000 37ff 0 ffff 87 87 1c 15 7d5
6842 6842 cc30 cc3f 8c5b 8c5b 1000 17ff 0 ffff 232b 232b 1c 15 7d6
ef83 ef83 68e0 68ef 65f1 65f1 3000 37ff 0 ffff 202 202 1c 15 7d7
6842 6842 c000 c7ff 8c5b 8c5b 1c40 1c43 0 ffff 14 17 15 1e 7d8
6842 6842 d000 dfff 65f1 65f1 3810 3817 0 ffff 50 50 14 1d 7d9
ef83 ef83 7000 7fff eebb eebb 57c0 57c7 0 ffff 4be 4be 14 1d 7da
ef83 ef83 7000 7fff 8c5b 8c5b 1c48 1c4f 0 ffff a2 a2 14 1d 7db
6842 6842 cc00 cc1f 13ec 13ec aa00 abff 14 17 0 ffff 1b 17 7dc
6842 6842 c800 cbff 65f1 65f1 3800 380f 66d 66e 0 ffff 16 1c 7dd
6842 6842 c000 c7ff 13ec 13ec a8a0 a8af 7b 7b 0 ffff 15 1c 7de
8112 8112 f000 f7ff 20f3 20f3 65c8 65cf 0 ffff 66d 66e 15 1d 7df
8112 8112 fe68 fe6f 20f3 20f3 7000 7fff 0 ffff 45 45 1d 14 7e0
ef83 ef83 68f0 68f7 eebb eebb 4000 4fff 0 ffff 232b 232b 1d 14 7e1
8112 8112 f800 fbff 20f3 20f3 65e0 65ff 0 ffff 6d 6e 16 1b 7e2
ef83 ef83 6c00 6fff 65f1 65f1 3820 383f 0 ffff 66d 66e 16 1b 7e3
8112 8112 fe61 fe61 5718 5718 ca5f ca5f 0 ffff 0 ffff 20 20 7e4
8112 8112 fe62 fe63 5718 5718 8000 bfff 14 15 0 ffff 1f 12 7e5
8112 8112 f800 fbff 5718 5718 ca40 ca4f 0 ffff 14 15 16 1c 7e6
8112 8112 c000 dfff 5718 5718 ca5c ca5d 0 ffff 14 17 13 1f 7e7
8112 8112 fe80 feff 5718 5718 cb00 cbff 50 50 0 ffff 19 18 7e8
ef83 ef83 7000 7fff 5718 5718 ca58 ca5b 0 ffff 6d 6e 14 1e 7e9
ef83 ef83 68fc 68fc 5718 5718 8000 bfff 6d 6e 0 ffff 20 12 7ea
ef83 ef83 4000 5fff 8c5b 8c5b 1c44 1c45 0 ffff 6d 6e 13 1f 7eb
ef83 ef83 6880 68bf 65f1 65f1 3900 39ff 0 ffff 14 15 1a 18 7ec
ef83 ef83 6900 69ff 65f1 65f1 3880 38ff 6d 6e 0 ffff 18 19 7ed
ef83 ef83 0 3fff eebb eebb 57ca 57ca 0 ffff 66d 66e 12 20 7ee
ef83 ef83 68c0 68df 8c5b 8c5b 1d00 1dff 14 17 0 ffff 1b 18 7ef
ef83 ef83 6a00 6bff 65f1 65f1 3820 383f 0 ffff 14 17 17 1b 7f0
ef83 ef83 68e0 68ef 8c5b 8c5b 1000 17ff a1 a1 0 ffff 1c 15 7f1
ef83 ef83 68c0 68df 65f1 65f1 3a00 3bff 0 ffff 14 17 1b 17 7f2
ef83 ef83 8000 ffff eebb eebb 57ca 57ca 0 ffff 50 50 11 20 7f3
ef83 ef83 68fd 68fd 65f1 65f1 8000 ffff 1586 1586 0 ffff 20 11 7f4
cd0 cd0 96ef 96ef dfac dfac 7742 7743 0 ffff 400 ffff 20 1f 7f5
cd0 cd0 96ef 96ef 65f1 65f1 381c 381d 0 ffff 400 ffff 20 1f 7f6
cd0 cd0 96ef 96ef afc8 afc8 11a2 11a3 0 ffff 400 ffff 20 1f 7f7
cd0 cd0 96ef 96ef 13ec 13ec a8b2 a8b3 0 ffff 400 ffff 20 1f 7f8
6842 6842 cc27 cc27 afc8 afc8 11a2 11a3 0 ffff 400 ffff 20 1f 7f9
6842 6842 cc27 cc27 65f1 65f1 381c 381d 0 ffff 400 ffff 20 1f 7fa
6842 6842 cc27 cc27 13ec 13ec a8b2 a8b3 0 ffff 400 ffff 20 1f 7fb
6842 6842 cc27 cc27 8c5b 8c5b 1c44 1c45 0 ffff 400 ffff 20 1f 7fc
6842 6842 cc26 cc26 8c5b 8c5b 1c44 1c45 0 ffff 400 ffff 20 1f 7fd
6842 6842 cc26 cc26 13ec 13ec a8b2 a8b3 0 ffff 400 ffff 20 1f 7fe
6842 6842 cc26 cc26 65f1 65f1 381c 381d 0 ffff 400 ffff 20 1f 7ff
8112 8112 fe61 fe61 5718 5718 ca5c ca5d 0 ffff 400 ffff 20 1f 800
8112 8112 fe61 fe61 eebb eebb 57c8 57c9 0 ffff 400 ffff 20 1f 801
ef83 ef83 68fc 68fc 5718 5718 ca5c ca5d 0 ffff 400 ffff 20 1f 802
ef83 ef83 68fc 68fc 8c5b 8c5b 1c44 1c45 0 ffff 400 ffff 20 1f 803
ef83 ef83 68fc 68fc 65f1 65f1 381c 381d 0 ffff 400 ffff 20 1f 804
ef83 ef83 68fd 68fd 65f1 65f1 381c 381d 0 ffff 400 ffff 20 1f 805
ef83 ef83 68fd 68fd 8c5b 8c5b 1c44 1c45 0 ffff 400 ffff 20 1f 806
cd0 cd0 9600 967f dfac dfac 7400 75ff 0 ffff 599 599 19 17 807
cd0 cd0 9600 967f 65f1 65f1 3a00 3bff 0 ffff 45 45 19 17 808
6842 6842 cc80 ccff 5718 5718 c800 c9ff 0 ffff 20c 20c 19 17 809
6842 6842 cc80 ccff 13ec 13ec aa00 abff 0 ffff 45 45 19 17 80a
6842 6842 cc80 ccff 8c5b 8c5b 1e00 1fff 0 ffff 599 599 19 17 80b
ef83 ef83 6800 687f 65f1 65f1 3a00 3bff 0 ffff 45 45 19 17 80c
cd0 cd0 96ec 96ed 13ec 13ec a8b0 a8b0 0 ffff 400 ffff 1f 20 80d
cd0 cd0 96ec 96ed afc8 afc8 11a1 11a1 0 ffff 400 ffff 1f 20 80e
cd0 cd0 96ec 96ed 65f1 65f1 381f 381f 0 ffff 400 ffff 1f 20 80f
6842 6842 cc24 cc25 65f1 65f1 381f 381f 0 ffff 400 ffff 1f 20 810
6842 6842 cc24 cc25 afc8 afc8 11a1 11a1 0 ffff 400 ffff 1f 20 811
6842 6842 cc24 cc25 13ec 13ec a8b0 a8b0 0 ffff 400 ffff 1f 20 812
6842 6842 cc24 cc25 8c5b 8c5b 1c47 1c47 0 ffff 400 ffff 1f 20 813
8112 8112 fe62 fe63 8c5b 8c5b 1c47 1c47 0 ffff 400 ffff 1f 20 814
8112 8112 fe62 fe63 eebb eebb 57ca 57ca 0 ffff 400 ffff 1f 20 815
8112 8112 fe62 fe63 5718 5718 ca5f ca5f 0 ffff 400 ffff 1f 20 816
ef83 ef83 68fe 68ff eebb eebb 57ca 57ca 0 ffff 400 ffff 1f 20 817
ef83 ef83 68fe 68ff 8c5b 8c5b 1c47 1c47 0 ffff 400 ffff 1f 20 818
ef83 ef83 68fe 68ff 65f1 65f1 381e 381e 0 ffff 400 ffff 1f 20 819
cd0 cd0 96f0 96ff dfac dfac 6000 6fff 0 ffff 50 50 1c 14 81a
6842 6842 cc30 cc3f 13ec 13ec b000 bfff 0 ffff 202 202 1c 14 81b
cd0 cd0 9700 97ff dfac dfac 7600 76ff 0 ffff 66e 66e 18 18 81c
cd0 cd0 9700 97ff afc8 afc8 1000 10ff 0 ffff 202 202 18 18 81d
8112 8112 ff00 ffff 5718 5718 cb00 cbff 0 ffff 159a 159a 18 18 81e
cd0 cd0 9000 93ff dfac dfac 7780 77ff 35 35 0 ffff 16 19 81f
cd0 cd0 9680 96bf 65f1 65f1 3c00 3fff 0 ffff 50 50 1a 16 820
cd0 cd0 9680 96bf afc8 afc8 1400 17ff 0 ffff 45 45 1a 16 821
cd0 cd0 9680 96bf 65f1 65f1 3c00 3fff 0 ffff 45 45 1a 16 822
6842 6842 cc40 cc7f 65f1 65f1 3c00 3fff 0 ffff 35 35 1a 16 823
6842 6842 cc40 cc7f 13ec 13ec ac00 afff 0 ffff 19 19 1a 16 824
cd0 cd0 a000 bfff 65f1 65f1 3818 381b 14 15 0 ffff 13 1e 825
cd0 cd0 9680 96bf afc8 afc8 1800 1fff 0 ffff 35 35 1a 15 826
cd0 cd0 8000 8fff 13ec 13ec a8a0 a8af 0 ffff 202 202 14 1c 827
cd0 cd0 96e0 96e7 afc8 afc8 2000 3fff 0 ffff 202 202 1d 13 828
cd0 cd0 8000 8fff afc8 afc8 11b0 11bf 15a4 15a4 0 ffff 14 1c 829
cd0 cd0 9000 93ff afc8 afc8 1180 119f 6d 6e 0 ffff 16 1b 82a
cd0 cd0 96c0 96df 13ec 13ec ac00 afff 66d 66e 0 ffff 1b 16 82b
cd0 cd0 9700 97ff 13ec 13ec a900 a9ff a1 a1 0 ffff 18 18 82c
ef83 ef83 6900 69ff dfac dfac 7600 76ff 599 599 0 ffff 18 18 82d
cd0 cd0 8000 8fff 13ec 13ec a8b8 a8bf 0 ffff 6d 6e 14 1d 82e
cd0 cd0 9800 9fff 65f1 65f1 3800 380f 0 ffff 6d 6e 15 1c 82f
ef83 ef83 6000 67ff 8c5b 8c5b 1c50 1c5f 0 ffff 6d 6e 15 1c 830
6842 6842 cc27 cc27 65f2 65f3 0 ffff 0 ffff 50 50 20 f 831
6842 6842 cc26 cc26 8c58 8c59 0 ffff 0 ffff 232b 232b 20 f 832
6842 6842 e000 ffff afc8 afc8 11a8 11af 159a 159a 0 ffff 13 1d 833
6842 6842 e000 ffff 13ec 13ec a8b8 a8bf a1 a1 0 ffff 13 1d 834
6842 6842 c800 cbff afc8 afc8 1100 117f 0 ffff 45 45 16 19 835
6842 6842 cc20 cc23 afc8 afc8 4000 7fff 0 ffff 202 202 1e 12 836
6842 6842 cc20 cc23 13ec 13ec c000 ffff 0 ffff 45 45 1e 12 837
6842 6842 cc20 cc23 8c5b 8c5b 4000 7fff 0 ffff 50 50 1e 12 838
6842 6842 cc20 cc23 65f1 65f1 4000 7fff 0 ffff 20c 20c 1e 12 839
6842 6842 cc20 cc23 8c5b 8c5b 4000 7fff 0 ffff 45 45 1e 12 83a
6842 6842 ce00 cfff 65f1 65f1 3880 38ff 0 ffff 35 35 17 19 83b
6842 6842 ce00 cfff 8c5b 8c5b 1c80 1cff 0 ffff 89 89 17 19 83c
6842 6842 ce00 cfff 8c5b 8c5b 1c80 1cff 0 ffff 232b 232b 17 19 83d
8112 8112 fc00 fdff 5718 5718 ca80 caff 0 ffff 87 87 17 19 83e
ef83 ef83 6a00 6bff 8c5b 8c5b 1c80 1cff 0 ffff 599 599 17 19 83f
6842 6842 cc24 cc25 8c5b 8c5b 8000 ffff 0 ffff 202 202 1f 11 840
6842 6842 cc24 cc25 8c5b 8c5b 8000 ffff 0 ffff 19 19 1f 11 841
ef83 ef83 68fe 68ff 65f1 65f1 8000 ffff 0 ffff 45 45 1f 11 842
6842 6842 cc40 cc7f 8c5b 8c5b 1800 1bff 1590 1590 0 ffff 1a 16 843
6842 6842 cc27 cc27 13ed 13ed 0 ffff 35 35 0 ffff 20 10 844
6842 6842 8000 bfff 65f1 65f1 3818 381b 0 ffff 19 19 12 1e 845
6842 6842 8000 bfff 65f1 65f1 3818 381b 0 ffff 77 77 12 1e 846
6842 6842 8000 bfff 13ec 13ec a8b4 a8b7 0 ffff 232b 232b 12 1e 847
ef83 ef83 0 3fff eebb eebb 57cc 57cf 0 ffff 45 45 12 1e 848
ef83 ef83 0 3fff 65f1 65f1 3818 381b 0 ffff 45 45 12 1e 849
6842 6842 8000 bfff 8c5b 8c5b 1c48 1c4f 0 ffff 89 89 12 1d 84a
6842 6842 cc28 cc2f 5718 5718 e000 ffff a1 a1 0 ffff 1d 13 84b
6842 6842 c000 c7ff 8c5b 8c5b 1c50 1c5f 66d 66e 0 ffff 15 1c 84c
6842 6842 cc00 cc1f 13ec 13ec a000 a7ff 0 ffff 8f 8f 1b 15 84d
6842 6842 cc00 cc1f 8c5b 8c5b 1000 17ff 0 ffff 202 202 1b 15 84e
6842 6842 e000 ffff 8c5b 8c5b 1c48 1c4f 0 ffff 232b 232b 13 1d 84f
ef83 ef83 4000 5fff 65f1 65f1 3810 3817 0 ffff 202 202 13 1d 850
6842 6842 e000 ffff 65f1 65f1 3818 381b 0 ffff 6d 6e 13 1e 851
6842 6842 cc30 cc3f 65f1 65f1 3000 37ff 14 15 0 ffff 1c 15 852
6842 6842 cc20 cc23 65f1 65f1 4000 7fff 35 35 0 ffff 1e 12 853
8112 8112 fe64 fe67 5718 5718 8000 bfff 50 50 0 ffff 1e 12 854
6842 6842 0 7fff 8c5b 8c5b 1c44 1c45 0 ffff 35 35 11 1f 855
ef83 ef83 8000 ffff 8c5b 8c5b 1c44 1c45 0 ffff 35 35 11 1f 856
6842 6842 c000 c7ff 8c5b 8c5b 1c60 1c7f 0 ffff 45 45 15 1b 857
ef83 ef83 6000 67ff 65f1 65f1 3820 383f 0 ffff 202 202 15 1b 858
6842 6842 cd00 cdff 65f1 65f1 3a00 3bff 1a85 1a85 0 ffff 18 17 859
6842 6842 cc80 ccff 65f1 65f1 3c00 3fff 0 ffff 16 16 19 16 85a
6842 6842 c000 c7ff 8c5b 8c5b 1c60 1c7f a1 a1 0 ffff 15 1b 85b
6842 6842 ce00 cfff 8c5b 8c5b 1d00 1dff 0 ffff 50 50 17 18 85c
ef83 ef83 6a00 6bff 65f1 65f1 3900 39ff 0 ffff 50 50 17 18 85d
6842 6842 cc28 cc2f 65f1 65f1 2000 2fff 6d 6e 0 ffff 1d 14 85e
6842 6842 c800 cbff 8c5b 8c5b 1c00 1c3f 45 45 0 ffff 16 1a 85f
6842 6842 cc26 cc26 8c5b 8c5b 1c47 1c47 0 ffff 0 ffff 20 20 860
8112 8112 fe70 fe7f 20f3 20f3 4000 5fff 0 ffff 45 45 1c 13 861
8112 8112 f800 fbff 20f3 20f3 6580 65bf 0 ffff 202 202 16 1a 862
ef83 ef83 6c00 6fff eebb eebb 5780 57bf 0 ffff 35 35 16 1a 863
8112 8112 fe40 fe5f 20f3 20f3 6000 63ff 14 17 0 ffff 1b 16 864
8112 8112 fe00 fe3f 5718 5718 c800 c9ff 66d 66e 0 ffff 1a 17 865
8112 8112 fe61 fe61 8c5b 8c5b 8000 ffff 14 17 0 ffff 20 11 866
8112 8112 8000 bfff 5718 5718 ca58 ca5b 599 599 0 ffff 12 1e 867
ef83 ef83 6880 68bf 5718 5718 cb00 cbff 0 ffff 14 17 1a 18 868
ef83 ef83 6a00 6bff 5718 5718 cb00 cbff a1 a1 0 ffff 17 18 869
ef83 ef83 68c0 68df 5718 5718 c000 c7ff a1 a1 0 ffff 1b 15 86a
ef83 ef83 7000 7fff 8c5b 8c5b 1c60 1c7f 0 ffff 45 45 14 1b 86b
ef83 ef83 6c00 6fff 8c5b 8c5b 1c60 1c7f 0 ffff 66d 66e 16 1b 86c
ef83 ef83 68fe 68ff 65f0 65f0 0 ffff 599 599 0 ffff 1f 10 86d
ef82 ef82 0 ffff 65f1 65f1 381e 381e 0 ffff 232b 232b 10 20 86e
ef83 ef83 68fd 68fd eeba eeba 0 ffff 6d 6e 0 ffff 20 10 86f
ef83 ef83 7000 7fff 65f1 65f1 3800 380f 0 ffff 66d 66e 14 1c 870
ef83 ef83 68f0 68f7 65f1 65f1 2000 2fff 0 ffff 66d 66e 1d 14 871
ef83 ef83 68c0 68df eebb eebb 5400 55ff 14 17 0 ffff 1b 17 872
cd0 cd0 9700 97ff dfac dfac 7400 75ff 0 ffff a1 a1 18 17 873
cd0 cd0 9700 97ff dfac dfac 7400 75ff 0 ffff 1b58 1b58 18 17 874
6842 6842 cd00 cdff 65f1 65f1 3a00 3bff 0 ffff 202 202 18 17 875
8112 8112 ff00 ffff 8c5b 8c5b 1e00 1fff 0 ffff 202 202 18 17 876
8112 8112 ff00 ffff 8c5b 8c5b 1e00 1fff 0 ffff 15ae 15ae 18 17 877
ef83 ef83 6900 69ff 8c5b 8c5b 1e00 1fff 0 ffff 202 202 18 17 878
cd0 cd0 96e8 96eb dfac dfac 7741 7741 0 ffff 400 ffff 1e 20 879
cd0 cd0 96e8 96eb 13ec 13ec a8b0 a8b0 0 ffff 400 ffff 1e 20 87a
cd0 cd0 96e8 96eb afc8 afc8 11a1 11a1 0 ffff 400 ffff 1e 20 87b
6842 6842 cc20 cc23 afc8 afc8 11a1 11a1 0 ffff 400 ffff 1e 20 87c
6842 6842 cc20 cc23 8c5b 8c5b 1c47 1c47 0 ffff 400 ffff 1e 20 87d
6842 6842 cc20 cc23 65f1 65f1 381f 381f 0 ffff 400 ffff 1e 20 87e
8112 8112 fe64 fe67 20f3 20f3 65c2 65c2 0 ffff 400 ffff 1e 20 87f
8112 8112 fe64 fe67 eebb eebb 57ca 57ca 0 ffff 400 ffff 1e 20 880
8112 8112 fe64 fe67 5718 5718 ca5f ca5f 0 ffff 400 ffff 1e 20 881
ef83 ef83 68f8 68fb 8c5b 8c5b 1c47 1c47 0 ffff 400 ffff 1e 20 882
ef83 ef83 68f8 68fb 5718 5718 ca5f ca5f 0 ffff 400 ffff 1e 20 883
ef83 ef83 68f8 68fb 65f1 65f1 381e 381e 0 ffff 400 ffff 1e 20 884
ef83 ef83 68f8 68fb eebb eebb 57ca 57ca 0 ffff 400 ffff 1e 20 885
ef83 ef83 68f8 68fb 65f1 65f1 381f 381f 0 ffff 400 ffff 1e 20 886
cd0 cd0 9700 97ff dfac dfac 7000 73ff 0 ffff 159a 159a 18 16 887
6842 6842 cd00 cdff 13ec 13ec ac00 afff 0 ffff 202 202 18 16 888
cd0 cd0 9000 93ff 13ec 13ec a8c0 a8ff 6d 6e 0 ffff 16 1a 889
cd0 cd0 9800 9fff 13ec 13ec a8c0 a8ff 0 ffff 89 89 15 1a 88a
ef83 ef83 6000 67ff 65f1 65f1 3840 387f 0 ffff 35 35 15 1a 88b
cd0 cd0 96ef 96ef 20f3 20f3 65c4 65c7 0 ffff 400 ffff 20 1e 88c
cd0 cd0 96ef 96ef afc8 afc8 11a4 11a7 0 ffff 400 ffff 20 1e 88d
cd0 cd0 96ef 96ef 65f1 65f1 3818 381b 0 ffff 400 ffff 20 1e 88e
cd0 cd0 96ef 96ef 13ec 13ec a8b4 a8b7 0 ffff 400 ffff 20 1e 88f
6842 6842 cc27 cc27 afc8 afc8 11a4 11a7 0 ffff 400 ffff 20 1e 890
6842 6842 cc27 cc27 65f1 65f1 3818 381b 0 ffff 400 ffff 20 1e 891
6842 6842 cc27 cc27 8c5b 8c5b 1c40 1c43 0 ffff 400 ffff 20 1e 892
6842 6842 cc26 cc26 8c5b 8c5b 1c40 1c43 0 ffff 400 ffff 20 1e 893
6842 6842 cc26 cc26 13ec 13ec a8b4 a8b7 0 ffff 400 ffff 20 1e 894
6842 6842 cc26 cc26 65f1 65f1 3818 381b 0 ffff 400 ffff 20 1e 895
8112 8112 fe61 fe61 8c5b 8c5b 1c40 1c43 0 ffff 400 ffff 20 1e 896
8112 8112 fe61 fe61 5718 5718 ca58 ca5b 0 ffff 400 ffff 20 1e 897
ef83 ef83 68fc 68fc 5718 5718 ca58 ca5b 0 ffff 400 ffff 20 1e 898
ef83 ef83 68fc 68fc 8c5b 8c5b 1c40 1c43 0 ffff 400 ffff 20 1e 899
ef83 ef83 68fc 68fc 65f1 65f1 3818 381b 0 ffff 400 ffff 20 1e 89a
ef83 ef83 68fd 68fd eebb eebb 57cc 57cf 0 ffff 400 ffff 20 1e 89b
ef83 ef83 68fd 68fd 65f1 65f1 3818 381b 0 ffff 400 ffff 20 1e 89c
cd0 cd0 9400 95ff 65f1 65f1 3900 39ff 0 ffff 50 50 17 18 89d
6842 6842 ce00 cfff afc8 afc8 1000 10ff 0 ffff 35 35 17 18 89e
ef83 ef83 6a00 6bff 8c5b 8c5b 1d00 1dff 0 ffff 50 50 17 18 89f
ef83 ef83 6a00 6bff 65f1 65f1 3900 39ff 0 ffff 45 45 17 18 8a0
cd0 cd0 9000 93ff 65f1 65f1 3900 39ff 50 50 0 ffff 16 18 8a1
cd0 cd0 96ec 96ed 65f1 65f1 381c 381d 0 ffff 400 ffff 1f 1f 8a2
6842 6842 cc24 cc25 afc8 afc8 11a2 11a3 0 ffff 400 ffff 1f 1f 8a3
6842 6842 cc24 cc25 13ec 13ec a8b2 a8b3 0 ffff 400 ffff 1f 1f 8a4
6842 6842 cc24 cc25 8c5b 8c5b 1c44 1c45 0 ffff 400 ffff 1f 1f 8a5
6842 6842 cc24 cc25 65f1 65f1 381c 381d 0 ffff 400 ffff 1f 1f 8a6
8112 8112 fe62 fe63 20f3 20f3 65c0 65c1 0 ffff 400 ffff 1f 1f 8a7
8112 8112 fe62 fe63 8c5b 8c5b 1c44 1c45 0 ffff 400 ffff 1f 1f 8a8
8112 8112 fe62 fe63 eebb eebb 57c8 57c9 0 ffff 400 ffff 1f 1f 8a9
8112 8112 fe62 fe63 5718 5718 ca5c ca5d 0 ffff 400 ffff 1f 1f 8aa
ef83 ef83 68fe 68ff 8c5b 8c5b 1c44 1c45 0 ffff 400 ffff 1f 1f 8ab
ef83 ef83 68fe 68ff 65f1 65f1 381c 381d 0 ffff 400 ffff 1f 1f 8ac
ef83 ef83 68fe 68ff eebb eebb 57c8 57c9 0 ffff 400 ffff 1f 1f 8ad
cd0 cd0 c000 ffff 65f1 65f1 3810 3817 0 ffff 202 202 12 1d 8ae
ef83 ef83 0 3fff 5718 5718 ca50 ca57 0 ffff 50 50 12 1d 8af
cd0 cd0 96ec 96ed 65f1 65f1 8000 ffff 6d 6e 0 ffff 1f 11 8b0
cd0 cd0 9680 96bf afc8 afc8 1400 17ff 6d 6e 0 ffff 1a 16 8b1
cd0 cd0 9700 97ff 65f1 65f1 3a00 3bff 35 35 0 ffff 18 17 8b2
cd0 cd0 8000 8fff afc8 afc8 1180 119f 0 ffff 202 202 14 1b 8b3
6842 6842 d000 dfff 65f1 65f1 3820 383f 0 ffff 232b 232b 14 1b 8b4
8112 8112 e000 efff 8c5b 8c5b 1c60 1c7f 0 ffff 89 89 14 1b 8b5
ef83 ef83 7000 7fff 65f1 65f1 3820 383f 0 ffff 50 50 14 1b 8b6
ef83 ef83 7000 7fff 8c5b 8c5b 1c60 1c7f 0 ffff 232b 232b 14 1b 8b7
6842 6842 cc40 cc7f afc8 afc8 1800 1fff a1 a1 0 ffff 1a 15 8b8
6842 6842 cc40 cc7f afc8 afc8 1800 1fff 15a4 15a4 0 ffff 1a 15 8b9
6842 6842 cd00 cdff afc8 afc8 1100 117f 0 ffff 14 17 18 19 8ba
6842 6842 ce00 cfff 65f1 65f1 3880 38ff 1388 1389 0 ffff 17 19 8bb
6842 6842 cd00 cdff 13ec 13ec ac00 afff 35 35 0 ffff 18 16 8bc
6842 6842 cd00 cdff 13ec 13ec aa00 abff 0 ffff 6d 6e 18 17 8bd
6842 6842 cc27 cc27 65f0 65f0 0 ffff 14 15 0 ffff 20 10 8be
6842 6842 cc20 cc23 8c5b 8c5b 8000 ffff 19 19 0 ffff 1e 11 8bf
6842 6842 cc24 cc25 13ec 13ec a8b0 a8b0 0 ffff 0 ffff 1f 20 8c0
6842 6842 ce00 cfff 13ec 13ec a900 a9ff 15a4 15a4 0 ffff 17 18 8c1
6840 6841 0 ffff 65f1 65f1 381f 381f 0 ffff 45 45 f 20 8c2
8110 8111 0 ffff eebb eebb 57ca 57ca 0 ffff 202 202 f 20 8c3
6842 6842 cc40 cc7f 65f1 65f1 3000 37ff 0 ffff 16 16 1a 15 8c4
8112 8112 fe00 fe3f eebb eebb 5800 5fff 0 ffff 15ff 15ff 1a 15 8c5
6842 6842 e000 ffff 65f1 65f1 3800 380f 0 ffff 8006 8006 13 1c 8c6
8112 8112 c000 dfff eebb eebb 57d0 57df 0 ffff 232b 232b 13 1c 8c7
ef83 ef83 4000 5fff 5718 5718 ca40 ca4f 0 ffff 599 599 13 1c 8c8
ef83 ef83 4000 5fff 65f1 65f1 3800 380f 0 ffff 202 202 13 1c 8c9
6842 6842 cc24 cc25 65f1 65f1 4000 7fff 14 17 0 ffff 1f 12 8ca
6842 6842 cc24 cc25 8c5a 8c5a 0 ffff 0 ffff 50 50 1f 10 8cb
6842 6842 0 7fff 13ec 13ec a8b4 a8b7 0 ffff 50 50 11 1e 8cc
6842 6842 cc20 cc23 65f1 65f1 8000 ffff 14 15 0 ffff 1e 11 8cd
6842 6842 cc30 cc3f 8c5b 8c5b 2000 3fff 0 ffff 202 202 1c 13 8ce
ef83 ef83 68e0 68ef 65f1 65f1 0 1fff 0 ffff 45 45 1c 13 8cf
6842 6842 cc40 cc7f 8c5b 8c5b 1000 17ff 6d 6e 0 ffff 1a 15 8d0
6842 6842 8000 bfff 65f1 65f1 381c 381d 0 ffff 14 17 12 1f 8d1
ef83 ef83 0 3fff 65f1 65f1 381c 381d 0 ffff 14 17 12 1f 8d2
6842 6842 cc24 cc25 8c5b 8c5b 1c44 1c45 0 ffff 0 ffff 1f 1f 8d3
6842 6842 c800 cbff 8c5b 8c5b 1c80 1cff 0 ffff 45 45 16 19 8d4
8112 8112 f800 fbff 8c5b 8c5b 1c80 1cff 0 ffff 50 50 16 19 8d5
6842 6842 cc28 cc2f 8c5b 8c5b 4000 7fff 0 ffff 35 35 1d 12 8d6
6842 6842 cc80 ccff 5718 5718 cb00 cbff 0 ffff 14 17 19 18 8d7
8112 8112 fe64 fe67 8c5b 8c5b 8000 ffff 0 ffff 1bd 1bd 1e 11 8d8
8112 8112 f000 f7ff 8c5b 8c5b 1c00 1c3f 0 ffff 6d 6e 15 1a 8d9
8112 8112 ff00 ffff 8c5b 8c5b 1e00 1fff 66d 66e 0 ffff 18 17 8da
8112 8112 f800 fbff 20f3 20f3 6500 657f 14 15 0 ffff 16 19 8db
8112 8112 fe62 fe63 5719 5719 0 ffff 35 35 0 ffff 1f 10 8dc
8112 8112 fe80 feff 5718 5718 cc00 cfff a1 a1 0 ffff 19 16 8dd
8112 8112 fe61 fe61 571a 571b 0 ffff 0 ffff 14 15 20 f 8de
8112 8112 fe80 feff 8c5b 8c5b 1800 1bff 0 ffff 45 45 19 16 8df
ef83 ef83 6800 687f 8c5b 8c5b 1800 1bff 0 ffff 1b58 1b58 19 16 8e0
8112 8112 8000 bfff 5718 5718 ca50 ca57 14 15 0 ffff 12 1d 8e1
ef83 ef83 0 3fff 5718 5718 ca50 ca57 6d 6e 0 ffff 12 1d 8e2
8112 8112 fe68 fe6f eebb eebb 4000 4fff 14 17 0 ffff 1d 14 8e3
8112 8112 fe40 fe5f 5718 5718 cc00 cfff 14 17 0 ffff 1b 16 8e4
ef83 ef83 68fc 68fc eeba eeba 0 ffff 14 17 0 ffff 20 10 8e5
ef83 ef83 68c0 68df 65f1 65f1 0 1fff 0 ffff 45 45 1b 13 8e6
ef83 ef83 6000 67ff eebb eebb 5780 57bf 19 19 0 ffff 15 1a 8e7
ef83 ef83 4000 5fff 65f1 65f1 3810 3817 0 ffff 14 15 13 1d 8e8
ef83 ef83 4000 5fff eebb eebb 57d0 57df 50 50 0 ffff 13 1c 8e9
ef83 ef83 0 3fff 8c5b 8c5b 1c40 1c43 0 ffff 6d 6e 12 1e 8ea
ef82 ef82 0 ffff 65f1 65f1 381f 381f 0 ffff 14 17 10 20 8eb
ef83 ef83 68fd 68fd 65f1 65f1 3818 381b 0 ffff 0 ffff 20 1e 8ec
ef83 ef83 68f0 68f7 65f1 65f1 4000 7fff 35 35 0 ffff 1d 12 8ed
ef83 ef83 6c00 6fff 65f1 65f1 3840 387f 0 ffff 66d 66e 16 1a 8ee
cd0 cd0 9400 95ff dfac dfac 7400 75ff 19 19 0 ffff 17 17 8ef
6842 6842 ce00 cfff 8c5b 8c5b 1e00 1fff 50 50 0 ffff 17 17 8f0
6842 6842 ce00 cfff 8c5b 8c5b 1e00 1fff 1600 1600 0 ffff 17 17 8f1
cd0 cd0 96ef 96ef 65f1 65f1 3810 3817 0 ffff 400 ffff 20 1d 8f2
6842 6842 cc27 cc27 afc8 afc8 11a8 11af 0 ffff 400 ffff 20 1d 8f3
6842 6842 cc27 cc27 65f1 65f1 3810 3817 0 ffff 400 ffff 20 1d 8f4
6842 6842 cc27 cc27 13ec 13ec a8b8 a8bf 0 ffff 400 ffff 20 1d 8f5
6842 6842 cc26 cc26 65f1 65f1 3810 3817 0 ffff 400 ffff 20 1d 8f6
8112 8112 fe61 fe61 8c5b 8c5b 1c48 1c4f 0 ffff 400 ffff 20 1d 8f7
ef83 ef83 68fc 68fc eebb eebb 57c0 57c7 0 ffff 400 ffff 20 1d 8f8
ef83 ef83 68fd 68fd 65f1 65f1 3810 3817 0 ffff 400 ffff 20 1d 8f9
ef83 ef83 68fd 68fd 8c5b 8c5b 1c48 1c4f 0 ffff 400 ffff 20 1d 8fa
cd0 cd0 96e8 96eb dfac dfac 7742 7743 0 ffff 400 ffff 1e 1f 8fb
cd0 cd0 96e8 96eb afc8 afc8 11a2 11a3 0 ffff 400 ffff 1e 1f 8fc
cd0 cd0 96e8 96eb 13ec 13ec a8b2 a8b3 0 ffff 400 ffff 1e 1f 8fd
6842 6842 cc20 cc23 8c5b 8c5b 1c44 1c45 0 ffff 400 ffff 1e 1f 8fe
6842 6842 cc20 cc23 13ec 13ec a8b2 a8b3 0 ffff 400 ffff 1e 1f 8ff
6842 6842 cc20 cc23 65f1 65f1 381c 381d 0 ffff 400 ffff 1e 1f 900
8112 8112 fe64 fe67 eebb eebb 57c8 57c9 0 ffff 400 ffff 1e 1f 901
ef83 ef83 68f8 68fb 5718 5718 ca5c ca5d 0 ffff 400 ffff 1e 1f 902
ef83 ef83 68f8 68fb eebb eebb 57c8 57c9 0 ffff 400 ffff 1e 1f 903
ef83 ef83 68f8 68fb 8c5b 8c5b 1c44 1c45 0 ffff 400 ffff 1e 1f 904
ef83 ef83 68f8 68fb 65f1 65f1 381c 381d 0 ffff 400 ffff 1e 1f 905
cd0 cd0 96ec 96ed dfac dfac 7744 7747 0 ffff 400 ffff 1f 1e 906
cd0 cd0 96ec 96ed afc8 afc8 11a4 11a7 0 ffff 400 ffff 1f 1e 907
cd0 cd0 96ec 96ed 13ec 13ec a8b4 a8b7 0 ffff 400 ffff 1f 1e 908
cd0 cd0 96ec 96ed 65f1 65f1 3818 381b 0 ffff 400 ffff 1f 1e 909
6842 6842 cc24 cc25 65f1 65f1 3818 381b 0 ffff 400 ffff 1f 1e 90a
6842 6842 cc24 cc25 13ec 13ec a8b4 a8b7 0 ffff 400 ffff 1f 1e 90b
6842 6842 cc24 cc25 8c5b 8c5b 1c40 1c43 0 ffff 400 ffff 1f 1e 90c
8112 8112 fe62 fe63 8c5b 8c5b 1c40 1c43 0 ffff 400 ffff 1f 1e 90d
8112 8112 fe62 fe63 20f3 20f3 65c4 65c7 0 ffff 400 ffff 1f 1e 90e
ef83 ef83 68fe 68ff dfac dfac 7744 7747 0 ffff 400 ffff 1f 1e 90f
ef83 ef83 68fe 68ff 65f1 65f1 3818 381b 0 ffff 400 ffff 1f 1e 910
ef83 ef83 68fe 68ff 8c5b 8c5b 1c40 1c43 0 ffff 400 ffff 1f 1e 911
cd0 cd0 9600 967f 13ec 13ec b000 bfff 0 ffff 232b 232b 19 14 912
cd2 cd3 0 ffff afc8 afc8 11a2 11a3 0 ffff 50 50 f 1f 913
cd0 cd0 9700 97ff afc8 afc8 1200 13ff 66d 66e 0 ffff 18 17 914
cd0 cd0 96e0 96e7 13ec 13ec a8b0 a8b0 0 ffff 400 ffff 1d 20 915
cd0 cd0 96e0 96e7 afc8 afc8 11a1 11a1 0 ffff 400 ffff 1d 20 916
6842 6842 cc28 cc2f 20f3 20f3 65c2 65c2 0 ffff 400 ffff 1d 20 917
6842 6842 cc28 cc2f 65f1 65f1 381f 381f 0 ffff 400 ffff 1d 20 918
6842 6842 cc28 cc2f 8c5b 8c5b 1c47 1c47 0 ffff 400 ffff 1d 20 919
6842 6842 cc28 cc2f 13ec 13ec a8b0 a8b0 0 ffff 400 ffff 1d 20 91a
8112 8112 fe68 fe6f eebb eebb 57ca 57ca 0 ffff 400 ffff 1d 20 91b
8112 8112 fe68 fe6f 5718 5718 ca5f ca5f 0 ffff 400 ffff 1d 20 91c
8112 8112 fe68 fe6f 8c5b 8c5b 1c47 1c47 0 ffff 400 ffff 1d 20 91d
ef83 ef83 68f0 68f7 65f1 65f1 381e 381e 0 ffff 400 ffff 1d 20 91e
ef83 ef83 68f0 68f7 eebb eebb 57ca 57ca 0 ffff 400 ffff 1d 20 91f
cd0 cd0 96ec 96ed 65f2 65f3 0 ffff 0 ffff 50 50 1f f 920
cd0 cd0 96e0 96e7 afc8 afc8 8000 ffff 0 ffff 1f4 1f4 1d 11 921
6842 6842 cc28 cc2f 65f1 65f1 8000 ffff 0 ffff 35 35 1d 11 922
6842 6842 cc28 cc2f 8c5b 8c5b 8000 ffff 0 ffff 71 71 1d 11 923
ef83 ef83 68f0 68f7 65f1 65f1 8000 ffff 0 ffff 232b 232b 1d 11 924
cd0 cd0 9680 96bf 65f1 65f1 2000 2fff 0 ffff 8f 8f 1a 14 925
cd0 cd0 96ef 96ef afcc afcf 0 ffff a1 a1 0 ffff 20 e 926
cd0 cd0 8000 8fff 65f1 65f1 3840 387f 0 ffff 50 50 14 1a 927
6842 6842 d000 dfff 65f1 65f1 3840 387f 0 ffff 45 45 14 1a 928
6842 6842 d000 dfff 13ec 13ec a8c0 a8ff 0 ffff 35 35 14 1a 929
ef83 ef83 7000 7fff 5718 5718 ca00 ca3f 0 ffff 45 45 14 1a 92a
cd0 cd0 9400 95ff afc8 afc8 1200 13ff 0 ffff 16 16 17 17 92b
6842 6842 ce00 cfff 65f1 65f1 3a00 3bff 0 ffff 50 50 17 17 92c
6842 6842 ce00 cfff 13ec 13ec aa00 abff 0 ffff 45 45 17 17 92d
8112 8112 fc00 fdff 5718 5718 c800 c9ff 0 ffff 35 35 17 17 92e
ef83 ef83 6a00 6bff 65f1 65f1 3a00 3bff 0 ffff 202 202 17 17 92f
cd0 cd0 96e8 96eb 65f1 65f1 381f 381f 0 ffff 0 ffff 1e 20 930
6842 6842 cc20 cc23 13ec 13ec a8b0 a8b0 0 ffff 0 ffff 1e 20 931
6842 6842 cc24 cc25 65f2 65f3 0 ffff a1 a1 0 ffff 1f f 932
6842 6842 cc80 ccff afc8 afc8 1200 13ff 14 17 0 ffff 19 17 933
6842 6842 e000 ffff afc8 afc8 1180 119f 1f4 1f4 0 ffff 13 1b 934
ef83 ef83 4000 5fff 65f1 65f1 3820 383f 35 35 0 ffff 13 1b 935
6842 6842 0 7fff 65f1 65f1 3810 3817 0 ffff 6d 6e 11 1d 936
8112 8112 0 7fff 8c5b 8c5b 1c48 1c4f 0 ffff 14 15 11 1d 937
6842 6842 cc24 cc25 8c58 8c59 0 ffff 14 15 0 ffff 1f f 938
6843 6843 0 ffff 65f1 65f1 3818 381b a1 a1 0 ffff 10 1e 939
6842 6842 cc24 cc25 13ec 13ec a8b4 a8b7 0 ffff 0 ffff 1f 1e 93a
6842 6842 cc30 cc3f 8c5b 8c5b 2000 3fff 6d 6e 0 ffff 1c 13 93b
6842 6842 c800 cbff 65f1 65f1 3900 39ff 0 ffff 45 45 16 18 93c
6842 6842 c800 cbff 8c5b 8c5b 1d00 1dff 0 ffff 87 87 16 18 93d
6842 6842 c800 cbff 13ec 13ec a900 a9ff 0 ffff 159a 159a 16 18 93e
8112 8112 f800 fbff 8c5b 8c5b 1d00 1dff 0 ffff 232b 232b 16 18 93f
ef83 ef83 6c00 6fff 65f1 65f1 3900 39ff 0 ffff 35 35 16 18 940
ef83 ef83 6c00 6fff 8c5b 8c5b 1d00 1dff 0 ffff 202 202 16 18 941
ef83 ef83 6c00 6fff 8c5b 8c5b 1d00 1dff 0 ffff 35 35 16 18 942
6842 6842 cd00 cdff 65f1 65f1 3c00 3fff 0 ffff 14 15 18 16 943
6842 6842 cc30 cc3f 65f1 65f1 4000 7fff 0 ffff 202 202 1c 12 944
6842 6842 e000 ffff 8c5b 8c5b 1c50 1c5f 0 ffff 14 15 13 1c 945
6842 6842 cc30 cc3f 8c5b 8c5b 4000 7fff 6d 6e 0 ffff 1c 12 946
6842 6842 cd00 cdff 65f1 65f1 3c00 3fff 0 ffff 8f 8f 18 16 947
ef83 ef83 6900 69ff 5718 5718 cc00 cfff 0 ffff 45 45 18 16 948
6842 6842 ce00 cfff 13ec 13ec a900 a9ff 66d 66e 0 ffff 17 18 949
6842 6842 cc80 ccff 65f1 65f1 3000 37ff 0 ffff 35 35 19 15 94a
8112 8112 fe80 feff 5718 5718 c000 c7ff 0 ffff a2 a2 19 15 94b
ef83 ef83 6800 687f eebb eebb 5800 5fff 0 ffff 35 35 19 15 94c
8112 8112 8000 bfff 20f3 20f3 65c8 65cf 0 ffff 14 15 12 1d 94d
8112 8112 fe70 fe7f 20f3 20f3 8000 ffff 17 17 0 ffff 1c 11 94e
8112 8112 8000 bfff 20f3 20f3 65e0 65ff 0 ffff 66e 66e 12 1b 94f
8112 8112 8000 bfff 8c5b 8c5b 1c60 1c7f 0 ffff 202 202 12 1b 950
8112 8112 f000 f7ff 8c5b 8c5b 1d00 1dff 0 ffff 45 45 15 18 951
8112 8112 e000 efff eebb eebb 5700 577f 50 50 0 ffff 14 19 952
8112 8112 fe40 fe5f eebb eebb 6000 7fff 0 ffff 232b 232b 1b 13 953
8112 8112 fe40 fe5f 8c5b 8c5b 2000 3fff a1 a1 0 ffff 1b 13 954
8112 8112 c000 dfff 8c5b 8c5b 1c60 1c7f 0 ffff 19 19 13 1b 955
ef83 ef83 4000 5fff 5718 5718 ca60 ca7f 0 ffff 50 50 13 1b 956
8113 8113 0 ffff 8c5b 8c5b 1c48 1c4f 0 ffff 45 45 10 1d 957
ef82 ef82 0 ffff 65f1 65f1 3810 3817 0 ffff 35 35 10 1d 958
8112 8112 fe61 fe61 5718 5718 ca50 ca57 0 ffff 0 ffff 20 1d 959
ef83 ef83 6a00 6bff 5718 5718 ca80 caff 14 17 0 ffff 17 19 95a
ef83 ef83 0 3fff 5718 5718 ca40 ca4f 0 ffff a1 a1 12 1c 95b
ef83 ef83 4000 5fff 65f1 65f1 3810 3817 0 ffff 14 17 13 1d 95c
ef83 ef83 68f8 68fb 65f0 65f0 0 ffff 0 ffff 66d 66e 1e 10 95d
ef84 ef87 0 ffff 65f1 65f1 381c 381d 0 ffff 35 35 e 1f 95e
ef83 ef83 6a00 6bff eebb eebb 5700 577f 0 ffff 14 17 17 19 95f
cd0 cd0 8000 8fff dfac dfac 7780 77ff 0 ffff 89 89 14 19 960
6842 6842 d000 dfff 8c5b 8c5b 1c80 1cff 0 ffff 45 45 14 19 961
ef83 ef83 7000 7fff 65f1 65f1 3880 38ff 0 ffff 45 45 14 19 962
ef83 ef83 7000 7fff 65f1 65f1 3880 38ff 0 ffff 232b 232b 14 19 963
cd0 cd0 96f0 96ff 13ec 13ec 0 7fff 0 ffff 45 45 1c 11 964
8112 8112 fe70 fe7f eebb eebb 8000 ffff 0 ffff 1590 1590 1c 11 965
ef83 ef83 68e0 68ef 5718 5718 0 7fff 0 ffff 232b 232b 1c 11 966
cd0 cd0 c000 ffff 13ec 13ec a880 a89f 0 ffff 50 50 12 1b 967
6842 6842 8000 bfff 8c5b 8c5b 1c60 1c7f 0 ffff 50 50 12 1b 968
8112 8112 8000 bfff eebb eebb 57e0 57ff 0 ffff 202 202 12 1b 969
cd0 cd0 96ef 96ef dfac dfac 7750 775f 0 ffff 400 ffff 20 1c 96a
6842 6842 cc27 cc27 5718 5718 ca40 ca4f 0 ffff 400 ffff 20 1c 96b
6842 6842 cc26 cc26 65f1 65f1 3800 380f 0 ffff 400 ffff 20 1c 96c
6842 6842 cc26 cc26 8c5b 8c5b 1c50 1c5f 0 ffff 400 ffff 20 1c 96d
ef83 ef83 68fc 68fc eebb eebb 57d0 57df 0 ffff 400 ffff 20 1c 96e
ef83 ef83 68fc 68fc 8c5b 8c5b 1c50 1c5f 0 ffff 400 ffff 20 1c 96f
ef83 ef83 68fd 68fd 65f1 65f1 3800 380f 0 ffff 400 ffff 20 1c 970
cd0 cd0 a000 bfff dfac dfac 7700 773f 45 45 0 ffff 13 1a 971
cd0 cd0 a000 bfff 13ec 13ec a8c0 a8ff a1 a1 0 ffff 13 1a 972
cd4 cd7 0 ffff 65f1 65f1 381c 381d 0 ffff 45 45 e 1f 973
cd4 cd7 0 ffff 65f1 65f1 381c 381d 0 ffff 202 202 e 1f 974
6844 6847 0 ffff 13ec 13ec a8b2 a8b3 0 ffff 16 16 e 1f 975
ef84 ef87 0 ffff 5718 5718 ca5c ca5d 0 ffff 1f4 1f4 e 1f 976
ef84 ef87 0 ffff 65f1 65f1 381c 381d 0 ffff 8006 8006 e 1f 977
ef84 ef87 0 ffff 65f1 65f1 381c 381d 0 ffff 45 45 e 1f 978
cd0 cd0 96e0 96e7 dfac dfac 7742 7743 0 ffff 400 ffff 1d 1f 979
6842 6842 cc28 cc2f 65f1 65f1 381c 381d 0 ffff 400 ffff 1d 1f 97a
6842 6842 cc28 cc2f 13ec 13ec a8b2 a8b3 0 ffff 400 ffff 1d 1f 97b
6842 6842 cc28 cc2f 8c5b 8c5b 1c44 1c45 0 ffff 400 ffff 1d 1f 97c
8112 8112 fe68 fe6f eebb eebb 57c8 57c9 0 ffff 400 ffff 1d 1f 97d
8112 8112 fe68 fe6f 8c5b 8c5b 1c44 1c45 0 ffff 400 ffff 1d 1f 97e
8112 8112 fe68 fe6f 5718 5718 ca5c ca5d 0 ffff 400 ffff 1d 1f 97f
ef83 ef83 68f0 68f7 5718 5718 ca5c ca5d 0 ffff 400 ffff 1d 1f 980
ef83 ef83 68f0 68f7 65f1 65f1 381c 381d 0 ffff 400 ffff 1d 1f 981
ef83 ef83 68f0 68f7 8c5b 8c5b 1c44 1c45 0 ffff 400 ffff 1d 1f 982
cd0 cd0 96ec 96ed 13ec 13ec a8b8 a8bf 0 ffff 400 ffff 1f 1d 983
cd0 cd0 96ec 96ed afc8 afc8 11a8 11af 0 ffff 400 ffff 1f 1d 984
cd0 cd0 96ec 96ed 65f1 65f1 3810 3817 0 ffff 400 ffff 1f 1d 985
6842 6842 cc24 cc25 8c5b 8c5b 1c48 1c4f 0 ffff 400 ffff 1f 1d 986
6842 6842 cc24 cc25 65f1 65f1 3810 3817 0 ffff 400 ffff 1f 1d 987
8112 8112 fe62 fe63 20f3 20f3 65c8 65cf 0 ffff 400 ffff 1f 1d 988
8112 8112 fe62 fe63 5718 5718 ca50 ca57 0 ffff 400 ffff 1f 1d 989
cd0 cd0 9000 93ff afc8 afc8 1200 13ff 0 ffff 19 19 16 17 98a
8112 8112 f800 fbff 20f3 20f3 6600 67ff 0 ffff 232b 232b 16 17 98b
8112 8112 f800 fbff 5718 5718 c800 c9ff 0 ffff 50 50 16 17 98c
ef83 ef83 6c00 6fff eebb eebb 5400 55ff 0 ffff a2 a2 16 17 98d
cd0 cd0 9600 967f 65f1 65f1 2000 2fff a1 a1 0 ffff 19 14 98e
cd0 cd0 96e0 96e7 afc8 afc8 11a1 11a1 0 ffff 0 ffff 1d 20 98f
8112 8112 fe68 fe6f 20f3 20f3 65c2 65c2 0 ffff 0 ffff 1d 20 990
cd4 cd7 0 ffff 65f1 65f1 381f 381f 0 ffff 66d 66e e 20 991
cd1 cd1 0 ffff afc8 afc8 11a8 11af 0 ffff 35 35 10 1d 992
6843 6843 0 ffff 8c5b 8c5b 1c48 1c4f 0 ffff 8f 8f 10 1d 993
6843 6843 0 ffff 8c5b 8c5b 1c48 1c4f 0 ffff 202 202 10 1d 994
6843 6843 0 ffff 8c5b 8c5b 1c48 1c4f 0 ffff 202 202 10 1d 995
6843 6843 0 ffff 65f1 65f1 3810 3817 0 ffff 45 45 10 1d 996
8113 8113 0 ffff 8c5b 8c5b 1c48 1c4f 0 ffff 232b 232b 10 1d 997
cd0 cd0 96e0 96e7 65f1 65f1 381c 381d 0 ffff 0 ffff 1d 1f 998
cd0 cd0 96f0 96ff 65f1 65f1 381f 381f 0 ffff 400 ffff 1c 20 999
6842 6842 cc30 cc3f 13ec 13ec a8b0 a8b0 0 ffff 400 ffff 1c 20 99a
6842 6842 cc30 cc3f 8c5b 8c5b 1c47 1c47 0 ffff 400 ffff 1c 20 99b
6842 6842 cc30 cc3f 65f1 65f1 381f 381f 0 ffff 400 ffff 1c 20 99c
8112 8112 fe70 fe7f 5718 5718 ca5f ca5f 0 ffff 400 ffff 1c 20 99d
ef83 ef83 68e0 68ef 8c5b 8c5b 1c47 1c47 0 ffff 400 ffff 1c 20 99e
ef83 ef83 68e0 68ef 65f1 65f1 381e 381e 0 ffff 400 ffff 1c 20 99f
ef83 ef83 68e0 68ef 65f1 65f1 381f 381f 0 ffff 400 ffff 1c 20 9a0
ef83 ef83 68e0 68ef eebb eebb 57ca 57ca 0 ffff 400 ffff 1c 20 9a1
cd0 cd0 9400 95ff 13ec 13ec aa00 abff 0 ffff 66d 66e 17 17 9a2
cd0 cd0 9700 97ff 13ec 13ec a000 a7ff 0 ffff 50 50 18 15 9a3
ef83 ef83 6900 69ff 65f1 65f1 3000 37ff 0 ffff 202 202 18 15 9a4
cc0 ccf 0 ffff 65f1 65f1 381f 381f 0 ffff 45 45 c 20 9a5
cd0 cd0 9400 95ff afc8 afc8 1400 17ff 19 19 0 ffff 17 16 9a6
ef83 ef83 6a00 6bff 5718 5718 cc00 cfff 35 35 0 ffff 17 16 9a7
ef83 ef83 6a00 6bff 5718 5718 cc00 cfff 599 599 0 ffff 17 16 9a8
cd0 cd0 96e8 96eb 13ec 13ec a8b4 a8b7 0 ffff 400 ffff 1e 1e 9a9
6842 6842 cc20 cc23 20f3 20f3 65c4 65c7 0 ffff 400 ffff 1e 1e 9aa
6842 6842 cc20 cc23 afc8 afc8 11a4 11a7 0 ffff 400 ffff 1e 1e 9ab
6842 6842 cc20 cc23 65f1 65f1 3818 381b 0 ffff 400 ffff 1e 1e 9ac
6842 6842 cc20 cc23 8c5b 8c5b 1c40 1c43 0 ffff 400 ffff 1e 1e 9ad
8112 8112 fe64 fe67 8c5b 8c5b 1c40 1c43 0 ffff 400 ffff 1e 1e 9ae
8112 8112 fe64 fe67 eebb eebb 57cc 57cf 0 ffff 400 ffff 1e 1e 9af
ef83 ef83 68f8 68fb 5718 5718 ca58 ca5b 0 ffff 400 ffff 1e 1e 9b0
ef83 ef83 68f8 68fb 8c5b 8c5b 1c40 1c43 0 ffff 400 ffff 1e 1e 9b1
ef83 ef83 68f8 68fb 65f1 65f1 3818 381b 0 ffff 400 ffff 1e 1e 9b2
cd0 cd0 9600 967f afc8 afc8 0 fff 0 ffff 45 45 19 14 9b3
ef83 ef83 6800 687f 65f1 65f1 2000 2fff 0 ffff 202 202 19 14 9b4
6842 6842 ce00 cfff 20f3 20f3 6000 63ff 0 ffff 202 202 17 16 9b5
6842 6842 ce00 cfff 8c5b 8c5b 1800 1bff 0 ffff 8f 8f 17 16 9b6
ef83 ef83 6a00 6bff 65f1 65f1 3c00 3fff 0 ffff 50 50 17 16 9b7
6848 684f 0 ffff 65f1 65f1 381f 381f 0 ffff 15a4 15a4 d 20 9b8
6848 684f 0 ffff 8c5b 8c5b 1c47 1c47 0 ffff 202 202 d 20 9b9
6842 6842 cc20 cc23 afc8 afc8 11a2 11a3 0 ffff 0 ffff 1e 1f 9ba
6842 6842 d000 dfff 65f1 65f1 3900 39ff 0 ffff 50 50 14 18 9bb
6842 6842 d000 dfff 8c5b 8c5b 1d00 1dff 0 ffff 50 50 14 18 9bc
6842 6842 d000 dfff afc8 afc8 1100 117f 0 ffff 66d 66e 14 19 9bd
6842 6842 c000 c7ff afc8 afc8 1000 10ff 0 ffff 45 45 15 18 9be
6842 6842 c800 cbff afc8 afc8 1200 13ff 1f4 1f4 0 ffff 16 17 9bf
8112 8112 f800 fbff eebb eebb 5400 55ff 50 50 0 ffff 16 17 9c0
6842 6842 e000 ffff 13ec 13ec a8c0 a8ff 0 ffff 35 35 13 1a 9c1
6842 6842 e000 ffff 8c5b 8c5b 1c00 1c3f 0 ffff 8f 8f 13 1a 9c2
8112 8112 c000 dfff 20f3 20f3 6580 65bf 0 ffff 202 202 13 1a 9c3
ef83 ef83 4000 5fff 8c5b 8c5b 1c00 1c3f 0 ffff 45 45 13 1a 9c4
6842 6842 cd00 cdff 13ec 13ec a000 a7ff 50 50 0 ffff 18 15 9c5
6842 6842 c800 cbff 8c5b 8c5b 1d00 1dff 6d 6e 0 ffff 16 18 9c6
6842 6842 c000 c7ff 8c5b 8c5b 1c80 1cff 1388 1389 0 ffff 15 19 9c7
6842 6842 cc26 cc26 13e0 13e7 0 ffff 599 599 0 ffff 20 d 9c8
6842 6842 cc20 cc23 13ec 13ec 0 7fff 14 17 0 ffff 1e 11 9c9
6842 6842 0 7fff 13ec 13ec a880 a89f 45 45 0 ffff 11 1b 9ca
6842 6842 cc00 cc1f 8c5b 8c5b 4000 7fff 45 45 0 ffff 1b 12 9cb
ef83 ef83 68c0 68df eebb eebb 0 3fff a1 a1 0 ffff 1b 12 9cc
6842 6842 cc20 cc23 8c58 8c59 0 ffff 45 45 0 ffff 1e f 9cd
ef83 ef83 68f8 68fb eeb8 eeb9 0 ffff 8f 8f 0 ffff 1e f 9ce
8112 8112 fe61 fe61 20f3 20f3 65c8 65cf 0 ffff 0 ffff 20 1d 9cf
8112 8112 fe68 fe6f 8c58 8c59 0 ffff 17 17 0 ffff 1d f 9d0
8112 8112 fe00 fe3f 20f3 20f3 65c4 65c7 0 ffff 14 9cf 1a 1e 9d1
8112 8112 fe40 fe5f 8c5b 8c5b 8000 ffff 159a 159a 0 ffff 1b 11 9d2
8110 8111 0 ffff 8c5b 8c5b 1c40 1c43 0 ffff 202 202 f 1e 9d3
ef80 ef81 0 ffff 5718 5718 ca58 ca5b 0 ffff 66d 66d f 1e 9d4
ef80 ef81 0 ffff 8c5b 8c5b 1c44 1c45 0 ffff 6d 6e f 1f 9d5
ef83 ef83 68f0 68f7 eebb eebb 8000 ffff 1388 1389 0 ffff 1d 11 9d6
ef80 ef81 0 ffff eebb eebb 57cc 57cf a1 a1 0 ffff f 1e 9d7
ef82 ef82 0 ffff eebb eebb 57d0 57df 0 ffff 77 77 10 1c 9d8
ef83 ef83 6800 687f eebb eebb 4000 4fff 0 ffff 6d 6e 19 14 9d9
ef83 ef83 68fe 68ff 65f4 65f7 0 ffff a1 a1 0 ffff 1f e 9da
ef83 ef83 68fe 68ff 65f4 65f7 0 ffff 19 19 0 ffff 1f e 9db
ef83 ef83 68fe 68ff 65f1 65f1 3818 381b 0 ffff 0 ffff 1f 1e 9dc
ef83 ef83 6a00 6bff 65f1 65f1 3900 39ff 0 ffff 14 17 17 18 9dd
ef83 ef83 68f0 68f7 65f0 65f0 0 ffff 1590 1590 0 ffff 1d 10 9de
ef83 ef83 8000 ffff 65f1 65f1 3800 380f 0 ffff 50 50 11 1c 9df
ef83 ef83 6880 68bf 65f1 65f1 0 1fff 599 599 0 ffff 1a 13 9e0
cd0 cd0 96e0 96e7 65f1 65f1 3818 381b 0 ffff 400 ffff 1d 1e 9e1
6842 6842 cc28 cc2f afc8 afc8 11a4 11a7 0 ffff 400 ffff 1d 1e 9e2
6842 6842 cc28 cc2f 8c5b 8c5b 1c40 1c43 0 ffff 400 ffff 1d 1e 9e3
6842 6842 cc28 cc2f 65f1 65f1 3818 381b 0 ffff 400 ffff 1d 1e 9e4
8112 8112 fe68 fe6f 20f3 20f3 65c4 65c7 0 ffff 400 ffff 1d 1e 9e5
8112 8112 fe68 fe6f eebb eebb 57cc 57cf 0 ffff 400 ffff 1d 1e 9e6
8112 8112 fe68 fe6f 5718 5718 ca58 ca5b 0 ffff 400 ffff 1d 1e 9e7
ef83 ef83 68f0 68f7 8c5b 8c5b 1c40 1c43 0 ffff 400 ffff 1d 1e 9e8
ef83 ef83 68f0 68f7 5718 5718 ca58 ca5b 0 ffff 400 ffff 1d 1e 9e9
ef83 ef83 68f0 68f7 65f1 65f1 3818 381b 0 ffff 400 ffff 1d 1e 9ea
cd0 cd0 a000 bfff dfac dfac 7780 77ff 0 ffff 50 50 13 19 9eb
cd0 cd0 96f0 96ff dfac dfac 7742 7743 0 ffff 400 ffff 1c 1f 9ec
cd0 cd0 96f0 96ff 13ec 13ec a8b2 a8b3 0 ffff 400 ffff 1c 1f 9ed
6842 6842 cc30 cc3f 13ec 13ec a8b2 a8b3 0 ffff 400 ffff 1c 1f 9ee
6842 6842 cc30 cc3f 65f1 65f1 381c 381d 0 ffff 400 ffff 1c 1f 9ef
ef83 ef83 68e0 68ef eebb eebb 57c8 57c9 0 ffff 400 ffff 1c 1f 9f0
ef83 ef83 68e0 68ef 65f1 65f1 381c 381d 0 ffff 400 ffff 1c 1f 9f1
ef83 ef83 68e0 68ef 8c5b 8c5b 1c44 1c45 0 ffff 400 ffff 1c 1f 9f2
cd0 cd0 96c0 96df dfac dfac 8000 ffff 0 ffff 17 17 1b 11 9f3
6842 6842 cc00 cc1f 13ec 13ec 0 7fff 0 ffff 16 16 1b 11 9f4
ef83 ef83 68c0 68df 5718 5718 0 7fff 0 ffff 35 35 1b 11 9f5
cd0 cd0 96c0 96df 65f1 65f1 381f 381f 0 ffff 400 ffff 1b 20 9f6
cd0 cd0 96c0 96df afc8 afc8 11a1 11a1 0 ffff 400 ffff 1b 20 9f7
6842 6842 cc00 cc1f 65f1 65f1 381f 381f 0 ffff 400 ffff 1b 20 9f8
6842 6842 cc00 cc1f 8c5b 8c5b 1c47 1c47 0 ffff 400 ffff 1b 20 9f9
8112 8112 fe40 fe5f 5718 5718 ca5f ca5f 0 ffff 400 ffff 1b 20 9fa
ef83 ef83 68c0 68df 8c5b 8c5b 1c47 1c47 0 ffff 400 ffff 1b 20 9fb
ef83 ef83 68c0 68df eebb eebb 57ca 57ca 0 ffff 400 ffff 1b 20 9fc
cd0 cd0 96ef 96ef afc0 afc7 0 ffff 6d 6e 0 ffff 20 d 9fd
cd0 cd0 96ec 96ed afc8 afc8 11b0 11bf 0 ffff 400 ffff 1f 1c 9fe
cd0 cd0 96ec 96ed 65f1 65f1 3800 380f 0 ffff 400 ffff 1f 1c 9ff
6842 6842 cc24 cc25 65f1 65f1 3800 380f 0 ffff 400 ffff 1f 1c a00
6842 6842 cc24 cc25 8c5b 8c5b 1c50 1c5f 0 ffff 400 ffff 1f 1c a01
8112 8112 fe62 fe63 20f3 20f3 65d0 65df 0 ffff 400 ffff 1f 1c a02
ef83 ef83 68fe 68ff eebb eebb 57d0 57df 0 ffff 400 ffff 1f 1c a03
ef83 ef83 68fe 68ff 65f1 65f1 3800 380f 0 ffff 400 ffff 1f 1c a04
cd0 cd0 96e8 96eb afc8 afc8 11a4 11a7 0 ffff 0 ffff 1e 1e a05
ef83 ef83 68f8 68fb 65f1 65f1 3818 381b 0 ffff 0 ffff 1e 1e a06
cd0 cd0 9700 97ff 13ec 13ec b000 bfff 19 19 0 ffff 18 14 a07
cd0 cd0 96e8 96eb afc8 afc8 11a8 11af 0 ffff 400 ffff 1e 1d a08
6842 6842 cc20 cc23 8c5b 8c5b 1c48 1c4f 0 ffff 400 ffff 1e 1d a09
8112 8112 fe64 fe67 20f3 20f3 65c8 65cf 0 ffff 400 ffff 1e 1d a0a
8112 8112 fe64 fe67 5718 5718 ca50 ca57 0 ffff 400 ffff 1e 1d a0b
ef83 ef83 68f8 68fb 8c5b 8c5b 1c48 1c4f 0 ffff 400 ffff 1e 1d a0c
ef83 ef83 68f8 68fb 5718 5718 ca50 ca57 0 ffff 400 ffff 1e 1d a0d
ef83 ef83 68f8 68fb 65f1 65f1 3810 3817 0 ffff 400 ffff 1e 1d a0e
ef83 ef83 68f8 68fb eebb eebb 57c0 57c7 0 ffff 400 ffff 1e 1d a0f
cd0 cd0 c000 ffff afc8 afc8 1100 117f 0 ffff 18ca 18ca 12 19 a10
cd0 cd0 96ef 96ef 65f1 65f1 3820 383f 0 ffff 400 ffff 20 1b a11
6842 6842 cc27 cc27 8c5b 8c5b 1c60 1c7f 0 ffff 400 ffff 20 1b a12
6842 6842 cc26 cc26 65f1 65f1 3820 383f 0 ffff 400 ffff 20 1b a13
6842 6842 cc26 cc26 8c5b 8c5b 1c60 1c7f 0 ffff 400 ffff 20 1b a14
6842 6842 cc26 cc26 13ec 13ec a880 a89f 0 ffff 400 ffff 20 1b a15
8112 8112 fe61 fe61 20f3 20f3 65e0 65ff 0 ffff 400 ffff 20 1b a16
ef83 ef83 68fd 68fd 65f1 65f1 3820 383f 0 ffff 400 ffff 20 1b a17
ef83 ef83 68fd 68fd eebb eebb 57e0 57ff 0 ffff 400 ffff 20 1b a18
cd0 cd0 96f0 96ff afc8 afc8 11a1 11a1 0 ffff 0 ffff 1c 20 a19
6842 6842 cc80 ccff 13ec 13ec b000 bfff 14 15 0 ffff 19 14 a1a
6848 684f 0 ffff 65f1 65f1 381c 381d 0 ffff 50 50 d 1f a1b
ef88 ef8f 0 ffff eebb eebb 57c8 57c9 0 ffff 232b 232b d 1f a1c
6842 6842 8000 bfff 8c5b 8c5b 1c00 1c3f 0 ffff 50 50 12 1a a1d
8112 8112 8000 bfff eebb eebb 5780 57bf 0 ffff 19 19 12 1a a1e
ef83 ef83 0 3fff eebb eebb 5780 57bf 0 ffff 599 599 12 1a a1f
6842 6842 cc00 cc1f 13ec 13ec a8b0 a8b0 0 ffff 0 ffff 1b 20 a20
6842 6842 e000 ffff 13ec 13ec a900 a9ff 1a85 1a85 0 ffff 13 18 a21
6842 6842 cd00 cdff 8c5b 8c5b 1000 17ff 14 17 0 ffff 18 15 a22
8112 8112 ff00 ffff 5718 5718 c000 c7ff 14 17 0 ffff 18 15 a23
6842 6842 cc24 cc25 65f8 65ff 0 ffff 157c 157c 0 ffff 1f d a24
6842 6842 0 7fff 8c5b 8c5b 1c60 1c7f 0 ffff 14 15 11 1b a25
6842 6842 d000 dfff 65f1 65f1 3880 38ff 0 ffff 714 715 14 19 a26
6842 6842 d000 dfff 65f1 65f1 3880 38ff 0 ffff 14 15 14 19 a27
6842 6842 c000 c7ff 65f1 65f1 3a00 3bff 0 ffff 22ab 22ab 15 17 a28
6844 6847 0 ffff 65f1 65f1 3818 381b 0 ffff 1590 1590 e 1e a29
6843 6843 0 ffff 65f1 65f1 3800 380f 0 ffff 45 45 10 1c a2a
6842 6842 cc26 cc26 65f1 65f1 3800 380f 0 ffff 0 ffff 20 1c a2b
6842 6842 cc30 cc3f 8c5b 8c5b 1c44 1c45 0 ffff 0 ffff 1c 1f a2c
6842 6842 ce00 cfff 65f1 65f1 3000 37ff 0 ffff 202 202 17 15 a2d
ef83 ef83 6a00 6bff eebb eebb 5800 5fff 0 ffff 19 19 17 15 a2e
6842 6842 cc30 cc3f 13ec 13ec c000 ffff 14 17 0 ffff 1c 12 a2f
6842 6842 cd00 cdff 65f1 65f1 0 1fff 0 ffff a1 a1 18 13 a30
8110 8111 0 ffff 8c5b 8c5b 1c48 1c4f 0 ffff 14 15 f 1d a31
8112 8112 f000 f7ff 20f3 20f3 6600 67ff a1 a1 0 ffff 15 17 a32
ef83 ef83 6000 67ff 65f1 65f1 3a00 3bff 35 35 0 ffff 15 17 a33
ef83 ef83 6000 67ff 65f1 65f1 3a00 3bff 16 16 0 ffff 15 17 a34
8112 8112 e000 efff eebb eebb 5600 56ff 0 ffff 35 35 14 18 a35
8112 8112 f800 fbff 5718 5718 cc00 cfff 0 ffff 35 35 16 16 a36
8112 8112 fe70 fe7f 5718 5718 0 7fff 6d 6e 0 ffff 1c 11 a37
8112 8112 fe80 feff 8c5b 8c5b 2000 3fff 0 ffff 8b 8b 19 13 a38
8112 8112 fe80 feff 5718 5718 e000 ffff 19 19 0 ffff 19 13 a39
8113 8113 0 ffff eebb eebb 57e0 57ff 0 ffff 45 45 10 1b a3a
8112 8112 f000 f7ff 5718 5718 ca80 caff 0 ffff 14 17 15 19 a3b
ef80 ef81 0 ffff 8c5b 8c5b 1c48 1c4f 0 ffff 202 202 f 1d a3c
ef83 ef83 6880 68bf 8c5b 8c5b 4000 7fff a1 a1 0 ffff 1a 12 a3d
ef83 ef83 68f8 68fb 8c58 8c59 0 ffff 6d 6e 0 ffff 1e f a3e
ef83 ef83 6900 69ff 65f1 65f1 2000 2fff 0 ffff 19 19 18 14 a3f
ef83 ef83 7000 7fff 65f1 65f1 3840 387f 0 ffff 14 17 14 1a a40
ef83 ef83 6a00 6bff 8c5b 8c5b 1800 1bff 66d 66e 0 ffff 17 16 a41
ef83 ef83 6900 69ff eebb eebb 5800 5fff 0 ffff 14 15 18 15 a42
ef83 ef83 6880 68bf 65f1 65f1 8000 ffff 19 19 0 ffff 1a 11 a43
ef83 ef83 68f0 68f7 65f1 65f1 381c 381d 0 ffff 0 ffff 1d 1f a44
ef83 ef83 68f0 68f7 eeb8 eeb9 0 ffff 15ae 15ae 0 ffff 1d f a45
cd0 cd0 96ef 96ef dfac dfac 7700 773f 0 ffff 400 ffff 20 1a a46
cd0 cd0 96ef 96ef 65f1 65f1 3840 387f 0 ffff 400 ffff 20 1a a47
6842 6842 cc27 cc27 65f1 65f1 3840 387f 0 ffff 400 ffff 20 1a a48
8112 8112 fe61 fe61 5718 5718 ca00 ca3f 0 ffff 400 ffff 20 1a a49
ef83 ef83 68fc 68fc eebb eebb 5780 57bf 0 ffff 400 ffff 20 1a a4a
ef83 ef83 68fd 68fd 8c5b 8c5b 1c00 1c3f 0 ffff 400 ffff 20 1a a4b
ef83 ef83 68fd 68fd 65f1 65f1 3840 387f 0 ffff 400 ffff 20 1a a4c
cd0 cd0 96ec 96ed 65f1 65f1 3820 383f 0 ffff 400 ffff 1f 1b a4d
cd0 cd0 96ec 96ed afc8 afc8 1180 119f 0 ffff 400 ffff 1f 1b a4e
6842 6842 cc24 cc25 8c5b 8c5b 1c60 1c7f 0 ffff 400 ffff 1f 1b a4f
ef83 ef83 68fe 68ff 65f1 65f1 3820 383f 0 ffff 400 ffff 1f 1b a50
cd0 cd0 96e8 96eb 65f1 65f1 3800 380f 0 ffff 0 ffff 1e 1c a51
cd0 cd0 96f0 96ff 13ec 13ec a8b4 a8b7 0 ffff 400 ffff 1c 1e a52
cd0 cd0 96f0 96ff afc8 afc8 11a4 11a7 0 ffff 400 ffff 1c 1e a53
6842 6842 cc30 cc3f afc8 afc8 11a4 11a7 0 ffff 400 ffff 1c 1e a54
6842 6842 cc30 cc3f 13ec 13ec a8b4 a8b7 0 ffff 400 ffff 1c 1e a55
6842 6842 cc30 cc3f 8c5b 8c5b 1c40 1c43 0 ffff 400 ffff 1c 1e a56
8112 8112 fe70 fe7f 8c5b 8c5b 1c40 1c43 0 ffff 400 ffff 1c 1e a57
ef83 ef83 68e0 68ef 5718 5718 ca58 ca5b 0 ffff 400 ffff 1c 1e a58
ef83 ef83 68e0 68ef 65f1 65f1 3818 381b 0 ffff 400 ffff 1c 1e a59
cc0 ccf 0 ffff 65f1 65f1 381c 381d 0 ffff 202 202 c 1f a5a
6850 685f 0 ffff 13ec 13ec a8b2 a8b3 0 ffff 50 50 c 1f a5b
cd0 cd0 9600 967f dfac dfac 0 3fff 0 ffff 50 50 19 12 a5c
8112 8112 fe80 feff eebb eebb 0 3fff 0 ffff 22ab 22ab 19 12 a5d
cd0 cd0 9400 95ff dfac dfac 6000 6fff 50 50 0 ffff 17 14 a5e
cd0 cd0 9680 96bf 65f1 65f1 381f 381f 0 ffff 400 ffff 1a 20 a5f
6842 6842 cc40 cc7f 20f3 20f3 65c2 65c2 0 ffff 400 ffff 1a 20 a60
6842 6842 cc40 cc7f 65f1 65f1 381f 381f 0 ffff 400 ffff 1a 20 a61
6842 6842 cc40 cc7f 8c5b 8c5b 1c47 1c47 0 ffff 400 ffff 1a 20 a62
ef83 ef83 6880 68bf 8c5b 8c5b 1c47 1c47 0 ffff 400 ffff 1a 20 a63
ef83 ef83 6880 68bf eebb eebb 57ca 57ca 0 ffff 400 ffff 1a 20 a64
ef83 ef83 6880 68bf 65f1 65f1 381e 381e 0 ffff 400 ffff 1a 20 a65
cd0 cd0 96e8 96eb 13ec 13ec a8a0 a8af 0 ffff 400 ffff 1e 1c a66
6842 6842 cc20 cc23 65f1 65f1 3800 380f 0 ffff 400 ffff 1e 1c a67
6842 6842 cc20 cc23 8c5b 8c5b 1c50 1c5f 0 ffff 400 ffff 1e 1c a68
6842 6842 cc20 cc23 13ec 13ec a8a0 a8af 0 ffff 400 ffff 1e 1c a69
8112 8112 fe64 fe67 eebb eebb 57d0 57df 0 ffff 400 ffff 1e 1c a6a
8112 8112 fe64 fe67 5718 5718 ca40 ca4f 0 ffff 400 ffff 1e 1c a6b
8112 8112 fe64 fe67 8c5b 8c5b 1c50 1c5f 0 ffff 400 ffff 1e 1c a6c
ef83 ef83 68f8 68fb eebb eebb 57d0 57df 0 ffff 400 ffff 1e 1c a6d
ef83 ef83 68f8 68fb 65f1 65f1 3800 380f 0 ffff 400 ffff 1e 1c a6e
ef83 ef83 68f8 68fb 8c5b 8c5b 1c50 1c5f 0 ffff 400 ffff 1e 1c a6f
cd0 cd0 96c0 96df afc8 afc8 11a2 11a3 0 ffff 400 ffff 1b 1f a70
6842 6842 cc00 cc1f afc8 afc8 11a2 11a3 0 ffff 400 ffff 1b 1f a71
6842 6842 cc00 cc1f 65f1 65f1 381c 381d 0 ffff 400 ffff 1b 1f a72
6842 6842 cc00 cc1f 13ec 13ec a8b2 a8b3 0 ffff 400 ffff 1b 1f a73
6842 6842 cc00 cc1f 8c5b 8c5b 1c44 1c45 0 ffff 400 ffff 1b 1f a74
8112 8112 fe40 fe5f 8c5b 8c5b 1c44 1c45 0 ffff 400 ffff 1b 1f a75
8112 8112 fe40 fe5f eebb eebb 57c8 57c9 0 ffff 400 ffff 1b 1f a76
8112 8112 fe40 fe5f 5718 5718 ca5c ca5d 0 ffff 400 ffff 1b 1f a77
ef83 ef83 68c0 68df 5718 5718 ca5c ca5d 0 ffff 400 ffff 1b 1f a78
ef83 ef83 68c0 68df eebb eebb 57c8 57c9 0 ffff 400 ffff 1b 1f a79
ef83 ef83 68c0 68df 8c5b 8c5b 1c44 1c45 0 ffff 400 ffff 1b 1f a7a
ef83 ef83 68c0 68df 65f1 65f1 381c 381d 0 ffff 400 ffff 1b 1f a7b
cd0 cd0 96e0 96e7 65f1 65f1 3818 381b 0 ffff 0 ffff 1d 1e a7c
cd0 cd0 9680 96bf afc8 afc8 8000 ffff 0 ffff 45 45 1a 11 a7d
6842 6842 cc40 cc7f 65f1 65f1 8000 ffff 0 ffff 599 599 1a 11 a7e
cd2 cd3 0 ffff afc8 afc8 1180 119f 0 ffff 35 35 f 1b a7f
cd0 cd0 a000 bfff afc8 afc8 1000 10ff 0 ffff 202 202 13 18 a80
8112 8112 c000 dfff eebb eebb 5600 56ff 0 ffff 50 50 13 18 a81
ef83 ef83 4000 5fff 65f1 65f1 3900 39ff 0 ffff 202 202 13 18 a82
cd0 cd0 9000 93ff afc8 afc8 0 fff 0 ffff 45 45 16 14 a83
6842 6842 8000 bfff 65f1 65f1 3880 38ff 0 ffff 17 17 12 19 a84
ef83 ef83 0 3fff 8c5b 8c5b 1c80 1cff 0 ffff 9f5 9f5 12 19 a85
6843 6843 0 ffff afc8 afc8 1180 119f 0 ffff 202 202 10 1b a86
6843 6843 0 ffff 13ec 13ec a880 a89f 0 ffff 45 45 10 1b a87
6842 6842 c000 c7ff afc8 afc8 1400 17ff 16 16 0 ffff 15 16 a88
6842 6842 cc28 cc2f 13ec 13ec a8b8 a8bf 0 ffff 400 ffff 1d 1d a89
6842 6842 cc28 cc2f 8c5b 8c5b 1c48 1c4f 0 ffff 400 ffff 1d 1d a8a
ef83 ef83 68f0 68f7 5718 5718 ca50 ca57 0 ffff 400 ffff 1d 1d a8b
ef83 ef83 68f0 68f7 8c5b 8c5b 1c48 1c4f 0 ffff 400 ffff 1d 1d a8c
ef83 ef83 68f0 68f7 dfac dfac 7748 774f 0 ffff 400 ffff 1d 1d a8d
ef83 ef83 68f0 68f7 eebb eebb 57c0 57c7 0 ffff 400 ffff 1d 1d a8e
ef83 ef83 68f0 68f7 65f1 65f1 3810 3817 0 ffff 400 ffff 1d 1d a8f
6842 6842 cc27 cc27 8c5b 8c5b 1c00 1c3f 0 ffff 0 ffff 20 1a a90
6844 6847 0 ffff 65f1 65f1 3810 3817 0 ffff 45 45 e 1d a91
ef84 ef87 0 ffff eebb eebb 57c0 57c7 0 ffff 232b 232b e 1d a92
6842 6842 d000 dfff 13ec 13ec aa00 abff 0 ffff 19 19 14 17 a93
ef83 ef83 7000 7fff 65f1 65f1 3a00 3bff 0 ffff 45 45 14 17 a94
6842 6842 c800 cbff 13ec 13ec a000 a7ff 0 ffff 45 45 16 15 a95
8112 8112 f800 fbff 5718 5718 c000 c7ff 0 ffff 1b58 1b58 16 15 a96
6842 6842 cc20 cc23 8c50 8c57 0 ffff 35 35 0 ffff 1e d a97
6842 6842 0 7fff 8c5b 8c5b 1c60 1c7f 0 ffff 66d 66e 11 1b a98
6842 6842 cc26 cc26 65c0 65df 0 ffff 0 ffff 45 45 20 b a99
6842 6842 c000 c7ff 5718 5718 c800 c9ff 0 ffff 14 17 15 17 a9a
6842 6842 0 7fff 65f1 65f1 3840 387f 0 ffff 50 50 11 1a a9b
ef83 ef83 8000 ffff eebb eebb 5780 57bf 0 ffff 50 50 11 1a a9c
ef83 ef83 8000 ffff 8c5b 8c5b 1c00 1c3f 0 ffff 202 202 11 1a a9d
6842 6842 cc26 cc26 8c5b 8c5b 1c00 1c3f 400 ffff 0 ffff 20 1a a9e
6842 6842 c800 cbff 65f1 65f1 3c00 3fff 0 ffff 6d 6e 16 16 a9f
6842 6842 cc24 cc25 8c40 8c4f 0 ffff 0 ffff 77 77 1f c aa0
6842 6842 cc30 cc3f 13ec 13ec a8b2 a8b3 0 ffff 0 ffff 1c 1f aa1
6842 6842 cc40 cc7f 65f1 65f1 8000 ffff 1f4 1f4 0 ffff 1a 11 aa2
6842 6842 ce00 cfff 13ec 13ec b000 bfff 66d 66e 0 ffff 17 14 aa3
6842 6842 ce00 cfff 8c5b 8c5b 0 fff 0 ffff 50 50 17 14 aa4
6848 684f 0 ffff 8c5b 8c5b 1c44 1c45 0 ffff 1388 1389 d 1f aa5
8100 810f 0 ffff eebb eebb 57ca 57ca 0 ffff 14 17 c 20 aa6
8112 8112 f000 f7ff eebb eebb 5000 53ff 0 ffff 45 45 15 16 aa7
8112 8112 8000 bfff 5718 5718 ca80 caff 35 35 0 ffff 12 19 aa8
8118 811f 0 ffff 5718 5718 ca58 ca5b 0 ffff 202 202 d 1e aa9
8112 8112 fe40 fe5f 5718 5718 ca5f ca5f 0 ffff 0 ffff 1b 20 aaa
ef83 ef83 68fe 68ff eebb eebb 57d0 57df 0 ffff 0 ffff 1f 1c aab
ef83 ef83 6900 69ff 8c5b 8c5b 0 fff 0 ffff 14 15 18 14 aac
ef83 ef83 6900 69ff 65f1 65f1 2000 2fff 0 ffff 6d 6e 18 14 aad
ef83 ef83 6900 69ff 65f1 65f1 0 1fff 0 ffff a1 a1 18 13 aae
ef83 ef83 6a00 6bff 65f1 65f1 0 1fff 0 ffff 202 202 17 13 aaf
ef83 ef83 6880 68bf eeba eeba 0 ffff 15a4 15a4 0 ffff 1a 10 ab0
ef83 ef83 4000 5fff 65f1 65f1 3900 39ff 7b 7b 0 ffff 13 18 ab1
cd0 cd0 96e0 96e7 dfac dfac 7748 774f 0 ffff 0 ffff 1d 1d ab2
cd0 cd0 96c0 96df 13ec 13ec a8b4 a8b7 0 ffff 400 ffff 1b 1e ab3
cd0 cd0 96c0 96df 65f1 65f1 3818 381b 0 ffff 400 ffff 1b 1e ab4
cd0 cd0 96c0 96df afc8 afc8 11a4 11a7 0 ffff 400 ffff 1b 1e ab5
8112 8112 fe40 fe5f 8c5b 8c5b 1c40 1c43 0 ffff 400 ffff 1b 1e ab6
8112 8112 fe40 fe5f 20f3 20f3 65c4 65c7 0 ffff 400 ffff 1b 1e ab7
ef83 ef83 68c0 68df 5718 5718 ca58 ca5b 0 ffff 400 ffff 1b 1e ab8
ef83 ef83 68c0 68df 65f1 65f1 3818 381b 0 ffff 400 ffff 1b 1e ab9
ef83 ef83 68c0 68df 8c5b 8c5b 1c40 1c43 0 ffff 400 ffff 1b 1e aba
cd0 cd0 9680 96bf 65f1 65f1 381c 381d 0 ffff 400 ffff 1a 1f abb
cd0 cd0 9680 96bf afc8 afc8 11a2 11a3 0 ffff 400 ffff 1a 1f abc
6842 6842 cc40 cc7f 13ec 13ec a8b2 a8b3 0 ffff 400 ffff 1a 1f abd
8112 8112 fe00 fe3f 20f3 20f3 65c0 65c1 0 ffff 400 ffff 1a 1f abe
ef83 ef83 6880 68bf 5718 5718 ca5c ca5d 0 ffff 400 ffff 1a 1f abf
ef83 ef83 6880 68bf 8c5b 8c5b 1c44 1c45 0 ffff 400 ffff 1a 1f ac0
ef83 ef83 6880 68bf 65f1 65f1 381c 381d 0 ffff 400 ffff 1a 1f ac1
ef83 ef83 6880 68bf eebb eebb 57c8 57c9 0 ffff 400 ffff 1a 1f ac2
cd0 cd0 9600 967f dfac dfac 7741 7741 0 ffff 400 ffff 19 20 ac3
cd0 cd0 9600 967f 65f1 65f1 381f 381f 0 ffff 400 ffff 19 20 ac4
cd0 cd0 9600 967f afc8 afc8 11a1 11a1 0 ffff 400 ffff 19 20 ac5
6842 6842 cc80 ccff 20f3 20f3 65c2 65c2 0 ffff 400 ffff 19 20 ac6
6842 6842 cc80 ccff 13ec 13ec a8b0 a8b0 0 ffff 400 ffff 19 20 ac7
6842 6842 cc80 ccff 65f1 65f1 381f 381f 0 ffff 400 ffff 19 20 ac8
8112 8112 fe80 feff 20f3 20f3 65c2 65c2 0 ffff 400 ffff 19 20 ac9
8112 8112 fe80 feff 5718 5718 ca5f ca5f 0 ffff 400 ffff 19 20 aca
ef83 ef83 6800 687f 5718 5718 ca5f ca5f 0 ffff 400 ffff 19 20 acb
ef83 ef83 6800 687f 65f1 65f1 381e 381e 0 ffff 400 ffff 19 20 acc
ef83 ef83 6800 687f dfac dfac 7741 7741 0 ffff 400 ffff 19 20 acd
cd0 cd0 96e8 96eb dfac dfac 7760 777f 0 ffff 400 ffff 1e 1b ace
cd0 cd0 96e8 96eb 65f1 65f1 3820 383f 0 ffff 400 ffff 1e 1b acf
6842 6842 cc20 cc23 13ec 13ec a880 a89f 0 ffff 400 ffff 1e 1b ad0
6842 6842 cc20 cc23 8c5b 8c5b 1c60 1c7f 0 ffff 400 ffff 1e 1b ad1
8112 8112 fe64 fe67 8c5b 8c5b 1c60 1c7f 0 ffff 400 ffff 1e 1b ad2
ef83 ef83 68f8 68fb 65f1 65f1 3820 383f 0 ffff 400 ffff 1e 1b ad3
cd0 cd0 96f0 96ff afc8 afc8 11a8 11af 0 ffff 400 ffff 1c 1d ad4
cd0 cd0 96f0 96ff 13ec 13ec a8b8 a8bf 0 ffff 400 ffff 1c 1d ad5
6842 6842 cc30 cc3f afc8 afc8 11a8 11af 0 ffff 400 ffff 1c 1d ad6
6842 6842 cc30 cc3f 65f1 65f1 3810 3817 0 ffff 400 ffff 1c 1d ad7
6842 6842 cc30 cc3f 8c5b 8c5b 1c48 1c4f 0 ffff 400 ffff 1c 1d ad8
8112 8112 fe70 fe7f eebb eebb 57c0 57c7 0 ffff 400 ffff 1c 1d ad9
8112 8112 fe70 fe7f 5718 5718 ca50 ca57 0 ffff 400 ffff 1c 1d ada
ef83 ef83 68e0 68ef eebb eebb 57c0 57c7 0 ffff 400 ffff 1c 1d adb
ef83 ef83 68e0 68ef 65f1 65f1 3810 3817 0 ffff 400 ffff 1c 1d adc
ef83 ef83 68e0 68ef 8c5b 8c5b 1c48 1c4f 0 ffff 400 ffff 1c 1d add
cd0 cd0 96e0 96e7 13ec 13ec a8a0 a8af 0 ffff 400 ffff 1d 1c ade
cd0 cd0 96e0 96e7 afc8 afc8 11b0 11bf 0 ffff 400 ffff 1d 1c adf
6842 6842 cc28 cc2f afc8 afc8 11b0 11bf 0 ffff 400 ffff 1d 1c ae0
6842 6842 cc28 cc2f 13ec 13ec a8a0 a8af 0 ffff 400 ffff 1d 1c ae1
ef83 ef83 68f0 68f7 65f1 65f1 3800 380f 0 ffff 400 ffff 1d 1c ae2
cd0 cd0 0 7fff afc8 afc8 1100 117f 0 ffff 45 45 11 19 ae3
6842 6842 0 7fff 8c5b 8c5b 1c80 1cff 0 ffff 35 35 11 19 ae4
cd0 cd0 96ec 96ed afc8 afc8 1180 119f 0 ffff 0 ffff 1f 1b ae5
cd0 cd0 96ec 96ed afc8 afc8 11c0 11ff 0 ffff 400 ffff 1f 1a ae6
6842 6842 cc24 cc25 13ec 13ec a8c0 a8ff 0 ffff 400 ffff 1f 1a ae7
ef83 ef83 68fe 68ff 8c5b 8c5b 1c00 1c3f 0 ffff 400 ffff 1f 1a ae8
ef83 ef83 68fe 68ff 65f1 65f1 3840 387f 0 ffff 400 ffff 1f 1a ae9
cd0 cd0 9680 96bf 13ed 13ed 0 ffff a1 a1 0 ffff 1a 10 aea
cd0 cd0 96ef 96ef afc8 afc8 1100 117f 0 ffff 400 ffff 20 19 aeb
6842 6842 cc27 cc27 13ec 13ec a800 a87f 0 ffff 400 ffff 20 19 aec
6842 6842 cc26 cc26 8c5b 8c5b 1c80 1cff 0 ffff 400 ffff 20 19 aed
8112 8112 fe61 fe61 20f3 20f3 6500 657f 0 ffff 400 ffff 20 19 aee
ef83 ef83 68fc 68fc 65f1 65f1 3880 38ff 0 ffff 400 ffff 20 19 aef
cd0 cd0 9680 96bf afc9 afc9 0 ffff 0 ffff 45 45 1a 10 af0
6842 6842 cc80 ccff afc8 afc8 11a1 11a1 0 ffff 0 ffff 19 20 af1
6842 6842 cc30 cc3f 13ec 13ec a8b4 a8b7 0 ffff 0 ffff 1c 1e af2
6842 6842 cc30 cc3f 13ec 13ec a8b4 a8b7 0 ffff 0 ffff 1c 1e af3
6843 6843 0 ffff 13ec 13ec a880 a89f 14 15 0 ffff 10 1b af4
6842 6842 cc80 ccff afc8 afc8 8000 ffff 15ff 15ff 0 ffff 19 11 af5
6842 6842 cc40 cc7f 65f1 65f1 381f 381f 0 ffff 0 ffff 1a 20 af6
6842 6842 cc40 cc7f 8c5b 8c5b 1c47 1c47 0 ffff 0 ffff 1a 20 af7
6842 6842 cc00 cc1f 8c5b 8c5b 1c44 1c45 0 ffff 0 ffff 1b 1f af8
6843 6843 0 ffff 65f1 65f1 3880 38ff a1 a1 0 ffff 10 19 af9
6842 6842 c000 c7ff 8c5b 8c5b 1800 1bff 66d 66e 0 ffff 15 16 afa
6842 6842 d000 dfff 13ec 13ec ac00 afff 0 ffff 232b 232b 14 16 afb
6842 6842 cc20 cc23 65f1 65f1 3800 380f 0 ffff 0 ffff 1e 1c afc
6850 685f 0 ffff 8c5b 8c5b 1c40 1c43 a1 a1 0 ffff c 1e afd
6842 6842 cc30 cc3f 13ec 13ec a8b8 a8bf 0 ffff 0 ffff 1c 1d afe
6840 6841 0 ffff 8c5b 8c5b 1c60 1c7f 0 ffff 8f 8f f 1b aff
8110 8111 0 ffff 20f3 20f3 65e0 65ff 0 ffff 45 45 f 1b b00
6842 6842 c800 cbff 8c5b 8c5b 1800 1bff 14 17 0 ffff 16 16 b01
8112 8112 f800 fbff 8c5b 8c5b 2000 3fff 0 ffff 45 45 16 13 b02
8112 8112 c000 dfff 5718 5718 cc00 cfff 0 ffff 35 35 13 16 b03
8112 8112 fe61 fe61 5740 577f 0 ffff 0 ffff 45 45 20 a b04
8112 8112 ff00 ffff 8c5b 8c5b 4000 7fff a1 a1 0 ffff 18 12 b05
8112 8112 c000 dfff 8c5b 8c5b 1e00 1fff 0 ffff 202 202 13 17 b06
8112 8112 c000 dfff 8c5b 8c5b 1e00 1fff 0 ffff 45 45 13 17 b07
8112 8112 fc00 fdff 8c5b 8c5b 2000 3fff 0 ffff 71 71 17 13 b08
ef83 ef83 6c00 6fff eebb eebb 4000 4fff 0 ffff 19 19 16 14 b09
efc0 efff 0 ffff eebb eebb 57ca 57ca 0 ffff 35 35 a 20 b0a
ef83 ef83 68f0 68f7 8c50 8c57 0 ffff 1586 1586 0 ffff 1d d b0b
ef83 ef83 6000 67ff eebb eebb 5800 5fff 0 ffff 45 45 15 15 b0c
ef82 ef82 0 ffff eebb eebb 5780 57bf 35 35 0 ffff 10 1a b0d
ef83 ef83 7000 7fff 65f1 65f1 3000 37ff 19 19 0 ffff 14 15 b0e
ef83 ef83 68f8 68fb eebb eebb 57e0 57ff 0 ffff 0 ffff 1e 1b b0f
cd0 cd0 9800 9fff dfac dfac 7800 7fff 0 ffff 14 15 15 15 b10
cd0 cd0 9800 9fff afc8 afc8 1800 1fff 0 ffff 66d 66e 15 15 b11
cd0 cd0 96ec 96ed 13ec 13ec a800 a87f 0 ffff 400 ffff 1f 19 b12
6842 6842 cc24 cc25 65f1 65f1 3880 38ff 0 ffff 400 ffff 1f 19 b13
6842 6842 cc24 cc25 8c5b 8c5b 1c80 1cff 0 ffff 400 ffff 1f 19 b14
8112 8112 fe62 fe63 eebb eebb 5700 577f 0 ffff 400 ffff 1f 19 b15
8112 8112 fe62 fe63 20f3 20f3 6500 657f 0 ffff 400 ffff 1f 19 b16
ef83 ef83 68fe 68ff 65f1 65f1 3880 38ff 0 ffff 400 ffff 1f 19 b17
ef83 ef83 68fe 68ff eebb eebb 5700 577f 0 ffff 400 ffff 1f 19 b18
cd0 cd0 9400 95ff 65f1 65f1 4000 7fff 0 ffff 202 202 17 12 b19
cd0 cd0 9400 95ff dfac dfac 0 3fff 0 ffff 22ab 22ab 17 12 b1a
ef83 ef83 6a00 6bff 5718 5718 8000 bfff 0 ffff 45 45 17 12 b1b
ef83 ef83 6a00 6bff 8c5b 8c5b 4000 7fff 0 ffff 202 202 17 12 b1c
cd0 cd0 96ef 96ef 13ec 13ec a900 a9ff 0 ffff 400 ffff 20 18 b1d
6842 6842 cc26 cc26 13ec 13ec a900 a9ff 0 ffff 400 ffff 20 18 b1e
ef83 ef83 68fd 68fd 65f1 65f1 3900 39ff 0 ffff 400 ffff 20 18 b1f
cd0 cd0 96e8 96eb 13ec 13ec a880 a89f 0 ffff 0 ffff 1e 1b b20
cd0 cd0 0 7fff 13ec 13ec a900 a9ff 0 ffff 202 202 11 18 b21
6842 6842 0 7fff 8c5b 8c5b 1d00 1dff 0 ffff 19 19 11 18 b22
6842 6842 0 7fff 8c5b 8c5b 1d00 1dff 0 ffff 202 202 11 18 b23
ef83 ef83 8000 ffff 65f1 65f1 3900 39ff 0 ffff 66d 66d 11 18 b24
cd4 cd7 0 ffff 13ec 13ec a880 a89f 0 ffff 45 45 e 1b b25
cd4 cd7 0 ffff afc8 afc8 1180 119f 0 ffff 35 35 e 1b b26
6844 6847 0 ffff 13ec 13ec a880 a89f 0 ffff 15ae 15ae e 1b b27
cd0 cd0 96e0 96e7 65f1 65f1 3820 383f 0 ffff 400 ffff 1d 1b b28
6842 6842 cc28 cc2f 13ec 13ec a880 a89f 0 ffff 400 ffff 1d 1b b29
6842 6842 cc28 cc2f 8c5b 8c5b 1c60 1c7f 0 ffff 400 ffff 1d 1b b2a
8112 8112 fe68 fe6f 8c5b 8c5b 1c60 1c7f 0 ffff 400 ffff 1d 1b b2b
ef83 ef83 68f0 68f7 eebb eebb 57e0 57ff 0 ffff 400 ffff 1d 1b b2c
cd0 cd0 96f0 96ff afc8 afc8 11b0 11bf 0 ffff 400 ffff 1c 1c b2d
cd0 cd0 96f0 96ff 65f1 65f1 3800 380f 0 ffff 400 ffff 1c 1c b2e
6842 6842 cc30 cc3f afc8 afc8 11b0 11bf 0 ffff 400 ffff 1c 1c b2f
6842 6842 cc30 cc3f 13ec 13ec a8a0 a8af 0 ffff 400 ffff 1c 1c b30
6842 6842 cc30 cc3f 8c5b 8c5b 1c50 1c5f 0 ffff 400 ffff 1c 1c b31
8112 8112 fe70 fe7f 8c5b 8c5b 1c50 1c5f 0 ffff 400 ffff 1c 1c b32
ef83 ef83 68e0 68ef 65f1 65f1 3800 380f 0 ffff 400 ffff 1c 1c b33
cd0 cd0 9700 97ff afc8 afc8 8000 ffff 0 ffff 45 45 18 11 b34
6842 6842 cd00 cdff 8c5b 8c5b 8000 ffff 0 ffff 202 202 18 11 b35
cd0 cd0 96e8 96eb 13ec 13ec a8c0 a8ff 0 ffff 400 ffff 1e 1a b36
8112 8112 fe64 fe67 20f3 20f3 6580 65bf 0 ffff 400 ffff 1e 1a b37
ef83 ef83 68f8 68fb 8c5b 8c5b 1c00 1c3f 0 ffff 400 ffff 1e 1a b38
cc0 ccf 0 ffff afc8 afc8 11a8 11af 0 ffff 19 19 c 1d b39
cd0 cd0 9680 96bf afc9 afc9 0 ffff 14 15 0 ffff 1a 10 b3a
cd0 cd0 96f0 96ff afc8 afc8 11a8 11af 0 ffff 0 ffff 1c 1d b3b
6842 6842 cd00 cdff 65f1 65f1 381f 381f 0 ffff 400 ffff 18 20 b3c
6842 6842 cd00 cdff 8c5b 8c5b 1c47 1c47 0 ffff 400 ffff 18 20 b3d
6842 6842 cd00 cdff 13ec 13ec a8b0 a8b0 0 ffff 400 ffff 18 20 b3e
8112 8112 ff00 ffff 8c5b 8c5b 1c47 1c47 0 ffff 400 ffff 18 20 b3f
8112 8112 ff00 ffff 5718 5718 ca5f ca5f 0 ffff 400 ffff 18 20 b40
ef83 ef83 6900 69ff 8c5b 8c5b 1c47 1c47 0 ffff 400 ffff 18 20 b41
ef83 ef83 6900 69ff 65f1 65f1 381e 381e 0 ffff 400 ffff 18 20 b42
ef83 ef83 6900 69ff 65f1 65f1 381f 381f 0 ffff 400 ffff 18 20 b43
6842 6842 cc80 ccff 8c5b 8c5b 1c47 1c47 0 ffff 0 ffff 19 20 b44
6842 6842 cc80 ccff 13ec 13ec a8b0 a8b0 0 ffff 0 ffff 19 20 b45
8112 8112 fe80 feff eebb eebb 57ca 57ca 0 ffff 0 ffff 19 20 b46
6842 6842 d000 dfff 8c5b 8c5b 1000 17ff 15ae 15ae 0 ffff 14 15 b47
6842 6842 cc00 cc1f 8c5b 8c5b 1c40 1c43 0 ffff 0 ffff 1b 1e b48
6842 6842 cc20 cc23 6580 65bf 0 ffff 19 19 0 ffff 1e a b49
6842 6842 e000 ffff 8c5b 8c5b 1800 1bff 0 ffff 599 599 13 16 b4a
ef83 ef83 4000 5fff 65f1 65f1 3c00 3fff 0 ffff 1586 1586 13 16 b4b
6842 6842 cc80 ccff 8c5b 8c5b 8000 ffff 14 15 0 ffff 19 11 b4c
6842 6842 cc30 cc3f 65f8 65ff 0 ffff 0 ffff 35 35 1c d b4d
6842 6842 cc40 cc7f 8c5b 8c5b 1c40 1c43 0 ffff 400 ffff 1a 1e b4e
8112 8112 fe00 fe3f 20f3 20f3 65c4 65c7 0 ffff 400 ffff 1a 1e b4f
8112 8112 fe00 fe3f eebb eebb 57cc 57cf 0 ffff 400 ffff 1a 1e b50
6842 6842 cc80 ccff 65f1 65f1 381c 381d 0 ffff 400 ffff 19 1f b51
8112 8112 fe80 feff 20f3 20f3 65c0 65c1 0 ffff 400 ffff 19 1f b52
ef83 ef83 6800 687f 5718 5718 ca5c ca5d 0 ffff 400 ffff 19 1f b53
ef83 ef83 6800 687f 8c5b 8c5b 1c44 1c45 0 ffff 400 ffff 19 1f b54
ef83 ef83 6800 687f 65f1 65f1 381c 381d 0 ffff 400 ffff 19 1f b55
6848 684f 0 ffff 8c5b 8c5b 1c50 1c5f 0 ffff 45 45 d 1c b56
ef88 ef8f 0 ffff 65f1 65f1 3800 380f 0 ffff 202 202 d 1c b57
6842 6842 8000 bfff 65f1 65f1 3900 39ff 0 ffff 14 17 12 18 b58
6842 6842 cc40 cc7f 5718 5718 ca5c ca5d 0 ffff 0 ffff 1a 1f b59
6842 6842 cc40 cc7f 8c5b 8c5b 1c44 1c45 0 ffff 0 ffff 1a 1f b5a
6860 687f 0 ffff 65f1 65f1 3818 381b 0 ffff 45 45 b 1e b5b
6842 6842 cc00 cc1f 13ec 13ec a8b8 a8bf 0 ffff 400 ffff 1b 1d b5c
6842 6842 cc00 cc1f 8c5b 8c5b 1c48 1c4f 0 ffff 400 ffff 1b 1d b5d
8112 8112 fe40 fe5f 20f3 20f3 65c8 65cf 0 ffff 400 ffff 1b 1d b5e
8112 8112 fe40 fe5f 5718 5718 ca50 ca57 0 ffff 400 ffff 1b 1d b5f
8112 8112 fe40 fe5f 8c5b 8c5b 1c48 1c4f 0 ffff 400 ffff 1b 1d b60
ef83 ef83 68c0 68df 8c5b 8c5b 1c48 1c4f 0 ffff 400 ffff 1b 1d b61
ef83 ef83 68c0 68df 65f1 65f1 3810 3817 0 ffff 400 ffff 1b 1d b62
ef83 ef83 68c0 68df eebb eebb 57c0 57c7 0 ffff 400 ffff 1b 1d b63
6860 687f 0 ffff 8c5b 8c5b 1c40 1c43 0 ffff 66d 66e b 1e b64
6842 6842 8000 bfff 8c5b 8c5b 1c80 1cff 0 ffff 14 17 12 19 b65
6842 6842 cc26 cc26 13ec 13ec a800 a87f 0 ffff 0 ffff 20 19 b66
8110 8111 0 ffff 8c5b 8c5b 1c60 1c7f 0 ffff 6d 6e f 1b b67
8112 8112 ff00 ffff 8c5b 8c5b 8000 ffff 19 19 0 ffff 18 11 b68
8112 8112 ff00 ffff 5718 5718 0 7fff 35 35 0 ffff 18 11 b69
8112 8112 8000 bfff 5718 5718 c800 c9ff 0 ffff 599 599 12 17 b6a
ef83 ef83 0 3fff 8c5b 8c5b 1e00 1fff 0 ffff 232b 232b 12 17 b6b
8113 8113 0 ffff 8c5b 8c5b 1c80 1cff 0 ffff 45 45 10 19 b6c
8112 8112 f000 f7ff eebb eebb 4000 4fff 35 35 0 ffff 15 14 b6d
8112 8112 fe68 fe6f eebb eebb 57d0 57df 0 ffff 0 ffff 1d 1c b6e
ef83 ef83 68f0 68f7 5718 5718 ca40 ca4f 0 ffff 0 ffff 1d 1c b6f
8112 8112 fe80 feff 5718 5718 ca00 ca3f 0 ffff 14 9cf 19 1a b70
ef83 ef83 6000 67ff eebb eebb 4000 4fff 0 ffff 45 45 15 14 b71
ef83 ef83 6000 67ff 5718 5718 cc00 cfff 0 ffff 14 17 15 16 b72
ef83 ef83 6800 687f 5718 5718 ca5c ca5d 0 ffff 0 ffff 19 1f b73
ef83 ef83 68fe 68ff 8c5b 8c5b 1c00 1c3f 0 ffff 0 ffff 1f 1a b74
ef83 ef83 6a00 6bff eebb eebb 8000 ffff 0 ffff 8b 8b 17 11 b75
ef80 ef81 0 ffff 8c5b 8c5b 1c50 1c5f 0 ffff 14 17 f 1c b76
ef83 ef83 6900 69ff eebb eebb 57ca 57ca 0 ffff 0 ffff 18 20 b77
ef83 ef83 68fd 68fd 8c80 8cff 0 ffff 35 35 0 ffff 20 9 b78
ef90 ef9f 0 ffff eebb eebb 57c8 57c9 0 ffff 14 17 c 1f b79
ef83 ef83 7000 7fff 65f1 65f1 3000 37ff 0 ffff 45 45 14 15 b7a
ef83 ef83 6880 68bf 8c5b 8c5b 1c40 1c43 0 ffff 0 ffff 1a 1e b7b
ef83 ef83 68fe 68ff 8c5b 8c5b 1c80 1cff 400 ffff 0 ffff 1f 19 b7c
ef83 ef83 68f8 68fb 65c0 65df 0 ffff 0 ffff 202 202 1e b b7d
ef90 ef9f 0 ffff 8c5b 8c5b 1c48 1c4f 0 ffff 6d 6e c 1d b7e
ef83 ef83 6c00 6fff eebb eebb 6000 7fff 35 35 0 ffff 16 13 b7f
cd0 cd0 9680 96bf dfac dfac 7748 774f 0 ffff 400 ffff 1a 1d b80
cd0 cd0 9680 96bf afc8 afc8 11a8 11af 0 ffff 400 ffff 1a 1d b81
6842 6842 cc40 cc7f 8c5b 8c5b 1c48 1c4f 0 ffff 400 ffff 1a 1d b82
8112 8112 fe00 fe3f dfac dfac 7748 774f 0 ffff 400 ffff 1a 1d b83
8112 8112 fe00 fe3f 8c5b 8c5b 1c48 1c4f 0 ffff 400 ffff 1a 1d b84
ef83 ef83 6880 68bf eebb eebb 57c0 57c7 0 ffff 400 ffff 1a 1d b85
cd0 cd0 9600 967f dfa8 dfab 0 ffff a1 a1 0 ffff 19 e b86
ce0 cff 0 ffff 13ec 13ec a8b2 a8b3 14 17 0 ffff b 1f b87
cd0 cd0 9600 967f 65f2 65f3 0 ffff 0 ffff 50 50 19 f b88
cd0 cd0 9600 967f dfae dfaf 0 ffff 0 ffff 45 45 19 f b89
8112 8112 fe80 feff 571a 571b 0 ffff 0 ffff 19 19 19 f b8a
cd0 cd0 96c0 96df 13ec 13ec a8a0 a8af 0 ffff 400 ffff 1b 1c b8b
6842 6842 cc00 cc1f afc8 afc8 11b0 11bf 0 ffff 400 ffff 1b 1c b8c
6842 6842 cc00 cc1f 8c5b 8c5b 1c50 1c5f 0 ffff 400 ffff 1b 1c b8d
cd0 cd0 c000 ffff 13ec 13ec ac00 afff a1 a1 0 ffff 12 16 b8e
6842 6842 8000 bfff afc8 afc8 1400 17ff 16 16 0 ffff 12 16 b8f
cd0 cd0 9600 967f dfac dfac 7744 7747 0 ffff 400 ffff 19 1e b90
6842 6842 cc80 ccff 8c5b 8c5b 1c40 1c43 0 ffff 400 ffff 19 1e b91
8112 8112 fe80 feff 8c5b 8c5b 1c40 1c43 0 ffff 400 ffff 19 1e b92
8112 8112 fe80 feff 5718 5718 ca58 ca5b 0 ffff 400 ffff 19 1e b93
ef83 ef83 6800 687f eebb eebb 57cc 57cf 0 ffff 400 ffff 19 1e b94
cd0 cd0 96f0 96ff dfac dfac 7760 777f 0 ffff 400 ffff 1c 1b b95
cd0 cd0 96f0 96ff 13ec 13ec a880 a89f 0 ffff 400 ffff 1c 1b b96
cd0 cd0 96f0 96ff afc8 afc8 1180 119f 0 ffff 400 ffff 1c 1b b97
ef83 ef83 68e0 68ef eebb eebb 57e0 57ff 0 ffff 400 ffff 1c 1b b98
cd8 cdf 0 ffff 13ec 13ec a880 a89f 0 ffff 45 45 d 1b b99
cd0 cd0 96e0 96e7 13ec 13ec a8c0 a8ff 0 ffff 400 ffff 1d 1a b9a
6842 6842 cc28 cc2f 13ec 13ec a8c0 a8ff 0 ffff 400 ffff 1d 1a b9b
6842 6842 cc28 cc2f 8c5b 8c5b 1c00 1c3f 0 ffff 400 ffff 1d 1a b9c
8112 8112 fe68 fe6f 5718 5718 ca00 ca3f 0 ffff 400 ffff 1d 1a b9d
ef83 ef83 68f0 68f7 8c5b 8c5b 1c00 1c3f 0 ffff 400 ffff 1d 1a b9e
ef83 ef83 68f0 68f7 65f1 65f1 3840 387f 0 ffff 400 ffff 1d 1a b9f
cc0 ccf 0 ffff 13ec 13ec a8a0 a8af 0 ffff 14 15 c 1c ba0
cd0 cd0 9800 9fff dfac dfac 4000 5fff 0 ffff 232b 232b 15 13 ba1
ef83 ef83 6000 67ff 65f1 65f1 0 1fff 0 ffff 232b 232b 15 13 ba2
ef83 ef83 6000 67ff 8c5b 8c5b 2000 3fff 0 ffff 45 45 15 13 ba3
ef83 ef83 6000 67ff eebb eebb 6000 7fff 0 ffff 202 202 15 13 ba4
ef83 ef83 6000 67ff 65f1 65f1 0 1fff 0 ffff 45 45 15 13 ba5
ef83 ef83 6000 67ff 8c5b 8c5b 2000 3fff 0 ffff a2 a2 15 13 ba6
cd0 cd0 a000 bfff 13ec 13ec a000 a7ff 0 ffff 599 599 13 15 ba7
cd0 cd0 a000 bfff 65f1 65f1 3000 37ff 0 ffff 232b 232b 13 15 ba8
6842 6842 e000 ffff 65f1 65f1 3000 37ff 0 ffff 202 202 13 15 ba9
cd0 cd0 9680 96bf 13ec 13ec a8b4 a8b7 0 ffff 0 ffff 1a 1e baa
ef83 ef83 6880 68bf eebb eebb 57cc 57cf 0 ffff 0 ffff 1a 1e bab
cd0 cd0 9700 97ff afc8 afc8 11a2 11a3 0 ffff 400 ffff 18 1f bac
cd0 cd0 9700 97ff 65f1 65f1 381c 381d 0 ffff 400 ffff 18 1f bad
6842 6842 cd00 cdff 8c5b 8c5b 1c44 1c45 0 ffff 400 ffff 18 1f bae
6842 6842 cd00 cdff 13ec 13ec a8b2 a8b3 0 ffff 400 ffff 18 1f baf
ef83 ef83 6900 69ff eebb eebb 57c8 57c9 0 ffff 400 ffff 18 1f bb0
ef83 ef83 6900 69ff 65f1 65f1 381c 381d 0 ffff 400 ffff 18 1f bb1
cd0 cd0 a000 bfff 13ec 13ec a000 a7ff 1600 1600 0 ffff 13 15 bb2
cd0 cd0 9400 95ff 65f1 65f1 8000 ffff 0 ffff 202 202 17 11 bb3
ef83 ef83 6a00 6bff 8c5b 8c5b 8000 ffff 0 ffff 202 202 17 11 bb4
cd1 cd1 0 ffff afc8 afc8 1000 10ff 0 ffff 45 45 10 18 bb5
cd0 cd0 96c0 96df 65f8 65ff 0 ffff 0 ffff 202 202 1b d bb6
6842 6842 cc00 cc1f 8c50 8c57 0 ffff 0 ffff 232b 232b 1b d bb7
cd0 cd0 96e8 96eb 65f1 65f1 3880 38ff 0 ffff 0 ffff 1e 19 bb8
cd0 cd0 8000 8fff 65f1 65f1 2000 2fff 599 599 0 ffff 14 14 bb9
6842 6842 cc20 cc23 afc8 afc8 1100 117f 0 ffff 400 ffff 1e 19 bba
6842 6842 cc20 cc23 65f1 65f1 3880 38ff 0 ffff 400 ffff 1e 19 bbb
8112 8112 fe64 fe67 5718 5718 ca80 caff 0 ffff 400 ffff 1e 19 bbc
ef83 ef83 68f8 68fb 65f1 65f1 3880 38ff 0 ffff 400 ffff 1e 19 bbd
ef83 ef83 68f8 68fb 8c5b 8c5b 1c80 1cff 0 ffff 400 ffff 1e 19 bbe
6842 6842 cc27 cc27 afc8 afc8 11a1 11a1 0 ffff 0 ffff 20 20 bbf
6842 6842 cc27 cc27 13ec 13ec a8b0 a8b0 0 ffff 0 ffff 20 20 bc0
6842 6842 cc30 cc3f 65f1 65f1 3800 380f 0 ffff 0 ffff 1c 1c bc1
ef83 ef83 68e0 68ef eebb eebb 57d0 57df 0 ffff 0 ffff 1c 1c bc2
6880 68ff 0 ffff 8c5b 8c5b 1c44 1c45 0 ffff 45 45 9 1f bc3
6842 6842 ce00 cfff 65f0 65f0 0 ffff 0 ffff 202 202 17 10 bc4
6842 6842 ce00 cfff 8c5b 8c5b 1c47 1c47 0 ffff 400 ffff 17 20 bc5
8112 8112 fc00 fdff 20f3 20f3 65c2 65c2 0 ffff 400 ffff 17 20 bc6
8112 8112 fc00 fdff 8c5b 8c5b 1c47 1c47 0 ffff 400 ffff 17 20 bc7
8112 8112 fc00 fdff eebb eebb 57ca 57ca 0 ffff 400 ffff 17 20 bc8
ef83 ef83 6a00 6bff 5718 5718 ca5f ca5f 0 ffff 400 ffff 17 20 bc9
ef83 ef83 6a00 6bff 65f1 65f1 381f 381f 0 ffff 400 ffff 17 20 bca
6842 6842 cc20 cc23 65c0 65df 0 ffff 6d 6e 0 ffff 1e b bcb
6842 6842 cc24 cc25 8c5b 8c5b 1d00 1dff 0 ffff 400 ffff 1f 18 bcc
ef83 ef83 68fe 68ff eebb eebb 5600 56ff 0 ffff 400 ffff 1f 18 bcd
6843 6843 0 ffff 13ec 13ec a900 a9ff 16 16 0 ffff 10 18 bce
6844 6847 0 ffff 8c5b 8c5b 1c00 1c3f 0 ffff 45 45 e 1a bcf
ef84 ef87 0 ffff eebb eebb 5780 57bf 0 ffff 232b 232b e 1a bd0
6842 6842 c000 c7ff 65f1 65f1 2000 2fff 0 ffff 14 15 15 14 bd1
6842 6842 cc28 cc2f 8c5b 8c5b 1c00 1c3f 0 ffff 0 ffff 1d 1a bd2
6842 6842 cd00 cdff 8c5a 8c5a 0 ffff 0 ffff 45 45 18 10 bd3
6842 6842 cc40 cc7f 8c50 8c57 0 ffff 0 ffff 45 45 1a d bd4
6842 6842 cc80 ccff 8c5b 8c5b 1c44 1c45 0 ffff 0 ffff 19 1f bd5
6842 6842 cc20 cc23 1380 13bf 0 ffff 0 ffff 66d 66e 1e a bd6
6842 6842 cd00 cdff 8c5b 8c5b 1c44 1c45 0 ffff 0 ffff 18 1f bd7
ef83 ef83 6900 69ff 5718 5718 ca5c ca5d 0 ffff 0 ffff 18 1f bd8
8112 8112 fe00 fe3f 20f4 20f7 0 ffff 0 ffff 202 202 1a e bd9
8112 8112 fc00 fdff 5718 5718 8000 bfff 14 17 0 ffff 17 12 bda
8112 8112 fe62 fe63 5600 56ff 0 ffff 0 ffff 45 45 1f 8 bdb
8112 8112 fc00 fdff 5718 5718 ca5f ca5f 0 ffff 0 ffff 17 20 bdc
8140 817f 0 ffff 8c5b 8c5b 1c40 1c43 0 ffff 599 599 a 1e bdd
ef83 ef83 68c0 68df 5718 5718 ca50 ca57 0 ffff 0 ffff 1b 1d bde
ef83 ef83 68c0 68df 8c40 8c4f 0 ffff 0 ffff 45 45 1b c bdf
ef83 ef83 6900 69ff 8c5a 8c5a 0 ffff 50 50 0 ffff 18 10 be0
ef83 ef83 68f8 68fb eec0 eeff 0 ffff 0 ffff 45 45 1e a be1
ef83 ef83 68fd 68fd 8c5b 8c5b 1e00 1fff 0 ffff 400 ffff 20 17 be2
ef83 ef83 68e0 68ef 65e0 65ef 0 ffff 0 ffff a1 a1 1c c be3
ef83 ef83 68f8 68fb eebb eebb 5780 57bf 0 ffff 0 ffff 1e 1a be4
ef83 ef83 6900 69ff 8c5b 8c5b 1c47 1c47 0 ffff 0 ffff 18 20 be5
ef83 ef83 6000 67ff 65f1 65f1 4000 7fff 159a 159a 0 ffff 15 12 be6
ef83 ef83 0 3fff eebb eebb 5400 55ff 6d 6e 0 ffff 12 17 be7
cd0 cd0 9400 95ff dfac dfac 7742 7743 0 ffff 400 ffff 17 1f be8
8112 8112 fc00 fdff 8c5b 8c5b 1c44 1c45 0 ffff 400 ffff 17 1f be9
ef83 ef83 6a00 6bff 8c5b 8c5b 1c44 1c45 0 ffff 400 ffff 17 1f bea
cd8 cdf 0 ffff 65f1 65f1 3820 383f 0 ffff 6d 6e d 1b beb
cd0 cd0 9680 96bf dfac dfac 7750 775f 0 ffff 400 ffff 1a 1c bec
cd0 cd0 9680 96bf afc8 afc8 11b0 11bf 0 ffff 400 ffff 1a 1c bed
6842 6842 cc40 cc7f afc8 afc8 11b0 11bf 0 ffff 400 ffff 1a 1c bee
6842 6842 cc40 cc7f 65f1 65f1 3800 380f 0 ffff 400 ffff 1a 1c bef
ef83 ef83 6880 68bf 5718 5718 ca40 ca4f 0 ffff 400 ffff 1a 1c bf0
ef83 ef83 6880 68bf 8c5b 8c5b 1c50 1c5f 0 ffff 400 ffff 1a 1c bf1
cd0 cd0 96e0 96e7 dfac dfac 7780 77ff 0 ffff 0 ffff 1d 19 bf2
cd0 cd0 9000 93ff afc8 afc8 8000 ffff 0 ffff 50 50 16 11 bf3
cd0 cd0 9600 967f afc8 afc8 11a8 11af 0 ffff 400 ffff 19 1d bf4
6842 6842 cc80 ccff 20f3 20f3 65c8 65cf 0 ffff 400 ffff 19 1d bf5
8112 8112 fe80 feff 5718 5718 ca50 ca57 0 ffff 400 ffff 19 1d bf6
ef83 ef83 6800 687f 65f1 65f1 3810 3817 0 ffff 400 ffff 19 1d bf7
cd0 cd0 9700 97ff afc8 afc8 11a4 11a7 0 ffff 400 ffff 18 1e bf8
8112 8112 ff00 ffff 5718 5718 ca58 ca5b 0 ffff 400 ffff 18 1e bf9
ef83 ef83 6900 69ff 8c5b 8c5b 1c40 1c43 0 ffff 400 ffff 18 1e bfa
ef83 ef83 6900 69ff 65f1 65f1 3818 381b 0 ffff 400 ffff 18 1e bfb
d00 dff 0 ffff 65f1 65f1 381c 381d 0 ffff 714 715 8 1f bfc
cd0 cd0 9400 95ff 13ed 13ed 0 ffff 0 ffff 1e61 1e61 17 10 bfd
cd0 cd0 96e0 96e7 afc8 afc8 1100 117f 0 ffff 400 ffff 1d 19 bfe
6842 6842 cc28 cc2f 8c5b 8c5b 1c80 1cff 0 ffff 400 ffff 1d 19 bff
8112 8112 fe68 fe6f 20f3 20f3 6500 657f 0 ffff 400 ffff 1d 19 c00
8112 8112 fe68 fe6f 5718 5718 ca80 caff 0 ffff 400 ffff 1d 19 c01
8112 8112 fe68 fe6f eebb eebb 5700 577f 0 ffff 400 ffff 1d 19 c02
cd0 cd0 96ef 96ef 6600 67ff 0 ffff 19 19 0 ffff 20 7 c03
6842 6842 cc20 cc23 65f1 65f1 3900 39ff 0 ffff 400 ffff 1e 18 c04
6842 6842 cc20 cc23 8c5b 8c5b 1d00 1dff 0 ffff 400 ffff 1e 18 c05
ef83 ef83 68f8 68fb 8c5b 8c5b 1d00 1dff 0 ffff 400 ffff 1e 18 c06
6842 6842 cc24 cc25 afc8 afc8 1200 13ff 0 ffff 400 ffff 1f 17 c07
6842 6842 cc24 cc25 8c5b 8c5b 1e00 1fff 0 ffff 400 ffff 1f 17 c08
8112 8112 fe62 fe63 eebb eebb 5400 55ff 0 ffff 400 ffff 1f 17 c09
6842 6842 cc30 cc3f afc8 afc8 11c0 11ff 0 ffff 400 ffff 1c 1a c0a
6842 6842 cc30 cc3f 65f1 65f1 3840 387f 0 ffff 400 ffff 1c 1a c0b
6842 6842 cc30 cc3f 8c5b 8c5b 1c00 1c3f 0 ffff 400 ffff 1c 1a c0c
8112 8112 fe70 fe7f eebb eebb 5780 57bf 0 ffff 400 ffff 1c 1a c0d
ef83 ef83 68e0 68ef 5718 5718 ca00 ca3f 0 ffff 400 ffff 1c 1a c0e
ef83 ef83 68e0 68ef eebb eebb 5780 57bf 0 ffff 400 ffff 1c 1a c0f
ef83 ef83 68e0 68ef 65f1 65f1 3840 387f 0 ffff 400 ffff 1c 1a c10
6860 687f 0 ffff afc8 afc8 1180 119f 0 ffff 17 17 b 1b c11
6842 6842 d000 dfff afc8 afc8 2000 3fff 0 ffff 202 202 14 13 c12
ef83 ef83 7000 7fff 65f1 65f1 0 1fff 0 ffff 50 50 14 13 c13
6842 6842 cc28 cc2f 8c5b 8c5b 1c00 1c3f 0 ffff 0 ffff 1d 1a c14
6842 6842 cc80 ccff 8c5c 8c5f 0 ffff 0 ffff 45 45 19 e c15
8112 8112 fe80 feff 8c5c 8c5f 0 ffff 0 ffff 50 50 19 e c16
6842 6842 cc30 cc3f 8c60 8c7f 0 ffff 0 ffff 66d 66d 1c b c17
8112 8112 fe70 fe7f 5720 573f 0 ffff 0 ffff 19 19 1c b c18
6842 6842 cc24 cc25 1200 12ff 0 ffff 0 ffff a1 a1 1f 8 c19
6842 6842 cd00 cdff 8c5b 8c5b 1c40 1c43 0 ffff 0 ffff 18 1e c1a
6842 6842 ce00 cfff 8c5b 8c5b 1c44 1c45 0 ffff 0 ffff 17 1f c1b
6848 684f 0 ffff 65f1 65f1 3840 387f 35 35 0 ffff d 1a c1c
6842 6842 cc00 cc1f 65f1 65f1 3800 380f 0 ffff 0 ffff 1b 1c c1d
6842 6842 ce00 cfff 8c5b 8c5b 1c47 1c47 0 ffff 0 ffff 17 20 c1e
6842 6842 cc26 cc26 65f1 65f1 3c00 3fff 0 ffff 0 ffff 20 16 c1f
6842 6842 cc26 cc26 8c5b 8c5b 1800 1bff 0 ffff 400 ffff 20 16 c20
ef83 ef83 68fd 68fd 65f1 65f1 3c00 3fff 0 ffff 400 ffff 20 16 c21
ef83 ef83 68fd 68fd 8c5b 8c5b 1800 1bff 0 ffff 400 ffff 20 16 c22
6842 6842 c000 c7ff 8c5b 8c5b 4000 7fff 0 ffff 77 77 15 12 c23
8112 8112 f000 f7ff 5718 5718 8000 bfff 0 ffff 202 202 15 12 c24
8112 8112 f000 f7ff 5718 5718 8000 bfff 0 ffff 45 45 15 12 c25
6842 6842 cc30 cc3f 8c40 8c4f 0 ffff 6d 6e 0 ffff 1c c c26
8112 8112 fe62 fe63 8c5b 8c5b 1d00 1dff 0 ffff 0 ffff 1f 18 c27
8112 8112 fe62 fe63 20f3 20f3 6400 64ff 0 ffff 0 ffff 1f 18 c28
ef83 ef83 68fe 68ff eebb eebb 5600 56ff 0 ffff 0 ffff 1f 18 c29
8112 8112 f800 fbff 20f3 20f3 65c2 65c2 0 ffff 400 ffff 16 20 c2a
ef83 ef83 6c00 6fff 8c5b 8c5b 1c47 1c47 0 ffff 400 ffff 16 20 c2b
ef83 ef83 6c00 6fff 65f1 65f1 381f 381f 0 ffff 400 ffff 16 20 c2c
8112 8112 fe00 fe3f 8c50 8c57 0 ffff 50 50 0 ffff 1a d c2d
ef83 ef83 6880 68bf 65f8 65ff 0 ffff 1600 1600 0 ffff 1a d c2e
8113 8113 0 ffff eebb eebb 5400 55ff 0 ffff 35 35 10 17 c2f
8112 8112 fe00 fe3f 5718 5718 ca50 ca57 0 ffff 0 ffff 1a 1d c30
ef83 ef83 6880 68bf 65f1 65f1 3810 3817 0 ffff 0 ffff 1a 1d c31
8112 8112 fe40 fe5f eebb eebb 57e0 57ff 0 ffff 400 ffff 1b 1b c32
ef83 ef83 68c0 68df eebb eebb 57e0 57ff 0 ffff 400 ffff 1b 1b c33
ef83 ef83 68c0 68df 8c5b 8c5b 1c60 1c7f 0 ffff 400 ffff 1b 1b c34
8112 8112 fe68 fe6f 5740 577f 0 ffff 0 ffff a2 a2 1d a c35
8112 8112 fe61 fe61 8c5b 8c5b 1c44 1c45 0 ffff 0 ffff 20 1f c36
ef83 ef83 68fd 68fd 65f1 65f1 381c 381d 0 ffff 0 ffff 20 1f c37
8112 8112 fe62 fe63 eebb eebb 57ca 57ca 0 ffff 0 ffff 1f 20 c38
ef83 ef83 68fe 68ff eebb eebb 57ca 57ca 0 ffff 0 ffff 1f 20 c39
ef83 ef83 68fe 68ff 65f1 65f1 381e 381e 0 ffff 0 ffff 1f 20 c3a
8112 8112 8000 bfff 5718 5718 c000 c7ff 0 ffff 50 50 12 15 c3b
ef83 ef83 0 3fff 8c5b 8c5b 1000 17ff 0 ffff 1590 1590 12 15 c3c
ef83 ef83 6c00 6fff 5718 5718 0 7fff 19 19 0 ffff 16 11 c3d
ef82 ef82 0 ffff 5718 5718 c800 c9ff 7b 7b 0 ffff 10 17 c3e
ef84 ef87 0 ffff 8c5b 8c5b 1c80 1cff 0 ffff 71 71 e 19 c3f
ef84 ef87 0 ffff 65f1 65f1 3880 38ff 0 ffff 232b 232b e 19 c40
ef83 ef83 6800 687f 8c5b 8c5b 1c40 1c43 0 ffff 0 ffff 19 1e c41
ef83 ef83 6800 687f 65f1 65f1 3818 381b 0 ffff 0 ffff 19 1e c42
ef83 ef83 6800 687f 65f1 65f1 3818 381b 0 ffff 0 ffff 19 1e c43
ef83 ef83 6800 687f eebb eebb 57cc 57cf 0 ffff 0 ffff 19 1e c44
ef83 ef83 6c00 6fff eeba eeba 0 ffff 50 50 0 ffff 16 10 c45
ef80 ef81 0 ffff 65f1 65f1 3900 39ff 0 ffff 45 45 f 18 c46
ef83 ef83 6a00 6bff 8c58 8c59 0 ffff 0 ffff 4be 4be 17 f c47
ef83 ef83 6900 69ff 65f4 65f7 0 ffff 0 ffff 45 45 18 e c48
ef83 ef83 6900 69ff 65f1 65f1 381c 381d 0 ffff 0 ffff 18 1f c49
ef83 ef83 6880 68bf 8c5b 8c5b 1c50 1c5f 400 ffff 0 ffff 1a 1c c4a
ef83 ef83 68c0 68df 65e0 65ef 0 ffff 0 ffff a1 a1 1b c c4b
cd0 cd0 9600 967f 65f1 65f1 3800 380f 0 ffff 0 ffff 19 1c c4c
6842 6842 cc80 ccff 8c5b 8c5b 1c50 1c5f 0 ffff 0 ffff 19 1c c4d
6842 6842 cc80 ccff 13ec 13ec a8a0 a8af 0 ffff 0 ffff 19 1c c4e
cd0 cd0 0 7fff dfac dfac 7800 7fff 0 ffff 1b58 1b58 11 15 c4f
6842 6842 0 7fff 8c5b 8c5b 1000 17ff 0 ffff 77 77 11 15 c50
cd0 cd0 9600 967f dfac dfac 7750 775f 0 ffff 400 ffff 19 1c c51
6842 6842 cc80 ccff 13ec 13ec a8a0 a8af 0 ffff 400 ffff 19 1c c52
ef83 ef83 6800 687f 65f1 65f1 3800 380f 0 ffff 400 ffff 19 1c c53
cd0 cd0 96f0 96ff 13ec 13ec a800 a87f 0 ffff 400 ffff 1c 19 c54
6842 6842 cc30 cc3f afc8 afc8 1100 117f 0 ffff 400 ffff 1c 19 c55
8112 8112 fe70 fe7f 5718 5718 ca80 caff 0 ffff 400 ffff 1c 19 c56
ef83 ef83 68e0 68ef eebb eebb 5700 577f 0 ffff 400 ffff 1c 19 c57
ef83 ef83 68e0 68ef 8c5b 8c5b 1c80 1cff 0 ffff 400 ffff 1c 19 c58
cd0 cd0 a000 bfff dfac dfac 4000 5fff 0 ffff 45 45 13 13 c59
6842 6842 e000 ffff 8c5b 8c5b 2000 3fff 0 ffff 35 35 13 13 c5a
cd0 cd0 96e8 96eb 13ec 13ec a8b0 a8b0 0 ffff 0 ffff 1e 20 c5b
8112 8112 fe64 fe67 8c5b 8c5b 1c47 1c47 0 ffff 0 ffff 1e 20 c5c
ef83 ef83 68f8 68fb 65f1 65f1 381e 381e 0 ffff 0 ffff 1e 20 c5d
cd0 cd0 96ef 96ef dfac dfac 7000 73ff 0 ffff 0 ffff 20 16 c5e
cd0 cd0 96e0 96e7 ae00 aeff 0 ffff a1 a1 0 ffff 1d 8 c5f
cd0 cd0 9000 93ff afc8 afc8 11a2 11a3 0 ffff 400 ffff 16 1f c60
6842 6842 c800 cbff 8c5b 8c5b 1c44 1c45 0 ffff 400 ffff 16 1f c61
ef83 ef83 6c00 6fff 65f1 65f1 381c 381d 0 ffff 400 ffff 16 1f c62
c80 cbf 0 ffff 65f1 65f1 3800 380f 0 ffff 1e61 1e61 a 1c c63
cd0 cd0 96e8 96eb afc8 afc8 1200 13ff 0 ffff 400 ffff 1e 17 c64
6842 6842 cc20 cc23 65f1 65f1 3a00 3bff 0 ffff 400 ffff 1e 17 c65
6842 6842 cc20 cc23 8c5b 8c5b 1e00 1fff 0 ffff 400 ffff 1e 17 c66
cd0 cd0 9800 9fff 65f1 65f1 381f 381f 0 ffff 400 ffff 15 20 c67
6842 6842 c000 c7ff 8c5b 8c5b 1c47 1c47 0 ffff 400 ffff 15 20 c68
ef83 ef83 6000 67ff 65f1 65f1 381e 381e 0 ffff 400 ffff 15 20 c69
ef83 ef83 6000 67ff 65f1 65f1 381f 381f 0 ffff 400 ffff 15 20 c6a
cd2 cd3 0 ffff 13ec 13ec aa00 abff 0 ffff 202 202 f 17 c6b
cd0 cd0 9600 967f afc8 afc8 11a8 11af 0 ffff 0 ffff 19 1d c6c
8112 8112 fe80 feff 20f3 20f3 65c8 65cf 0 ffff 0 ffff 19 1d c6d
cd0 cd0 9680 96bf afc8 afc8 1180 119f 0 ffff 400 ffff 1a 1b c6e
6842 6842 cc40 cc7f 13ec 13ec a880 a89f 0 ffff 400 ffff 1a 1b c6f
6842 6842 cc40 cc7f 8c5b 8c5b 1c60 1c7f 0 ffff 400 ffff 1a 1b c70
ef83 ef83 6880 68bf 8c5b 8c5b 1c60 1c7f 0 ffff 400 ffff 1a 1b c71
800 bff 0 ffff 65f1 65f1 381f 381f 0 ffff 45 45 6 20 c72
6c00 6fff 0 ffff 8c5b 8c5b 1c47 1c47 0 ffff 19 19 6 20 c73
cd1 cd1 0 ffff 65f1 65f1 3c00 3fff 0 ffff a2 a2 10 16 c74
6843 6843 0 ffff 8c5b 8c5b 1800 1bff 0 ffff 202 202 10 16 c75
cd0 cd0 96c0 96df 13ec 13ec a8c0 a8ff 0 ffff 400 ffff 1b 1a c76
cd0 cd0 96c0 96df 65f1 65f1 3840 387f 0 ffff 400 ffff 1b 1a c77
6842 6842 cc00 cc1f 8c5b 8c5b 1c00 1c3f 0 ffff 400 ffff 1b 1a c78
8112 8112 fe40 fe5f eebb eebb 5780 57bf 0 ffff 400 ffff 1b 1a c79
cd0 cd0 96ec 96ed 13ec 13ec ac00 afff 0 ffff 400 ffff 1f 16 c7a
6842 6842 cc24 cc25 8c5b 8c5b 1800 1bff 0 ffff 400 ffff 1f 16 c7b
6842 6842 cc24 cc25 65f1 65f1 3c00 3fff 0 ffff 400 ffff 1f 16 c7c
ef83 ef83 68fe 68ff 65f1 65f1 3c00 3fff 0 ffff 400 ffff 1f 16 c7d
6842 6842 cc20 cc23 20f3 20f3 6600 67ff 400 ffff 0 ffff 1e 17 c7e
6842 6842 cc24 cc25 afc8 afc8 11a2 11a3 0 ffff 0 ffff 1f 1f c7f
6842 6842 cc24 cc25 65f1 65f1 381c 381d 0 ffff 0 ffff 1f 1f c80
ef83 ef83 68fe 68ff 8c5b 8c5b 1c44 1c45 0 ffff 0 ffff 1f 1f c81
6842 6842 cc00 cc1f afc8 afc8 1180 119f 0 ffff 0 ffff 1b 1b c82
ef83 ef83 68c0 68df 5718 5718 ca60 ca7f 0 ffff 0 ffff 1b 1b c83
6842 6842 cc80 ccff afc0 afc7 0 ffff 0 ffff 45 45 19 d c84
6842 6842 cc80 ccff 65f8 65ff 0 ffff 0 ffff 77 77 19 d c85
ef83 ef83 6800 687f 65f8 65ff 0 ffff 0 ffff 45 45 19 d c86
6842 6842 ce00 cfff 65f2 65f3 0 ffff 0 ffff 45 45 17 f c87
ef83 ef83 6a00 6bff 8c58 8c59 0 ffff 0 ffff 599 599 17 f c88
ef83 ef83 6a00 6bff 65f2 65f3 0 ffff 0 ffff 202 202 17 f c89
6842 6842 cc24 cc25 afc8 afc8 1200 13ff 0 ffff 0 ffff 1f 17 c8a
6842 6842 ce00 cfff afc8 afc8 8000 ffff 14 17 0 ffff 17 11 c8b
6842 6842 cc28 cc2f 65f1 65f1 3900 39ff 0 ffff 400 ffff 1d 18 c8c
8112 8112 fe68 fe6f 5718 5718 cb00 cbff 0 ffff 400 ffff 1d 18 c8d
ef83 ef83 68f0 68f7 65f1 65f1 3900 39ff 0 ffff 400 ffff 1d 18 c8e
6842 6842 c800 cbff 8c5b 8c5b 1c44 1c45 0 ffff 0 ffff 16 1f c8f
ef83 ef83 6c00 6fff 65f1 65f1 381c 381d 0 ffff 0 ffff 16 1f c90
6842 6842 ce00 cfff 8c5b 8c5b 1c40 1c43 0 ffff 0 ffff 17 1e c91
6842 6842 cc20 cc23 8c5b 8c5b 1d00 1dff 0 ffff 0 ffff 1e 18 c92
8112 8112 fe64 fe67 8c5b 8c5b 1d00 1dff 0 ffff 0 ffff 1e 18 c93
8112 8112 fe64 fe67 5718 5718 cb00 cbff 0 ffff 0 ffff 1e 18 c94
6842 6842 cc26 cc26 8c5b 8c5b 1c40 1c43 0 ffff 0 ffff 20 1e c95
8112 8112 fe61 fe61 8c5b 8c5b 1c40 1c43 0 ffff 0 ffff 20 1e c96
ef83 ef83 68fc 68fc 5718 5718 ca58 ca5b 0 ffff 0 ffff 20 1e c97
6842 6842 cd00 cdff 8c5c 8c5f 0 ffff 35 35 0 ffff 18 e c98
ef83 ef83 6900 69ff 571c 571f 0 ffff a1 a1 0 ffff 18 e c99
6842 6842 cd00 cdff 8c5c 8c5f 0 ffff 0 ffff 202 202 18 e c9a
ef83 ef83 6900 69ff eebc eebf 0 ffff 0 ffff 15ae 15ae 18 e c9b
6842 6842 d000 dfff 8c5b 8c5b 8000 ffff 50 50 0 ffff 14 11 c9c
6842 6842 c000 c7ff 8c5b 8c5b 8000 ffff 0 ffff 50 50 15 11 c9d
ef83 ef83 6000 67ff 65f1 65f1 8000 ffff 0 ffff 202 202 15 11 c9e
6844 6847 0 ffff 13ec 13ec a900 a9ff 157c 157c 0 ffff e 18 c9f
8112 8112 fc00 fdff 20f3 20f3 65c4 65c7 0 ffff 400 ffff 17 1e ca0
ef83 ef83 6a00 6bff 65f1 65f1 3818 381b 0 ffff 400 ffff 17 1e ca1
8112 8112 f800 fbff 20f2 20f2 0 ffff 1600 1600 0 ffff 16 10 ca2
8112 8112 c000 dfff 20f3 20f3 4000 5fff 1600 1600 0 ffff 13 13 ca3
8112 8112 fe40 fe5f 20f3 20f3 6580 65bf 0 ffff 0 ffff 1b 1a ca4
8112 8112 fe61 fe61 5000 53ff 0 ffff 0 ffff 35 35 20 6 ca5
ef83 ef83 6800 687f 5700 570f 0 ffff 0 ffff 599 599 19 c ca6
ef83 ef83 7000 7fff 5718 5718 8000 bfff 0 ffff 45 45 14 12 ca7
ef83 ef83 6a00 6bff 8c58 8c59 0 ffff a1 a1 0 ffff 17 f ca8
ef83 ef83 6900 69ff eebb eebb 57cc 57cf 0 ffff 0 ffff 18 1e ca9
ef83 ef83 8000 ffff 65f1 65f1 3000 37ff 89 89 0 ffff 11 15 caa
ef83 ef83 6900 69ff 8c5b 8c5b 1c48 1c4f 0 ffff 400 ffff 18 1d cab
ef83 ef83 6900 69ff eebb eebb 57c0 57c7 0 ffff 400 ffff 18 1d cac
ef83 ef83 68fc 68fc eebb eebb 5800 5fff 0 ffff 400 ffff 20 15 cad
ef80 ef81 0 ffff 65f1 65f1 3c00 3fff 35 35 0 ffff f 16 cae
ef84 ef87 0 ffff 65f1 65f1 3a00 3bff 0 ffff 66e 66e e 17 caf
ef83 ef83 7000 7fff eebb eebb 0 3fff 1388 1389 0 ffff 14 12 cb0
ef83 ef83 0 3fff 65f1 65f1 2000 2fff 0 ffff 599 599 12 14 cb1
ef83 ef83 0 3fff 65f1 65f1 2000 2fff 0 ffff 89 89 12 14 cb2
ef83 ef83 68f8 68fb 65f1 65f1 3a00 3bff 0 ffff 0 ffff 1e 17 cb3
ef83 ef83 68e0 68ef eebb eebb 5700 577f 0 ffff 0 ffff 1c 19 cb4
ef83 ef83 68fd 68fd 65f1 65f1 3000 37ff 400 ffff 0 ffff 20 15 cb5
ef83 ef83 6800 687f 65f4 65f7 0 ffff 66d 66e 0 ffff 19 e cb6
ef83 ef83 68e0 68ef 8c5b 8c5b 1c00 1c3f 0 ffff 0 ffff 1c 1a cb7
ef83 ef83 68e0 68ef dfac dfac 7700 773f 0 ffff 0 ffff 1c 1a cb8
ef90 ef9f 0 ffff 65f1 65f1 3840 387f 1590 1590 0 ffff c 1a cb9
ef83 ef83 6800 687f 65f8 65ff 0 ffff 16 16 0 ffff 19 d cba
efa0 efbf 0 ffff 65f1 65f1 3820 383f 0 ffff 19 19 b 1b cbb
cd0 cd0 96f0 96ff 13ec 13ec a800 a87f 0 ffff 0 ffff 1c 19 cbc
cd0 cd0 96f0 96ff afc8 afc8 1100 117f 0 ffff 0 ffff 1c 19 cbd
6842 6842 cc30 cc3f 8c5b 8c5b 1c80 1cff 0 ffff 0 ffff 1c 19 cbe
6842 6842 cc30 cc3f 13ec 13ec a800 a87f 0 ffff 0 ffff 1c 19 cbf
8112 8112 fe70 fe7f 20f3 20f3 6500 657f 0 ffff 0 ffff 1c 19 cc0
cd8 cdf 0 ffff afc8 afc8 1000 10ff 0 ffff 202 202 d 18 cc1
ef88 ef8f 0 ffff eebb eebb 5600 56ff 0 ffff 45 45 d 18 cc2
cd0 cd0 9680 96bf 65f1 65f1 3840 387f 0 ffff 400 ffff 1a 1a cc3
cd0 cd0 9680 96bf afc8 afc8 11c0 11ff 0 ffff 400 ffff 1a 1a cc4
8112 8112 fe00 fe3f 5718 5718 ca00 ca3f 0 ffff 400 ffff 1a 1a cc5
ef83 ef83 6880 68bf eebb eebb 5780 57bf 0 ffff 400 ffff 1a 1a cc6
ef83 ef83 6880 68bf 65f1 65f1 3840 387f 0 ffff 400 ffff 1a 1a cc7
cd0 cd0 96ef 96ef afc8 afc8 11a8 11af 0 ffff 0 ffff 20 1d cc8
6842 6842 cc27 cc27 afc8 afc8 11a8 11af 0 ffff 0 ffff 20 1d cc9
6842 6842 cc27 cc27 8c5b 8c5b 1c48 1c4f 0 ffff 0 ffff 20 1d cca
8112 8112 fe61 fe61 8c5b 8c5b 1c48 1c4f 0 ffff 0 ffff 20 1d ccb
cd0 cd0 8000 8fff 65f1 65f1 8000 ffff 599 599 0 ffff 14 11 ccc
ef83 ef83 7000 7fff 5718 5718 0 7fff 1a85 1a85 0 ffff 14 11 ccd
cd0 cd0 9600 967f afc8 afc8 1180 119f 0 ffff 400 ffff 19 1b cce
6842 6842 cc80 ccff 65f1 65f1 3820 383f 0 ffff 400 ffff 19 1b ccf
6842 6842 cc80 ccff 8c5b 8c5b 1c60 1c7f 0 ffff 400 ffff 19 1b cd0
8112 8112 fe80 feff 20f3 20f3 65e0 65ff 0 ffff 400 ffff 19 1b cd1
8112 8112 fe80 feff 8c5b 8c5b 1c60 1c7f 0 ffff 400 ffff 19 1b cd2
ef83 ef83 6800 687f eebb eebb 57e0 57ff 0 ffff 400 ffff 19 1b cd3
ce0 cff 0 ffff afc8 afc8 11c0 11ff 0 ffff 599 599 b 1a cd4
6860 687f 0 ffff 8c5b 8c5b 1c00 1c3f 0 ffff 599 599 b 1a cd5
cd4 cd7 0 ffff 65f1 65f1 3a00 3bff 0 ffff 599 599 e 17 cd6
ce0 cff 0 ffff 13ec 13ec a8c0 a8ff 0 ffff 6d 6e b 1a cd7
cc0 ccf 0 ffff afc8 afc8 1100 117f 0 ffff 232b 232b c 19 cd8
cd0 cd0 96e8 96eb afc8 afc8 11a2 11a3 0 ffff 0 ffff 1e 1f cd9
8112 8112 fe64 fe67 5718 5718 ca5c ca5d 0 ffff 0 ffff 1e 1f cda
ef83 ef83 68f8 68fb 8c5b 8c5b 1c44 1c45 0 ffff 0 ffff 1e 1f cdb
cd0 cd0 96f0 96ff 13ec 13ec a900 a9ff 0 ffff 400 ffff 1c 18 cdc
6842 6842 cc30 cc3f 8c5b 8c5b 1d00 1dff 0 ffff 400 ffff 1c 18 cdd
6842 6842 cc30 cc3f 13ec 13ec a900 a9ff 0 ffff 400 ffff 1c 18 cde
ef83 ef83 68e0 68ef eebb eebb 5600 56ff 0 ffff 400 ffff 1c 18 cdf
c80 cbf 0 ffff afc8 afc8 1180 119f 0 ffff 9f5 9f5 a 1b ce0
6800 683f 0 ffff 65f1 65f1 3820 383f 0 ffff 1a2b 1a2b a 1b ce1
cd0 cd0 8000 8fff 65f1 65f1 381f 381f 0 ffff 400 ffff 14 20 ce2
ef83 ef83 7000 7fff 8c5b 8c5b 1c47 1c47 0 ffff 400 ffff 14 20 ce3
6842 6842 cc00 cc1f 65f1 65f1 3840 387f 0 ffff 0 ffff 1b 1a ce4
ef83 ef83 68c0 68df 5718 5718 ca00 ca3f 0 ffff 0 ffff 1b 1a ce5
6842 6842 c800 cbff afc8 afc8 11a4 11a7 0 ffff 0 ffff 16 1e ce6
6842 6842 cc24 cc25 65f1 65f1 3818 381b 0 ffff 0 ffff 1f 1e ce7
8112 8112 fe62 fe63 20f3 20f3 65c4 65c7 0 ffff 0 ffff 1f 1e ce8
6850 685f 0 ffff 65f1 65f1 3900 39ff 0 ffff a1 a1 c 18 ce9
6842 6842 cc24 cc25 afc8 afc8 1400 17ff 0 ffff 0 ffff 1f 16 cea
6848 684f 0 ffff afc8 afc8 11c0 11ff 0 ffff 14 17 d 1a ceb
6842 6842 c000 c7ff 65f1 65f1 381c 381d 0 ffff 400 ffff 15 1f cec
8112 8112 f000 f7ff 5718 5718 ca5c ca5d 0 ffff 400 ffff 15 1f ced
6842 6842 cd00 cdff 13ec 13ec a8a0 a8af 0 ffff 0 ffff 18 1c cee
ef83 ef83 6900 69ff 8c5b 8c5b 1c50 1c5f 0 ffff 0 ffff 18 1c cef
6842 6842 e000 ffff 65f1 65f1 4000 7fff 0 ffff 45 45 13 12 cf0
6842 6842 cd00 cdff 13e0 13e7 0 ffff a1 a1 0 ffff 18 d cf1
6860 687f 0 ffff afc8 afc8 1100 117f 35 35 0 ffff b 19 cf2
6842 6842 cc20 cc23 8c5b 8c5b 1e00 1fff 0 ffff 0 ffff 1e 17 cf3
6842 6842 e000 ffff 65f1 65f1 8000 ffff 159a 159a 0 ffff 13 11 cf4
6842 6842 c000 c7ff 65f0 65f0 0 ffff 0 ffff 202 202 15 10 cf5
ef83 ef83 6000 67ff 65f0 65f0 0 ffff 0 ffff 45 45 15 10 cf6
7000 7fff 0 ffff 13ec 13ec a8b0 a8b0 0 ffff 202 202 4 20 cf7
f000 ffff 0 ffff 65f1 65f1 381f 381f 0 ffff 45 45 4 20 cf8
6842 6842 c800 cbff 13ec 13ec a8b4 a8b7 0 ffff 400 ffff 16 1e cf9
ef83 ef83 6c00 6fff eebb eebb 57cc 57cf 0 ffff 400 ffff 16 1e cfa
6842 6842 cc80 ccff 65f1 65f1 3800 380f 0 ffff 0 ffff 19 1c cfb
8112 8112 fe80 feff 8c5b 8c5b 1c50 1c5f 0 ffff 0 ffff 19 1c cfc
ef83 ef83 6800 687f eebb eebb 57d0 57df 0 ffff 0 ffff 19 1c cfd
6842 6842 0 7fff 8c5b 8c5b 1000 17ff 0 ffff 14 15 11 15 cfe
6842 6842 cc28 cc2f 8c5b 8c5b 1c47 1c47 0 ffff 0 ffff 1d 20 cff
ef83 ef83 68f0 68f7 65f1 65f1 381e 381e 0 ffff 0 ffff 1d 20 d00
6842 6842 cc30 cc3f 65f1 65f1 3900 39ff 0 ffff 0 ffff 1c 18 d01
6842 6842 cc00 cc1f 8c5b 8c5b 1c80 1cff 0 ffff 400 ffff 1b 19 d02
ef83 ef83 68c0 68df 65f1 65f1 3880 38ff 0 ffff 400 ffff 1b 19 d03
6842 6842 0 7fff 8c5b 8c5b 0 fff 0 ffff 202 202 11 14 d04
6842 6842 0 7fff 65f1 65f1 2000 2fff 0 ffff 202 202 11 14 d05
ef83 ef83 8000 ffff 8c5b 8c5b 0 fff 0 ffff 45 45 11 14 d06
6842 6842 cc00 cc1f 8c5b 8c5b 1c80 1cff 0 ffff 0 ffff 1b 19 d07
6842 6842 cc80 ccff 13ec 13ec a880 a89f 0 ffff 0 ffff 19 1b d08
ef83 ef83 6800 687f 65f1 65f1 3820 383f 0 ffff 0 ffff 19 1b d09
6842 6842 c000 c7ff 65f1 65f1 381c 381d 0 ffff 0 ffff 15 1f d0a
6842 6842 e000 ffff 8c5b 8c5b 8000 ffff 0 ffff 50 50 13 11 d0b
6842 6842 cc26 cc26 9000 9fff 0 ffff 6bb 6bb 0 ffff 20 4 d0c
6880 68ff 0 ffff 8c5b 8c5b 1c50 1c5f 0 ffff 66d 66e 9 1c d0d
6842 6842 ce00 cfff 8c5b 8c5b 1c40 1c43 0 ffff 0 ffff 17 1e d0e
8112 8112 fc00 fdff 20f3 20f3 65c4 65c7 0 ffff 0 ffff 17 1e d0f
8112 8112 fc00 fdff eebb eebb 57cc 57cf 0 ffff 0 ffff 17 1e d10
ef83 ef83 6a00 6bff 65f1 65f1 3818 381b 0 ffff 0 ffff 17 1e d11
6842 6842 cc40 cc7f 65f1 65f1 3820 383f 0 ffff 0 ffff 1a 1b d12
8112 8112 fe00 fe3f eebb eebb 57e0 57ff 0 ffff 0 ffff 1a 1b d13
8112 8112 fe00 fe3f 5718 5718 ca60 ca7f 0 ffff 0 ffff 1a 1b d14
6842 6842 cc28 cc2f 8c5b 8c5b 1e00 1fff 0 ffff 400 ffff 1d 17 d15
ef83 ef83 68f0 68f7 eebb eebb 5400 55ff 0 ffff 400 ffff 1d 17 d16
6842 6842 8000 bfff 5718 5718 e000 ffff 0 ffff 35 35 12 13 d17
ef83 ef83 0 3fff 5718 5718 e000 ffff 0 ffff 35 35 12 13 d18
6843 6843 0 ffff 65f1 65f1 3000 37ff 0 ffff 8f 8f 10 15 d19
ef82 ef82 0 ffff 65f1 65f1 3000 37ff 0 ffff 202 202 10 15 d1a
6842 6842 c000 c7ff 65f1 65f1 4000 7fff 14 17 0 ffff 15 12 d1b
8110 8111 0 ffff 8c5b 8c5b 1800 1bff 0 ffff a2 a2 f 16 d1c
8112 8112 fc00 fdff eebb eebb 57c0 57c7 0 ffff 0 ffff 17 1d d1d
8113 8113 0 ffff 20f3 20f3 6800 6fff 19 19 0 ffff 10 15 d1e
8140 817f 0 ffff eebb eebb 5780 57bf 0 ffff 50 50 a 1a d1f
8112 8112 0 7fff 5718 5718 d000 dfff 1590 1590 0 ffff 11 14 d20
8112 8112 ff00 ffff 5718 5718 ca40 ca4f 0 ffff 400 ffff 18 1c d21
ef83 ef83 6900 69ff 8c5b 8c5b 1c50 1c5f 0 ffff 400 ffff 18 1c d22
ef83 ef83 6900 69ff eebb eebb 57d0 57df 0 ffff 400 ffff 18 1c d23
8112 8112 e000 efff eebb eebb 8000 ffff 0 ffff 50 50 14 11 d24
ef83 ef83 7000 7fff 8c5b 8c5b 8000 ffff 0 ffff 15a4 15a4 14 11 d25
8112 8112 e000 efff eeba eeba 0 ffff 45 45 0 ffff 14 10 d26
ef83 ef83 68fe 68ff eebb eebb 5800 5fff 0 ffff 400 ffff 1f 15 d27
ef83 ef83 6800 687f eea0 eeaf 0 ffff 0 ffff 1590 1590 19 c d28
ef83 ef83 6800 687f eea0 eeaf 0 ffff 0 ffff 45 45 19 c d29
ef83 ef83 68fc 68fc 8800 8bff 0 ffff 0 ffff 14 15 20 6 d2a
ef83 ef83 6900 69ff 5718 5718 ca50 ca57 0 ffff 0 ffff 18 1d d2b
ef83 ef83 6900 69ff 8c5b 8c5b 1c48 1c4f 0 ffff 0 ffff 18 1d d2c
ef83 ef83 68f8 68fb 8c5b 8c5b 1800 1bff 0 ffff 400 ffff 1e 16 d2d
ef83 ef83 7000 7fff 65f0 65f0 0 ffff 0 ffff 8f 8f 14 10 d2e
ef83 ef83 0 3fff 65f1 65f1 3818 381b 0 ffff 14 9cf 12 1e d2f
ef83 ef83 6900 69ff 8c40 8c4f 0 ffff 0 ffff 202 202 18 c d30
ef83 ef83 68c0 68df 8c00 8c3f 0 ffff a1 a1 0 ffff 1b a d31
ee00 eeff 0 ffff 65f1 65f1 3810 3817 0 ffff 45 45 8 1d d32
ef83 ef83 6880 68bf 65f1 65f1 3840 387f 0 ffff 0 ffff 1a 1a d33
ef83 ef83 6c00 6fff eeb8 eeb9 0 ffff 35 35 0 ffff 16 f d34
ef83 ef83 68e0 68ef 65f1 65f1 3900 39ff 400 ffff 0 ffff 1c 18 d35
ef83 ef83 6c00 6fff eebc eebf 0 ffff 16 16 0 ffff 16 e d36
ef83 ef83 6a00 6bff eebb eebb 57c0 57c7 0 ffff 400 ffff 17 1d d37
cd0 cd0 9680 96bf dfac dfac 7780 77ff 0 ffff 400 ffff 1a 19 d38
8112 8112 fe00 fe3f 8c5b 8c5b 1c80 1cff 0 ffff 400 ffff 1a 19 d39
cd1 cd1 0 ffff 65f1 65f1 2000 2fff 0 ffff 45 45 10 14 d3a
6843 6843 0 ffff 13ec 13ec b000 bfff 0 ffff a1 a1 10 14 d3b
ef82 ef82 0 ffff 8c5b 8c5b 0 fff 0 ffff 19 19 10 14 d3c
c80 cbf 0 ffff dfac dfac 7700 773f 0 ffff 50 50 a 1a d3d
cd0 cd0 96e8 96eb dfac dfac 7800 7fff 400 ffff 0 ffff 1e 15 d3e
6842 6842 cc20 cc23 65f1 65f1 3000 37ff 400 ffff 0 ffff 1e 15 d3f
cd0 cd0 96ef 96ef c000 cfff 0 ffff 0 ffff 599 599 20 4 d40
cd0 cd0 96c0 96df 13ec 13ec a900 a9ff 0 ffff 0 ffff 1b 18 d41
cd0 cd0 96ef 96ef 65f1 65f1 2000 2fff 0 ffff 0 ffff 20 14 d42
cd4 cd7 0 ffff 13ec 13ec a000 a7ff 0 ffff 202 202 e 15 d43
cd0 cd0 96e0 96e7 afc8 afc8 1400 17ff 0 ffff 0 ffff 1d 16 d44
cd0 cd0 96f0 96ff 65f1 65f1 381f 381f 0 ffff 0 ffff 1c 20 d45
cd0 cd0 96f0 96ff afc8 afc8 11a1 11a1 0 ffff 0 ffff 1c 20 d46
6842 6842 cc30 cc3f 8c5b 8c5b 1c47 1c47 0 ffff 0 ffff 1c 20 d47
ef83 ef83 68e0 68ef 65f1 65f1 381e 381e 0 ffff 0 ffff 1c 20 d48
ef83 ef83 68e0 68ef 65f1 65f1 381f 381f 0 ffff 0 ffff 1c 20 d49
cd0 cd0 9700 97ff 13f0 13ff 0 ffff 0 ffff 35 35 18 c d4a
cd0 cd0 9700 97ff 65e0 65ef 0 ffff 0 ffff 18ca 18ca 18 c d4b
6842 6842 cd00 cdff 13f0 13ff 0 ffff 0 ffff a1 a1 18 c d4c
6842 6842 cd00 cdff 13f0 13ff 0 ffff 0 ffff 45 45 18 c d4d
cd0 cd0 9400 95ff afc8 afc8 11a8 11af 0 ffff 0 ffff 17 1d d4e
6842 6842 ce00 cfff afc8 afc8 11a8 11af 0 ffff 0 ffff 17 1d d4f
cd0 cd0 96e8 96eb 65f1 65f1 3818 381b 0 ffff 0 ffff 1e 1e d50
6842 6842 cc20 cc23 afc8 afc8 11a4 11a7 0 ffff 0 ffff 1e 1e d51
8112 8112 fe64 fe67 20f3 20f3 65c4 65c7 0 ffff 0 ffff 1e 1e d52
ef83 ef83 68f8 68fb 5718 5718 ca58 ca5b 0 ffff 0 ffff 1e 1e d53
ef83 ef83 68f8 68fb 65f1 65f1 3818 381b 0 ffff 0 ffff 1e 1e d54
ef83 ef83 68f8 68fb eebb eebb 57cc 57cf 0 ffff 0 ffff 1e 1e d55
cd0 cd0 9000 93ff 13ec 13ec a8b8 a8bf 0 ffff 400 ffff 16 1d d56
6842 6842 c800 cbff 65f1 65f1 3810 3817 0 ffff 400 ffff 16 1d d57
6842 6842 c800 cbff 8c5b 8c5b 1c48 1c4f 0 ffff 400 ffff 16 1d d58
cd0 cd0 c000 ffff 65f1 65f1 4000 7fff 14 14 0 ffff 12 12 d59
cd0 cd0 96e0 96e7 65f1 65f1 3c00 3fff 400 ffff 0 ffff 1d 16 d5a
cd0 cd0 96e8 96eb afc8 afc8 1800 1fff 0 ffff 0 ffff 1e 15 d5b
cd0 cd0 a000 bfff afc8 afc8 8000 ffff 0 ffff 202 202 13 11 d5c
cd2 cd3 0 ffff afc8 afc8 1400 17ff 0 ffff 66d 66e f 16 d5d
6880 68ff 0 ffff afc8 afc8 1180 119f 0 ffff 50 50 9 1b d5e
6850 685f 0 ffff 65f1 65f1 3a00 3bff 0 ffff 202 202 c 17 d5f
6842 6842 cc24 cc25 20f3 20f3 7000 7fff 0 ffff 400 ffff 1f 14 d60
6842 6842 cc30 cc3f afc8 afc8 1000 10ff 0 ffff 0 ffff 1c 18 d61
6842 6842 cc30 cc3f 8c5b 8c5b 1d00 1dff 0 ffff 0 ffff 1c 18 d62
6850 685f 0 ffff afc8 afc8 1000 10ff 0 ffff 19 19 c 18 d63
6842 6842 8000 bfff afc8 afc8 4000 7fff 0 ffff a2 a2 12 12 d64
6842 6842 8000 bfff 8c5b 8c5b 4000 7fff 0 ffff 1b3a 1b3a 12 12 d65
6842 6842 8000 bfff 65f1 65f1 4000 7fff 0 ffff 77 77 12 12 d66
8112 8112 8000 bfff eebb eebb 0 3fff 0 ffff a2 a2 12 12 d67
ef83 ef83 0 3fff 8c5b 8c5b 4000 7fff 0 ffff 232b 232b 12 12 d68
ef83 ef83 0 3fff 65f1 65f1 4000 7fff 0 ffff 45 45 12 12 d69
6842 6842 cc80 ccff 13ec 13ec a8c0 a8ff 400 ffff 0 ffff 19 1a d6a
6842 6842 cc20 cc23 6800 6fff 0 ffff 15a4 15a4 0 ffff 1e 5 d6b
6842 6842 cc30 cc3f afc8 afc8 1200 13ff 0 ffff 400 ffff 1c 17 d6c
8112 8112 fe70 fe7f eebb eebb 5400 55ff 0 ffff 400 ffff 1c 17 d6d
ef83 ef83 68e0 68ef 65f1 65f1 3a00 3bff 0 ffff 400 ffff 1c 17 d6e
6842 6842 c800 cbff afcc afcf 0 ffff 0 ffff 16 16 16 e d6f
ef83 ef83 6c00 6fff 8c5c 8c5f 0 ffff 0 ffff 8006 8006 16 e d70
6842 6842 cc80 ccff 13ec 13ec a8c0 a8ff 0 ffff 400 ffff 19 1a d71
6842 6842 cc80 ccff 8c5b 8c5b 1c00 1c3f 0 ffff 400 ffff 19 1a d72
8112 8112 fe80 feff 8c5b 8c5b 1c00 1c3f 0 ffff 400 ffff 19 1a d73
ef83 ef83 6800 687f 65f1 65f1 3840 387f 0 ffff 400 ffff 19 1a d74
6842 6842 e000 ffff afc8 afc8 11a1 11a1 0 ffff 400 ffff 13 20 d75
6842 6842 e000 ffff 65f1 65f1 381f 381f 0 ffff 400 ffff 13 20 d76
ef83 ef83 4000 5fff eebb eebb 57ca 57ca 0 ffff 400 ffff 13 20 d77
6842 6842 c000 c7ff 8c5b 8c5b 1c40 1c43 0 ffff 400 ffff 15 1e d78
ef83 ef83 6000 67ff 8c5b 8c5b 1c40 1c43 0 ffff 400 ffff 15 1e d79
6848 684f 0 ffff 65f1 65f1 3a00 3bff 0 ffff 50 50 d 17 d7a
ef88 ef8f 0 ffff 8c5b 8c5b 1e00 1fff 0 ffff 6bb 6bb d 17 d7b
ef88 ef8f 0 ffff 8c5b 8c5b 1e00 1fff 0 ffff 35 35 d 17 d7c
6840 6841 0 ffff 65f1 65f1 3000 37ff 0 ffff 45 45 f 15 d7d
6844 6847 0 ffff 8c5b 8c5b 1800 1bff 0 ffff 202 202 e 16 d7e
8114 8117 0 ffff 5718 5718 cc00 cfff 0 ffff 202 202 e 16 d7f
ef84 ef87 0 ffff eebb eebb 5000 53ff 0 ffff 89 89 e 16 d80
6000 67ff 0 ffff 13ec 13ec a8b2 a8b3 0 ffff 1f4 1f4 5 1f d81
6842 6842 cc24 cc25 8c5b 8c5b 1c48 1c4f 0 ffff 0 ffff 1f 1d d82
6842 6842 cc24 cc25 13ec 13ec a8b8 a8bf 0 ffff 0 ffff 1f 1d d83
8112 8112 fe62 fe63 eebb eebb 57c0 57c7 0 ffff 0 ffff 1f 1d d84
8112 8112 fe62 fe63 8c5b 8c5b 1c48 1c4f 0 ffff 0 ffff 1f 1d d85
ef83 ef83 68fe 68ff 8c5b 8c5b 1c48 1c4f 0 ffff 0 ffff 1f 1d d86
ef83 ef83 68fe 68ff 65f1 65f1 3810 3817 0 ffff 0 ffff 1f 1d d87
6842 6842 cd00 cdff 65f1 65f1 3820 383f 0 ffff 0 ffff 18 1b d88
6842 6842 d000 dfff 13ec 13ec a8b2 a8b3 0 ffff 400 ffff 14 1f d89
6842 6842 d000 dfff 8c5b 8c5b 1c44 1c45 0 ffff 400 ffff 14 1f d8a
6a00 6bff 0 ffff 8c5b 8c5b 1c50 1c5f 0 ffff 15 15 7 1c d8b
6840 6841 0 ffff 8c5b 8c5b 1000 17ff 0 ffff 14 15 f 15 d8c
6842 6842 c800 cbff 8c5b 8c5b 1c40 1c43 0 ffff 0 ffff 16 1e d8d
8112 8112 f800 fbff 20f3 20f3 65c4 65c7 0 ffff 0 ffff 16 1e d8e
6842 6842 cc80 ccff 13ec 13ec a880 a89f 0 ffff 0 ffff 19 1b d8f
ef83 ef83 6800 687f 65f1 65f1 3820 383f 0 ffff 0 ffff 19 1b d90
6842 6842 cc40 cc7f 13ec 13ec a8c0 a8ff 0 ffff 0 ffff 1a 1a d91
ef83 ef83 6880 68bf eebb eebb 5780 57bf 0 ffff 0 ffff 1a 1a d92
6842 6842 cc00 cc1f 65f1 65f1 3900 39ff 0 ffff 400 ffff 1b 18 d93
ef83 ef83 68c0 68df 65f1 65f1 3900 39ff 0 ffff 400 ffff 1b 18 d94
6842 6842 d000 dfff 8c5b 8c5b 1c44 1c45 0 ffff 0 ffff 14 1f d95
6842 6842 d000 dfff 8c5b 8c5b 1c47 1c47 0 ffff 0 ffff 14 20 d96
8112 8112 e000 efff 5718 5718 ca5f ca5f 0 ffff 0 ffff 14 20 d97
8112 8112 e000 efff 20f2 20f2 0 ffff 0 ffff 232b 232b 14 10 d98
8112 8112 fe61 fe61 eebb eebb 57d0 57df 0 ffff 0 ffff 20 1c d99
8112 8112 fe61 fe61 5718 5718 ca40 ca4f 0 ffff 0 ffff 20 1c d9a
8112 8112 fe00 fe3f 20c0 20df 0 ffff 14 15 0 ffff 1a b d9b
ef83 ef83 6880 68bf 5720 573f 0 ffff 66d 66e 0 ffff 1a b d9c
8112 8112 fe64 fe67 8c5b 8c5b 1000 17ff 0 ffff 400 ffff 1e 15 d9d
ef83 ef83 68f8 68fb 8c5b 8c5b 1000 17ff 0 ffff 400 ffff 1e 15 d9e
ef83 ef83 68f8 68fb 65f1 65f1 3000 37ff 0 ffff 400 ffff 1e 15 d9f
8120 813f 0 ffff eebb eebb 5700 577f 0 ffff 15ae 15ae b 19 da0
8112 8112 fe40 fe5f 5718 5718 cb00 cbff 400 ffff 0 ffff 1b 18 da1
8112 8112 c000 dfff eebb eebb 8000 ffff a1 a1 0 ffff 13 11 da2
8112 8112 fe80 feff ee80 ee9f 0 ffff 0 ffff 35 35 19 b da3
8112 8112 fe80 feff 5720 573f 0 ffff 0 ffff 45 45 19 b da4
8112 8112 fc00 fdff 5710 5717 0 ffff 35 35 0 ffff 17 d da5
8112 8112 fe62 fe63 5718 5718 d000 dfff 0 ffff 0 ffff 1f 14 da6
8112 8112 fe68 fe6f 8c5b 8c5b 1e00 1fff 0 ffff 0 ffff 1d 17 da7
ef83 ef83 68f0 68f7 8c5b 8c5b 1e00 1fff 0 ffff 0 ffff 1d 17 da8
ef83 ef83 68f0 68f7 5718 5718 cc00 cfff 0 ffff 400 ffff 1d 16 da9
ef83 ef83 68f0 68f7 8c5b 8c5b 1800 1bff 0 ffff 400 ffff 1d 16 daa
ef83 ef83 68f0 68f7 65f1 65f1 3c00 3fff 0 ffff 400 ffff 1d 16 dab
ef83 ef83 6900 69ff 5718 5718 ca60 ca7f 0 ffff 400 ffff 18 1b dac
ef83 ef83 6a00 6bff 8c5b 8c5b 1c50 1c5f 0 ffff 400 ffff 17 1c dad
ef83 ef83 6a00 6bff 65f1 65f1 3800 380f 0 ffff 400 ffff 17 1c dae
ef83 ef83 6800 687f eebb eebb 5780 57bf 0 ffff 0 ffff 19 1a daf
ef83 ef83 68fe 68ff 65f1 65f1 3000 37ff 0 ffff 0 ffff 1f 15 db0
ef83 ef83 6800 687f 6580 65bf 0 ffff 1600 1600 0 ffff 19 a db1
ef83 ef83 68fc 68fc eebb eebb 6000 7fff 0 ffff 0 ffff 20 13 db2
ef90 ef9f 0 ffff 65f1 65f1 3900 39ff a1 a1 0 ffff c 18 db3
ef84 ef87 0 ffff 65f1 65f1 3c00 3fff a1 a1 0 ffff e 16 db4
ef83 ef83 8000 ffff 65f1 65f1 2000 2fff 0 ffff 714 715 11 14 db5
e000 e7ff 0 ffff eebb eebb 57cc 57cf 35 35 0 ffff 5 1e db6
ef80 ef81 0 ffff eebb eebb 4000 4fff 0 ffff 15 15 f 14 db7
ef83 ef83 68e0 68ef 65f1 65f1 3a00 3bff 0 ffff 0 ffff 1c 17 db8
ef88 ef8f 0 ffff eebb eebb 5400 55ff a1 a1 0 ffff d 17 db9
ef83 ef83 68f0 68f7 65f1 65f1 381c 381d 0 ffff 0 ffff 1d 1f dba
ef83 ef83 7000 7fff 8c58 8c59 0 ffff 0 ffff 202 202 14 f dbb
ef83 ef83 8000 ffff 8c5b 8c5b 2000 3fff 1bb 1bb 0 ffff 11 13 dbc
cd0 cd0 96f0 96ff 65f1 65f1 3a00 3bff 0 ffff 0 ffff 1c 17 dbd
cd0 cd0 9700 97ff dfac dfac 7760 777f 0 ffff 0 ffff 18 1b dbe
cd0 cd0 9700 97ff 65f1 65f1 3820 383f 0 ffff 0 ffff 18 1b dbf
cd0 cd0 9700 97ff afc8 afc8 1180 119f 0 ffff 0 ffff 18 1b dc0
6842 6842 cd00 cdff 8c5b 8c5b 1c60 1c7f 0 ffff 0 ffff 18 1b dc1
6842 6842 cd00 cdff 13ec 13ec a880 a89f 0 ffff 0 ffff 18 1b dc2
cd0 cd0 9600 967f 65f1 65f1 3880 38ff 0 ffff 400 ffff 19 19 dc3
8112 8112 fe80 feff 5718 5718 ca80 caff 0 ffff 400 ffff 19 19 dc4
cd0 cd0 9800 9fff 13ec 13ec a8b8 a8bf 0 ffff 400 ffff 15 1d dc5
8112 8112 f000 f7ff 5718 5718 ca50 ca57 0 ffff 400 ffff 15 1d dc6
ef83 ef83 6000 67ff 8c5b 8c5b 1c48 1c4f 0 ffff 400 ffff 15 1d dc7
cd0 cd0 0 7fff dfac dfac 8000 ffff 0 ffff 45 45 11 11 dc8
cd0 cd0 9700 97ff 65f1 65f1 3840 387f 0 ffff 0 ffff 18 1a dc9
cd0 cd0 9700 97ff afc8 afc8 11c0 11ff 0 ffff 400 ffff 18 1a dca
6842 6842 cd00 cdff 8c5b 8c5b 1c00 1c3f 0 ffff 400 ffff 18 1a dcb
8112 8112 ff00 ffff 5718 5718 ca00 ca3f 0 ffff 400 ffff 18 1a dcc
ef83 ef83 6900 69ff 65f1 65f1 3840 387f 0 ffff 400 ffff 18 1a dcd
cd0 cd0 9680 96bf 65f1 65f1 3900 39ff 0 ffff 400 ffff 1a 18 dce
cd0 cd0 9680 96bf afc8 afc8 1000 10ff 0 ffff 400 ffff 1a 18 dcf
ef83 ef83 6880 68bf 8c5b 8c5b 1d00 1dff 0 ffff 400 ffff 1a 18 dd0
ef83 ef83 6880 68bf 65f1 65f1 3900 39ff 0 ffff 400 ffff 1a 18 dd1
cc0 ccf 0 ffff 65f1 65f1 3c00 3fff 0 ffff 35 35 c 16 dd2
cd0 cd0 a000 bfff 65f1 65f1 381c 381d 0 ffff 400 ffff 13 1f dd3
ef83 ef83 4000 5fff 65f1 65f1 381c 381d 0 ffff 400 ffff 13 1f dd4
cd0 cd0 96e8 96eb a000 a7ff 0 ffff 14 15 0 ffff 1e 5 dd5
c80 cbf 0 ffff afc8 afc8 1100 117f 0 ffff 16 16 a 19 dd6
cd0 cd0 9800 9fff 13ec 13ec a8b8 a8bf 0 ffff 0 ffff 15 1d dd7
cd0 cd0 96c0 96df 13ec 13ec aa00 abff 0 ffff 0 ffff 1b 17 dd8
6842 6842 cc00 cc1f afc8 afc8 1200 13ff 0 ffff 0 ffff 1b 17 dd9
ef83 ef83 68c0 68df 8c5b 8c5b 1e00 1fff 0 ffff 0 ffff 1b 17 dda
cd0 cd0 c000 ffff afc8 afc8 11b0 11bf 0 ffff 14 9cf 12 1c ddb
cd0 cd0 9400 95ff afd0 afdf 0 ffff 50 50 0 ffff 17 c ddc
cd1 cd1 0 ffff afc8 afc8 2000 3fff 0 ffff 202 202 10 13 ddd
8113 8113 0 ffff 8c5b 8c5b 2000 3fff 0 ffff 45 45 10 13 dde
8113 8113 0 ffff 5718 5718 e000 ffff 0 ffff 35 35 10 13 ddf
cd0 cd0 96c0 96df afc8 afc8 11a1 11a1 0 ffff 0 ffff 1b 20 de0
ef83 ef83 68c0 68df 5718 5718 ca5f ca5f 0 ffff 0 ffff 1b 20 de1
ef83 ef83 68c0 68df 65f1 65f1 381e 381e 0 ffff 0 ffff 1b 20 de2
e00 fff 0 ffff afc8 afc8 11b0 11bf 0 ffff 19 19 7 1c de3
cd0 cd0 9600 967f afc8 afc8 1100 117f 0 ffff 0 ffff 19 19 de4
6842 6842 cc80 ccff 8c5b 8c5b 1c80 1cff 0 ffff 0 ffff 19 19 de5
6842 6842 8000 bfff 20f3 20f3 65c2 65c2 0 ffff 400 ffff 12 20 de6
6842 6842 cc28 cc2f 20f3 20f3 6800 6fff 0 ffff 0 ffff 1d 15 de7
8112 8112 fe68 fe6f eebb eebb 5800 5fff 0 ffff 0 ffff 1d 15 de8
6842 6842 ce00 cfff afd0 afdf 0 ffff 0 ffff a2 a2 17 c de9
6842 6842 cc80 ccff 65f1 65f1 3840 387f 0 ffff 0 ffff 19 1a dea
ef83 ef83 6800 687f eebb eebb 5780 57bf 0 ffff 0 ffff 19 1a deb
ef83 ef83 6800 687f 65f1 65f1 3840 387f 0 ffff 0 ffff 19 1a dec
ef83 ef83 6800 687f eebb eebb 5780 57bf 0 ffff 0 ffff 19 1a ded
6842 6842 e000 ffff afc9 afc9 0 ffff 0 ffff 599 599 13 10 dee
6842 6842 e000 ffff 65f0 65f0 0 ffff 0 ffff 45 45 13 10 def
ef83 ef83 4000 5fff 8c5a 8c5a 0 ffff 0 ffff 19 19 13 10 df0
6842 6842 c000 c7ff 13ed 13ed 0 ffff 14 17 0 ffff 15 10 df1
6842 6842 8000 bfff 8c5b 8c5b 8000 ffff 0 ffff 202 202 12 11 df2
6842 6842 8000 bfff 8c5b 8c5b 8000 ffff 0 ffff 599 599 12 11 df3
ef83 ef83 0 3fff 8c5b 8c5b 8000 ffff 0 ffff 35 35 12 11 df4
6842 6842 c000 c7ff 13ec 13ec a8b4 a8b7 0 ffff 0 ffff 15 1e df5
ef83 ef83 6000 67ff eebb eebb 57cc 57cf 0 ffff 0 ffff 15 1e df6
6900 69ff 0 ffff 8c5b 8c5b 1c60 1c7f 0 ffff 35 35 8 1b df7
6842 6842 cc30 cc3f 8c5b 8c5b 1800 1bff 0 ffff 0 ffff 1c 16 df8
ef83 ef83 68e0 68ef eebb eebb 5000 53ff 0 ffff 0 ffff 1c 16 df9
6842 6842 cc30 cc3f 65f1 65f1 381c 381d 0 ffff 0 ffff 1c 1f dfa
6842 6842 d000 dfff 13ee 13ef 0 ffff 0 ffff 15ae 15ae 14 f dfb
8112 8112 e000 efff 20f0 20f1 0 ffff 0 ffff 35 35 14 f dfc
ef83 ef83 7000 7fff eeb8 eeb9 0 ffff 0 ffff 159a 159a 14 f dfd
6842 6842 d000 dfff 8c58 8c59 0 ffff a1 a1 0 ffff 14 f dfe
6842 6842 cc20 cc23 13ec 13ec a000 a7ff 0 ffff 0 ffff 1e 15 dff
6842 6842 cc20 cc23 8c5b 8c5b 1000 17ff 0 ffff 0 ffff 1e 15 e00
6842 6842 cc00 cc1f 8c5b 8c5b 1d00 1dff 0 ffff 0 ffff 1b 18 e01
6842 6842 c000 c7ff 13e8 13eb 0 ffff 0 ffff 89 89 15 e e02
6848 684f 0 ffff 8c5b 8c5b 1000 17ff 599 599 0 ffff d 15 e03
6842 6842 cc28 cc2f 65f1 65f1 3818 381b 0 ffff 0 ffff 1d 1e e04
8112 8112 fe68 fe6f 8c5b 8c5b 1c40 1c43 0 ffff 0 ffff 1d 1e e05
8112 8112 fe68 fe6f 5718 5718 ca58 ca5b 0 ffff 0 ffff 1d 1e e06
6850 685f 0 ffff 65f1 65f1 3a00 3bff 0 ffff 35 35 c 17 e07
ef90 ef9f 0 ffff 65f1 65f1 3a00 3bff 0 ffff a2 a2 c 17 e08
6842 6842 d000 dfff 65f1 65f1 381c 381d 0 ffff 0 ffff 14 1f e09
6842 6842 cc24 cc25 65f1 65f1 3800 380f 0 ffff 0 ffff 1f 1c e0a
8112 8112 fe62 fe63 8c5b 8c5b 1c50 1c5f 0 ffff 0 ffff 1f 1c e0b
ef83 ef83 68fe 68ff 5718 5718 ca40 ca4f 0 ffff 0 ffff 1f 1c e0c
6842 6842 cc20 cc23 65f1 65f1 3810 3817 0 ffff 0 ffff 1e 1d e0d
8112 8112 fe64 fe67 eebb eebb 57c0 57c7 0 ffff 0 ffff 1e 1d e0e
8112 8112 fe64 fe67 8c5b 8c5b 1c48 1c4f 0 ffff 0 ffff 1e 1d e0f
ef83 ef83 68f8 68fb 65f1 65f1 3810 3817 0 ffff 0 ffff 1e 1d e10
6842 6842 cc26 cc26 8c5b 8c5b 1c60 1c7f 0 ffff 0 ffff 20 1b e11
8112 8112 fe61 fe61 20f3 20f3 65e0 65ff 0 ffff 0 ffff 20 1b e12
ef83 ef83 68fc 68fc eebb eebb 57e0 57ff 0 ffff 0 ffff 20 1b e13
6842 6842 cc80 ccff 6580 65bf 0 ffff 0 ffff 599 599 19 a e14
6842 6842 cc30 cc3f 8c5b 8c5b 1800 1bff 0 ffff 400 ffff 1c 16 e15
6840 6841 0 ffff 8c5b 8c5b 0 fff 0 ffff 50 50 f 14 e16
6840 6841 0 ffff 8c5b 8c5b 0 fff 0 ffff 50 50 f 14 e17
ef80 ef81 0 ffff 5718 5718 d000 dfff 0 ffff 202 202 f 14 e18
6842 6842 cc40 cc7f 8c5b 8c5b 1c80 1cff 0 ffff 0 ffff 1a 19 e19
8114 8117 0 ffff 20f3 20f3 6800 6fff 0 ffff 599 599 e 15 e1a
8112 8112 fc00 fdff 20f3 20f3 65e0 65ff 0 ffff 400 ffff 17 1b e1b
ef83 ef83 6a00 6bff 65f1 65f1 3820 383f 0 ffff 400 ffff 17 1b e1c
8112 8112 e000 efff 20f3 20f3 65c4 65c7 0 ffff 400 ffff 14 1e e1d
8112 8112 e000 efff 8c5b 8c5b 1c40 1c43 0 ffff 400 ffff 14 1e e1e
ef83 ef83 7000 7fff 8c5b 8c5b 1c40 1c43 0 ffff 400 ffff 14 1e e1f
8112 8112 fe68 fe6f 20f3 20f3 6800 6fff 0 ffff 400 ffff 1d 15 e20
8110 8111 0 ffff 5718 5718 e000 ffff 0 ffff 35 35 f 13 e21
8112 8112 f800 fbff eebb eebb 57d0 57df 0 ffff 400 ffff 16 1c e22
ef83 ef83 6c00 6fff 65f1 65f1 3800 380f 0 ffff 400 ffff 16 1c e23
8110 8111 0 ffff eebb eebb 5800 5fff 0 ffff 66d 66e f 15 e24
8112 8112 fc00 fdff 8c5b 8c5b 1c50 1c5f 0 ffff 0 ffff 17 1c e25
ef83 ef83 6a00 6bff eebb eebb 57d0 57df 0 ffff 0 ffff 17 1c e26
8112 8112 fc00 fdff 5720 573f 0 ffff 50 50 0 ffff 17 b e27
8112 8112 fe62 fe63 5718 5718 e000 ffff 0 ffff 400 ffff 1f 13 e28
8100 810f 0 ffff 5718 5718 c800 c9ff a1 a1 0 ffff c 17 e29
ef83 ef83 7000 7fff 5718 5718 ca58 ca5b 0 ffff 0 ffff 14 1e e2a
efa0 efbf 0 ffff 8c5b 8c5b 1d00 1dff 0 ffff 202 202 b 18 e2b
ef83 ef83 68fc 68fc eebb eebb 6000 7fff 0 ffff 0 ffff 20 13 e2c
ef83 ef83 6a00 6bff 5710 5717 0 ffff 14 17 0 ffff 17 d e2d
ef83 ef83 68f8 68fb f000 ffff 0 ffff 50 50 0 ffff 1e 4 e2e
ef83 ef83 0 3fff 65f0 65f0 0 ffff 1600 1600 0 ffff 12 10 e2f
ef83 ef83 6880 68bf 65f1 65f1 3900 39ff 0 ffff 0 ffff 1a 18 e30
ef88 ef8f 0 ffff 8c5b 8c5b 1000 17ff 0 ffff 35 35 d 15 e31
ef83 ef83 6c00 6fff 65f1 65f1 3810 3817 0 ffff 0 ffff 16 1d e32
ef83 ef83 68c0 68df 8e00 8fff 0 ffff a1 a1 0 ffff 1b 7 e33
ef83 ef83 6c00 6fff 8c50 8c57 0 ffff 599 599 0 ffff 16 d e34
c000 dfff 0 ffff 65f1 65f1 381f 381f 0 ffff 35 35 3 20 e35
ef83 ef83 6a00 6bff 8c60 8c7f 0 ffff 0 ffff 15 15 17 b e36
cd0 cd0 a000 bfff dfae dfaf 0 ffff 0 ffff 202 202 13 f e37
cd0 cd0 a000 bfff 13ee 13ef 0 ffff 0 ffff 202 202 13 f e38
cd4 cd7 0 ffff 13ec 13ec b000 bfff 0 ffff 45 45 e 14 e39
cd4 cd7 0 ffff afc8 afc8 0 fff 0 ffff 89 89 e 14 e3a
6844 6847 0 ffff 8c5b 8c5b 0 fff 0 ffff 202 202 e 14 e3b
6844 6847 0 ffff 65f1 65f1 2000 2fff 0 ffff 50 50 e 14 e3c
ef84 ef87 0 ffff 8c5b 8c5b 0 fff 0 ffff 50 50 e 14 e3d
cd0 cd0 96e0 96e7 65f1 65f1 2000 2fff 0 ffff 400 ffff 1d 14 e3e
6842 6842 cc28 cc2f 65f1 65f1 2000 2fff 0 ffff 400 ffff 1d 14 e3f
cd0 cd0 a000 bfff 13ec 13ec a8b4 a8b7 0 ffff 0 ffff 13 1e e40
800 bff 0 ffff 65f1 65f1 3800 380f 0 ffff 19 19 6 1c e41
cd1 cd1 0 ffff dfac dfac 0 3fff 0 ffff 89 89 10 12 e42
6843 6843 0 ffff 8c5b 8c5b 4000 7fff 0 ffff 202 202 10 12 e43
6843 6843 0 ffff 8c5b 8c5b 4000 7fff 0 ffff 8f 8f 10 12 e44
8113 8113 0 ffff 5718 5718 8000 bfff 0 ffff 20c 20c 10 12 e45
cd0 cd0 96ec 96ed 13ec 13ec c000 ffff 400 ffff 0 ffff 1f 12 e46
8112 8112 fe62 fe63 eebb eebb 0 3fff 400 ffff 0 ffff 1f 12 e47
cd0 cd0 96f0 96ff dfac dfac 7744 7747 0 ffff 0 ffff 1c 1e e48
cd0 cd0 96f0 96ff afc8 afc8 11a4 11a7 0 ffff 0 ffff 1c 1e e49
6842 6842 cc30 cc3f 8c5b 8c5b 1c40 1c43 0 ffff 0 ffff 1c 1e e4a
6842 6842 cc30 cc3f 65f1 65f1 3818 381b 0 ffff 0 ffff 1c 1e e4b
ef83 ef83 68e0 68ef 65f1 65f1 3818 381b 0 ffff 0 ffff 1c 1e e4c
cd0 cd0 96e8 96eb dfac dfac 7750 775f 0 ffff 0 ffff 1e 1c e4d
6842 6842 cc20 cc23 8c5b 8c5b 1c50 1c5f 0 ffff 0 ffff 1e 1c e4e
ef83 ef83 68f8 68fb 65f1 65f1 3800 380f 0 ffff 0 ffff 1e 1c e4f
cd0 cd0 9600 967f 13ec 13ec a900 a9ff 0 ffff 0 ffff 19 18 e50
cd0 cd0 96f0 96ff afc8 afc8 1800 1fff 0 ffff 0 ffff 1c 15 e51
cd0 cd0 9700 97ff afc8 afc8 1100 117f 0 ffff 400 ffff 18 19 e52
ef83 ef83 6900 69ff 8c5b 8c5b 1c80 1cff 0 ffff 400 ffff 18 19 e53
cd0 cd0 9600 967f af00 af7f 0 ffff 14 15 0 ffff 19 9 e54
cd0 cd0 9400 95ff afc8 afc8 11c0 11ff 0 ffff 0 ffff 17 1a e55
6842 6842 ce00 cfff 8c5b 8c5b 1c00 1c3f 0 ffff 0 ffff 17 1a e56
cd0 cd0 9680 96bf 13ec 13ec aa00 abff 0 ffff 400 ffff 1a 17 e57
ef83 ef83 6880 68bf 65f1 65f1 3a00 3bff 0 ffff 400 ffff 1a 17 e58
ef83 ef83 6880 68bf eebb eebb 5400 55ff 0 ffff 400 ffff 1a 17 e59
c80 cbf 0 ffff 13ec 13ec a900 a9ff 35 35 0 ffff a 18 e5a
cd1 cd1 0 ffff 13ec 13ec 0 7fff 0 ffff 35 35 10 11 e5b
cd0 cd0 9700 97ff afc8 afc8 11c0 11ff 0 ffff 0 ffff 18 1a e5c
6842 6842 cd00 cdff 65f1 65f1 3840 387f 0 ffff 0 ffff 18 1a e5d
cd0 cd0 9600 967f afc8 afc8 1000 10ff 400 ffff 0 ffff 19 18 e5e
0 3fff 0 ffff 65f1 65f1 381f 381f 0 ffff 71 71 2 20 e5f
cd0 cd0 96c0 96df afc8 afc8 1200 13ff 0 ffff 0 ffff 1b 17 e60
cd0 cd0 96c0 96df 65f1 65f1 3a00 3bff 0 ffff 0 ffff 1b 17 e61
6842 6842 cc00 cc1f afc8 afc8 1200 13ff 0 ffff 0 ffff 1b 17 e62
6842 6842 cc00 cc1f 8c5b 8c5b 1e00 1fff 0 ffff 0 ffff 1b 17 e63
cd0 cd0 8000 8fff 65f1 65f1 3810 3817 0 ffff 400 ffff 14 1d e64
6842 6842 d000 dfff 13ec 13ec a8b8 a8bf 0 ffff 400 ffff 14 1d e65
8112 8112 e000 efff 5718 5718 ca50 ca57 0 ffff 400 ffff 14 1d e66
ef83 ef83 7000 7fff 8c5b 8c5b 1c48 1c4f 0 ffff 400 ffff 14 1d e67
cd0 cd0 9000 93ff afc8 afc8 11b0 11bf 0 ffff 0 ffff 16 1c e68
6842 6842 c800 cbff 8c5b 8c5b 1c50 1c5f 0 ffff 0 ffff 16 1c e69
cd0 cd0 96ef 96ef 65f1 65f1 3840 387f 0 ffff 0 ffff 20 1a e6a
6842 6842 cc27 cc27 65f1 65f1 3840 387f 0 ffff 0 ffff 20 1a e6b
ef83 ef83 68fc 68fc eebb eebb 5780 57bf 0 ffff 0 ffff 20 1a e6c
cd0 cd0 9680 96bf 65f1 65f1 3a00 3bff 0 ffff 0 ffff 1a 17 e6d
ef83 ef83 6880 68bf 65f1 65f1 3a00 3bff 0 ffff 0 ffff 1a 17 e6e
6842 6842 0 7fff 20f3 20f3 65c2 65c2 0 ffff 400 ffff 11 20 e6f
6842 6842 0 7fff 13ec 13ec a8b0 a8b0 0 ffff 400 ffff 11 20 e70
ef83 ef83 8000 ffff 8c5b 8c5b 1c47 1c47 0 ffff 400 ffff 11 20 e71
6842 6842 d000 dfff 65f8 65ff 0 ffff 0 ffff 1b58 1b58 14 d e72
6842 6842 0 7fff afc8 afc8 8000 ffff 0 ffff a1 a1 11 11 e73
6842 6842 ce00 cfff afc8 afc8 1180 119f 0 ffff 0 ffff 17 1b e74
6842 6842 cc28 cc2f afc8 afc8 11a8 11af 0 ffff 0 ffff 1d 1d e75
6842 6842 cc28 cc2f 65f1 65f1 3810 3817 0 ffff 0 ffff 1d 1d e76
ef83 ef83 68f0 68f7 65f1 65f1 3810 3817 0 ffff 0 ffff 1d 1d e77
ef83 ef83 68f0 68f7 8c5b 8c5b 1c48 1c4f 0 ffff 0 ffff 1d 1d e78
7000 7fff 0 ffff afc8 afc8 11a4 11a7 159a 159a 0 ffff 4 1e e79
6842 6842 c000 c7ff afc8 afc8 11b0 11bf 0 ffff 400 ffff 15 1c e7a
6842 6842 c000 c7ff 8c5b 8c5b 1c50 1c5f 0 ffff 400 ffff 15 1c e7b
6842 6842 cc24 cc25 13ec 13ec a880 a89f 0 ffff 0 ffff 1f 1b e7c
6843 6843 0 ffff afc8 afc8 2000 3fff 0 ffff 6d 6e 10 13 e7d
6842 6842 d000 dfff afc8 afc8 11a8 11af 0 ffff 0 ffff 14 1d e7e
6840 6841 0 ffff afc8 afc8 2000 3fff 0 ffff 1b3a 1b3a f 13 e7f
8110 8111 0 ffff 20f3 20f3 4000 5fff 0 ffff a2 a2 f 13 e80
8110 8111 0 ffff 20f3 20f3 4000 5fff 0 ffff 19 19 f 13 e81
ef80 ef81 0 ffff 65f1 65f1 0 1fff 0 ffff 16 16 f 13 e82
6842 6842 cc40 cc7f 13ec 13ec a8b0 a8b0 0 ffff 0 ffff 1a 20 e83
6842 6842 cc40 cc7f 65f1 65f1 381f 381f 0 ffff 0 ffff 1a 20 e84
6842 6842 cc40 cc7f 8c5b 8c5b 1c47 1c47 0 ffff 0 ffff 1a 20 e85
ef83 ef83 6880 68bf 8c5b 8c5b 1c47 1c47 0 ffff 0 ffff 1a 20 e86
6842 6842 cc00 cc1f 8c5b 8c5b 1c44 1c45 0 ffff 0 ffff 1b 1f e87
6842 6842 cc00 cc1f 65f1 65f1 381c 381d 0 ffff 0 ffff 1b 1f e88
ef83 ef83 68c0 68df eebb eebb 57c8 57c9 0 ffff 0 ffff 1b 1f e89
ef83 ef83 68c0 68df 8c5b 8c5b 1c44 1c45 0 ffff 0 ffff 1b 1f e8a
6842 6842 8000 bfff 8c5b 8c5b 1c47 1c47 0 ffff 0 ffff 12 20 e8b
ef83 ef83 0 3fff 65f1 65f1 381e 381e 0 ffff 0 ffff 12 20 e8c
ef83 ef83 0 3fff 65f1 65f1 381f 381f 0 ffff 0 ffff 12 20 e8d
6842 6842 c800 cbff 8c5b 8c5b 1c60 1c7f 0 ffff 400 ffff 16 1b e8e
ef83 ef83 6c00 6fff 8c5b 8c5b 1c60 1c7f 0 ffff 400 ffff 16 1b e8f
6842 6842 cc20 cc23 8c5b 8c5b 2000 3fff 0 ffff 400 ffff 1e 13 e90
ef83 ef83 68f8 68fb 8c5b 8c5b 2000 3fff 0 ffff 400 ffff 1e 13 e91
6842 6842 cc30 cc3f 65f1 65f1 3c00 3fff 0 ffff 0 ffff 1c 16 e92
6842 6842 cd00 cdff 8c00 8c3f 0 ffff 0 ffff 599 599 18 a e93
6842 6842 cd00 cdff 1380 13bf 0 ffff 0 ffff 19 19 18 a e94
6860 687f 0 ffff 8c5b 8c5b 1e00 1fff 0 ffff 8b 8b b 17 e95
6842 6842 d000 dfff 8c5c 8c5f 0 ffff 35 35 0 ffff 14 e e96
6842 6842 c800 cbff 8c40 8c4f 0 ffff 6d 6e 0 ffff 16 c e97
6842 6842 0 7fff 13ec 13ec 0 7fff 15ae 15ae 0 ffff 11 11 e98
6842 6842 ce00 cfff 13ec 13ec a8c0 a8ff 0 ffff 400 ffff 17 1a e99
8112 8112 fc00 fdff eebb eebb 5780 57bf 0 ffff 400 ffff 17 1a e9a
ef83 ef83 6a00 6bff 5718 5718 ca00 ca3f 0 ffff 400 ffff 17 1a e9b
7000 7fff 0 ffff 8c5b 8c5b 1c40 1c43 0 ffff 45 45 4 1e e9c
6842 6842 e000 ffff 8c5b 8c5b 1c44 1c45 0 ffff 0 ffff 13 1f e9d
8112 8112 c000 dfff 20f3 20f3 65c0 65c1 0 ffff 0 ffff 13 1f e9e
6842 6842 cc80 ccff 8c5b 8c5b 1c80 1cff 0 ffff 0 ffff 19 19 e9f
6842 6842 cc80 ccff 13ec 13ec a800 a87f 0 ffff 0 ffff 19 19 ea0
8112 8112 fe80 feff 5718 5718 ca80 caff 0 ffff 0 ffff 19 19 ea1
ef83 ef83 6800 687f eebb eebb 5700 577f 0 ffff 0 ffff 19 19 ea2
6842 6842 0 7fff 8c5b 8c5b 1c47 1c47 0 ffff 0 ffff 11 20 ea3
6848 684f 0 ffff 8c5b 8c5b 1000 17ff 0 ffff 71 71 d 15 ea4
8118 811f 0 ffff 8c5b 8c5b 1000 17ff 0 ffff 9f5 9f5 d 15 ea5
8118 811f 0 ffff eebb eebb 5800 5fff 0 ffff 1e61 1e61 d 15 ea6
ef88 ef8f 0 ffff 8c5b 8c5b 1000 17ff 0 ffff 19 19 d 15 ea7
6842 6842 cc28 cc2f 8e00 8fff 0 ffff 14 17 0 ffff 1d 7 ea8
6842 6842 cc40 cc7f 65f1 65f1 3900 39ff 0 ffff 0 ffff 1a 18 ea9
6842 6842 cc00 cc1f 8d00 8dff 0 ffff 66d 66e 0 ffff 1b 8 eaa
6860 687f 0 ffff 8c5b 8c5b 1d00 1dff 0 ffff 66d 66e b 18 eab
6842 6842 d000 dfff 8c5c 8c5f 0 ffff 0 ffff 15 15 14 e eac
6842 6842 d000 dfff 8c5c 8c5f 0 ffff 0 ffff 232b 232b 14 e ead
ef83 ef83 7000 7fff eebc eebf 0 ffff 0 ffff 232b 232b 14 e eae
ef83 ef83 7000 7fff eebc eebf 0 ffff 0 ffff 19 19 14 e eaf
6842 6842 ce00 cfff 13c0 13df 0 ffff 599 599 0 ffff 17 b eb0
6848 684f 0 ffff 13ec 13ec ac00 afff 0 ffff 6d 6e d 16 eb1
6842 6842 cc40 cc7f 1200 12ff 0 ffff 0 ffff 50 50 1a 8 eb2
ef83 ef83 6880 68bf 6400 64ff 0 ffff 0 ffff 1f4 1f4 1a 8 eb3
8112 8112 fe61 fe61 8c5b 8c5b 4000 7fff 0 ffff 0 ffff 20 12 eb4
8112 8112 8000 bfff 8c5a 8c5a 0 ffff 0 ffff 71 71 12 10 eb5
ef83 ef83 0 3fff 65f0 65f0 0 ffff 0 ffff 35 35 12 10 eb6
ef83 ef83 0 3fff 65f0 65f0 0 ffff 0 ffff 35 35 12 10 eb7
8112 8112 f000 f7ff 20f3 20f3 65c8 65cf 0 ffff 0 ffff 15 1d eb8
8112 8112 f800 fbff 20e0 20ef 0 ffff 0 ffff 232b 232b 16 c eb9
ef83 ef83 6c00 6fff 8c40 8c4f 0 ffff 0 ffff 45 45 16 c eba
8112 8112 8000 bfff 8c5a 8c5a 0 ffff a1 a1 0 ffff 12 10 ebb
8112 8112 fe40 fe5f 8c5b 8c5b 1800 1bff 0 ffff 0 ffff 1b 16 ebc
8112 8112 8000 bfff 5718 5718 ca5c ca5d 0 ffff 0 ffff 12 1f ebd
8112 8112 fe80 feff 5718 5718 cb00 cbff 0 ffff 400 ffff 19 18 ebe
8112 8112 fe40 fe5f 5718 5718 cc00 cfff 0 ffff 400 ffff 1b 16 ebf
ef83 ef83 68c0 68df 8c5b 8c5b 1800 1bff 0 ffff 400 ffff 1b 16 ec0
8112 8112 e000 efff 8c50 8c57 0 ffff 599 599 0 ffff 14 d ec1
8112 8112 fe62 fe63 5718 5718 e000 ffff 0 ffff 0 ffff 1f 13 ec2
ef83 ef83 6000 67ff 8c50 8c57 0 ffff 35 35 0 ffff 15 d ec3
ef83 ef83 7000 7fff 8c5b 8c5b 1c40 1c43 0 ffff 0 ffff 14 1e ec4
ef83 ef83 7000 7fff 65f1 65f1 3818 381b 0 ffff 0 ffff 14 1e ec5
ef83 ef83 6800 687f 5780 57ff 0 ffff 0 ffff 45 45 19 9 ec6
ef90 ef9f 0 ffff 8c5b 8c5b 1800 1bff 0 ffff 8b 8b c 16 ec7
ef83 ef83 68f8 68fb 8c5b 8c5b 2000 3fff 0 ffff 0 ffff 1e 13 ec8
e800 ebff 0 ffff eebb eebb 57d0 57df a1 a1 0 ffff 6 1c ec9
ef83 ef83 4000 5fff 65f1 65f1 3818 381b 0 ffff 400 ffff 13 1e eca
ef83 ef83 4000 5fff 8c5b 8c5b 1c40 1c43 0 ffff 400 ffff 13 1e ecb
ee00 eeff 0 ffff 65f1 65f1 3820 383f 0 ffff 14 15 8 1b ecc
ef83 ef83 6900 69ff eec0 eeff 0 ffff 599 599 0 ffff 18 a ecd
ef83 ef83 68f0 68f7 eebb eebb 4000 4fff 400 ffff 0 ffff 1d 14 ece
ee00 eeff 0 ffff 8c5b 8c5b 1c00 1c3f 0 ffff 8f 8f 8 1a ecf
ef80 ef81 0 ffff 65f1 65f1 0 1fff 35 35 0 ffff f 13 ed0
ef83 ef83 6900 69ff 65f1 65f1 3880 38ff 0 ffff 0 ffff 18 19 ed1
cd0 cd0 9600 967f 1200 12ff 0 ffff 0 ffff 202 202 19 8 ed2
cd0 cd0 9600 967f 1200 12ff 0 ffff 0 ffff 66d 66d 19 8 ed3
cd0 cd0 96e0 96e7 13ec 13ec a8a0 a8af 0 ffff 0 ffff 1d 1c ed4
6842 6842 cc28 cc2f 65f1 65f1 3800 380f 0 ffff 0 ffff 1d 1c ed5
8112 8112 fe68 fe6f 8c5b 8c5b 1c50 1c5f 0 ffff 0 ffff 1d 1c ed6
ef83 ef83 68f0 68f7 65f1 65f1 3800 380f 0 ffff 0 ffff 1d 1c ed7
cd1 cd1 0 ffff 65f0 65f0 0 ffff 157c 157c 0 ffff 10 10 ed8
cd0 cd0 96f0 96ff 13ec 13ec b000 bfff 0 ffff 400 ffff 1c 14 ed9
0 ffff 0 ffff dfac dfac 7741 7741 0 ffff 45 45 0 20 eda
cd0 cd0 a000 bfff 13e8 13eb 0 ffff 0 ffff 232b 232b 13 e edb
ef83 ef83 4000 5fff 8c5c 8c5f 0 ffff 0 ffff 50 50 13 e edc
cd0 cd0 9600 967f 13ec 13ec a8b0 a8b0 0 ffff 0 ffff 19 20 edd
6842 6842 cc80 ccff 8c5b 8c5b 1c47 1c47 0 ffff 0 ffff 19 20 ede
6842 6842 cc80 ccff 13ec 13ec a8b0 a8b0 0 ffff 0 ffff 19 20 edf
ef83 ef83 6800 687f 8c5b 8c5b 1c47 1c47 0 ffff 0 ffff 19 20 ee0
cd0 cd0 9700 97ff dfac dfac 7600 76ff 0 ffff 400 ffff 18 18 ee1
6842 6842 cd00 cdff 8c5b 8c5b 1d00 1dff 0 ffff 400 ffff 18 18 ee2
ef83 ef83 6900 69ff 5718 5718 cb00 cbff 0 ffff 400 ffff 18 18 ee3
cd0 cd0 9800 9fff dfac dfac 7760 777f 0 ffff 400 ffff 15 1b ee4
8112 8112 f000 f7ff 8c5b 8c5b 1c60 1c7f 0 ffff 400 ffff 15 1b ee5
ef83 ef83 6000 67ff 5718 5718 ca60 ca7f 0 ffff 400 ffff 15 1b ee6
ef83 ef83 6000 67ff 65f1 65f1 3820 383f 0 ffff 400 ffff 15 1b ee7
0 3fff 0 ffff dfac dfac 7744 7747 19 19 0 ffff 2 1e ee8
cd0 cd0 0 7fff dfac dfac 7742 7743 0 ffff 400 ffff 11 1f ee9
8112 8112 0 7fff 8c5b 8c5b 1c44 1c45 0 ffff 400 ffff 11 1f eea
cd8 cdf 0 ffff dfac dfac 7000 73ff 14 17 0 ffff d 16 eeb
cd0 cd0 9000 93ff afc8 afc8 11c0 11ff 0 ffff 0 ffff 16 1a eec
6842 6842 c800 cbff 13ec 13ec a8c0 a8ff 0 ffff 0 ffff 16 1a eed
ef83 ef83 6c00 6fff 65f1 65f1 3840 387f 0 ffff 0 ffff 16 1a eee
cd0 cd0 96c0 96df 13ec 13ec a8b4 a8b7 0 ffff 0 ffff 1b 1e eef
6842 6842 cc00 cc1f 13ec 13ec a8b4 a8b7 0 ffff 0 ffff 1b 1e ef0
ef83 ef83 68c0 68df 8c5b 8c5b 1c40 1c43 0 ffff 0 ffff 1b 1e ef1
ef83 ef83 68c0 68df 65f1 65f1 3818 381b 0 ffff 0 ffff 1b 1e ef2
cd0 cd0 9000 93ff afc8 afc8 1180 119f 0 ffff 0 ffff 16 1b ef3
6842 6842 c800 cbff 13ec 13ec a880 a89f 0 ffff 0 ffff 16 1b ef4
6842 6842 c800 cbff 8c5b 8c5b 1c60 1c7f 0 ffff 0 ffff 16 1b ef5
ef83 ef83 6c00 6fff 65f1 65f1 3820 383f 0 ffff 0 ffff 16 1b ef6
cd0 cd0 96c0 96df afc8 afc8 1400 17ff 0 ffff 0 ffff 1b 16 ef7
cd2 cd3 0 ffff afc8 afc8 4000 7fff 1586 1586 0 ffff f 12 ef8
8110 8111 0 ffff 8c5b 8c5b 4000 7fff a1 a1 0 ffff f 12 ef9
cd0 cd0 96ef 96ef afc8 afc8 1100 117f 0 ffff 0 ffff 20 19 efa
6842 6842 cc27 cc27 65f1 65f1 3880 38ff 0 ffff 0 ffff 20 19 efb
6842 6842 cc26 cc26 65f1 65f1 3880 38ff 0 ffff 0 ffff 20 19 efc
ef83 ef83 68fd 68fd 65f1 65f1 3880 38ff 0 ffff 0 ffff 20 19 efd
ef83 ef83 68fd 68fd eebb eebb 5700 577f 0 ffff 0 ffff 20 19 efe
cd0 cd0 9800 9fff 13f0 13ff 0 ffff 19 19 0 ffff 15 c eff
ef83 ef83 6000 67ff 8c40 8c4f 0 ffff a1 a1 0 ffff 15 c f00
d00 dff 0 ffff 13ec 13ec a800 a87f a1 a1 0 ffff 8 19 f01
cd0 cd0 9600 967f afc8 afc8 1200 13ff 0 ffff 0 ffff 19 17 f02
6842 6842 cc80 ccff 13ec 13ec aa00 abff 0 ffff 0 ffff 19 17 f03
6842 6842 cc80 ccff 8c5b 8c5b 1e00 1fff 0 ffff 0 ffff 19 17 f04
ef83 ef83 6800 687f 65f1 65f1 3a00 3bff 0 ffff 0 ffff 19 17 f05
cd0 cd0 8000 8fff 65f8 65ff 0 ffff 0 ffff 89 89 14 d f06
cd0 cd0 9800 9fff 65e0 65ef 0 ffff 0 ffff 50 50 15 c f07
cd0 cd0 9800 9fff 65e0 65ef 0 ffff 0 ffff 232b 232b 15 c f08
ef83 ef83 6000 67ff eea0 eeaf 0 ffff 0 ffff 8f 8f 15 c f09
cd0 cd0 9000 93ff 13c0 13df 0 ffff 35 35 0 ffff 16 b f0a
6842 6842 c800 cbff 8c60 8c7f 0 ffff 35 35 0 ffff 16 b f0b
cd1 cd1 0 ffff afc8 afc8 11a1 11a1 0 ffff 400 ffff 10 20 f0c
cd0 cd0 9800 9fff 65f1 65f1 3800 380f 0 ffff 0 ffff 15 1c f0d
6842 6842 c000 c7ff 8c5b 8c5b 1c50 1c5f 0 ffff 0 ffff 15 1c f0e
cd1 cd1 0 ffff 65f1 65f1 381f 381f 0 ffff 0 ffff 10 20 f0f
cd0 cd0 9000 93ff 13ec 13ec a8c0 a8ff 0 ffff 400 ffff 16 1a f10
6842 6842 c800 cbff 8c5b 8c5b 1c00 1c3f 0 ffff 400 ffff 16 1a f11
cd0 cd0 0 7fff afc8 afc8 11a2 11a3 0 ffff 0 ffff 11 1f f12
6842 6842 cc00 cc1f afc8 afc8 1800 1fff 0 ffff 400 ffff 1b 15 f13
6842 6842 8000 bfff afc8 afc8 11a4 11a7 0 ffff 400 ffff 12 1e f14
ef83 ef83 0 3fff 5718 5718 ca58 ca5b 0 ffff 400 ffff 12 1e f15
ef83 ef83 0 3fff 65f1 65f1 3818 381b 0 ffff 400 ffff 12 1e f16
6800 683f 0 ffff afc8 afc8 1400 17ff 0 ffff 15 15 a 16 f17
efc0 efff 0 ffff 65f1 65f1 3c00 3fff 0 ffff 50 50 a 16 f18
6842 6842 e000 ffff afc8 afc8 11a8 11af 0 ffff 400 ffff 13 1d f19
6842 6842 c800 cbff 13c0 13df 0 ffff 0 ffff 202 202 16 b f1a
6860 687f 0 ffff afc8 afc8 1400 17ff 0 ffff 599 599 b 16 f1b
6860 687f 0 ffff 8c5b 8c5b 1800 1bff 0 ffff 45 45 b 16 f1c
6842 6842 cc40 cc7f afc8 afc8 1400 17ff 0 ffff 400 ffff 1a 16 f1d
6842 6842 cc40 cc7f 8c5b 8c5b 1800 1bff 0 ffff 400 ffff 1a 16 f1e
6848 684f 0 ffff 13ec 13ec b000 bfff 0 ffff a2 a2 d 14 f1f
8118 811f 0 ffff 20f3 20f3 7000 7fff 0 ffff a1 a1 d 14 f20
ef88 ef8f 0 ffff 65f1 65f1 2000 2fff 0 ffff 45 45 d 14 f21
6800 683f 0 ffff 8c5b 8c5b 1e00 1fff 0 ffff 599 599 a 17 f22
6800 683f 0 ffff 8c5b 8c5b 1e00 1fff 0 ffff 202 202 a 17 f23
efc0 efff 0 ffff 8c5b 8c5b 1e00 1fff 0 ffff 8b 8b a 17 f24
6860 687f 0 ffff 8c5b 8c5b 1e00 1fff 0 ffff 14 15 b 17 f25
6860 687f 0 ffff 13ec 13ec aa00 abff 0 ffff 66d 66e b 17 f26
6842 6842 cc20 cc23 65f1 65f1 0 1fff 0 ffff 0 ffff 1e 13 f27
6842 6842 cc20 cc23 13ec 13ec 8000 9fff 0 ffff 0 ffff 1e 13 f28
8112 8112 fe64 fe67 5718 5718 e000 ffff 0 ffff 0 ffff 1e 13 f29
ef83 ef83 68f8 68fb 5718 5718 e000 ffff 0 ffff 0 ffff 1e 13 f2a
6842 6842 cc30 cc3f 8c5b 8c5b 1c48 1c4f 0 ffff 0 ffff 1c 1d f2b
8112 8112 fe70 fe7f dfac dfac 7748 774f 0 ffff 0 ffff 1c 1d f2c
ef83 ef83 68e0 68ef eebb eebb 57c0 57c7 0 ffff 0 ffff 1c 1d f2d
ef83 ef83 68e0 68ef 65f1 65f1 3810 3817 0 ffff 0 ffff 1c 1d f2e
6842 6842 ce00 cfff 65f1 65f1 3880 38ff 0 ffff 400 ffff 17 19 f2f
8112 8112 fc00 fdff eebb eebb 5700 577f 0 ffff 400 ffff 17 19 f30
6842 6842 cc40 cc7f 13ec 13ec a8b2 a8b3 0 ffff 0 ffff 1a 1f f31
ef83 ef83 6880 68bf eebb eebb 57c8 57c9 0 ffff 0 ffff 1a 1f f32
ef83 ef83 6880 68bf 65f1 65f1 381c 381d 0 ffff 0 ffff 1a 1f f33
6842 6842 cc24 cc25 9000 9fff 0 ffff 0 ffff 14 17 1f 4 f34
6843 6843 0 ffff 13ed 13ed 0 ffff 0 ffff 45 45 10 10 f35
6842 6842 cc20 cc23 13ec 13ec a880 a89f 0 ffff 0 ffff 1e 1b f36
6842 6842 cc20 cc23 8c5b 8c5b 1c60 1c7f 0 ffff 0 ffff 1e 1b f37
ef83 ef83 68f8 68fb 8c5b 8c5b 1c60 1c7f 0 ffff 0 ffff 1e 1b f38
ef83 ef83 68f8 68fb eebb eebb 57e0 57ff 0 ffff 0 ffff 1e 1b f39
6842 6842 cc80 ccff 8c80 8cff 0 ffff 14 17 0 ffff 19 9 f3a
6848 684f 0 ffff 8c5b 8c5b 0 fff 50 50 0 ffff d 14 f3b
6842 6842 d000 dfff 13ec 13ec a8b8 a8bf 0 ffff 0 ffff 14 1d f3c
6842 6842 cd00 cdff 13ec 13ec a800 a87f 0 ffff 0 ffff 18 19 f3d
6842 6842 8000 bfff 65f2 65f3 0 ffff 0 ffff 599 599 12 f f3e
6843 6843 0 ffff 8c5b 8c5b 8000 ffff 0 ffff 50 50 10 11 f3f
8113 8113 0 ffff 8c5b 8c5b 8000 ffff 0 ffff a1 a1 10 11 f40
ef82 ef82 0 ffff 65f1 65f1 8000 ffff 0 ffff 232b 232b 10 11 f41
6842 6842 cc00 cc1f 8c5b 8c5b 1000 17ff 0 ffff 0 ffff 1b 15 f42
ef83 ef83 68c0 68df 8c5b 8c5b 1000 17ff 0 ffff 0 ffff 1b 15 f43
ef83 ef83 68c0 68df eebb eebb 5800 5fff 0 ffff 0 ffff 1b 15 f44
6842 6842 cc20 cc23 65f1 65f1 4000 7fff 0 ffff 0 ffff 1e 12 f45
6842 6842 d000 dfff 8c40 8c4f 0 ffff 0 ffff 45 45 14 c f46
ef83 ef83 7000 7fff eea0 eeaf 0 ffff 0 ffff 232b 232b 14 c f47
6842 6842 d000 dfff 8c50 8c57 0 ffff a1 a1 0 ffff 14 d f48
6842 6842 0 7fff 13ed 13ed 0 ffff 8f 8f 0 ffff 11 10 f49
8114 8117 0 ffff 8c5b 8c5b 2000 3fff 50 50 0 ffff e 13 f4a
8112 8112 0 7fff 8c5b 8c5b 1c47 1c47 0 ffff 0 ffff 11 20 f4b
8112 8112 fe62 fe63 eebb eebb 0 3fff 0 ffff 0 ffff 1f 12 f4c
8112 8112 fe00 fe3f 20f3 20f3 6000 63ff 0 ffff 0 ffff 1a 16 f4d
8112 8112 fe80 feff 20f3 20f3 6400 64ff 0 ffff 0 ffff 19 18 f4e
ef83 ef83 6800 687f eebb eebb 5600 56ff 0 ffff 0 ffff 19 18 f4f
ef83 ef83 6800 687f eebb eebb 5600 56ff 0 ffff 0 ffff 19 18 f50
ef83 ef83 6800 687f 8c5b 8c5b 1d00 1dff 0 ffff 0 ffff 19 18 f51
8112 8112 fe70 fe7f eebb eebb 4000 4fff 0 ffff 0 ffff 1c 14 f52
8110 8111 0 ffff 8c5b 8c5b 4000 7fff 0 ffff 202 202 f 12 f53
8110 8111 0 ffff eebb eebb 0 3fff 0 ffff 232b 232b f 12 f54
ef80 ef81 0 ffff 8c5b 8c5b 4000 7fff 0 ffff 89 89 f 12 f55
ef80 ef81 0 ffff 65f1 65f1 4000 7fff 0 ffff 45 45 f 12 f56
8112 8112 fc00 fdff 5718 5718 ca00 ca3f 0 ffff 0 ffff 17 1a f57
8112 8112 fc00 fdff 8c5b 8c5b 1c00 1c3f 0 ffff 0 ffff 17 1a f58
ef83 ef83 6a00 6bff 65f1 65f1 3840 387f 0 ffff 0 ffff 17 1a f59
8112 8112 fe68 fe6f 4000 4fff 0 ffff 0 ffff 9f5 9f5 1d 4 f5a
ef83 ef83 68f0 68f7 4000 4fff 0 ffff 0 ffff 50 50 1d 4 f5b
8112 8112 fe00 fe3f eebb eebb 5400 55ff 0 ffff 0 ffff 1a 17 f5c
ef83 ef83 6880 68bf eebb eebb 5400 55ff 0 ffff 0 ffff 1a 17 f5d
8113 8113 0 ffff 5718 5718 0 7fff a1 a1 0 ffff 10 11 f5e
8112 8112 ff00 ffff 5780 57ff 0 ffff 0 ffff 45 45 18 9 f5f
8800 8fff 0 ffff 5718 5718 ca60 ca7f 0 ffff 50 50 5 1b f60
ee00 eeff 0 ffff 5718 5718 ca80 caff 0 ffff 202 202 8 19 f61
ee00 eeff 0 ffff eebb eebb 5700 577f 0 ffff 8f 8f 8 19 f62
ee00 eeff 0 ffff 65f1 65f1 3880 38ff 0 ffff 1a2b 1a2b 8 19 f63
ef83 ef83 68f8 68fb e000 ffff 0 ffff 0 ffff 202 202 1e 3 f64
ef83 ef83 4000 5fff 5719 5719 0 ffff 14 17 0 ffff 13 10 f65
ef83 ef83 4000 5fff 5718 5718 ca58 ca5b 0 ffff 0 ffff 13 1e f66
ef83 ef83 4000 5fff 65f1 65f1 3818 381b 0 ffff 0 ffff 13 1e f67
ef83 ef83 8000 ffff eeba eeba 0 ffff 0 ffff 202 202 11 10 f68
ef83 ef83 7000 7fff 65f4 65f7 0 ffff 1388 1389 0 ffff 14 e f69
ef83 ef83 6a00 6bff 65f1 65f1 3880 38ff 400 ffff 0 ffff 17 19 f6a
ef83 ef83 0 3fff 65f2 65f3 0 ffff 45 45 0 ffff 12 f f6b
ef83 ef83 68fe 68ff 65f1 65f1 3840 387f 0 ffff 0 ffff 1f 1a f6c
ef00 ef7f 0 ffff eebb eebb 5700 577f 0 ffff 66d 66e 9 19 f6d
ef83 ef83 6000 67ff 65f1 65f1 3820 383f 0 ffff 0 ffff 15 1b f6e
ef83 ef83 68fe 68ff 65f1 65f1 8000 ffff 0 ffff 400 ffff 1f 11 f6f
ef83 ef83 6a00 6bff 65f1 65f1 3880 38ff 0 ffff 0 ffff 17 19 f70
ef00 ef7f 0 ffff 65f1 65f1 3900 39ff 0 ffff 50 50 9 18 f71
ef83 ef83 68fd 68fd 65f0 65f0 0 ffff 0 ffff 0 ffff 20 10 f72
ef90 ef9f 0 ffff 8c5b 8c5b 1000 17ff 0 ffff 202 202 c 15 f73
ef88 ef8f 0 ffff 65f1 65f1 3000 37ff 0 ffff 14 15 d 15 f74
ef84 ef87 0 ffff 8c5b 8c5b 0 fff 0 ffff 14 15 e 14 f75
ef83 ef83 6900 69ff 6580 65bf 0 ffff 6d 6e 0 ffff 18 a f76
cd0 cd0 9680 96bf dfac dfac 7744 7747 0 ffff 0 ffff 1a 1e f77
cd0 cd0 9680 96bf afc8 afc8 11a4 11a7 0 ffff 0 ffff 1a 1e f78
6842 6842 cc40 cc7f 8c5b 8c5b 1c40 1c43 0 ffff 0 ffff 1a 1e f79
ef83 ef83 6880 68bf 65f1 65f1 3818 381b 0 ffff 0 ffff 1a 1e f7a
cd0 cd0 96c0 96df 65f1 65f1 3810 3817 0 ffff 0 ffff 1b 1d f7b
cd0 cd0 96c0 96df 13ec 13ec a8b8 a8bf 0 ffff 0 ffff 1b 1d f7c
cd0 cd0 96c0 96df afc8 afc8 11a8 11af 0 ffff 0 ffff 1b 1d f7d
6842 6842 cc00 cc1f 65f1 65f1 3810 3817 0 ffff 0 ffff 1b 1d f7e
6842 6842 cc00 cc1f 8c5b 8c5b 1c48 1c4f 0 ffff 0 ffff 1b 1d f7f
ef83 ef83 68c0 68df 65f1 65f1 3810 3817 0 ffff 0 ffff 1b 1d f80
ef83 ef83 68c0 68df eebb eebb 57c0 57c7 0 ffff 0 ffff 1b 1d f81
cd0 cd0 96ec 96ed dfad dfad 0 ffff 0 ffff 400 ffff 1f 10 f82
8112 8112 fe62 fe63 eeba eeba 0 ffff 0 ffff 400 ffff 1f 10 f83
cd0 cd0 96ef 96ef dfae dfaf 0 ffff 400 ffff 0 ffff 20 f f84
cd0 cd0 9400 95ff dfac dfac 7780 77ff 0 ffff 0 ffff 17 19 f85
cd0 cd0 9400 95ff afc8 afc8 1100 117f 0 ffff 0 ffff 17 19 f86
cd0 cd0 9400 95ff 13ec 13ec a800 a87f 0 ffff 0 ffff 17 19 f87
8112 8112 fc00 fdff 5718 5718 ca80 caff 0 ffff 0 ffff 17 19 f88
8112 8112 fc00 fdff 5718 5718 ca80 caff 0 ffff 0 ffff 17 19 f89
ef83 ef83 6a00 6bff 5718 5718 ca80 caff 0 ffff 0 ffff 17 19 f8a
cd0 cd0 9000 93ff af00 af7f 0 ffff 0 ffff 45 45 16 9 f8b
cd1 cd1 0 ffff 65f0 65f0 0 ffff 0 ffff 202 202 10 10 f8c
6843 6843 0 ffff afc9 afc9 0 ffff 0 ffff 89 89 10 10 f8d
8113 8113 0 ffff 5719 5719 0 ffff 0 ffff 202 202 10 10 f8e
cd0 cd0 96e0 96e7 65f1 65f1 3820 383f 0 ffff 0 ffff 1d 1b f8f
cd0 cd0 96e0 96e7 afc8 afc8 1180 119f 0 ffff 0 ffff 1d 1b f90
6842 6842 cc28 cc2f afc8 afc8 1180 119f 0 ffff 0 ffff 1d 1b f91
6842 6842 cc28 cc2f 13ec 13ec a880 a89f 0 ffff 0 ffff 1d 1b f92
6842 6842 cc28 cc2f 8c5b 8c5b 1c60 1c7f 0 ffff 0 ffff 1d 1b f93
6842 6842 cc28 cc2f 65f1 65f1 3820 383f 0 ffff 0 ffff 1d 1b f94
ef83 ef83 68f0 68f7 5718 5718 ca60 ca7f 0 ffff 0 ffff 1d 1b f95
ef83 ef83 68f0 68f7 8c5b 8c5b 1c60 1c7f 0 ffff 0 ffff 1d 1b f96
ef83 ef83 68f0 68f7 65f1 65f1 3820 383f 0 ffff 0 ffff 1d 1b f97
cc0 ccf 0 ffff afc8 afc8 2000 3fff 0 ffff 202 202 c 13 f98
ef90 ef9f 0 ffff 65f1 65f1 0 1fff 0 ffff 45 45 c 13 f99
cd0 cd0 9700 97ff 13ec 13ec a8b0 a8b0 0 ffff 0 ffff 18 20 f9a
6842 6842 cd00 cdff 65f1 65f1 381f 381f 0 ffff 0 ffff 18 20 f9b
6842 6842 cd00 cdff 8c5b 8c5b 1c47 1c47 0 ffff 0 ffff 18 20 f9c
8112 8112 ff00 ffff 20f3 20f3 65c2 65c2 0 ffff 0 ffff 18 20 f9d
8112 8112 ff00 ffff 5718 5718 ca5f ca5f 0 ffff 0 ffff 18 20 f9e
ef83 ef83 6900 69ff eebb eebb 57ca 57ca 0 ffff 0 ffff 18 20 f9f
cd8 cdf 0 ffff afc8 afc8 2000 3fff 0 ffff 1f4 1f4 d 13 fa0
cd0 cd0 9800 9fff 65f1 65f1 3840 387f 0 ffff 400 ffff 15 1a fa1
8112 8112 f000 f7ff 8c5b 8c5b 1c00 1c3f 0 ffff 400 ffff 15 1a fa2
ce0 cff 0 ffff 65f1 65f1 3000 37ff 0 ffff 45 45 b 15 fa3
6860 687f 0 ffff 65f1 65f1 3000 37ff 0 ffff 50 50 b 15 fa4
6860 687f 0 ffff 65f1 65f1 3000 37ff 0 ffff 202 202 b 15 fa5
cd0 cd0 96e8 96eb afc8 afc8 11c0 11ff 0 ffff 0 ffff 1e 1a fa6
6842 6842 cc20 cc23 8c5b 8c5b 1c00 1c3f 0 ffff 0 ffff 1e 1a fa7
6842 6842 cc20 cc23 13ec 13ec a8c0 a8ff 0 ffff 0 ffff 1e 1a fa8
8112 8112 fe64 fe67 8c5b 8c5b 1c00 1c3f 0 ffff 0 ffff 1e 1a fa9
8112 8112 fe64 fe67 eebb eebb 5780 57bf 0 ffff 0 ffff 1e 1a faa
ef83 ef83 68f8 68fb 65f1 65f1 3840 387f 0 ffff 0 ffff 1e 1a fab
ef83 ef83 68f8 68fb eebb eebb 5780 57bf 0 ffff 0 ffff 1e 1a fac
ef83 ef83 68f8 68fb 8c5b 8c5b 1c00 1c3f 0 ffff 0 ffff 1e 1a fad
cd0 cd0 c000 ffff afc8 afc8 11a8 11af 0 ffff 0 ffff 12 1d fae
6842 6842 8000 bfff 65f1 65f1 3810 3817 0 ffff 0 ffff 12 1d faf
6843 6843 0 ffff 20f0 20f1 0 ffff 0 ffff 202 202 10 f fb0
6842 6842 c000 c7ff afc8 afc8 1180 119f 0 ffff 0 ffff 15 1b fb1
ef83 ef83 6000 67ff 8c5b 8c5b 1c60 1c7f 0 ffff 0 ffff 15 1b fb2
6842 6842 0 7fff afcc afcf 0 ffff 0 ffff 19 19 11 e fb3
6842 6842 d000 dfff 20f3 20f3 65e0 65ff 0 ffff 400 ffff 14 1b fb4
ef83 ef83 7000 7fff eebb eebb 57e0 57ff 0 ffff 400 ffff 14 1b fb5
4000 5fff 0 ffff afc8 afc8 11a8 11af 0 ffff 45 45 3 1d fb6
c000 dfff 0 ffff 8c5b 8c5b 1c48 1c4f 0 ffff 202 202 3 1d fb7
0 ffff 0 ffff dfac dfac 7742 7743 35 35 0 ffff 0 1f fb8
6842 6842 cc80 ccff afc8 afc8 11a2 11a3 0 ffff 0 ffff 19 1f fb9
6842 6842 cc80 ccff 65f1 65f1 381c 381d 0 ffff 0 ffff 19 1f fba
8112 8112 fe80 feff 20f3 20f3 65c0 65c1 0 ffff 0 ffff 19 1f fbb
8112 8112 fe80 feff 5718 5718 ca5c ca5d 0 ffff 0 ffff 19 1f fbc
8112 8112 fe80 feff 8c5b 8c5b 1c44 1c45 0 ffff 0 ffff 19 1f fbd
ef83 ef83 6800 687f 8c5b 8c5b 1c44 1c45 0 ffff 0 ffff 19 1f fbe
7000 7fff 0 ffff 8c5b 8c5b 1c50 1c5f a1 a1 0 ffff 4 1c fbf
6842 6842 cd00 cdff 65f1 65f1 3a00 3bff 0 ffff 400 ffff 18 17 fc0
6842 6842 cd00 cdff 8c5b 8c5b 1e00 1fff 0 ffff 400 ffff 18 17 fc1
ef83 ef83 6900 69ff 65f1 65f1 3a00 3bff 0 ffff 400 ffff 18 17 fc2
6842 6842 e000 ffff 8c5b 8c5b 1c50 1c5f 0 ffff 400 ffff 13 1c fc3
8112 8112 c000 dfff eebb eebb 57d0 57df 0 ffff 400 ffff 13 1c fc4
ef83 ef83 4000 5fff eebb eebb 57d0 57df 0 ffff 400 ffff 13 1c fc5
6842 6842 d000 dfff 13c0 13df 0 ffff 0 ffff 16 16 14 b fc6
6900 69ff 0 ffff 8c5b 8c5b 1e00 1fff 0 ffff 19 19 8 17 fc7
6a00 6bff 0 ffff 8c5b 8c5b 1c80 1cff 0 ffff 45 45 7 19 fc8
6a00 6bff 0 ffff 8c5b 8c5b 1c80 1cff 0 ffff 202 202 7 19 fc9
8200 83ff 0 ffff dfac dfac 7780 77ff 0 ffff 50 50 7 19 fca
6842 6842 cc00 cc1f 65f1 65f1 3000 37ff 0 ffff 0 ffff 1b 15 fcb
ef83 ef83 68c0 68df 65f1 65f1 3000 37ff 0 ffff 0 ffff 1b 15 fcc
ef83 ef83 68c0 68df 65f1 65f1 3000 37ff 0 ffff 0 ffff 1b 15 fcd
6842 6842 d000 dfff 8c40 8c4f 0 ffff 6d 6e 0 ffff 14 c fce
6842 6842 8000 bfff 8c50 8c57 0 ffff 35 35 0 ffff 12 d fcf
6842 6842 d000 dfff 8c60 8c7f 0 ffff 157c 157c 0 ffff 14 b fd0
6842 6842 cc00 cc1f 65f1 65f1 2000 2fff 0 ffff 0 ffff 1b 14 fd1
6842 6842 cc40 cc7f 8e00 8fff 0 ffff 6d 6e 0 ffff 1a 7 fd2
0 ffff 0 ffff dfac dfac 7741 7741 19 19 0 ffff 0 20 fd3
6842 6842 cc30 cc3f 13ec 13ec b000 bfff 0 ffff 0 ffff 1c 14 fd4
8112 8112 fe70 fe7f 20f3 20f3 7000 7fff 0 ffff 0 ffff 1c 14 fd5
ef83 ef83 68e0 68ef eebb eebb 4000 4fff 0 ffff 0 ffff 1c 14 fd6
6842 6842 cc26 cc26 13ec 13ec a900 a9ff 0 ffff 0 ffff 20 18 fd7
ef83 ef83 68fc 68fc 65f1 65f1 3900 39ff 0 ffff 0 ffff 20 18 fd8
6842 6842 c000 c7ff 65e0 65ef 0 ffff 14 15 0 ffff 15 c fd9
6842 6842 cc30 cc3f 65f1 65f1 3800 380f 0 ffff 0 ffff 1c 1c fda
6842 6842 cc30 cc3f 8c5b 8c5b 1c50 1c5f 0 ffff 0 ffff 1c 1c fdb
6842 6842 cc30 cc3f 13ec 13ec a8a0 a8af 0 ffff 0 ffff 1c 1c fdc
8112 8112 fe70 fe7f eebb eebb 57d0 57df 0 ffff 0 ffff 1c 1c fdd
ef83 ef83 68e0 68ef 65f1 65f1 3800 380f 0 ffff 0 ffff 1c 1c fde
6842 6842 cc00 cc1f 8c5b 8c5b 0 fff 0 ffff 400 ffff 1b 14 fdf
8112 8112 fe40 fe5f 20f3 20f3 7000 7fff 0 ffff 400 ffff 1b 14 fe0
6842 6842 c000 c7ff 13c0 13df 0 ffff 599 599 0 ffff 15 b fe1
6842 6842 ce00 cfff 8c5b 8c5b 1d00 1dff 0 ffff 0 ffff 17 18 fe2
ef83 ef83 6a00 6bff eebb eebb 5600 56ff 0 ffff 0 ffff 17 18 fe3
6842 6842 cc28 cc2f 65f1 65f1 0 1fff 0 ffff 0 ffff 1d 13 fe4
6842 6842 e000 ffff 65e0 65ef 0 ffff 50 50 0 ffff 13 c fe5
6860 687f 0 ffff 13ec 13ec a000 a7ff 0 ffff 714 715 b 15 fe6
0 ffff 0 ffff dfac dfac 7741 7741 0 ffff 16 16 0 20 fe7
6844 6847 0 ffff 13ec 13ec c000 ffff 19 19 0 ffff e 12 fe8
6842 6842 0 7fff 65f2 65f3 0 ffff a1 a1 0 ffff 11 f fe9
6842 6842 c800 cbff 65f1 65f1 3840 387f 0 ffff 0 ffff 16 1a fea
6842 6842 c800 cbff 8c5b 8c5b 1c00 1c3f 0 ffff 0 ffff 16 1a feb
8112 8112 f800 fbff afc8 afc8 11c0 11ff 0 ffff 0 ffff 16 1a fec
ef83 ef83 6c00 6fff 8c5b 8c5b 1c00 1c3f 0 ffff 0 ffff 16 1a fed
ef83 ef83 6c00 6fff eebb eebb 5780 57bf 0 ffff 0 ffff 16 1a fee
6842 6842 0 7fff 8c5c 8c5f 0 ffff 1590 1590 0 ffff 11 e fef
ef83 ef83 8000 ffff 65f4 65f7 0 ffff 15ff 15ff 0 ffff 11 e ff0
6842 6842 e000 ffff 8c50 8c57 0 ffff 19 19 0 ffff 13 d ff1
6860 687f 0 ffff 8c5b 8c5b 1800 1bff 1388 1389 0 ffff b 16 ff2
6842 6842 cc30 cc3f 8c5b 8c5b 2000 3fff 0 ffff 400 ffff 1c 13 ff3
8112 8112 fe70 fe7f 8c5b 8c5b 2000 3fff 0 ffff 400 ffff 1c 13 ff4
0 7fff 0 ffff 8c5b 8c5b 1c44 1c45 0 ffff 232b 232b 1 1f ff5
0 7fff 0 ffff 8c5b 8c5b 1c44 1c45 0 ffff 202 202 1 1f ff6
8000 ffff 0 ffff 65f1 65f1 381c 381d 0 ffff 71 71 1 1f ff7
8000 ffff 0 ffff 65f1 65f1 381c 381d 0 ffff 232b 232b 1 1f ff8
6842 6842 cc40 cc7f 8c5b 8c5b 1000 17ff 0 ffff 400 ffff 1a 15 ff9
ef83 ef83 6880 68bf 65f1 65f1 3000 37ff 0 ffff 400 ffff 1a 15 ffa
ef83 ef83 6880 68bf 8c5b 8c5b 1000 17ff 0 ffff 400 ffff 1a 15 ffb
6842 6842 cc80 ccff 8c5b 8c5b 1e00 1fff 0 ffff 0 ffff 19 17 ffc
ef83 ef83 6800 687f 65f1 65f1 3a00 3bff 0 ffff 0 ffff 19 17 ffd
ef83 ef83 6800 687f eebb eebb 5400 55ff 0 ffff 0 ffff 19 17 ffe
ef83 ef83 6800 687f 8c5b 8c5b 1e00 1fff 0 ffff 0 ffff 19 17 fff
6842 6842 cd00 cdff 8c80 8cff 0 ffff 14 17 0 ffff 18 9 1000
6842 6842 e000 ffff 13ec 13ec a8b8 a8bf 0 ffff 0 ffff 13 1d 1001
6848 684f 0 ffff 8c5b 8c5b 4000 7fff 0 ffff 15a4 15a4 d 12 1002
6842 6842 cc40 cc7f 8c5b 8c5b 1800 1bff 0 ffff 0 ffff 1a 16 1003
8112 8112 fe00 fe3f 8c5b 8c5b 1800 1bff 0 ffff 0 ffff 1a 16 1004
8112 8112 fe00 fe3f eebb eebb 5000 53ff 0 ffff 0 ffff 1a 16 1005
ef83 ef83 6880 68bf eebb eebb 5000 53ff 0 ffff 0 ffff 1a 16 1006
4000 7fff 0 ffff 13ec 13ec a8b8 a8bf 0 ffff 202 202 2 1d 1007
6844 6847 0 ffff 65f1 65f1 4000 7fff 0 ffff 1586 1586 e 12 1008
ef84 ef87 0 ffff 65f1 65f1 4000 7fff 0 ffff 202 202 e 12 1009
6842 6842 c800 cbff 65f1 65f1 3880 38ff 0 ffff 400 ffff 16 19 100a
8112 8112 f800 fbff afc8 afc8 1100 117f 0 ffff 400 ffff 16 19 100b
8118 811f 0 ffff 8c5b 8c5b 2000 3fff 599 599 0 ffff d 13 100c
8118 811f 0 ffff eebb eebb 6000 7fff 599 599 0 ffff d 13 100d
8800 8fff 0 ffff 20f3 20f3 65e0 65ff 0 ffff 45 45 5 1b 100e
e000 e7ff 0 ffff 8c5b 8c5b 1c60 1c7f 0 ffff 45 45 5 1b 100f
8110 8111 0 ffff eebb eebb 8000 ffff 0 ffff 50 50 f 11 1010
8110 8111 0 ffff eebb eebb 8000 ffff 0 ffff 16 16 f 11 1011
8112 8112 fe80 feff 20f3 20f3 6000 63ff 0 ffff 0 ffff 19 16 1012
8112 8112 fc00 fdff eebb eebb 5600 56ff 0 ffff 400 ffff 17 18 1013
ef83 ef83 6a00 6bff 65f1 65f1 3900 39ff 0 ffff 400 ffff 17 18 1014
8112 8112 fe64 fe67 5718 5718 8000 bfff 0 ffff 0 ffff 1e 12 1015
8112 8112 fe80 feff 8800 8bff 0 ffff 0 ffff 202 202 19 6 1016
8112 8112 c000 dfff 8c5b 8c5b 1c50 1c5f 0 ffff 0 ffff 13 1c 1017
8112 8112 ff00 ffff 8d00 8dff 0 ffff 19 19 0 ffff 18 8 1018
8112 8112 e000 efff 5718 5718 ca60 ca7f 0 ffff 0 ffff 14 1b 1019
9000 9fff 0 ffff 5718 5718 ca40 ca4f 0 ffff 45 45 4 1c 101a
ef83 ef83 4000 5fff eea0 eeaf 0 ffff 0 ffff 45 45 13 c 101b
efc0 efff 0 ffff 5718 5718 cc00 cfff 0 ffff 202 202 a 16 101c
efc0 efff 0 ffff 65f1 65f1 3c00 3fff 0 ffff 45 45 a 16 101d
ef83 ef83 68f8 68fb 65f1 65f1 8000 ffff 0 ffff 0 ffff 1e 11 101e
ef83 ef83 0 3fff 65f1 65f1 3810 3817 0 ffff 400 ffff 12 1d 101f
ef83 ef83 68fe 68ff 8c5b 8c5b 8000 ffff 0 ffff 0 ffff 1f 11 1020
ef83 ef83 6a00 6bff 8d00 8dff 0 ffff 0 ffff 1a2b 1a2b 17 8 1021
ef83 ef83 4000 5fff 65f8 65ff 0 ffff 0 ffff 202 202 13 d 1022
ef83 ef83 68fe 68ff 8c5b 8c5b 1c80 1cff 0 ffff 0 ffff 1f 19 1023
ef83 ef83 68fe 68ff eebb eebb 5700 577f 0 ffff 0 ffff 1f 19 1024
ef83 ef83 6900 69ff 6580 65bf 0 ffff 14 17 0 ffff 18 a 1025
ef84 ef87 0 ffff 8c5b 8c5b 0 fff 0 ffff 14 17 e 14 1026
ef83 ef83 7000 7fff 65e0 65ef 0 ffff 0 ffff 157c 157c 14 c 1027
ef83 ef83 7000 7fff 65e0 65ef 0 ffff 0 ffff 19 19 14 c 1028
ef83 ef83 68c0 68df 6800 6fff 0 ffff 0 ffff 599 599 1b 5 1029
ef83 ef83 6800 687f 8c5b 8c5b 1800 1bff 0 ffff 400 ffff 19 16 102a
efc0 efff 0 ffff eebb eebb 5800 5fff 0 ffff 1f4 1f4 a 15 102b
ef83 ef83 6a00 6bff 6500 657f 0 ffff 0 ffff 19 19 17 9 102c
ef83 ef83 8000 ffff 65f1 65f1 3818 381b 0 ffff 400 ffff 11 1e 102d
e000 e7ff 0 ffff 8c5b 8c5b 1c00 1c3f 19 19 0 ffff 5 1a 102e
ef83 ef83 68f8 68fb 8c5b 8c5b 8000 ffff 0 ffff 400 ffff 1e 11 102f
ef83 ef83 68fe 68ff 0 7fff 0 ffff 8f 8f 0 ffff 1f 1 1030
c000 ffff 0 ffff 8c5b 8c5b 1c40 1c43 0 ffff 16 16 2 1e 1031
ef83 ef83 68f8 68fb 4000 7fff 0 ffff 0 ffff a2 a2 1e 2 1032
ef80 ef81 0 ffff 65f1 65f1 8000 ffff 50 50 0 ffff f 11 1033
cd0 cd0 9600 967f dfac dfac 7800 7fff 0 ffff 400 ffff 19 15 1034
cd0 cd0 9600 967f afc8 afc8 1800 1fff 0 ffff 400 ffff 19 15 1035
6842 6842 cc80 ccff 13ec 13ec a000 a7ff 0 ffff 400 ffff 19 15 1036
cd0 cd0 9600 967f 1400 17ff 0 ffff a1 a1 0 ffff 19 6 1037
cd0 cd0 96c0 96df 65f1 65f1 3800 380f 0 ffff 0 ffff 1b 1c 1038
6842 6842 cc00 cc1f afc8 afc8 11b0 11bf 0 ffff 0 ffff 1b 1c 1039
6842 6842 cc00 cc1f 13ec 13ec a8a0 a8af 0 ffff 0 ffff 1b 1c 103a
6842 6842 cc00 cc1f 65f1 65f1 3800 380f 0 ffff 0 ffff 1b 1c 103b
8112 8112 fe40 fe5f 8c5b 8c5b 1c50 1c5f 0 ffff 0 ffff 1b 1c 103c
8112 8112 fe40 fe5f 5718 5718 ca40 ca4f 0 ffff 0 ffff 1b 1c 103d
cd0 cd0 96f0 96ff dfac dfac 4000 5fff 0 ffff 0 ffff 1c 13 103e
6842 6842 cc30 cc3f 8c5b 8c5b 2000 3fff 0 ffff 0 ffff 1c 13 103f
ef83 ef83 68e0 68ef eebb eebb 6000 7fff 0 ffff 0 ffff 1c 13 1040
cd0 cd0 9700 97ff dfac dfac 7400 75ff 0 ffff 0 ffff 18 17 1041
0 7fff 0 ffff dfac dfac 7744 7747 19 19 0 ffff 1 1e 1042
0 7fff 0 ffff afc8 afc8 11a4 11a7 a1 a1 0 ffff 1 1e 1043
8000 ffff 0 ffff 65f1 65f1 3818 381b 50 50 0 ffff 1 1e 1044
cd0 cd0 96ec 96ed 13ec 13ec a900 a9ff 0 ffff 0 ffff 1f 18 1045
6842 6842 cc24 cc25 8c5b 8c5b 1d00 1dff 0 ffff 0 ffff 1f 18 1046
8112 8112 fe62 fe63 8c5b 8c5b 1d00 1dff 0 ffff 0 ffff 1f 18 1047
ef83 ef83 68fe 68ff 8c5b 8c5b 1d00 1dff 0 ffff 0 ffff 1f 18 1048
0 7ff 0 ffff dfac dfac 7760 777f 14 17 0 ffff 5 1b 1049
cd0 cd0 9700 97ff afc8 afc8 11a2 11a3 0 ffff 0 ffff 18 1f 104a
cd0 cd0 9700 97ff 65f1 65f1 381c 381d 0 ffff 0 ffff 18 1f 104b
6842 6842 cd00 cdff 8c5b 8c5b 1c44 1c45 0 ffff 0 ffff 18 1f 104c
8112 8112 ff00 ffff 5718 5718 ca5c ca5d 0 ffff 0 ffff 18 1f 104d
ef83 ef83 6900 69ff 5718 5718 ca5c ca5d 0 ffff 0 ffff 18 1f 104e
cd0 cd0 9600 967f 13ec 13ec a8b4 a8b7 0 ffff 0 ffff 19 1e 104f
6842 6842 cc80 ccff 13ec 13ec a8b4 a8b7 0 ffff 0 ffff 19 1e 1050
6842 6842 cc80 ccff afc8 afc8 11a4 11a7 0 ffff 0 ffff 19 1e 1051
6842 6842 cc80 ccff 8c5b 8c5b 1c40 1c43 0 ffff 0 ffff 19 1e 1052
6842 6842 cc80 ccff 65f1 65f1 3818 381b 0 ffff 0 ffff 19 1e 1053
8112 8112 fe80 feff 5718 5718 ca58 ca5b 0 ffff 0 ffff 19 1e 1054
ef83 ef83 6800 687f eebb eebb 57cc 57cf 0 ffff 0 ffff 19 1e 1055
ef83 ef83 6800 687f 65f1 65f1 3818 381b 0 ffff 0 ffff 19 1e 1056
cd0 cd0 a000 bfff afd0 afdf 0 ffff 0 ffff 1a2b 1a2b 13 c 1057
cd0 cd0 96c0 96df afc8 afc8 0 fff 0 ffff 0 ffff 1b 14 1058
ef83 ef83 68c0 68df eebb eebb 4000 4fff 0 ffff 0 ffff 1b 14 1059
cd0 cd0 96e8 96eb afc8 afc8 8000 ffff 0 ffff 0 ffff 1e 11 105a
6842 6842 cc20 cc23 8c5b 8c5b 8000 ffff 0 ffff 0 ffff 1e 11 105b
8112 8112 fe64 fe67 afc8 afc8 8000 ffff 0 ffff 0 ffff 1e 11 105c
cc0 ccf 0 ffff 13ec 13ec 8000 9fff 0 ffff 202 202 c 13 105d
8100 810f 0 ffff 20f3 20f3 4000 5fff 0 ffff 45 45 c 13 105e
ef90 ef9f 0 ffff 65f1 65f1 0 1fff 0 ffff 45 45 c 13 105f
cd0 cd0 9400 95ff afc8 afc8 11a1 11a1 0 ffff 0 ffff 17 20 1060
6842 6842 ce00 cfff 13ec 13ec a8b0 a8b0 0 ffff 0 ffff 17 20 1061
6842 6842 ce00 cfff 65f1 65f1 381f 381f 0 ffff 0 ffff 17 20 1062
8112 8112 fc00 fdff 20f3 20f3 65c2 65c2 0 ffff 0 ffff 17 20 1063
8112 8112 fc00 fdff eebb eebb 57ca 57ca 0 ffff 0 ffff 17 20 1064
ef83 ef83 6a00 6bff 8c5b 8c5b 1c47 1c47 0 ffff 0 ffff 17 20 1065
ef83 ef83 6a00 6bff 65f1 65f1 381f 381f 0 ffff 0 ffff 17 20 1066
cd0 cd0 96f0 96ff afc8 afc8 1180 119f 0 ffff 0 ffff 1c 1b 1067
6842 6842 cc30 cc3f 5718 5718 ca60 ca7f 0 ffff 0 ffff 1c 1b 1068
6842 6842 cc30 cc3f afc8 afc8 1180 119f 0 ffff 0 ffff 1c 1b 1069
6842 6842 cc30 cc3f 13ec 13ec a880 a89f 0 ffff 0 ffff 1c 1b 106a
6842 6842 cc30 cc3f 8c5b 8c5b 1c60 1c7f 0 ffff 0 ffff 1c 1b 106b
ef83 ef83 68e0 68ef eebb eebb 57e0 57ff 0 ffff 0 ffff 1c 1b 106c
cd0 cd0 9700 97ff 13ec 13ec ac00 afff 0 ffff 0 ffff 18 16 106d
6842 6842 cd00 cdff 8c5b 8c5b 1800 1bff 0 ffff 0 ffff 18 16 106e
c00 c7f 0 ffff 13ec 13ec ac00 afff 0 ffff 19 19 9 16 106f
d00 dff 0 ffff afc8 afc8 1400 17ff 0 ffff 17 17 8 16 1070
2000 3fff 0 ffff 13ec 13ec a8a0 a8af 0 ffff 202 202 3 1c 1071
c000 dfff 0 ffff 65f1 65f1 3800 380f 0 ffff 1586 1586 3 1c 1072
c00 c7f 0 ffff afc8 afc8 1200 13ff 14 15 0 ffff 9 17 1073
cd0 cd0 9680 96bf 6000 63ff 0 ffff 66d 66e 0 ffff 1a 6 1074
cd0 cd0 96e0 96e7 13ec 13ec a8c0 a8ff 0 ffff 0 ffff 1d 1a 1075
8112 8112 fe68 fe6f eebb eebb 5780 57bf 0 ffff 0 ffff 1d 1a 1076
8112 8112 fe68 fe6f 5718 5718 ca00 ca3f 0 ffff 0 ffff 1d 1a 1077
cd0 cd0 96f0 96ff 65f1 65f1 4000 7fff 0 ffff 400 ffff 1c 12 1078
6842 6842 cc30 cc3f 8c5b 8c5b 4000 7fff 0 ffff 400 ffff 1c 12 1079
cd0 cd0 96e0 96e7 65f1 65f1 8000 ffff 0 ffff 400 ffff 1d 11 107a
cd0 cd0 9400 95ff ae00 aeff 0 ffff a1 a1 0 ffff 17 8 107b
d00 dff 0 ffff afc8 afc8 1200 13ff 7b 7b 0 ffff 8 17 107c
6900 69ff 0 ffff 8c5b 8c5b 1e00 1fff a1 a1 0 ffff 8 17 107d
cd0 cd0 c000 ffff 65f8 65ff 0 ffff 0 ffff 15a4 15a4 12 d 107e
cd0 cd0 9700 97ff afc8 afc8 1400 17ff 0 ffff 400 ffff 18 16 107f
6842 6842 cd00 cdff 13ec 13ec ac00 afff 0 ffff 400 ffff 18 16 1080
6842 6842 cd00 cdff 65f1 65f1 3c00 3fff 0 ffff 400 ffff 18 16 1081
ef83 ef83 6900 69ff 8c5b 8c5b 1800 1bff 0 ffff 400 ffff 18 16 1082
6842 6842 e000 ffff 20f3 20f3 65d0 65df 0 ffff 0 ffff 13 1c 1083
6842 6842 e000 ffff 8c5b 8c5b 1c50 1c5f 0 ffff 0 ffff 13 1c 1084
6842 6842 cc20 cc23 20f3 20f3 6500 657f 0 ffff 0 ffff 1e 19 1085
6842 6842 cc20 cc23 65f1 65f1 3880 38ff 0 ffff 0 ffff 1e 19 1086
6842 6842 0 7fff 65f4 65f7 0 ffff 0 ffff 8b 8b 11 e 1087
6842 6842 0 7fff 65f4 65f7 0 ffff 0 ffff 50 50 11 e 1088
ef83 ef83 8000 ffff eebc eebf 0 ffff 0 ffff 50 50 11 e 1089
7000 7fff 0 ffff afc8 afc8 1180 119f 0 ffff 202 202 4 1b 108a
7000 7fff 0 ffff 13ec 13ec a880 a89f 0 ffff 1b3a 1b3a 4 1b 108b
f000 ffff 0 ffff 65f1 65f1 3820 383f 0 ffff 202 202 4 1b 108c
f000 ffff 0 ffff 65f1 65f1 3820 383f 0 ffff 50 50 4 1b 108d
6842 6842 d000 dfff afc8 afc8 11c0 11ff 0 ffff 0 ffff 14 1a 108e
8112 8112 e000 efff 20f3 20f3 6580 65bf 0 ffff 0 ffff 14 1a 108f
8112 8112 e000 efff eebb eebb 5780 57bf 0 ffff 0 ffff 14 1a 1090
ef83 ef83 7000 7fff 65f1 65f1 3840 387f 0 ffff 0 ffff 14 1a 1091
6840 6841 0 ffff 8c5a 8c5a 0 ffff a1 a1 0 ffff f 10 1092
ef80 ef81 0 ffff 65f0 65f0 0 ffff 16 16 0 ffff f 10 1093
ef80 ef81 0 ffff 8c5a 8c5a 0 ffff a1 a1 0 ffff f 10 1094
6842 6842 d000 dfff 65f1 65f1 3820 383f 0 ffff 0 ffff 14 1b 1095
ef83 ef83 7000 7fff 8c5b 8c5b 1c60 1c7f 0 ffff 0 ffff 14 1b 1096
ef83 ef83 7000 7fff 65f1 65f1 3820 383f 0 ffff 0 ffff 14 1b 1097
4000 7fff 0 ffff 8c5b 8c5b 1c50 1c5f 1586 1586 0 ffff 2 1c 1098
6842 6842 8000 bfff 8c5b 8c5b 1c50 1c5f 0 ffff 400 ffff 12 1c 1099
6842 6842 8000 bfff 13ec 13ec a8a0 a8af 0 ffff 400 ffff 12 1c 109a
ef83 ef83 0 3fff 65f1 65f1 3800 380f 0 ffff 400 ffff 12 1c 109b
6843 6843 0 ffff 65f4 65f7 0 ffff 0 ffff 159a 159a 10 e 109c
ef82 ef82 0 ffff 571c 571f 0 ffff 0 ffff 232b 232b 10 e 109d
6842 6842 c800 cbff 8c80 8cff 0 ffff 0 ffff 35 35 16 9 109e
6843 6843 0 ffff 8c58 8c59 0 ffff a1 a1 0 ffff 10 f 109f
6844 6847 0 ffff 13ec 13ec 0 7fff 0 ffff 202 202 e 11 10a0
ef84 ef87 0 ffff 8c5b 8c5b 8000 ffff 0 ffff 45 45 e 11 10a1
ef84 ef87 0 ffff 5718 5718 0 7fff 0 ffff 202 202 e 11 10a2
ef84 ef87 0 ffff 8c5b 8c5b 8000 ffff 0 ffff 77 77 e 11 10a3
6860 687f 0 ffff 8c5b 8c5b 1000 17ff 0 ffff 66d 66e b 15 10a4
6842 6842 c800 cbff 8c5b 8c5b 1d00 1dff 0 ffff 400 ffff 16 18 10a5
ef83 ef83 6c00 6fff 8c5b 8c5b 1d00 1dff 0 ffff 400 ffff 16 18 10a6
6842 6842 cc80 ccff 8c5b 8c5b 1800 1bff 0 ffff 0 ffff 19 16 10a7
8112 8112 fe80 feff 8c5b 8c5b 1800 1bff 0 ffff 0 ffff 19 16 10a8
ef83 ef83 6800 687f 65f1 65f1 3c00 3fff 0 ffff 0 ffff 19 16 10a9
4000 5fff 0 ffff 8c5b 8c5b 1c50 1c5f 16 16 0 ffff 3 1c 10aa
6842 6842 cc28 cc2f 8000 bfff 0 ffff a1 a1 0 ffff 1d 2 10ab
6842 6842 cc80 ccff 8000 87ff 0 ffff 15ff 15ff 0 ffff 19 5 10ac
6842 6842 cc28 cc2f 65f1 65f1 4000 7fff 0 ffff 0 ffff 1d 12 10ad
ef83 ef83 68f0 68f7 65f1 65f1 4000 7fff 0 ffff 0 ffff 1d 12 10ae
ef83 ef83 68f0 68f7 eebb eebb 0 3fff 0 ffff 0 ffff 1d 12 10af
6c00 6fff 0 ffff 65f1 65f1 3840 387f 0 ffff 6d 6e 6 1a 10b0
6842 6842 c000 c7ff 65f1 65f1 3840 387f 0 ffff 0 ffff 15 1a 10b1
6842 6842 cc40 cc7f 8c5b 8c5b 1c48 1c4f 0 ffff 0 ffff 1a 1d 10b2
8112 8112 fe00 fe3f eebb eebb 57c0 57c7 0 ffff 0 ffff 1a 1d 10b3
ef83 ef83 6880 68bf 8c5b 8c5b 1c48 1c4f 0 ffff 0 ffff 1a 1d 10b4
6842 6842 0 7fff 13ec 13ec a8b8 a8bf 0 ffff 400 ffff 11 1d 10b5
6a00 6bff 0 ffff 8c5b 8c5b 1d00 1dff 0 ffff 1388 1389 7 18 10b6
6842 6842 cd00 cdff 6400 64ff 0 ffff 6d 6e 0 ffff 18 8 10b7
6842 6842 e000 ffff 8c5b 8c5b 1c60 1c7f 0 ffff 0 ffff 13 1b 10b8
8112 8112 0 7fff 20f4 20f7 0 ffff 45 45 0 ffff 11 e 10b9
8112 8112 fc00 fdff 20f3 20f3 6600 67ff 0 ffff 0 ffff 17 17 10ba
8112 8112 fe00 fe3f 20f3 20f3 6800 6fff 0 ffff 0 ffff 1a 15 10bb
8112 8112 fe80 feff 20f3 20f3 6800 6fff 0 ffff 0 ffff 19 15 10bc
ef83 ef83 6800 687f 65f1 65f1 3000 37ff 0 ffff 0 ffff 19 15 10bd
8113 8113 0 ffff 20f4 20f7 0 ffff 19 19 0 ffff 10 e 10be
8112 8112 fe00 fe3f 20f3 20f3 7000 7fff 0 ffff 400 ffff 1a 14 10bf
8112 8112 fe00 fe3f 5718 5718 d000 dfff 0 ffff 400 ffff 1a 14 10c0
8112 8112 c000 dfff 5718 5718 ca60 ca7f 0 ffff 400 ffff 13 1b 10c1
8112 8112 e000 efff 8c60 8c7f 0 ffff 0 ffff 9f5 9f5 14 b 10c2
8112 8112 fc00 fdff eebb eebb 5600 56ff 0 ffff 0 ffff 17 18 10c3
8112 8112 fc00 fdff 5718 5718 cb00 cbff 0 ffff 0 ffff 17 18 10c4
8112 8112 fe64 fe67 0 7fff 0 ffff 0 ffff 45 45 1e 1 10c5
8110 8111 0 ffff eeba eeba 0 ffff 0 ffff 45 45 f 10 10c6
ef80 ef81 0 ffff 5719 5719 0 ffff 0 ffff 35 35 f 10 10c7
ef80 ef81 0 ffff eeba eeba 0 ffff 0 ffff 35 35 f 10 10c8
8112 8112 fe61 fe61 8c58 8c59 0 ffff 0 ffff 0 ffff 20 f 10c9
ef82 ef82 0 ffff 5718 5718 ca00 ca3f 0 ffff 14 9cf 10 1a 10ca
efc0 efff 0 ffff 5718 5718 c000 c7ff 0 ffff 1388 1389 a 15 10cb
ef83 ef83 6c00 6fff 8c5b 8c5b 1c80 1cff 0 ffff 0 ffff 16 19 10cc
ef83 ef83 6000 67ff 8c5b 8c5b 1c80 1cff 0 ffff 0 ffff 15 19 10cd
0 ffff 0 ffff dfac dfac 7742 7743 1f4 1f4 0 ffff 0 1f 10ce
ef83 ef83 68c0 68df 6800 6fff 0 ffff 6d 6e 0 ffff 1b 5 10cf
ef90 ef9f 0 ffff 65f1 65f1 0 1fff 15ff 15ff 0 ffff c 13 10d0
efc0 efff 0 ffff 8c5b 8c5b 1800 1bff 0 ffff 14 15 a 16 10d1
ee00 eeff 0 ffff 65f1 65f1 3a00 3bff 0 ffff 17 17 8 17 10d2
ef83 ef83 0 3fff 65e0 65ef 0 ffff 8f 8f 0 ffff 12 c 10d3
ef83 ef83 0 3fff 65e0 65ef 0 ffff 8a 8a 0 ffff 12 c 10d4
ef83 ef83 6800 687f e800 ebff 0 ffff 0 ffff 232b 232b 19 6 10d5
efc0 efff 0 ffff 65f1 65f1 3000 37ff 0 ffff a2 a2 a 15 10d6
ef83 ef83 8000 ffff 65f1 65f1 3818 381b 0 ffff 0 ffff 11 1e 10d7
c000 dfff 0 ffff 65f1 65f1 3820 383f 35 35 0 ffff 3 1b 10d8
ec00 edff 0 ffff 65f1 65f1 3900 39ff 8f 8f 0 ffff 7 18 10d9
c000 ffff 0 ffff 65f1 65f1 3810 3817 157c 157c 0 ffff 2 1d 10da
ef83 ef83 68fd 68fd 65f1 65f1 3a00 3bff 0 ffff 0 ffff 20 17 10db
ef83 ef83 8000 ffff eebc eebf 0 ffff 0 ffff 14 15 11 e 10dc
ef83 ef83 68e0 68ef eebb eebb 0 3fff 0 ffff 0 ffff 1c 12 10dd
ef83 ef83 6a00 6bff ef00 efff 0 ffff 0 ffff 45 45 17 8 10de
ef83 ef83 6000 67ff 8c80 8cff 0 ffff 0 ffff 45 45 15 9 10df
ef88 ef8f 0 ffff 65f1 65f1 4000 7fff 0 ffff 45 45 d 12 10e0
ef88 ef8f 0 ffff 65f1 65f1 8000 ffff 0 ffff 45 45 d 11 10e1
ef83 ef83 6000 67ff 6580 65bf 0 ffff 66d 66e 0 ffff 15 a 10e2
ef00 ef7f 0 ffff 65f1 65f1 3000 37ff 0 ffff 35 35 9 15 10e3
cd0 cd0 96c0 96df 65f1 65f1 3820 383f 0 ffff 0 ffff 1b 1b 10e4
cd0 cd0 96c0 96df afc8 afc8 1180 119f 0 ffff 0 ffff 1b 1b 10e5
6842 6842 cc00 cc1f 65f1 65f1 3820 383f 0 ffff 0 ffff 1b 1b 10e6
6842 6842 cc00 cc1f 13ec 13ec a880 a89f 0 ffff 0 ffff 1b 1b 10e7
6842 6842 cc00 cc1f 8c5b 8c5b 1c60 1c7f 0 ffff 0 ffff 1b 1b 10e8
8112 8112 fe40 fe5f 20f3 20f3 65e0 65ff 0 ffff 0 ffff 1b 1b 10e9
8112 8112 fe40 fe5f 5718 5718 ca60 ca7f 0 ffff 0 ffff 1b 1b 10ea
ef83 ef83 68c0 68df 8c5b 8c5b 1c60 1c7f 0 ffff 0 ffff 1b 1b 10eb
cd0 cd0 9800 9fff dfac dfac 7780 77ff 0 ffff 0 ffff 15 19 10ec
cd0 cd0 9800 9fff 65f1 65f1 3880 38ff 0 ffff 0 ffff 15 19 10ed
8112 8112 f000 f7ff 8c5b 8c5b 1c80 1cff 0 ffff 0 ffff 15 19 10ee
ef83 ef83 6000 67ff 65f1 65f1 3880 38ff 0 ffff 0 ffff 15 19 10ef
cd0 cd0 9700 97ff 13ec 13ec a8b4 a8b7 0 ffff 0 ffff 18 1e 10f0
cd0 cd0 9700 97ff afc8 afc8 11a4 11a7 0 ffff 0 ffff 18 1e 10f1
6842 6842 cd00 cdff 8c5b 8c5b 1c40 1c43 0 ffff 0 ffff 18 1e 10f2
6842 6842 cd00 cdff 65f1 65f1 3818 381b 0 ffff 0 ffff 18 1e 10f3
6842 6842 cd00 cdff 13ec 13ec a8b4 a8b7 0 ffff 0 ffff 18 1e 10f4
8112 8112 ff00 ffff 20f3 20f3 65c4 65c7 0 ffff 0 ffff 18 1e 10f5
ef83 ef83 6900 69ff 8c5b 8c5b 1c40 1c43 0 ffff 0 ffff 18 1e 10f6
d00 dff 0 ffff dfac dfac 7000 73ff 1600 1600 0 ffff 8 16 10f7
cd0 cd0 96e0 96e7 0 7fff 0 ffff 8a 8a 0 ffff 1d 1 10f8
cd0 cd0 96e0 96e7 dfac dfac 7780 77ff 0 ffff 0 ffff 1d 19 10f9
cd0 cd0 96e0 96e7 afc8 afc8 1100 117f 0 ffff 0 ffff 1d 19 10fa
6842 6842 cc28 cc2f 65f1 65f1 3880 38ff 0 ffff 0 ffff 1d 19 10fb
0 3fff 0 ffff 65f1 65f1 3800 380f 1586 1586 0 ffff 2 1c 10fc
cd0 cd0 9000 93ff dfac dfac 7600 76ff 0 ffff 0 ffff 16 18 10fd
cd0 cd0 9000 93ff 65f1 65f1 3900 39ff 0 ffff 0 ffff 16 18 10fe
6842 6842 c800 cbff 8c5b 8c5b 1d00 1dff 0 ffff 0 ffff 16 18 10ff
8112 8112 f800 fbff 20f3 20f3 6400 64ff 0 ffff 0 ffff 16 18 1100
cd0 cd0 9680 96bf dfac dfac 4000 5fff 0 ffff 0 ffff 1a 13 1101
cd0 cd0 9680 96bf 13ec 13ec 8000 9fff 0 ffff 400 ffff 1a 13 1102
cd0 cd0 9680 96bf 65f1 65f1 0 1fff 0 ffff 400 ffff 1a 13 1103
8112 8112 fe00 fe3f 8c5b 8c5b 2000 3fff 0 ffff 400 ffff 1a 13 1104
ef83 ef83 6880 68bf 8c5b 8c5b 2000 3fff 0 ffff 400 ffff 1a 13 1105
cd0 cd0 9400 95ff dfac dfac 7742 7743 0 ffff 0 ffff 17 1f 1106
cd0 cd0 9400 95ff afc8 afc8 11a2 11a3 0 ffff 0 ffff 17 1f 1107
6842 6842 ce00 cfff afc8 afc8 11a2 11a3 0 ffff 0 ffff 17 1f 1108
6842 6842 ce00 cfff 8c5b 8c5b 1c44 1c45 0 ffff 0 ffff 17 1f 1109
6842 6842 ce00 cfff 5718 5718 ca5c ca5d 0 ffff 0 ffff 17 1f 110a
ef83 ef83 6a00 6bff 8c5b 8c5b 1c44 1c45 0 ffff 0 ffff 17 1f 110b
cd0 cd0 a000 bfff 13ec 13ec a8c0 a8ff 0 ffff 0 ffff 13 1a 110c
cd1 cd1 0 ffff 13ec 13ec a8b4 a8b7 0 ffff 0 ffff 10 1e 110d
6843 6843 0 ffff 8c5b 8c5b 1c40 1c43 0 ffff 0 ffff 10 1e 110e
d00 dff 0 ffff dfac dfac 7000 73ff 0 ffff 71 71 8 16 110f
6900 69ff 0 ffff 8c5b 8c5b 1800 1bff 0 ffff 45 45 8 16 1110
ee00 eeff 0 ffff 8c5b 8c5b 1800 1bff 0 ffff 89 89 8 16 1111
cd0 cd0 8000 8fff 13ec 13ec a8c0 a8ff 0 ffff 0 ffff 14 1a 1112
6842 6842 d000 dfff 8c5b 8c5b 1c00 1c3f 0 ffff 0 ffff 14 1a 1113
2000 3fff 0 ffff 65f1 65f1 3820 383f 35 35 0 ffff 3 1b 1114
c000 dfff 0 ffff 65f1 65f1 3820 383f 15a4 15a4 0 ffff 3 1b 1115
cd2 cd3 0 ffff dfae dfaf 0 ffff 0 ffff 45 45 f f 1116
cd2 cd3 0 ffff 13ee 13ef 0 ffff 0 ffff 202 202 f f 1117
6840 6841 0 ffff 8c58 8c59 0 ffff 0 ffff 15 15 f f 1118
8110 8111 0 ffff 8c58 8c59 0 ffff 0 ffff 232b 232b f f 1119
ef80 ef81 0 ffff 8c58 8c59 0 ffff 0 ffff 157c 157c f f 111a
ef80 ef81 0 ffff 65f2 65f3 0 ffff 0 ffff 35 35 f f 111b
ef80 ef81 0 ffff 8c58 8c59 0 ffff 0 ffff 8b 8b f f 111c
c80 cbf 0 ffff dfac dfac 6000 6fff 0 ffff 87 87 a 14 111d
c80 cbf 0 ffff afc8 afc8 0 fff 0 ffff 45 45 a 14 111e
8140 817f 0 ffff eebb eebb 4000 4fff 0 ffff 8f 8f a 14 111f
efc0 efff 0 ffff 8c5b 8c5b 0 fff 0 ffff 15ae 15ae a 14 1120
efc0 efff 0 ffff eebb eebb 4000 4fff 0 ffff 45 45 a 14 1121
cd0 cd0 9600 967f dfac dfac 7748 774f 0 ffff 0 ffff 19 1d 1122
cd0 cd0 9600 967f 65f1 65f1 3810 3817 0 ffff 0 ffff 19 1d 1123
6842 6842 cc80 ccff 13ec 13ec a8b8 a8bf 0 ffff 0 ffff 19 1d 1124
8112 8112 fe80 feff 5718 5718 ca50 ca57 0 ffff 0 ffff 19 1d 1125
ef83 ef83 6800 687f eebb eebb 57c0 57c7 0 ffff 0 ffff 19 1d 1126
cd0 cd0 96ef 96ef 65f1 65f1 3c00 3fff 0 ffff 0 ffff 20 16 1127
6842 6842 cc26 cc26 13ec 13ec ac00 afff 0 ffff 0 ffff 20 16 1128
8112 8112 fe61 fe61 eebb eebb 5000 53ff 0 ffff 0 ffff 20 16 1129
ef83 ef83 68fd 68fd eebb eebb 5000 53ff 0 ffff 0 ffff 20 16 112a
cd0 cd0 96ec 96ed 13ec 13ec aa00 abff 0 ffff 0 ffff 1f 17 112b
6842 6842 cc24 cc25 8c5b 8c5b 1e00 1fff 0 ffff 0 ffff 1f 17 112c
8112 8112 fe62 fe63 20f3 20f3 6600 67ff 0 ffff 0 ffff 1f 17 112d
ef83 ef83 68fe 68ff eebb eebb 5400 55ff 0 ffff 0 ffff 1f 17 112e
cd0 cd0 96f0 96ff afc8 afc8 11c0 11ff 0 ffff 0 ffff 1c 1a 112f
6842 6842 cc30 cc3f 8c5b 8c5b 1c00 1c3f 0 ffff 0 ffff 1c 1a 1130
6842 6842 cc30 cc3f 13ec 13ec a8c0 a8ff 0 ffff 0 ffff 1c 1a 1131
8112 8112 fe70 fe7f 5718 5718 ca00 ca3f 0 ffff 0 ffff 1c 1a 1132
ef83 ef83 68e0 68ef 65f1 65f1 3840 387f 0 ffff 0 ffff 1c 1a 1133
2000 3fff 0 ffff afc8 afc8 11c0 11ff 0 ffff 45 45 3 1a 1134
cc0 ccf 0 ffff 65f1 65f1 4000 7fff 0 ffff 1b58 1b58 c 12 1135
6850 685f 0 ffff 8c5b 8c5b 4000 7fff 0 ffff 50 50 c 12 1136
cd0 cd0 96e0 96e7 afc9 afc9 0 ffff 400 ffff 0 ffff 1d 10 1137
cd2 cd3 0 ffff afc8 afc8 11a2 11a3 0 ffff 0 ffff f 1f 1138
cd2 cd3 0 ffff afc9 afc9 0 ffff 14 17 0 ffff f 10 1139
cd0 cd0 96e8 96eb 0 ffff 0 ffff 35 35 0 ffff 1e 0 113a
cd0 cd0 a000 bfff afc8 afc8 11c0 11ff 0 ffff 400 ffff 13 1a 113b
cd0 cd0 9600 967f afc8 afc8 1800 1fff 0 ffff 0 ffff 19 15 113c
cd0 cd0 9600 967f afc8 afc8 1800 1fff 0 ffff 0 ffff 19 15 113d
ef83 ef83 6800 687f 8c5b 8c5b 1000 17ff 0 ffff 0 ffff 19 15 113e
cd0 cd0 96e8 96eb afc8 afc8 1000 10ff 0 ffff 0 ffff 1e 18 113f
6842 6842 cc20 cc23 afc8 afc8 1000 10ff 0 ffff 0 ffff 1e 18 1140
6842 6842 cc20 cc23 65f1 65f1 3900 39ff 0 ffff 0 ffff 1e 18 1141
8112 8112 fe64 fe67 5718 5718 cb00 cbff 0 ffff 0 ffff 1e 18 1142
ef83 ef83 68f8 68fb 8c5b 8c5b 1d00 1dff 0 ffff 0 ffff 1e 18 1143
cd0 cd0 9700 97ff 65f1 65f1 3000 37ff 0 ffff 0 ffff 18 15 1144
6842 6842 cd00 cdff 13ec 13ec a000 a7ff 0 ffff 0 ffff 18 15 1145
8112 8112 ff00 ffff 20f3 20f3 6800 6fff 0 ffff 0 ffff 18 15 1146
ef83 ef83 6900 69ff 5718 5718 c000 c7ff 0 ffff 0 ffff 18 15 1147
c00 c7f 0 ffff afc8 afc8 1800 1fff 0 ffff 202 202 9 15 1148
6880 68ff 0 ffff afc8 afc8 1800 1fff 0 ffff 50 50 9 15 1149
cd0 cd0 9000 93ff afc8 afc8 1200 13ff 400 ffff 0 ffff 16 17 114a
800 bff 0 ffff afc8 afc8 1000 10ff 0 ffff 6e 6e 6 18 114b
cd0 cd0 9400 95ff 65f1 65f1 3a00 3bff 0 ffff 0 ffff 17 17 114c
cd0 cd0 9400 95ff afc8 afc8 1200 13ff 0 ffff 0 ffff 17 17 114d
ce0 cff 0 ffff 13ec 13ec b000 bfff 0 ffff 14 15 b 14 114e
efa0 efbf 0 ffff eebb eebb 4000 4fff 0 ffff 14 15 b 14 114f
cd0 cd0 96c0 96df 13ec 13ec c000 ffff 0 ffff 400 ffff 1b 12 1150
6843 6843 0 ffff afc0 afc7 0 ffff 0 ffff 45 45 10 d 1151
6842 6842 cc00 cc1f afc8 afc8 2000 3fff 0 ffff 0 ffff 1b 13 1152
8112 8112 fe40 fe5f 20f3 20f3 4000 5fff 0 ffff 0 ffff 1b 13 1153
8112 8112 fe40 fe5f 8c5b 8c5b 2000 3fff 0 ffff 0 ffff 1b 13 1154
6842 6842 e000 ffff 8c5b 8c5b 1c60 1c7f 0 ffff 0 ffff 13 1b 1155
ef83 ef83 4000 5fff 65f1 65f1 3820 383f 0 ffff 0 ffff 13 1b 1156
6842 6842 e000 ffff 13c0 13df 0 ffff 0 ffff 50 50 13 b 1157
6842 6842 e000 ffff 65c0 65df 0 ffff 0 ffff 202 202 13 b 1158
6848 684f 0 ffff 65f1 65f1 8000 ffff 0 ffff 1388 1389 d 11 1159
ef88 ef8f 0 ffff 8c5b 8c5b 8000 ffff 0 ffff 6d 6e d 11 115a
ef88 ef8f 0 ffff 65f1 65f1 8000 ffff 0 ffff 66d 66e d 11 115b
6842 6842 8000 bfff 13f0 13ff 0 ffff 35 35 0 ffff 12 c 115c
ef83 ef83 0 3fff 65e0 65ef 0 ffff 157c 157c 0 ffff 12 c 115d
6842 6842 c800 cbff 8c5b 8c5b 1e00 1fff 0 ffff 0 ffff 16 17 115e
ef83 ef83 6c00 6fff 5718 5718 c800 c9ff 0 ffff 0 ffff 16 17 115f
ef83 ef83 6c00 6fff 65f1 65f1 3a00 3bff 0 ffff 0 ffff 16 17 1160
6842 6842 c800 cbff 13ec 13ec a8b0 a8b0 0 ffff 0 ffff 16 20 1161
ef83 ef83 6c00 6fff 8c5b 8c5b 1c47 1c47 0 ffff 0 ffff 16 20 1162
6842 6842 ce00 cfff 13ec 13ec ac00 afff 0 ffff 400 ffff 17 16 1163
8112 8112 fc00 fdff 5718 5718 cc00 cfff 0 ffff 400 ffff 17 16 1164
ef83 ef83 6a00 6bff eebb eebb 5000 53ff 0 ffff 400 ffff 17 16 1165
6842 6842 0 7fff 8c5b 8c5b 1c50 1c5f 0 ffff 400 ffff 11 1c 1166
8112 8112 0 7fff 20f3 20f3 65d0 65df 0 ffff 400 ffff 11 1c 1167
6842 6842 8000 bfff 8c40 8c4f 0 ffff 0 ffff 232b 232b 12 c 1168
6842 6842 8000 bfff 65e0 65ef 0 ffff 0 ffff 45 45 12 c 1169
6800 683f 0 ffff 65f1 65f1 2000 2fff 35 35 0 ffff a 14 116a
6844 6847 0 ffff 13ec 13ec a8b2 a8b3 0 ffff 400 ffff e 1f 116b
6842 6842 cc40 cc7f 9000 9fff 0 ffff 599 599 0 ffff 1a 4 116c
6842 6842 cc80 ccff 8c5b 8c5b 0 fff 0 ffff 0 ffff 19 14 116d
6842 6842 cc20 cc23 65f0 65f0 0 ffff 0 ffff 0 ffff 1e 10 116e
8112 8112 fe64 fe67 5719 5719 0 ffff 0 ffff 0 ffff 1e 10 116f
6842 6842 cc40 cc7f 8c5b 8c5b 0 fff 0 ffff 0 ffff 1a 14 1170
6842 6842 cc40 cc7f 65f1 65f1 2000 2fff 0 ffff 0 ffff 1a 14 1171
6842 6842 c000 c7ff 1200 12ff 0 ffff 35 35 0 ffff 15 8 1172
6842 6842 cc40 cc7f 13ec 13ec a8a0 a8af 0 ffff 0 ffff 1a 1c 1173
6842 6842 cc40 cc7f 65f1 65f1 3800 380f 0 ffff 0 ffff 1a 1c 1174
6842 6842 c800 cbff 8c5b 8c5b 1e00 1fff 0 ffff 400 ffff 16 17 1175
ef83 ef83 6c00 6fff 65f1 65f1 3a00 3bff 0 ffff 400 ffff 16 17 1176
6844 6847 0 ffff 65f1 65f1 3820 383f 0 ffff 14 9cf e 1b 1177
6843 6843 0 ffff 8c5c 8c5f 0 ffff 8f 8f 0 ffff 10 e 1178
6842 6842 d000 dfff 8c00 8c3f 0 ffff 15ff 15ff 0 ffff 14 a 1179
6842 6842 cd00 cdff 6600 67ff 0 ffff 14 17 0 ffff 18 7 117a
6842 6842 0 7fff 65f8 65ff 0 ffff a1 a1 0 ffff 11 d 117b
0 7fff 0 ffff 8c5b 8c5b 1c48 1c4f a1 a1 0 ffff 1 1d 117c
6860 687f 0 ffff 13ec 13ec c000 ffff 1600 1600 0 ffff b 12 117d
8120 813f 0 ffff 5718 5718 8000 bfff 599 599 0 ffff b 12 117e
4000 7fff 0 ffff 13ec 13ec a880 a89f 0 ffff 50 50 2 1b 117f
8112 8112 e000 efff 8c5b 8c5b 1c80 1cff 0 ffff 400 ffff 14 19 1180
8112 8112 e000 efff 5718 5718 ca80 caff 0 ffff 400 ffff 14 19 1181
8113 8113 0 ffff eebc eebf 0 ffff 0 ffff 1b3a 1b3a 10 e 1182
8113 8113 0 ffff 571c 571f 0 ffff 0 ffff 45 45 10 e 1183
8113 8113 0 ffff 571c 571f 0 ffff 0 ffff 45 45 10 e 1184
ef82 ef82 0 ffff 65f4 65f7 0 ffff 0 ffff 35 35 10 e 1185
8112 8112 fe40 fe5f eebb eebb 0 3fff 0 ffff 0 ffff 1b 12 1186
ef83 ef83 68c0 68df 5718 5718 8000 bfff 0 ffff 0 ffff 1b 12 1187
8000 80ff 0 ffff 8c5b 8c5b 1e00 1fff 0 ffff 14 15 8 17 1188
8114 8117 0 ffff 5719 5719 0 ffff 0 ffff 232b 232b e 10 1189
8114 8117 0 ffff eeba eeba 0 ffff 0 ffff 45 45 e 10 118a
8112 8112 fe61 fe61 5710 5717 0 ffff 400 ffff 0 ffff 20 d 118b
8112 8112 fc00 fdff 5718 5718 cc00 cfff 0 ffff 0 ffff 17 16 118c
ef83 ef83 6a00 6bff 5718 5718 cc00 cfff 0 ffff 0 ffff 17 16 118d
ef83 ef83 6a00 6bff 8c5b 8c5b 1800 1bff 0 ffff 0 ffff 17 16 118e
8112 8112 f800 fbff ef00 efff 0 ffff 0 ffff 35 35 16 8 118f
8112 8112 0 7fff 8c50 8c57 0 ffff 0 ffff 45 45 11 d 1190
8110 8111 0 ffff 571c 571f 0 ffff 0 ffff 232b 232b f e 1191
ef80 ef81 0 ffff 65f4 65f7 0 ffff 0 ffff 202 202 f e 1192
ef83 ef83 6000 67ff 8c5b 8c5b 1d00 1dff 0 ffff 0 ffff 15 18 1193
e000 e7ff 0 ffff 5718 5718 ca80 caff 0 ffff 599 599 5 19 1194
ef83 ef83 68e0 68ef 8000 bfff 0 ffff 35 35 0 ffff 1c 2 1195
ef83 ef83 0 3fff eebb eebb 57e0 57ff 0 ffff 0 ffff 12 1b 1196
f000 ffff 0 ffff 65f1 65f1 3840 387f 0 ffff 20c 20c 4 1a 1197
ef83 ef83 7000 7fff 8c5b 8c5b 1c80 1cff 0 ffff 0 ffff 14 19 1198
ef83 ef83 7000 7fff 65f1 65f1 3880 38ff 0 ffff 0 ffff 14 19 1199
ef83 ef83 6000 67ff 65f1 65f1 3900 39ff 0 ffff 400 ffff 15 18 119a
efa0 efbf 0 ffff 65f1 65f1 2000 2fff 0 ffff 14 17 b 14 119b
ef83 ef83 4000 5fff 65e0 65ef 0 ffff 66d 66e 0 ffff 13 c 119c
ef83 ef83 68e0 68ef eebb eebb 0 3fff 0 ffff 0 ffff 1c 12 119d
ef82 ef82 0 ffff 8c5b 8c5b 1c48 1c4f 0 ffff 0 ffff 10 1d 119e
ef82 ef82 0 ffff eebb eebb 57c0 57c7 0 ffff 0 ffff 10 1d 119f
8000 ffff 0 ffff 65f1 65f1 3810 3817 0 ffff 714 715 1 1d 11a0
ef82 ef82 0 ffff eeb8 eeb9 0 ffff 0 ffff 6d 6e 10 f 11a1
ef83 ef83 6900 69ff 65f1 65f1 3c00 3fff 0 ffff 0 ffff 18 16 11a2
ef84 ef87 0 ffff 65f1 65f1 381c 381d 0 ffff 0 ffff e 1f 11a3
ef83 ef83 6800 687f 6000 63ff 0 ffff 6d 6e 0 ffff 19 6 11a4
efa0 efbf 0 ffff 65f1 65f1 4000 7fff 0 ffff 89 89 b 12 11a5
0 ffff 0 ffff dfac dfac 7744 7747 1586 1586 0 ffff 0 1e 11a6
c000 dfff 0 ffff 8c5b 8c5b 1c60 1c7f 0 ffff 77 77 3 1b 11a7
cd0 cd0 0 7fff dfb0 dfbf 0 ffff 7b 7b 0 ffff 11 c 11a8
8112 8112 0 7fff 8c40 8c4f 0 ffff a1 a1 0 ffff 11 c 11a9
ef83 ef83 8000 ffff eea0 eeaf 0 ffff 35 35 0 ffff 11 c 11aa
ef83 ef83 8000 ffff 65e0 65ef 0 ffff 599 599 0 ffff 11 c 11ab
ef83 ef83 8000 ffff eea0 eeaf 0 ffff a1 a1 0 ffff 11 c 11ac
cd0 cd0 96e0 96e7 65f1 65f1 3900 39ff 0 ffff 0 ffff 1d 18 11ad
cd0 cd0 96e0 96e7 dfac dfac 7600 76ff 0 ffff 0 ffff 1d 18 11ae
6842 6842 cc28 cc2f 13ec 13ec a900 a9ff 0 ffff 0 ffff 1d 18 11af
ef83 ef83 68f0 68f7 65f1 65f1 3900 39ff 0 ffff 0 ffff 1d 18 11b0
cd0 cd0 8000 8fff 65f1 65f1 3880 38ff 0 ffff 0 ffff 14 19 11b1
8112 8112 e000 efff 20f3 20f3 6500 657f 0 ffff 0 ffff 14 19 11b2
cd0 cd0 96c0 96df 13ec 13ec c000 ffff 0 ffff 0 ffff 1b 12 11b3
ef83 ef83 68c0 68df 8c5b 8c5b 4000 7fff 0 ffff 0 ffff 1b 12 11b4
ef83 ef83 68c0 68df 8c5b 8c5b 4000 7fff 0 ffff 0 ffff 1b 12 11b5
cc0 ccf 0 ffff afc8 afc8 8000 ffff a1 a1 0 ffff c 11 11b6
cc0 ccf 0 ffff afc8 afc8 11a1 11a1 0 ffff 0 ffff c 20 11b7
cd0 cd0 9680 96bf 13ec 13ec 8000 9fff 0 ffff 0 ffff 1a 13 11b8
6842 6842 cc40 cc7f 8c5b 8c5b 2000 3fff 0 ffff 0 ffff 1a 13 11b9
8112 8112 fe00 fe3f 5718 5718 e000 ffff 0 ffff 0 ffff 1a 13 11ba
ef83 ef83 6880 68bf 65f1 65f1 0 1fff 0 ffff 0 ffff 1a 13 11bb
cd0 cd0 a000 bfff afd0 afdf 0 ffff 14 17 0 ffff 13 c 11bc
cd0 cd0 9800 9fff afc8 afc8 11a1 11a1 0 ffff 0 ffff 15 20 11bd
6842 6842 c000 c7ff 65f1 65f1 381f 381f 0 ffff 0 ffff 15 20 11be
6842 6842 c000 c7ff 13ec 13ec a8b0 a8b0 0 ffff 0 ffff 15 20 11bf
8112 8112 f000 f7ff eebb eebb 57ca 57ca 0 ffff 0 ffff 15 20 11c0
ef83 ef83 6000 67ff 65f1 65f1 381f 381f 0 ffff 0 ffff 15 20 11c1
cd0 cd0 9600 967f 0 1fff 0 ffff 0 ffff 202 202 19 3 11c2
cd0 cd0 a000 bfff 6580 65bf 0 ffff 0 ffff 1b58 1b58 13 a 11c3
8112 8112 c000 dfff 5740 577f 0 ffff 0 ffff 89 89 13 a 11c4
8112 8112 c000 dfff 5740 577f 0 ffff 0 ffff 35 35 13 a 11c5
e00 fff 0 ffff 65f1 65f1 3000 37ff 599 599 0 ffff 7 15 11c6
cd0 cd0 9400 95ff afc8 afc8 1800 1fff 0 ffff 400 ffff 17 15 11c7
d00 dff 0 ffff 65f1 65f1 3000 37ff 0 ffff 50 50 8 15 11c8
cd0 cd0 9400 95ff afc8 afc8 11a4 11a7 0 ffff 0 ffff 17 1e 11c9
6842 6842 ce00 cfff 8c5b 8c5b 1c40 1c43 0 ffff 0 ffff 17 1e 11ca
6842 6842 ce00 cfff 13ec 13ec a8b4 a8b7 0 ffff 0 ffff 17 1e 11cb
ef83 ef83 6a00 6bff eebb eebb 57cc 57cf 0 ffff 0 ffff 17 1e 11cc
ef83 ef83 6a00 6bff 65f1 65f1 3818 381b 0 ffff 0 ffff 17 1e 11cd
cd0 cd0 9800 9fff afc8 afc8 1000 10ff 0 ffff 0 ffff 15 18 11ce
6842 6842 c000 c7ff 8c5b 8c5b 1d00 1dff 0 ffff 0 ffff 15 18 11cf
6842 6842 c000 c7ff 65f1 65f1 3900 39ff 0 ffff 0 ffff 15 18 11d0
8112 8112 f000 f7ff eebb eebb 5600 56ff 0 ffff 0 ffff 15 18 11d1
ef83 ef83 6000 67ff 65f1 65f1 3900 39ff 0 ffff 0 ffff 15 18 11d2
c00 c7f 0 ffff 65f1 65f1 2000 2fff 0 ffff 19 19 9 14 11d3
c00 c7f 0 ffff 65f1 65f1 2000 2fff 0 ffff 45 45 9 14 11d4
cd0 cd0 96e8 96eb 65f1 65f1 3a00 3bff 0 ffff 0 ffff 1e 17 11d5
6842 6842 cc20 cc23 13ec 13ec aa00 abff 0 ffff 0 ffff 1e 17 11d6
6842 6842 cc20 cc23 65f1 65f1 3a00 3bff 0 ffff 0 ffff 1e 17 11d7
cd0 cd0 a000 bfff 13ec 13ec a8c0 a8ff 0 ffff 0 ffff 13 1a 11d8
ef83 ef83 4000 5fff eebb eebb 5780 57bf 0 ffff 0 ffff 13 1a 11d9
cd1 cd1 0 ffff 65f8 65ff 0 ffff 0 ffff 35 35 10 d 11da
6843 6843 0 ffff afc0 afc7 0 ffff 0 ffff 16 16 10 d 11db
ef82 ef82 0 ffff 65f8 65ff 0 ffff 0 ffff 35 35 10 d 11dc
ef82 ef82 0 ffff 8c50 8c57 0 ffff 0 ffff 35 35 10 d 11dd
cd0 cd0 96f0 96ff 0 7fff 0 ffff 0 ffff 1a2b 1a2b 1c 1 11de
cd8 cdf 0 ffff afc8 afc8 4000 7fff 0 ffff 14 17 d 12 11df
cd0 cd0 9000 93ff 13ec 13ec aa00 abff 0 ffff 0 ffff 16 17 11e0
8112 8112 f800 fbff 20f3 20f3 6600 67ff 0 ffff 0 ffff 16 17 11e1
8112 8112 f800 fbff 20f3 20f3 6600 67ff 0 ffff 0 ffff 16 17 11e2
ef83 ef83 6c00 6fff eebb eebb 5400 55ff 0 ffff 0 ffff 16 17 11e3
cd0 cd0 c000 ffff 65f1 65f1 3820 383f 0 ffff 0 ffff 12 1b 11e4
6842 6842 8000 bfff 65f1 65f1 3820 383f 0 ffff 0 ffff 12 1b 11e5
ef83 ef83 0 3fff 8c5b 8c5b 1c60 1c7f 0 ffff 0 ffff 12 1b 11e6
cd0 cd0 9400 95ff a800 abff 0 ffff 0 ffff 232b 232b 17 6 11e7
6842 6842 d000 dfff af80 afbf 0 ffff 14 15 0 ffff 14 a 11e8
6844 6847 0 ffff 20f0 20f1 0 ffff 0 ffff 6bb 6bb e f 11e9
6844 6847 0 ffff afca afcb 0 ffff 0 ffff 599 599 e f 11ea
8114 8117 0 ffff 571a 571b 0 ffff 0 ffff 1b3a 1b3a e f 11eb
ef84 ef87 0 ffff 571a 571b 0 ffff 0 ffff 202 202 e f 11ec
6842 6842 cc30 cc3f 0 ffff 0 ffff 0 ffff 232b 232b 1c 0 11ed
6000 67ff 0 ffff afc8 afc8 1000 10ff 0 ffff 232b 232b 5 18 11ee
6000 67ff 0 ffff 13ec 13ec a900 a9ff 0 ffff 202 202 5 18 11ef
6000 67ff 0 ffff 65f1 65f1 3900 39ff 0 ffff 45 45 5 18 11f0
6842 6842 cc40 cc7f 65f1 65f1 4000 7fff 0 ffff 0 ffff 1a 12 11f1
ef83 ef83 6880 68bf 65f1 65f1 4000 7fff 0 ffff 0 ffff 1a 12 11f2
6842 6842 cd00 cdff afc8 afc8 11a8 11af 0 ffff 0 ffff 18 1d 11f3
6842 6842 cd00 cdff 13ec 13ec a8b8 a8bf 0 ffff 0 ffff 18 1d 11f4
6842 6842 cd00 cdff 8c5b 8c5b 1c48 1c4f 0 ffff 0 ffff 18 1d 11f5
8112 8112 ff00 ffff 8c5b 8c5b 1c48 1c4f 0 ffff 0 ffff 18 1d 11f6
ef83 ef83 6900 69ff 5718 5718 ca50 ca57 0 ffff 0 ffff 18 1d 11f7
ef83 ef83 6900 69ff 65f1 65f1 3810 3817 0 ffff 0 ffff 18 1d 11f8
6842 6842 c800 cbff afc8 afc8 1400 17ff 0 ffff 0 ffff 16 16 11f9
ef83 ef83 6c00 6fff eebb eebb 5000 53ff 0 ffff 0 ffff 16 16 11fa
6842 6842 cc40 cc7f 65f1 65f1 3820 383f 0 ffff 0 ffff 1a 1b 11fb
6842 6842 cc40 cc7f 8c5b 8c5b 1c60 1c7f 0 ffff 0 ffff 1a 1b 11fc
6842 6842 cc40 cc7f 13ec 13ec a880 a89f 0 ffff 0 ffff 1a 1b 11fd
ef83 ef83 6880 68bf 8c5b 8c5b 1c60 1c7f 0 ffff 0 ffff 1a 1b 11fe
ef83 ef83 6880 68bf eebb eebb 57e0 57ff 0 ffff 0 ffff 1a 1b 11ff
6842 6842 cc27 cc27 65f8 65ff 0 ffff 0 ffff 0 ffff 20 d 1200
6842 6842 cc28 cc2f 0 ffff 0 ffff 0 ffff 202 202 1d 0 1201
6842 6842 cc80 ccff 8c5b 8c5b 0 fff 0 ffff 0 ffff 19 14 1202
6842 6842 cc80 ccff 65f1 65f1 2000 2fff 0 ffff 0 ffff 19 14 1203
6860 687f 0 ffff 13ec 13ec c000 ffff 0 ffff 35 35 b 12 1204
6840 6841 0 ffff 8c58 8c59 0 ffff 0 ffff 1388 1389 f f 1205
6842 6842 cc30 cc3f 13ed 13ed 0 ffff 0 ffff 400 ffff 1c 10 1206
6842 6842 d000 dfff 1300 137f 0 ffff 66d 66e 0 ffff 14 9 1207
6842 6842 cc24 cc25 13e8 13eb 0 ffff 0 ffff 0 ffff 1f e 1208
6842 6842 cc80 ccff 8c5b 8c5b 2000 3fff 0 ffff 400 ffff 19 13 1209
6842 6842 cc80 ccff 65f1 65f1 0 1fff 0 ffff 400 ffff 19 13 120a
6842 6842 8000 bfff 8c60 8c7f 0 ffff 0 ffff 45 45 12 b 120b
6842 6842 8000 bfff 65c0 65df 0 ffff 0 ffff 232b 232b 12 b 120c
6842 6842 8000 bfff 8c60 8c7f 0 ffff 0 ffff 202 202 12 b 120d
ef83 ef83 0 3fff 8c60 8c7f 0 ffff 0 ffff a2 a2 12 b 120e
6842 6842 cc80 ccff 8c5b 8c5b 1c50 1c5f 0 ffff 0 ffff 19 1c 120f
6842 6842 cc80 ccff 13ec 13ec a8a0 a8af 0 ffff 0 ffff 19 1c 1210
ef83 ef83 6800 687f 5718 5718 ca40 ca4f 0 ffff 0 ffff 19 1c 1211
ef83 ef83 6800 687f 65f1 65f1 3800 380f 0 ffff 0 ffff 19 1c 1212
ef83 ef83 6800 687f eebb eebb 57d0 57df 0 ffff 0 ffff 19 1c 1213
ef83 ef83 6800 687f 8c5b 8c5b 1c50 1c5f 0 ffff 0 ffff 19 1c 1214
6842 6842 cc28 cc2f 8c58 8c59 0 ffff 0 ffff 0 ffff 1d f 1215
ef83 ef83 68f0 68f7 65f2 65f3 0 ffff 0 ffff 0 ffff 1d f 1216
6800 683f 0 ffff 8c5b 8c5b 2000 3fff 599 599 0 ffff a 13 1217
6840 6841 0 ffff 8c5c 8c5f 0 ffff 0 ffff 19 19 f e 1218
ef80 ef81 0 ffff 8c5c 8c5f 0 ffff 0 ffff 6bb 6bb f e 1219
ef80 ef81 0 ffff eebc eebf 0 ffff 0 ffff 19 19 f e 121a
6842 6842 ce00 cfff 8c5b 8c5b 1000 17ff 0 ffff 0 ffff 17 15 121b
6842 6842 cc28 cc2f 65f2 65f3 0 ffff 0 ffff 400 ffff 1d f 121c
6844 6847 0 ffff 13ee 13ef 0 ffff 599 599 0 ffff e f 121d
6842 6842 d000 dfff 8c5b 8c5b 1d00 1dff 0 ffff 0 ffff 14 18 121e
6842 6842 d000 dfff 8c5b 8c5b 1d00 1dff 0 ffff 0 ffff 14 18 121f
6842 6842 cc30 cc3f 65f1 65f1 3880 38ff 0 ffff 0 ffff 1c 19 1220
6842 6842 cc30 cc3f 8c5b 8c5b 1c80 1cff 0 ffff 0 ffff 1c 19 1221
8112 8112 fe70 fe7f 8c5b 8c5b 1c80 1cff 0 ffff 0 ffff 1c 19 1222
8112 8112 fe70 fe7f eebb eebb 5700 577f 0 ffff 0 ffff 1c 19 1223
ef83 ef83 68e0 68ef eebb eebb 5700 577f 0 ffff 0 ffff 1c 19 1224
6842 6842 d000 dfff 8c5b 8c5b 1d00 1dff 0 ffff 400 ffff 14 18 1225
6842 6842 e000 ffff 8c5b 8c5b 1c80 1cff 0 ffff 0 ffff 13 19 1226
6842 6842 cd00 cdff 8c5b 8c5b 0 fff 0 ffff 0 ffff 18 14 1227
8112 8112 ff00 ffff 20f3 20f3 7000 7fff 0 ffff 0 ffff 18 14 1228
4000 7fff 0 ffff 8c5b 8c5b 1c60 1c7f 50 50 0 ffff 2 1b 1229
6842 6842 8000 bfff 65c0 65df 0 ffff 1bb 1bb 0 ffff 12 b 122a
6800 683f 0 ffff 13ec 13ec 8000 9fff 0 ffff 35 35 a 13 122b
8140 817f 0 ffff eebb eebb 6000 7fff 0 ffff 232b 232b a 13 122c
efc0 efff 0 ffff 65f1 65f1 0 1fff 0 ffff 202 202 a 13 122d
6842 6842 8000 bfff 13e0 13e7 0 ffff 0 ffff 14 17 12 d 122e
6840 6841 0 ffff 13ec 13ec a8b4 a8b7 0 ffff 0 ffff f 1e 122f
6848 684f 0 ffff 8c58 8c59 0 ffff 0 ffff 232b 232b d f 1230
6844 6847 0 ffff 8c5b 8c5b 1c40 1c43 0 ffff 0 ffff e 1e 1231
8112 8112 fe61 fe61 8c5b 8c5b 1000 17ff 0 ffff 0 ffff 20 15 1232
ef83 ef83 68fc 68fc 5718 5718 c000 c7ff 0 ffff 0 ffff 20 15 1233
ef83 ef83 68fc 68fc 65f1 65f1 3000 37ff 0 ffff 0 ffff 20 15 1234
8112 8112 f800 fbff 20f3 20f3 65c0 65c1 0 ffff 0 ffff 16 1f 1235
8112 8112 f800 fbff 5718 5718 ca5c ca5d 0 ffff 0 ffff 16 1f 1236
ef83 ef83 6c00 6fff 65f1 65f1 381c 381d 0 ffff 0 ffff 16 1f 1237
ef83 ef83 6c00 6fff 8c5b 8c5b 1c44 1c45 0 ffff 0 ffff 16 1f 1238
ef83 ef83 6c00 6fff dfac dfac 7742 7743 0 ffff 0 ffff 16 1f 1239
8112 8112 fe62 fe63 20f3 20f3 6000 63ff 0 ffff 0 ffff 1f 16 123a
8112 8112 fe62 fe63 5718 5718 cc00 cfff 0 ffff 0 ffff 1f 16 123b
ef83 ef83 68fe 68ff eebb eebb 5000 53ff 0 ffff 0 ffff 1f 16 123c
8112 8112 0 7fff 20c0 20df 0 ffff a1 a1 0 ffff 11 b 123d
8112 8112 fe40 fe5f eebb eebb 5780 57bf 0 ffff 0 ffff 1b 1a 123e
ef83 ef83 68c0 68df 8c5b 8c5b 1c00 1c3f 0 ffff 0 ffff 1b 1a 123f
ef83 ef83 68c0 68df 65f1 65f1 3840 387f 0 ffff 0 ffff 1b 1a 1240
8112 8112 0 7fff 5718 5718 ca60 ca7f 0 ffff 0 ffff 11 1b 1241
8112 8112 f000 f7ff 8c5b 8c5b 1e00 1fff 0 ffff 0 ffff 15 17 1242
8112 8112 fe40 fe5f 8000 bfff 0 ffff 0 ffff 6e 6e 1b 2 1243
8113 8113 0 ffff 571a 571b 0 ffff 0 ffff 14 17 10 f 1244
8180 81ff 0 ffff eebb eebb 4000 4fff 35 35 0 ffff 9 14 1245
8200 83ff 0 ffff eebb eebb 5000 53ff 0 ffff 202 202 7 16 1246
8112 8112 0 7fff 5700 570f 0 ffff 0 ffff 45 45 11 c 1247
8112 8112 fe61 fe61 8c40 8c4f 0 ffff 0 ffff 0 ffff 20 c 1248
8112 8112 f800 fbff 5718 5718 cc00 cfff 0 ffff 400 ffff 16 16 1249
ef83 ef83 6c00 6fff 65f1 65f1 3c00 3fff 0 ffff 400 ffff 16 16 124a
8112 8112 fe80 feff 5718 5718 e000 ffff 0 ffff 0 ffff 19 13 124b
8112 8112 8000 bfff 5718 5718 ca00 ca3f 0 ffff 0 ffff 12 1a 124c
ef83 ef83 68c0 68df 0 7fff 0 ffff 0 ffff 45 45 1b 1 124d
ef83 ef83 68fe 68ff 5710 5717 0 ffff 400 ffff 0 ffff 1f d 124e
ef83 ef83 8000 ffff 5718 5718 ca60 ca7f 0 ffff 400 ffff 11 1b 124f
efa0 efbf 0 ffff 5718 5718 8000 bfff 15ff 15ff 0 ffff b 12 1250
0 ffff 0 ffff dfac dfac 7748 774f 0 ffff 35 35 0 1d 1251
ef83 ef83 0 3fff 5740 577f 0 ffff 0 ffff 202 202 12 a 1252
ef83 ef83 8000 ffff 8c5c 8c5f 0 ffff 0 ffff 14 17 11 e 1253
ee00 eeff 0 ffff 65f1 65f1 3c00 3fff 6d 6e 0 ffff 8 16 1254
e800 ebff 0 ffff eebb eebb 5000 53ff 0 ffff 18ca 18ca 6 16 1255
efa0 efbf 0 ffff 65f1 65f1 0 1fff 0 ffff 14 15 b 13 1256
ef83 ef83 8000 ffff 65f1 65f1 3800 380f 0 ffff 0 ffff 11 1c 1257
ef83 ef83 8000 ffff 65f1 65f1 3800 380f 0 ffff 0 ffff 11 1c 1258
ef83 ef83 4000 5fff 65f1 65f1 3880 38ff 0 ffff 400 ffff 13 19 1259
ef83 ef83 7000 7fff 8c80 8cff 0 ffff 35 35 0 ffff 14 9 125a
ef83 ef83 7000 7fff ee00 ee7f 0 ffff 50 50 0 ffff 14 9 125b
8000 ffff 0 ffff 65f1 65f1 3800 380f 0 ffff 50 50 1 1c 125c
ef83 ef83 4000 5fff 8c80 8cff 0 ffff 1590 1590 0 ffff 13 9 125d
ef83 ef83 6a00 6bff eebb eebb 5000 53ff 0 ffff 0 ffff 17 16 125e
ef83 ef83 6a00 6bff 65f1 65f1 3c00 3fff 0 ffff 0 ffff 17 16 125f
ef82 ef82 0 ffff 8c50 8c57 0 ffff a1 a1 0 ffff 10 d 1260
efc0 efff 0 ffff 65f1 65f1 2000 2fff 0 ffff 6d 6e a 14 1261
ef83 ef83 68f8 68fb eebc eebf 0 ffff 0 ffff 400 ffff 1e e 1262
c000 ffff 0 ffff 65f1 65f1 3800 380f 0 ffff 6d 6e 2 1c 1263
ec00 edff 0 ffff eebb eebb 5000 53ff 0 ffff 6d 6e 7 16 1264
ef83 ef83 0 3fff 65f1 65f1 3840 387f 0 ffff 400 ffff 12 1a 1265
ef90 ef9f 0 ffff 65f1 65f1 8000 ffff 0 ffff 17 17 c 11 1266
ef90 ef9f 0 ffff 65f1 65f1 8000 ffff 0 ffff 50 50 c 11 1267
ef83 ef83 6900 69ff 9000 9fff 0 ffff 0 ffff 45 45 18 4 1268
ef82 ef82 0 ffff 65f1 65f1 3810 3817 0 ffff 0 ffff 10 1d 1269
ef83 ef83 6a00 6bff 6800 6fff 0 ffff 1590 1590 0 ffff 17 5 126a
ef83 ef83 4000 5fff 8c00 8c3f 0 ffff 14 14 0 ffff 13 a 126b
ef83 ef83 4000 5fff 6500 657f 0 ffff 0 ffff 1b58 1b58 13 9 126c
c000 ffff 0 ffff 8c5b 8c5b 1c60 1c7f 0 ffff 19 19 2 1b 126d
ef90 ef9f 0 ffff 65f1 65f1 4000 7fff 0 ffff 14 17 c 12 126e
ef82 ef82 0 ffff eea0 eeaf 0 ffff 0 ffff 50 50 10 c 126f
ef83 ef83 68fe 68ff 65f8 65ff 0 ffff 0 ffff 0 ffff 1f d 1270
ef83 ef83 6c00 6fff 6600 67ff 0 ffff 0 ffff 50 50 16 7 1271
c00 c7f 0 ffff dfac dfac 6000 6fff 0 ffff 14 15 9 14 1272
cd0 cd0 9800 9fff 13ec 13ec ac00 afff 0 ffff 400 ffff 15 16 1273
ef83 ef83 6000 67ff 65f1 65f1 3c00 3fff 0 ffff 400 ffff 15 16 1274
cd0 cd0 9000 93ff 65f1 65f1 3818 381b 0 ffff 0 ffff 16 1e 1275
6842 6842 c800 cbff 65f1 65f1 3818 381b 0 ffff 0 ffff 16 1e 1276
8112 8112 f800 fbff 5718 5718 ca58 ca5b 0 ffff 0 ffff 16 1e 1277
ef83 ef83 6c00 6fff 5718 5718 ca58 ca5b 0 ffff 0 ffff 16 1e 1278
ef83 ef83 6c00 6fff eebb eebb 57cc 57cf 0 ffff 0 ffff 16 1e 1279
cd0 cd0 9680 96bf 13ec 13ec 0 7fff 0 ffff 0 ffff 1a 11 127a
cd0 cd0 96e0 96e7 afcc afcf 0 ffff 0 ffff 400 ffff 1d e 127b
cd0 cd0 9680 96bf 8000 bfff 0 ffff 0 ffff 15a4 15a4 1a 2 127c
cd0 cd0 9680 96bf 8000 bfff 0 ffff 0 ffff 35 35 1a 2 127d
6842 6842 cc40 cc7f 8000 bfff 0 ffff 0 ffff 202 202 1a 2 127e
8112 8112 fe00 fe3f c000 ffff 0 ffff 0 ffff 8b 8b 1a 2 127f
8112 8112 fe00 fe3f c000 ffff 0 ffff 0 ffff 202 202 1a 2 1280
ef83 ef83 6880 68bf 4000 7fff 0 ffff 0 ffff 202 202 1a 2 1281
ef83 ef83 6880 68bf 4000 7fff 0 ffff 0 ffff 35 35 1a 2 1282
2000 3fff 0 ffff 13ec 13ec a8c0 a8ff 0 ffff 66d 66e 3 1a 1283
1000 1fff 0 ffff 65f1 65f1 3900 39ff 1f4 1f4 0 ffff 4 18 1284
cd1 cd1 0 ffff 65f8 65ff 0 ffff 0 ffff 14 15 10 d 1285
cd0 cd0 96c0 96df 8000 ffff 0 ffff 0 ffff 232b 232b 1b 1 1286
6842 6842 cc00 cc1f 0 7fff 0 ffff 0 ffff 35 35 1b 1 1287
8112 8112 fe40 fe5f 0 7fff 0 ffff 0 ffff 1590 1590 1b 1 1288
cd0 cd0 8000 8fff afc8 afc8 11a1 11a1 0 ffff 0 ffff 14 20 1289
cd0 cd0 8000 8fff 65f1 65f1 381f 381f 0 ffff 0 ffff 14 20 128a
6842 6842 d000 dfff 65f1 65f1 381f 381f 0 ffff 0 ffff 14 20 128b
6842 6842 d000 dfff 8c5b 8c5b 1c47 1c47 0 ffff 0 ffff 14 20 128c
ef83 ef83 7000 7fff 65f1 65f1 381e 381e 0 ffff 0 ffff 14 20 128d
cd0 cd0 96f0 96ff 0 ffff 0 ffff 0 ffff 45 45 1c 0 128e
6842 6842 cc30 cc3f 0 ffff 0 ffff 0 ffff 202 202 1c 0 128f
ef83 ef83 68e0 68ef 0 ffff 0 ffff 0 ffff 35 35 1c 0 1290
cd2 cd3 0 ffff afc0 afc7 0 ffff a1 a1 0 ffff f d 1291
cd2 cd3 0 ffff afc0 afc7 0 ffff 19 19 0 ffff f d 1292
cd1 cd1 0 ffff afd0 afdf 0 ffff a1 a1 0 ffff 10 c 1293
cd4 cd7 0 ffff afc8 afc8 11a8 11af 0 ffff 0 ffff e 1d 1294
ef84 ef87 0 ffff 8c5b 8c5b 1c48 1c4f 0 ffff 0 ffff e 1d 1295
cd0 cd0 96c0 96df afc8 afc8 1100 117f 0 ffff 0 ffff 1b 19 1296
6842 6842 cc00 cc1f 65f1 65f1 3880 38ff 0 ffff 0 ffff 1b 19 1297
6842 6842 cc00 cc1f afc8 afc8 1100 117f 0 ffff 0 ffff 1b 19 1298
6842 6842 cc00 cc1f 8c5b 8c5b 1c80 1cff 0 ffff 0 ffff 1b 19 1299
6842 6842 cc00 cc1f 13ec 13ec a800 a87f 0 ffff 0 ffff 1b 19 129a
ef83 ef83 68c0 68df 8c5b 8c5b 1c80 1cff 0 ffff 0 ffff 1b 19 129b
ef83 ef83 68c0 68df 65f1 65f1 3880 38ff 0 ffff 0 ffff 1b 19 129c
cd0 cd0 a000 bfff 13ec 13ec a900 a9ff 0 ffff 400 ffff 13 18 129d
cd0 cd0 8000 8fff 6400 64ff 0 ffff 35 35 0 ffff 14 8 129e
6842 6842 d000 dfff 8d00 8dff 0 ffff a1 a1 0 ffff 14 8 129f
cd0 cd0 96ec 96ed afc8 afc8 1800 1fff 0 ffff 0 ffff 1f 15 12a0
8112 8112 fe62 fe63 20f3 20f3 6800 6fff 0 ffff 0 ffff 1f 15 12a1
8112 8112 fe62 fe63 8c5b 8c5b 1000 17ff 0 ffff 0 ffff 1f 15 12a2
ef83 ef83 68fe 68ff 65f1 65f1 3000 37ff 0 ffff 0 ffff 1f 15 12a3
cd0 cd0 96e0 96e7 13ec 13ec aa00 abff 0 ffff 0 ffff 1d 17 12a4
8112 8112 fe68 fe6f 8c5b 8c5b 1e00 1fff 0 ffff 0 ffff 1d 17 12a5
ef83 ef83 68f0 68f7 5718 5718 c800 c9ff 0 ffff 0 ffff 1d 17 12a6
ef83 ef83 68f0 68f7 8c5b 8c5b 1e00 1fff 0 ffff 0 ffff 1d 17 12a7
ef83 ef83 68f0 68f7 65f1 65f1 3a00 3bff 0 ffff 0 ffff 1d 17 12a8
6848 684f 0 ffff 20f0 20f1 0 ffff 0 ffff 19 19 d f 12a9
6848 684f 0 ffff 13ee 13ef 0 ffff 0 ffff 202 202 d f 12aa
6848 684f 0 ffff 8c58 8c59 0 ffff 0 ffff 8b 8b d f 12ab
8118 811f 0 ffff eeb8 eeb9 0 ffff 0 ffff 45 45 d f 12ac
ef88 ef8f 0 ffff eeb8 eeb9 0 ffff 0 ffff 50 50 d f 12ad
6842 6842 ce00 cfff 65f1 65f1 3000 37ff 0 ffff 0 ffff 17 15 12ae
6842 6842 cc30 cc3f 20f3 20f3 6400 64ff 0 ffff 0 ffff 1c 18 12af
6842 6842 cc30 cc3f 8c5b 8c5b 1d00 1dff 0 ffff 0 ffff 1c 18 12b0
8112 8112 fe70 fe7f 20f3 20f3 6400 64ff 0 ffff 0 ffff 1c 18 12b1
ef83 ef83 68e0 68ef 65f1 65f1 3900 39ff 0 ffff 0 ffff 1c 18 12b2
ef83 ef83 68e0 68ef eebb eebb 5600 56ff 0 ffff 0 ffff 1c 18 12b3
6842 6842 ce00 cfff afc8 afc8 11a8 11af 0 ffff 0 ffff 17 1d 12b4
6842 6842 ce00 cfff 13ec 13ec a8b8 a8bf 0 ffff 0 ffff 17 1d 12b5
6842 6842 ce00 cfff 8c5b 8c5b 1c48 1c4f 0 ffff 0 ffff 17 1d 12b6
8112 8112 fc00 fdff 5718 5718 ca50 ca57 0 ffff 0 ffff 17 1d 12b7
6a00 6bff 0 ffff afc8 afc8 0 fff 0 ffff 8b 8b 7 14 12b8
6840 6841 0 ffff afc0 afc7 0 ffff 0 ffff 45 45 f d 12b9
8110 8111 0 ffff 8c50 8c57 0 ffff 0 ffff 232b 232b f d 12ba
7000 7fff 0 ffff 65f1 65f1 3900 39ff 0 ffff 19 19 4 18 12bb
7000 7fff 0 ffff 8c5b 8c5b 1d00 1dff 0 ffff 599 599 4 18 12bc
6842 6842 cc20 cc23 afcc afcf 0 ffff 0 ffff 0 ffff 1e e 12bd
6842 6842 cc20 cc23 8c5c 8c5f 0 ffff 0 ffff 0 ffff 1e e 12be
ef83 ef83 68f8 68fb 8c5c 8c5f 0 ffff 0 ffff 0 ffff 1e e 12bf
ef83 ef83 68f8 68fb 65f4 65f7 0 ffff 0 ffff 0 ffff 1e e 12c0
6800 683f 0 ffff 65f1 65f1 8000 ffff 0 ffff 45 45 a 11 12c1
8140 817f 0 ffff 20f3 20f3 8000 ffff 0 ffff 19 19 a 11 12c2
6842 6842 ce00 cfff 6800 6fff 0 ffff a1 a1 0 ffff 17 5 12c3
6842 6842 c000 c7ff 8c5b 8c5b 1c44 1c45 0 ffff 0 ffff 15 1f 12c4
8112 8112 f000 f7ff 8c5b 8c5b 1c44 1c45 0 ffff 0 ffff 15 1f 12c5
ef83 ef83 6000 67ff 5718 5718 ca5c ca5d 0 ffff 0 ffff 15 1f 12c6
ef83 ef83 6000 67ff 8c5b 8c5b 1c44 1c45 0 ffff 0 ffff 15 1f 12c7
6842 6842 cc20 cc23 13ec 13ec ac00 afff 0 ffff 0 ffff 1e 16 12c8
6842 6842 cc20 cc23 8c5b 8c5b 1800 1bff 0 ffff 0 ffff 1e 16 12c9
6842 6842 cc20 cc23 65f1 65f1 3c00 3fff 0 ffff 0 ffff 1e 16 12ca
8112 8112 fe64 fe67 5718 5718 cc00 cfff 0 ffff 0 ffff 1e 16 12cb
ef83 ef83 68f8 68fb 65f1 65f1 3c00 3fff 0 ffff 0 ffff 1e 16 12cc
6860 687f 0 ffff 13ec 13ec 0 7fff 1600 1600 0 ffff b 11 12cd
6900 69ff 0 ffff 65f1 65f1 3000 37ff 0 ffff 66d 66e 8 15 12ce
6842 6842 cc80 ccff 8c5b 8c5b 1c60 1c7f 0 ffff 0 ffff 19 1b 12cf
8112 8112 fe80 feff 5718 5718 ca60 ca7f 0 ffff 0 ffff 19 1b 12d0
8112 8112 fe80 feff eebb eebb 57e0 57ff 0 ffff 0 ffff 19 1b 12d1
ef83 ef83 6800 687f 65f1 65f1 3820 383f 0 ffff 0 ffff 19 1b 12d2
6848 684f 0 ffff 8c58 8c59 0 ffff 159a 159a 0 ffff d f 12d3
6842 6842 0 7fff 65f1 65f1 3840 387f 0 ffff 0 ffff 11 1a 12d4
6842 6842 8000 bfff 65f1 65f1 3880 38ff 0 ffff 400 ffff 12 19 12d5
6842 6842 ce00 cfff 8c5b 8c5b 0 fff 0 ffff 0 ffff 17 14 12d6
ef83 ef83 6a00 6bff 8c5b 8c5b 0 fff 0 ffff 0 ffff 17 14 12d7
6842 6842 cd00 cdff 8c5b 8c5b 1c50 1c5f 0 ffff 0 ffff 18 1c 12d8
8112 8112 ff00 ffff eebb eebb 57d0 57df 0 ffff 0 ffff 18 1c 12d9
8112 8112 ff00 ffff 5718 5718 ca40 ca4f 0 ffff 0 ffff 18 1c 12da
8112 8112 ff00 ffff 8c5b 8c5b 1c50 1c5f 0 ffff 0 ffff 18 1c 12db
ef83 ef83 6900 69ff 8c5b 8c5b 1c50 1c5f 0 ffff 0 ffff 18 1c 12dc
6842 6842 cc80 ccff 65f1 65f1 0 1fff 0 ffff 0 ffff 19 13 12dd
8112 8112 fe80 feff 5718 5718 e000 ffff 0 ffff 0 ffff 19 13 12de
ef83 ef83 6800 687f eebb eebb 6000 7fff 0 ffff 0 ffff 19 13 12df
ef83 ef83 6800 687f 8c5b 8c5b 2000 3fff 0 ffff 0 ffff 19 13 12e0
6842 6842 cc30 cc3f 8c58 8c59 0 ffff 0 ffff 400 ffff 1c f 12e1
6900 69ff 0 ffff 8c5b 8c5b 0 fff 599 599 0 ffff 8 14 12e2
6842 6842 cc00 cc1f 8c5b 8c5b 8000 ffff 0 ffff 0 ffff 1b 11 12e3
6844 6847 0 ffff 8c5c 8c5f 0 ffff a1 a1 0 ffff e e 12e4
6844 6847 0 ffff 8c58 8c59 0 ffff 0 ffff 14 17 e f 12e5
6a00 6bff 0 ffff 13ec 13ec b000 bfff 1590 1590 0 ffff 7 14 12e6
6842 6842 cc40 cc7f 8c5b 8c5b 1c00 1c3f 0 ffff 0 ffff 1a 1a 12e7
ef83 ef83 6880 68bf 5718 5718 ca00 ca3f 0 ffff 0 ffff 1a 1a 12e8
ef83 ef83 6880 68bf 8c5b 8c5b 1c00 1c3f 0 ffff 0 ffff 1a 1a 12e9
6840 6841 0 ffff 13ec 13ec a8a0 a8af 0 ffff 400 ffff f 1c 12ea
8110 8111 0 ffff 20f3 20f3 65d0 65df 0 ffff 400 ffff f 1c 12eb
6842 6842 ce00 cfff 8000 87ff 0 ffff 0 ffff 50 50 17 5 12ec
ef83 ef83 6a00 6bff e000 e7ff 0 ffff 0 ffff 45 45 17 5 12ed
6a00 6bff 0 ffff 8c5b 8c5b 1000 17ff 0 ffff 14 15 7 15 12ee
6842 6842 8000 bfff 1380 13bf 0 ffff 0 ffff 45 45 12 a 12ef
6842 6842 cc26 cc26 8c40 8c4f 0 ffff 0 ffff 0 ffff 20 c 12f0
8112 8112 fe61 fe61 8c40 8c4f 0 ffff 0 ffff 0 ffff 20 c 12f1
ef83 ef83 68fc 68fc 5700 570f 0 ffff 0 ffff 0 ffff 20 c 12f2
ef83 ef83 68fc 68fc 65e0 65ef 0 ffff 0 ffff 0 ffff 20 c 12f3
ef83 ef83 68fc 68fc eea0 eeaf 0 ffff 0 ffff 0 ffff 20 c 12f4
6800 683f 0 ffff 8c5b 8c5b 4000 7fff a1 a1 0 ffff a 12 12f5
6842 6842 e000 ffff 13ec 13ec a900 a9ff 0 ffff 0 ffff 13 18 12f6
ef83 ef83 4000 5fff 65f1 65f1 3900 39ff 0 ffff 0 ffff 13 18 12f7
8113 8113 0 ffff 20f3 20f3 65e0 65ff 0 ffff 400 ffff 10 1b 12f8
8112 8112 fe61 fe61 20f3 20f3 7000 7fff 0 ffff 0 ffff 20 14 12f9
ef83 ef83 68fd 68fd eebb eebb 4000 4fff 0 ffff 0 ffff 20 14 12fa
ef83 ef83 68fd 68fd 65f1 65f1 2000 2fff 0 ffff 0 ffff 20 14 12fb
8118 811f 0 ffff 20f2 20f2 0 ffff 6d 6e 0 ffff d 10 12fc
8112 8112 e000 efff 8c5b 8c5b 1e00 1fff 0 ffff 0 ffff 14 17 12fd
8112 8112 e000 efff eebb eebb 5400 55ff 0 ffff 0 ffff 14 17 12fe
9000 9fff 0 ffff 20f3 20f3 6500 657f 0 ffff 14 15 4 19 12ff
8112 8112 8000 bfff 2080 20bf 0 ffff a1 a1 0 ffff 12 a 1300
8113 8113 0 ffff eea0 eeaf 0 ffff 0 ffff 45 45 10 c 1301
ef82 ef82 0 ffff eea0 eeaf 0 ffff 0 ffff 16 16 10 c 1302
8180 81ff 0 ffff 8c5b 8c5b 2000 3fff 0 ffff 45 45 9 13 1303
ef00 ef7f 0 ffff eebb eebb 6000 7fff 0 ffff 45 45 9 13 1304
8120 813f 0 ffff 8c5b 8c5b 8000 ffff 0 ffff 1e61 1e61 b 11 1305
efa0 efbf 0 ffff 65f1 65f1 8000 ffff 0 ffff 35 35 b 11 1306
efa0 efbf 0 ffff 65f1 65f1 8000 ffff 0 ffff 1590 1590 b 11 1307
8112 8112 0 7fff eebb eebb 5780 57bf 0 ffff 400 ffff 11 1a 1308
8112 8112 fe80 feff 4000 7fff 0 ffff 0 ffff 50 50 19 2 1309
8110 8111 0 ffff eebc eebf 0 ffff 66d 66e 0 ffff f e 130a
8114 8117 0 ffff 571c 571f 0 ffff 0 ffff 15 15 e e 130b
ef84 ef87 0 ffff 8c5c 8c5f 0 ffff 0 ffff 45 45 e e 130c
8118 811f 0 ffff 5718 5718 ca5c ca5d 0 ffff 0 ffff d 1f 130d
ef83 ef83 6800 687f 8000 9fff 0 ffff 0 ffff 232b 232b 19 3 130e
efc0 efff 0 ffff eebb eebb 0 3fff 0 ffff 19 19 a 12 130f
ef83 ef83 8000 ffff 5720 573f 0 ffff 0 ffff 45 45 11 b 1310
ef82 ef82 0 ffff 5718 5718 ca60 ca7f 0 ffff 0 ffff 10 1b 1311
ef88 ef8f 0 ffff 5718 5718 ca58 ca5b 0 ffff 0 ffff d 1e 1312
c000 dfff 0 ffff 8c5b 8c5b 1c80 1cff 0 ffff 8b 8b 3 19 1313
ef83 ef83 6c00 6fff 5000 53ff 0 ffff 0 ffff a2 a2 16 6 1314
ef83 ef83 6880 68bf eebb eebb 0 3fff 0 ffff 0 ffff 1a 12 1315
ef83 ef83 6880 68bf 65f1 65f1 4000 7fff 0 ffff 0 ffff 1a 12 1316
ef83 ef83 6880 68bf 5718 5718 0 7fff 0 ffff 400 ffff 1a 11 1317
ef83 ef83 7000 7fff 8e00 8fff 0 ffff a1 a1 0 ffff 14 7 1318
ef83 ef83 6c00 6fff 8000 87ff 0 ffff 0 ffff 89 89 16 5 1319
ef83 ef83 6800 687f 8c5b 8c5b 4000 7fff 0 ffff 0 ffff 19 12 131a
ef90 ef9f 0 ffff 65f0 65f0 0 ffff 0 ffff 202 202 c 10 131b
ef83 ef83 6c00 6fff 8800 8bff 0 ffff a1 a1 0 ffff 16 6 131c
ef83 ef83 6c00 6fff e800 ebff 0 ffff 1590 1590 0 ffff 16 6 131d
ef83 ef83 6000 67ff 8e00 8fff 0 ffff 16 16 0 ffff 15 7 131e
ef83 ef83 6000 67ff 8c5b 8c5b 1e00 1fff 0 ffff 0 ffff 15 17 131f
8000 ffff 0 ffff 65f1 65f1 3820 383f 0 ffff 22ab 22ab 1 1b 1320
ee00 eeff 0 ffff 65f1 65f1 0 1fff 35 35 0 ffff 8 13 1321
ef83 ef83 6900 69ff 65f1 65f1 2000 2fff 0 ffff 0 ffff 18 14 1322
ef83 ef83 68fe 68ff 8c50 8c57 0 ffff 0 ffff 0 ffff 1f d 1323
ef83 ef83 68fe 68ff 65f8 65ff 0 ffff 0 ffff 0 ffff 1f d 1324
ef83 ef83 8000 ffff 8c60 8c7f 0 ffff 1f4 1f4 0 ffff 11 b 1325
ef88 ef8f 0 ffff 65f4 65f7 0 ffff 0 ffff 232b 232b d e 1326
ef83 ef83 0 3fff eebb eebb 5780 57bf 0 ffff 0 ffff 12 1a 1327
ef83 ef83 7000 7fff 8d00 8dff 0 ffff 0 ffff 45 45 14 8 1328
ef88 ef8f 0 ffff 65f4 65f7 0 ffff 599 599 0 ffff d e 1329
e000 e7ff 0 ffff 65f1 65f1 3900 39ff 0 ffff 66d 66e 5 18 132a
ef90 ef9f 0 ffff eebb eebb 8000 ffff 0 ffff 6d 6e c 11 132b
ef90 ef9f 0 ffff 65f0 65f0 0 ffff 0 ffff 14 15 c 10 132c
ef83 ef83 4000 5fff 6500 657f 0 ffff 15a4 15a4 0 ffff 13 9 132d
d00 dff 0 ffff 65f1 65f1 2000 2fff 0 ffff 6d 6e 8 14 132e
6900 69ff 0 ffff 8c5b 8c5b 0 fff 0 ffff 66d 66e 8 14 132f
cd8 cdf 0 ffff 13e8 13eb 0 ffff 0 ffff 45 45 d e 1330
6848 684f 0 ffff 8c5c 8c5f 0 ffff 0 ffff 202 202 d e 1331
6848 684f 0 ffff 13e8 13eb 0 ffff 0 ffff 71 71 d e 1332
8118 811f 0 ffff eebc eebf 0 ffff 0 ffff a1 a1 d e 1333
8118 811f 0 ffff 571c 571f 0 ffff 0 ffff 50 50 d e 1334
0 ffff 0 ffff dfac dfac 7700 773f 0 ffff 1b3a 1b3a 0 1a 1335
0 ffff 0 ffff dfac dfac 7700 773f 0 ffff 202 202 0 1a 1336
cd0 cd0 96c0 96df dfac dfac 7600 76ff 0 ffff 0 ffff 1b 18 1337
cd0 cd0 96c0 96df afc8 afc8 1000 10ff 0 ffff 0 ffff 1b 18 1338
6842 6842 cc00 cc1f 8c5b 8c5b 1d00 1dff 0 ffff 0 ffff 1b 18 1339
8112 8112 fe40 fe5f 20f3 20f3 6400 64ff 0 ffff 0 ffff 1b 18 133a
8112 8112 fe40 fe5f eebb eebb 5600 56ff 0 ffff 0 ffff 1b 18 133b
8112 8112 fe40 fe5f 5718 5718 cb00 cbff 0 ffff 0 ffff 1b 18 133c
ef83 ef83 68c0 68df 5718 5718 cb00 cbff 0 ffff 0 ffff 1b 18 133d
ef83 ef83 68c0 68df eebb eebb 5600 56ff 0 ffff 0 ffff 1b 18 133e
ef83 ef83 68c0 68df 8c5b 8c5b 1d00 1dff 0 ffff 0 ffff 1b 18 133f
cd0 cd0 0 7fff dfc0 dfff 0 ffff 0 ffff 232b 232b 11 a 1340
8112 8112 0 7fff 5740 577f 0 ffff 0 ffff 35 35 11 a 1341
cd0 cd0 9800 9fff 65f1 65f1 3818 381b 0 ffff 0 ffff 15 1e 1342
6842 6842 c000 c7ff 65f1 65f1 3818 381b 0 ffff 0 ffff 15 1e 1343
6842 6842 c000 c7ff 8c5b 8c5b 1c40 1c43 0 ffff 0 ffff 15 1e 1344
8112 8112 f000 f7ff 5718 5718 ca58 ca5b 0 ffff 0 ffff 15 1e 1345
ef83 ef83 6000 67ff 65f1 65f1 3818 381b 0 ffff 0 ffff 15 1e 1346
cc0 ccf 0 ffff dfae dfaf 0 ffff 0 ffff 232b 232b c f 1347
cc0 ccf 0 ffff 65f2 65f3 0 ffff 0 ffff 45 45 c f 1348
cc0 ccf 0 ffff afca afcb 0 ffff 0 ffff 45 45 c f 1349
cd0 cd0 a000 bfff dfac dfac 7600 76ff 0 ffff 0 ffff 13 18 134a
6842 6842 e000 ffff 65f1 65f1 3900 39ff 0 ffff 0 ffff 13 18 134b
ef83 ef83 4000 5fff 65f1 65f1 3900 39ff 0 ffff 0 ffff 13 18 134c
cc0 ccf 0 ffff 65f2 65f3 0 ffff a1 a1 0 ffff c f 134d
cc0 ccf 0 ffff 13ee 13ef 0 ffff 157c 157c 0 ffff c f 134e
ef90 ef9f 0 ffff 65f2 65f3 0 ffff 50 50 0 ffff c f 134f
cd0 cd0 9400 95ff 13ec 13ec a8a0 a8af 0 ffff 0 ffff 17 1c 1350
6842 6842 ce00 cfff 20f3 20f3 65d0 65df 0 ffff 0 ffff 17 1c 1351
6842 6842 ce00 cfff 8c5b 8c5b 1c50 1c5f 0 ffff 0 ffff 17 1c 1352
6842 6842 ce00 cfff 65f1 65f1 3800 380f 0 ffff 0 ffff 17 1c 1353
8112 8112 fc00 fdff 20f3 20f3 65d0 65df 0 ffff 0 ffff 17 1c 1354
8112 8112 fc00 fdff 8c5b 8c5b 1c50 1c5f 0 ffff 0 ffff 17 1c 1355
ef83 ef83 6a00 6bff 8c5b 8c5b 1c50 1c5f 0 ffff 0 ffff 17 1c 1356
cd1 cd1 0 ffff afe0 afff 0 ffff 0 ffff 202 202 10 b 1357
cd1 cd1 0 ffff 65c0 65df 0 ffff 0 ffff 202 202 10 b 1358
8113 8113 0 ffff 20c0 20df 0 ffff 0 ffff 232b 232b 10 b 1359
8113 8113 0 ffff 5720 573f 0 ffff 0 ffff 50 50 10 b 135a
ef82 ef82 0 ffff 65c0 65df 0 ffff 0 ffff 50 50 10 b 135b
cd0 cd0 c000 ffff afc8 afc8 1100 117f 0 ffff 0 ffff 12 19 135c
6842 6842 8000 bfff 8c5b 8c5b 1c80 1cff 0 ffff 0 ffff 12 19 135d
cd0 cd0 8000 8fff 65f1 65f1 3c00 3fff 0 ffff 0 ffff 14 16 135e
cd0 cd0 96ec 96ed 13ec 13ec b000 bfff 0 ffff 0 ffff 1f 14 135f
6842 6842 cc24 cc25 65f1 65f1 2000 2fff 0 ffff 0 ffff 1f 14 1360
ef83 ef83 68fe 68ff 8c5b 8c5b 0 fff 0 ffff 0 ffff 1f 14 1361
ef83 ef83 68fe 68ff 65f1 65f1 2000 2fff 0 ffff 0 ffff 1f 14 1362
cd0 cd0 8000 8fff 65f1 65f1 3a00 3bff 0 ffff 0 ffff 14 17 1363
ef83 ef83 7000 7fff 65f1 65f1 3a00 3bff 0 ffff 0 ffff 14 17 1364
cd0 cd0 96f0 96ff 65f1 65f1 3a00 3bff 0 ffff 0 ffff 1c 17 1365
6842 6842 cc30 cc3f 8c5b 8c5b 1e00 1fff 0 ffff 0 ffff 1c 17 1366
6842 6842 cc30 cc3f 13ec 13ec aa00 abff 0 ffff 0 ffff 1c 17 1367
8112 8112 fe70 fe7f eebb eebb 5400 55ff 0 ffff 0 ffff 1c 17 1368
ef83 ef83 68e0 68ef 8c5b 8c5b 1e00 1fff 0 ffff 0 ffff 1c 17 1369
ef83 ef83 68e0 68ef 65f1 65f1 3a00 3bff 0 ffff 0 ffff 1c 17 136a
cd0 cd0 a000 bfff 65f1 65f1 381f 381f 0 ffff 0 ffff 13 20 136b
6842 6842 e000 ffff 13ec 13ec a8b0 a8b0 0 ffff 0 ffff 13 20 136c
0 7ff 0 ffff afc8 afc8 1400 17ff 50 50 0 ffff 5 16 136d
6000 67ff 0 ffff 8c5b 8c5b 1800 1bff 15ff 15ff 0 ffff 5 16 136e
cd0 cd0 c000 ffff afc8 afc8 1000 10ff 0 ffff 400 ffff 12 18 136f
c00 c7f 0 ffff afc8 afc8 4000 7fff 0 ffff 50 50 9 12 1370
6880 68ff 0 ffff afc8 afc8 4000 7fff 0 ffff 9f5 9f5 9 12 1371
6880 68ff 0 ffff 13ec 13ec c000 ffff 0 ffff 202 202 9 12 1372
cd0 cd0 c000 ffff 1300 137f 0 ffff 0 ffff 45 45 12 9 1373
cd0 cd0 c000 ffff 6500 657f 0 ffff 0 ffff 50 50 12 9 1374
6842 6842 8000 bfff 1300 137f 0 ffff 0 ffff 45 45 12 9 1375
ef83 ef83 0 3fff 8c80 8cff 0 ffff 0 ffff 35 35 12 9 1376
cd0 cd0 9600 967f 8000 bfff 0 ffff 0 ffff 45 45 19 2 1377
8112 8112 fe80 feff 4000 7fff 0 ffff 0 ffff 159a 159a 19 2 1378
cd0 cd0 8000 8fff 65f1 65f1 381c 381d 0 ffff 0 ffff 14 1f 1379
8112 8112 e000 efff 8c5b 8c5b 1c44 1c45 0 ffff 0 ffff 14 1f 137a
ef83 ef83 7000 7fff 65f1 65f1 381c 381d 0 ffff 0 ffff 14 1f 137b
ce0 cff 0 ffff afc9 afc9 0 ffff 0 ffff 45 45 b 10 137c
6860 687f 0 ffff 13ed 13ed 0 ffff 0 ffff 50 50 b 10 137d
8120 813f 0 ffff eeba eeba 0 ffff 0 ffff 232b 232b b 10 137e
8120 813f 0 ffff 20f2 20f2 0 ffff 0 ffff 232b 232b b 10 137f
8120 813f 0 ffff eeba eeba 0 ffff 0 ffff 599 599 b 10 1380
8120 813f 0 ffff 5719 5719 0 ffff 0 ffff 50 50 b 10 1381
cd0 cd0 9680 96bf afc8 afc8 8000 ffff 0 ffff 0 ffff 1a 11 1382
cd0 cd0 9680 96bf afc8 afc8 8000 ffff 0 ffff 0 ffff 1a 11 1383
ef83 ef83 6880 68bf 8c5b 8c5b 8000 ffff 0 ffff 0 ffff 1a 11 1384
ef83 ef83 6880 68bf 65f1 65f1 8000 ffff 0 ffff 0 ffff 1a 11 1385
cd4 cd7 0 ffff 13ec 13ec a8b8 a8bf 0 ffff 0 ffff e 1d 1386
6844 6847 0 ffff 13ec 13ec a8b8 a8bf 0 ffff 0 ffff e 1d 1387
cd0 cd0 9000 93ff afc8 afc8 1800 1fff 0 ffff 0 ffff 16 15 1388
6842 6842 c800 cbff afc8 afc8 1800 1fff 0 ffff 0 ffff 16 15 1389
6842 6842 c800 cbff 8c5b 8c5b 1000 17ff 0 ffff 0 ffff 16 15 138a
6842 6842 c800 cbff 65f1 65f1 3000 37ff 0 ffff 0 ffff 16 15 138b
8112 8112 f800 fbff 8c5b 8c5b 1000 17ff 0 ffff 0 ffff 16 15 138c
cd4 cd7 0 ffff 13e0 13e7 0 ffff 0 ffff 19 19 e d 138d
ef84 ef87 0 ffff 65f8 65ff 0 ffff 0 ffff 89 89 e d 138e
cd0 cd0 9000 93ff 13ec 13ec b000 bfff 0 ffff 0 ffff 16 14 138f
cd0 cd0 96c0 96df afca afcb 0 ffff 0 ffff 0 ffff 1b f 1390
1000 1fff 0 ffff 65f1 65f1 3a00 3bff 0 ffff 202 202 4 17 1391
6842 6842 c800 cbff a000 a7ff 0 ffff a1 a1 0 ffff 16 5 1392
6842 6842 cc40 cc7f afc8 afc8 1100 117f 0 ffff 0 ffff 1a 19 1393
6842 6842 cc40 cc7f 8c5b 8c5b 1c80 1cff 0 ffff 0 ffff 1a 19 1394
8112 8112 fe00 fe3f 20f3 20f3 6500 657f 0 ffff 0 ffff 1a 19 1395
8112 8112 fe00 fe3f 5718 5718 ca80 caff 0 ffff 0 ffff 1a 19 1396
ef83 ef83 6880 68bf 5718 5718 ca80 caff 0 ffff 0 ffff 1a 19 1397
ef83 ef83 6880 68bf eebb eebb 5700 577f 0 ffff 0 ffff 1a 19 1398
ef83 ef83 6880 68bf 8c5b 8c5b 1c80 1cff 0 ffff 0 ffff 1a 19 1399
ef83 ef83 6880 68bf 65f1 65f1 3880 38ff 0 ffff 0 ffff 1a 19 139a
6842 6842 d000 dfff 2200 23ff 0 ffff 0 ffff 45 45 14 7 139b
6842 6842 d000 dfff 6600 67ff 0 ffff 0 ffff 45 45 14 7 139c
6842 6842 cc00 cc1f afca afcb 0 ffff 400 ffff 0 ffff 1b f 139d
6842 6842 cc20 cc23 20f3 20f3 6800 6fff 0 ffff 0 ffff 1e 15 139e
6842 6842 cc20 cc23 8c5b 8c5b 1000 17ff 0 ffff 0 ffff 1e 15 139f
6842 6842 cc20 cc23 65f1 65f1 3000 37ff 0 ffff 0 ffff 1e 15 13a0
ef83 ef83 68f8 68fb 65f1 65f1 3000 37ff 0 ffff 0 ffff 1e 15 13a1
ef83 ef83 68f8 68fb eebb eebb 5800 5fff 0 ffff 0 ffff 1e 15 13a2
6842 6842 cc27 cc27 1380 13bf 0 ffff 0 ffff 0 ffff 20 a 13a3
8112 8112 fe61 fe61 5740 577f 0 ffff 0 ffff 0 ffff 20 a 13a4
6842 6842 d000 dfff af00 af7f 0 ffff 14 17 0 ffff 14 9 13a5
6842 6842 cd00 cdff afc8 afc8 4000 7fff 0 ffff 0 ffff 18 12 13a6
ef83 ef83 6900 69ff 65f1 65f1 4000 7fff 0 ffff 0 ffff 18 12 13a7
6842 6842 cc28 cc2f 65f1 65f1 3c00 3fff 0 ffff 0 ffff 1d 16 13a8
6842 6842 cc28 cc2f 13ec 13ec ac00 afff 0 ffff 0 ffff 1d 16 13a9
6842 6842 cc28 cc2f 8c5b 8c5b 1800 1bff 0 ffff 0 ffff 1d 16 13aa
ef83 ef83 68f0 68f7 eebb eebb 5000 53ff 0 ffff 0 ffff 1d 16 13ab
6848 684f 0 ffff 13ec 13ec a8b4 a8b7 0 ffff 0 ffff d 1e 13ac
6848 684f 0 ffff 13ec 13ec a8b4 a8b7 0 ffff 0 ffff d 1e 13ad
6848 684f 0 ffff 8c5b 8c5b 1c40 1c43 0 ffff 0 ffff d 1e 13ae
8118 811f 0 ffff 8c5b 8c5b 1c40 1c43 0 ffff 0 ffff d 1e 13af
ef88 ef8f 0 ffff 65f1 65f1 3818 381b 0 ffff 0 ffff d 1e 13b0
6844 6847 0 ffff 65f8 65ff 0 ffff a1 a1 0 ffff e d 13b1
6844 6847 0 ffff 8c50 8c57 0 ffff a1 a1 0 ffff e d 13b2
6842 6842 d000 dfff 8c5b 8c5b 1800 1bff 0 ffff 400 ffff 14 16 13b3
6842 6842 d000 dfff 13ec 13ec ac00 afff 0 ffff 400 ffff 14 16 13b4
6800 683f 0 ffff 8c5b 8c5b 8000 ffff 0 ffff 4be 4be a 11 13b5
6800 683f 0 ffff 8c5b 8c5b 8000 ffff 0 ffff 8f 8f a 11 13b6
6800 683f 0 ffff 8c5b 8c5b 8000 ffff 0 ffff 50 50 a 11 13b7
efc0 efff 0 ffff 65f1 65f1 8000 ffff 0 ffff 45 45 a 11 13b8
6842 6842 cc80 ccff 8c5b 8c5b 1c00 1c3f 0 ffff 0 ffff 19 1a 13b9
6842 6842 cc80 ccff 65f1 65f1 3840 387f 0 ffff 0 ffff 19 1a 13ba
6842 6842 cc80 ccff 13ec 13ec a8c0 a8ff 0 ffff 0 ffff 19 1a 13bb
8112 8112 fe80 feff 8c5b 8c5b 1c00 1c3f 0 ffff 0 ffff 19 1a 13bc
ef83 ef83 6800 687f 65f1 65f1 3840 387f 0 ffff 0 ffff 19 1a 13bd
6842 6842 cc30 cc3f 8c58 8c59 0 ffff 0 ffff 0 ffff 1c f 13be
6842 6842 c000 c7ff 8c5b 8c5b 1800 1bff 0 ffff 0 ffff 15 16 13bf
6842 6842 0 7fff 8c5b 8c5b 1c80 1cff 0 ffff 0 ffff 11 19 13c0
ef83 ef83 8000 ffff eebb eebb 5700 577f 0 ffff 0 ffff 11 19 13c1
6840 6841 0 ffff 13ec 13ec a8a0 a8af 0 ffff 0 ffff f 1c 13c2
6842 6842 cc27 cc27 8c00 8c3f 0 ffff 400 ffff 0 ffff 20 a 13c3
8112 8112 fe61 fe61 8c00 8c3f 0 ffff 400 ffff 0 ffff 20 a 13c4
6800 683f 0 ffff 8c5b 8c5b 4000 7fff 0 ffff 14 15 a 12 13c5
6843 6843 0 ffff 8c00 8c3f 0 ffff 0 ffff 19 19 10 a 13c6
ef82 ef82 0 ffff 6580 65bf 0 ffff 0 ffff 45 45 10 a 13c7
6842 6842 ce00 cfff 8c5b 8c5b 2000 3fff 0 ffff 400 ffff 17 13 13c8
8112 8112 fc00 fdff 20f3 20f3 4000 5fff 0 ffff 400 ffff 17 13 13c9
ef83 ef83 6a00 6bff 5718 5718 e000 ffff 0 ffff 400 ffff 17 13 13ca
6850 685f 0 ffff 13e8 13eb 0 ffff 0 ffff 1a2b 1a2b c e 13cb
4000 7fff 0 ffff 8c5b 8c5b 1d00 1dff 0 ffff 232b 232b 2 18 13cc
6842 6842 e000 ffff 8c00 8c3f 0 ffff 14 17 0 ffff 13 a 13cd
6842 6842 0 7fff 65f1 65f1 3880 38ff 0 ffff 400 ffff 11 19 13ce
6a00 6bff 0 ffff 13ec 13ec b000 bfff 0 ffff 89 89 7 14 13cf
ec00 edff 0 ffff 65f1 65f1 2000 2fff 0 ffff 19 19 7 14 13d0
6842 6842 ce00 cfff 8c5b 8c5b 0 fff 0 ffff 0 ffff 17 14 13d1
6842 6842 cc30 cc3f 8c5c 8c5f 0 ffff 0 ffff 400 ffff 1c e 13d2
4000 5fff 0 ffff 8c5b 8c5b 1e00 1fff 0 ffff 202 202 3 17 13d3
6842 6842 c800 cbff 8c5b 8c5b 1c48 1c4f 0 ffff 0 ffff 16 1d 13d4
8112 8112 f800 fbff 20f3 20f3 65c8 65cf 0 ffff 0 ffff 16 1d 13d5
ef83 ef83 6c00 6fff 65f1 65f1 3810 3817 0 ffff 0 ffff 16 1d 13d6
ef83 ef83 6c00 6fff eebb eebb 57c0 57c7 0 ffff 0 ffff 16 1d 13d7
6800 683f 0 ffff 13ec 13ec 0 7fff a1 a1 0 ffff a 11 13d8
6842 6842 cd00 cdff 8c5b 8c5b 1c60 1c7f 0 ffff 0 ffff 18 1b 13d9
8112 8112 ff00 ffff 5718 5718 ca60 ca7f 0 ffff 0 ffff 18 1b 13da
8112 8112 ff00 ffff 8c5b 8c5b 1c60 1c7f 0 ffff 0 ffff 18 1b 13db
ef83 ef83 6900 69ff eebb eebb 57e0 57ff 0 ffff 0 ffff 18 1b 13dc
ef83 ef83 6900 69ff 65f1 65f1 3820 383f 0 ffff 0 ffff 18 1b 13dd
6842 6842 c000 c7ff 13ec 13ec a000 a7ff 0 ffff 0 ffff 15 15 13de
6842 6842 c000 c7ff 8c5b 8c5b 1000 17ff 0 ffff 0 ffff 15 15 13df
6842 6842 cc24 cc25 65e0 65ef 0 ffff 0 ffff 0 ffff 1f c 13e0
6842 6842 c000 c7ff 65f1 65f1 3000 37ff 0 ffff 400 ffff 15 15 13e1
8112 8112 f000 f7ff 5718 5718 c000 c7ff 0 ffff 400 ffff 15 15 13e2
8112 8112 ff00 ffff 20f3 20f3 0 3fff 400 ffff 0 ffff 18 12 13e3
8110 8111 0 ffff 8c40 8c4f 0 ffff 0 ffff 89 89 f c 13e4
8110 8111 0 ffff 5700 570f 0 ffff 0 ffff 50 50 f c 13e5
8110 8111 0 ffff eea0 eeaf 0 ffff 0 ffff 50 50 f c 13e6
8110 8111 0 ffff 5700 570f 0 ffff 0 ffff 202 202 f c 13e7
ef80 ef81 0 ffff 65e0 65ef 0 ffff 0 ffff 232b 232b f c 13e8
8112 8112 fe00 fe3f 8c5a 8c5a 0 ffff 0 ffff 0 ffff 1a 10 13e9
8112 8112 0 7fff 8c5b 8c5b 1c00 1c3f 0 ffff 0 ffff 11 1a 13ea
ef83 ef83 8000 ffff eebb eebb 5780 57bf 0 ffff 0 ffff 11 1a 13eb
8112 8112 fe40 fe5f 0 ffff 0 ffff 0 ffff 202 202 1b 0 13ec
8112 8112 ff00 ffff eebb eebb 6000 7fff 0 ffff 0 ffff 18 13 13ed
8112 8112 f000 f7ff e800 ebff 0 ffff 0 ffff 45 45 15 6 13ee
ef82 ef82 0 ffff 8c5b 8c5b 1c00 1c3f 0 ffff 0 ffff 10 1a 13ef
ef83 ef83 68fc 68fc 8c5b 8c5b 2000 3fff 0 ffff 0 ffff 20 13 13f0
ef83 ef83 68fd 68fd 65f1 65f1 0 1fff 0 ffff 0 ffff 20 13 13f1
ef82 ef82 0 ffff 8c60 8c7f 0 ffff 15a4 15a4 0 ffff 10 b 13f2
ef82 ef82 0 ffff 8c60 8c7f 0 ffff 50 50 0 ffff 10 b 13f3
ef83 ef83 6a00 6bff e000 e7ff 0 ffff 14 15 0 ffff 17 5 13f4
ef83 ef83 6800 687f 65f1 65f1 8000 ffff 0 ffff 0 ffff 19 11 13f5
ef83 ef83 6800 687f 8c5b 8c5b 8000 ffff 0 ffff 0 ffff 19 11 13f6
ef83 ef83 68f0 68f7 65f8 65ff 0 ffff 0 ffff 0 ffff 1d d 13f7
e800 ebff 0 ffff eebb eebb 5800 5fff 0 ffff 19 19 6 15 13f8
e800 ebff 0 ffff 8c5b 8c5b 1000 17ff 0 ffff 202 202 6 15 13f9
ef90 ef9f 0 ffff 65f1 65f1 381c 381d 0 ffff 0 ffff c 1f 13fa
ef83 ef83 4000 5fff 6400 64ff 0 ffff a1 a1 0 ffff 13 8 13fb
ef83 ef83 68c0 68df 0 ffff 0 ffff 159a 159a 0 ffff 1b 0 13fc
8000 ffff 0 ffff 65f1 65f1 3880 38ff 0 ffff 45 45 1 19 13fd
e000 e7ff 0 ffff 8c5b 8c5b 1800 1bff 0 ffff 45 45 5 16 13fe
ef83 ef83 6c00 6fff 65f1 65f1 2000 2fff 0 ffff 400 ffff 16 14 13ff
ef82 ef82 0 ffff eebb eebb 57e0 57ff 0 ffff 0 ffff 10 1b 1400
ef83 ef83 0 3fff 6500 657f 0 ffff a1 a1 0 ffff 12 9 1401
ef84 ef87 0 ffff 8c5b 8c5b 1c50 1c5f 0 ffff 400 ffff e 1c 1402
ee00 eeff 0 ffff 65f1 65f1 0 1fff 0 ffff 89 89 8 13 1403
ef83 ef83 6a00 6bff 7000 7fff 0 ffff 15ff 15ff 0 ffff 17 4 1404
ef80 ef81 0 ffff 8c40 8c4f 0 ffff a1 a1 0 ffff f c 1405
800 bff 0 ffff 65f1 65f1 2000 2fff 0 ffff 19 19 6 14 1406
800 bff 0 ffff 13ec 13ec b000 bfff 0 ffff 50 50 6 14 1407
6c00 6fff 0 ffff 65f1 65f1 2000 2fff 0 ffff 50 50 6 14 1408
8400 87ff 0 ffff 8c5b 8c5b 0 fff 0 ffff 19 19 6 14 1409
8400 87ff 0 ffff 8c5b 8c5b 0 fff 0 ffff 50 50 6 14 140a
e800 ebff 0 ffff eebb eebb 4000 4fff 0 ffff 77 77 6 14 140b
cd4 cd7 0 ffff 13ec 13ec a8a0 a8af 0 ffff 0 ffff e 1c 140c
6844 6847 0 ffff 8c5b 8c5b 1c50 1c5f 0 ffff 0 ffff e 1c 140d
8114 8117 0 ffff eebb eebb 57d0 57df 0 ffff 0 ffff e 1c 140e
cd0 cd0 9600 967f dfac dfac 7780 77ff 0 ffff 0 ffff 19 19 140f
cd0 cd0 9600 967f 65f1 65f1 3880 38ff 0 ffff 0 ffff 19 19 1410
cd0 cd0 9600 967f 13ec 13ec a800 a87f 0 ffff 0 ffff 19 19 1411
6842 6842 cc80 ccff 65f1 65f1 3880 38ff 0 ffff 0 ffff 19 19 1412
6842 6842 cc80 ccff 8c5b 8c5b 1c80 1cff 0 ffff 0 ffff 19 19 1413
8112 8112 fe80 feff 5718 5718 ca80 caff 0 ffff 0 ffff 19 19 1414
ef83 ef83 6800 687f 65f1 65f1 3880 38ff 0 ffff 0 ffff 19 19 1415
cd1 cd1 0 ffff dfac dfac 7780 77ff 0 ffff 0 ffff 10 19 1416
cd1 cd1 0 ffff dfac dfac 7700 773f 0 ffff 0 ffff 10 1a 1417
ef82 ef82 0 ffff 5718 5718 ca00 ca3f 0 ffff 0 ffff 10 1a 1418
cd0 cd0 8000 8fff 65f1 65f1 3000 37ff 0 ffff 400 ffff 14 15 1419
cd0 cd0 c000 ffff 1200 12ff 0 ffff a1 a1 0 ffff 12 8 141a
ef83 ef83 0 3fff 6400 64ff 0 ffff a1 a1 0 ffff 12 8 141b
cd0 cd0 96c0 96df dfae dfaf 0 ffff 0 ffff 0 ffff 1b f 141c
cd0 cd0 96c0 96df afca afcb 0 ffff 0 ffff 0 ffff 1b f 141d
6842 6842 cc00 cc1f afca afcb 0 ffff 0 ffff 0 ffff 1b f 141e
6842 6842 cc00 cc1f 13ee 13ef 0 ffff 0 ffff 0 ffff 1b f 141f
8112 8112 fe40 fe5f 571a 571b 0 ffff 0 ffff 0 ffff 1b f 1420
ef83 ef83 68c0 68df eeb8 eeb9 0 ffff 0 ffff 0 ffff 1b f 1421
c00 c7f 0 ffff dfac dfac 0 3fff 0 ffff 6d 6e 9 12 1422
cd2 cd3 0 ffff 13f0 13ff 0 ffff 14 17 0 ffff f c 1423
0 ffff 0 ffff dfac dfac 7700 773f 0 ffff 232b 232b 0 1a 1424
0 ffff 0 ffff dfac dfac 7700 773f 0 ffff 89 89 0 1a 1425
cd1 cd1 0 ffff df00 df7f 0 ffff 0 ffff 45 45 10 9 1426
ef82 ef82 0 ffff 6500 657f 0 ffff 0 ffff 202 202 10 9 1427
cd0 cd0 96f0 96ff 65f4 65f7 0 ffff 0 ffff 0 ffff 1c e 1428
ef83 ef83 68e0 68ef eebc eebf 0 ffff 0 ffff 0 ffff 1c e 1429
cd0 cd0 96ec 96ed afc8 afc8 2000 3fff 0 ffff 0 ffff 1f 13 142a
cd0 cd0 96ec 96ed 65f1 65f1 0 1fff 0 ffff 0 ffff 1f 13 142b
6842 6842 cc24 cc25 13ec 13ec 8000 9fff 0 ffff 0 ffff 1f 13 142c
cd0 cd0 96c0 96df 13ec 13ec aa00 abff 0 ffff 0 ffff 1b 17 142d
6842 6842 cc00 cc1f 8c5b 8c5b 1e00 1fff 0 ffff 0 ffff 1b 17 142e
6842 6842 cc00 cc1f 65f1 65f1 3a00 3bff 0 ffff 0 ffff 1b 17 142f
8112 8112 fe40 fe5f 20f3 20f3 6600 67ff 0 ffff 0 ffff 1b 17 1430
ef83 ef83 68c0 68df 8c5b 8c5b 1e00 1fff 0 ffff 0 ffff 1b 17 1431
ef83 ef83 68c0 68df 65f1 65f1 3a00 3bff 0 ffff 0 ffff 1b 17 1432
cd0 cd0 9700 97ff 65f1 65f1 3840 387f 0 ffff 0 ffff 18 1a 1433
cd0 cd0 9700 97ff 13ec 13ec a8c0 a8ff 0 ffff 0 ffff 18 1a 1434
6842 6842 cd00 cdff 13ec 13ec a8c0 a8ff 0 ffff 0 ffff 18 1a 1435
6842 6842 cd00 cdff 65f1 65f1 3840 387f 0 ffff 0 ffff 18 1a 1436
6842 6842 cd00 cdff 8c5b 8c5b 1c00 1c3f 0 ffff 0 ffff 18 1a 1437
ef83 ef83 6900 69ff 5718 5718 ca00 ca3f 0 ffff 0 ffff 18 1a 1438
ef83 ef83 6900 69ff 8c5b 8c5b 1c00 1c3f 0 ffff 0 ffff 18 1a 1439
ef83 ef83 6900 69ff 65f1 65f1 3840 387f 0 ffff 0 ffff 18 1a 143a
ef83 ef83 6900 69ff eebb eebb 5780 57bf 0 ffff 0 ffff 18 1a 143b
d00 dff 0 ffff afc8 afc8 4000 7fff 0 ffff 202 202 8 12 143c
8000 80ff 0 ffff eebb eebb 0 3fff 0 ffff 202 202 8 12 143d
cd1 cd1 0 ffff 6580 65bf 0 ffff 0 ffff 45 45 10 a 143e
6843 6843 0 ffff 1380 13bf 0 ffff 0 ffff a1 a1 10 a 143f
ef82 ef82 0 ffff eec0 eeff 0 ffff 0 ffff 19 19 10 a 1440
ef82 ef82 0 ffff eec0 eeff 0 ffff 0 ffff 35 35 10 a 1441
cd0 cd0 9600 967f 0 7fff 0 ffff 15a4 15a4 0 ffff 19 1 1442
cd0 cd0 c000 ffff 13ec 13ec aa00 abff 0 ffff 400 ffff 12 17 1443
ce0 cff 0 ffff 20f0 20f1 0 ffff 0 ffff 202 202 b f 1444
6860 687f 0 ffff 8c58 8c59 0 ffff 0 ffff 66d 66d b f 1445
6860 687f 0 ffff 8c58 8c59 0 ffff 0 ffff 1f4 1f4 b f 1446
8120 813f 0 ffff 8c58 8c59 0 ffff 0 ffff 35 35 b f 1447
efa0 efbf 0 ffff 8c58 8c59 0 ffff 0 ffff 1b58 1b58 b f 1448
cd0 cd0 9680 96bf afc9 afc9 0 ffff 0 ffff 0 ffff 1a 10 1449
cd2 cd3 0 ffff 13ec 13ec a880 a89f 0 ffff 0 ffff f 1b 144a
6840 6841 0 ffff 65f1 65f1 3820 383f 0 ffff 0 ffff f 1b 144b
cd0 cd0 c000 ffff afc8 afc8 11a1 11a1 0 ffff 0 ffff 12 20 144c
6842 6842 8000 bfff afc8 afc8 11a1 11a1 0 ffff 0 ffff 12 20 144d
6842 6842 8000 bfff 8c5b 8c5b 1c47 1c47 0 ffff 0 ffff 12 20 144e
ef83 ef83 0 3fff 5718 5718 ca5f ca5f 0 ffff 0 ffff 12 20 144f
ef83 ef83 0 3fff 8c5b 8c5b 1c47 1c47 0 ffff 0 ffff 12 20 1450
ef83 ef83 0 3fff 65f1 65f1 381e 381e 0 ffff 0 ffff 12 20 1451
cd8 cdf 0 ffff 13e0 13e7 0 ffff a1 a1 0 ffff d d 1452
cd0 cd0 9000 93ff a000 bfff 0 ffff 0 ffff 16 16 16 3 1453
cd0 cd0 0 7fff af00 af7f 0 ffff a1 a1 0 ffff 11 9 1454
0 3fff 0 ffff afc8 afc8 1200 13ff 0 ffff 1a2b 1a2b 2 17 1455
0 3fff 0 ffff afc8 afc8 1000 10ff 0 ffff 50 50 2 18 1456
0 3fff 0 ffff afc8 afc8 1000 10ff 0 ffff 35 35 2 18 1457
c000 ffff 0 ffff 8c5b 8c5b 1d00 1dff 0 ffff 599 599 2 18 1458
c000 ffff 0 ffff 65f1 65f1 3900 39ff 0 ffff 202 202 2 18 1459
cd0 cd0 9800 9fff a000 a7ff 0 ffff 19 19 0 ffff 15 5 145a
ef83 ef83 6000 67ff 6800 6fff 0 ffff 14 14 0 ffff 15 5 145b
cd0 cd0 96f0 96ff afc8 afc8 1400 17ff 0 ffff 0 ffff 1c 16 145c
cd0 cd0 96f0 96ff 65f1 65f1 3c00 3fff 0 ffff 0 ffff 1c 16 145d
6842 6842 cc30 cc3f 65f1 65f1 3c00 3fff 0 ffff 0 ffff 1c 16 145e
8112 8112 fe70 fe7f 8c5b 8c5b 1800 1bff 0 ffff 0 ffff 1c 16 145f
ef83 ef83 68e0 68ef 5718 5718 cc00 cfff 0 ffff 0 ffff 1c 16 1460
ef83 ef83 68e0 68ef 65f1 65f1 3c00 3fff 0 ffff 0 ffff 1c 16 1461
ef83 ef83 68e0 68ef eebb eebb 5000 53ff 0 ffff 0 ffff 1c 16 1462
cd0 cd0 96e8 96eb afc8 afc8 0 fff 0 ffff 0 ffff 1e 14 1463
6842 6842 cc20 cc23 8c5b 8c5b 0 fff 0 ffff 0 ffff 1e 14 1464
8112 8112 fe64 fe67 8c5b 8c5b 0 fff 0 ffff 0 ffff 1e 14 1465
ef83 ef83 68f8 68fb 5718 5718 d000 dfff 0 ffff 0 ffff 1e 14 1466
ef83 ef83 68f8 68fb 65f1 65f1 2000 2fff 0 ffff 0 ffff 1e 14 1467
cd0 cd0 9000 93ff afc8 afc8 0 fff 0 ffff 0 ffff 16 14 1468
6842 6842 c800 cbff 8c5b 8c5b 0 fff 0 ffff 0 ffff 16 14 1469
cd4 cd7 0 ffff 65e0 65ef 0 ffff 15a4 15a4 0 ffff e c 146a
c80 cbf 0 ffff 13ee 13ef 0 ffff 0 ffff 157c 157c a f 146b
6842 6842 c800 cbff afc8 afc8 11b0 11bf 0 ffff 0 ffff 16 1c 146c
6842 6842 c800 cbff 8c5b 8c5b 1c50 1c5f 0 ffff 0 ffff 16 1c 146d
8112 8112 f800 fbff eebb eebb 57d0 57df 0 ffff 0 ffff 16 1c 146e
ef83 ef83 6c00 6fff 8c5b 8c5b 1c50 1c5f 0 ffff 0 ffff 16 1c 146f
ef83 ef83 6c00 6fff 65f1 65f1 3800 380f 0 ffff 0 ffff 16 1c 1470
6842 6842 8000 bfff ae00 aeff 0 ffff 0 ffff 15a4 15a4 12 8 1471
6842 6842 ce00 cfff afc8 afc8 1180 119f 0 ffff 0 ffff 17 1b 1472
6842 6842 ce00 cfff 8c5b 8c5b 1c60 1c7f 0 ffff 0 ffff 17 1b 1473
ef83 ef83 6a00 6bff 8c5b 8c5b 1c60 1c7f 0 ffff 0 ffff 17 1b 1474
6842 6842 cc40 cc7f 65f1 65f1 3900 39ff 0 ffff 0 ffff 1a 18 1475
6842 6842 cc40 cc7f 8c5b 8c5b 1d00 1dff 0 ffff 0 ffff 1a 18 1476
8112 8112 fe00 fe3f eebb eebb 5600 56ff 0 ffff 0 ffff 1a 18 1477
ef83 ef83 6880 68bf 65f1 65f1 3900 39ff 0 ffff 0 ffff 1a 18 1478
ef83 ef83 6880 68bf 8c5b 8c5b 1d00 1dff 0 ffff 0 ffff 1a 18 1479
6844 6847 0 ffff afd0 afdf 0 ffff 0 ffff 202 202 e c 147a
6844 6847 0 ffff 8c40 8c4f 0 ffff 0 ffff 16 16 e c 147b
6842 6842 cc28 cc2f 13ec 13ec a000 a7ff 0 ffff 0 ffff 1d 15 147c
6842 6842 cc28 cc2f 8c5b 8c5b 1000 17ff 0 ffff 0 ffff 1d 15 147d
8112 8112 fe68 fe6f 8c5b 8c5b 1000 17ff 0 ffff 0 ffff 1d 15 147e
ef83 ef83 68f0 68f7 65f1 65f1 3000 37ff 0 ffff 0 ffff 1d 15 147f
ef83 ef83 68f0 68f7 8c5b 8c5b 1000 17ff 0 ffff 0 ffff 1d 15 1480
6842 6842 8000 bfff 13ec 13ec aa00 abff 0 ffff 0 ffff 12 17 1481
6843 6843 0 ffff 13c0 13df 0 ffff 14 17 0 ffff 10 b 1482
6842 6842 cc27 cc27 65f1 65f1 4000 7fff 0 ffff 0 ffff 20 12 1483
8112 8112 fe61 fe61 8c5b 8c5b 4000 7fff 0 ffff 0 ffff 20 12 1484
8112 8112 fe61 fe61 eebb eebb 0 3fff 0 ffff 0 ffff 20 12 1485
ef83 ef83 68fc 68fc 65f1 65f1 4000 7fff 0 ffff 0 ffff 20 12 1486
6842 6842 d000 dfff 13ec 13ec a8b4 a8b7 0 ffff 0 ffff 14 1e 1487
6842 6842 d000 dfff 65f1 65f1 3818 381b 0 ffff 0 ffff 14 1e 1488
6842 6842 d000 dfff 8c5b 8c5b 1c40 1c43 0 ffff 0 ffff 14 1e 1489
8112 8112 e000 efff eebb eebb 57cc 57cf 0 ffff 0 ffff 14 1e 148a
ef83 ef83 7000 7fff 65f1 65f1 3818 381b 0 ffff 0 ffff 14 1e 148b
6842 6842 c000 c7ff 8c5b 8c5b 1c48 1c4f 0 ffff 0 ffff 15 1d 148c
6842 6842 c000 c7ff 65f1 65f1 3810 3817 0 ffff 0 ffff 15 1d 148d
ef83 ef83 6000 67ff eebb eebb 57c0 57c7 0 ffff 0 ffff 15 1d 148e
ef83 ef83 6000 67ff 8c5b 8c5b 1c48 1c4f 0 ffff 0 ffff 15 1d 148f
ef83 ef83 6000 67ff 65f1 65f1 3810 3817 0 ffff 0 ffff 15 1d 1490
6c00 6fff 0 ffff 8c5b 8c5b 1000 17ff 0 ffff 6d 6e 6 15 1491
6842 6842 cc00 cc1f 8c5c 8c5f 0 ffff 400 ffff 0 ffff 1b e 1492
7000 7fff 0 ffff 8c5b 8c5b 1800 1bff 0 ffff 45 45 4 16 1493
7000 7fff 0 ffff 8c5b 8c5b 1800 1bff 0 ffff 45 45 4 16 1494
6850 685f 0 ffff 13ec 13ec a8b8 a8bf 0 ffff 0 ffff c 1d 1495
8100 810f 0 ffff 20f3 20f3 65c8 65cf 0 ffff 0 ffff c 1d 1496
6842 6842 d000 dfff 8c5b 8c5b 1000 17ff 0 ffff 0 ffff 14 15 1497
ef83 ef83 7000 7fff eebb eebb 5800 5fff 0 ffff 0 ffff 14 15 1498
6848 684f 0 ffff 8c50 8c57 0 ffff 0 ffff 202 202 d d 1499
8118 811f 0 ffff 5710 5717 0 ffff 0 ffff 45 45 d d 149a
ef88 ef8f 0 ffff 5710 5717 0 ffff 0 ffff 50 50 d d 149b
ef88 ef8f 0 ffff eeb0 eeb7 0 ffff 0 ffff 50 50 d d 149c
6848 684f 0 ffff 65f1 65f1 3800 380f 0 ffff 0 ffff d 1c 149d
6842 6842 cc80 ccff 8c5b 8c5b 8000 ffff 0 ffff 0 ffff 19 11 149e
4000 5fff 0 ffff 8c5b 8c5b 1e00 1fff 0 ffff 22ab 22ab 3 17 149f
c000 dfff 0 ffff 65f1 65f1 3a00 3bff 0 ffff 202 202 3 17 14a0
6842 6842 cd00 cdff 8c5b 8c5b 8000 ffff 0 ffff 0 ffff 18 11 14a1
6844 6847 0 ffff 65f1 65f1 3820 383f 0 ffff 400 ffff e 1b 14a2
6900 69ff 0 ffff 8c5b 8c5b 2000 3fff 0 ffff 14 15 8 13 14a3
8000 80ff 0 ffff 20f3 20f3 4000 5fff 0 ffff 6d 6e 8 13 14a4
6842 6842 e000 ffff 8c5b 8c5b 1800 1bff 0 ffff 0 ffff 13 16 14a5
8112 8112 c000 dfff 20f3 20f3 6000 63ff 0 ffff 0 ffff 13 16 14a6
ef83 ef83 4000 5fff eebb eebb 5000 53ff 0 ffff 0 ffff 13 16 14a7
6842 6842 c000 c7ff 9000 9fff 0 ffff a1 a1 0 ffff 15 4 14a8
6842 6842 cd00 cdff 8c5b 8c5b 4000 7fff 0 ffff 0 ffff 18 12 14a9
6842 6842 cd00 cdff 65f1 65f1 4000 7fff 0 ffff 0 ffff 18 12 14aa
8112 8112 ff00 ffff 5718 5718 8000 bfff 0 ffff 0 ffff 18 12 14ab
6850 685f 0 ffff 13e0 13e7 0 ffff 0 ffff 202 202 c d 14ac
0 7fff 0 ffff 8c5b 8c5b 1c80 1cff 0 ffff 35 35 1 19 14ad
8000 ffff 0 ffff 65f1 65f1 3880 38ff 0 ffff 89 89 1 19 14ae
6842 6842 8000 bfff 8c5b 8c5b 1d00 1dff 0 ffff 0 ffff 12 18 14af
6843 6843 0 ffff 13ec 13ec a800 a87f 0 ffff 400 ffff 10 19 14b0
ef82 ef82 0 ffff 8c5b 8c5b 1c80 1cff 0 ffff 400 ffff 10 19 14b1
6842 6842 0 7fff 65f1 65f1 3880 38ff 0 ffff 0 ffff 11 19 14b2
8112 8112 0 7fff 20f3 20f3 6500 657f 0 ffff 0 ffff 11 19 14b3
8112 8112 c000 dfff 2200 23ff 0 ffff 0 ffff 232b 232b 13 7 14b4
8180 81ff 0 ffff 20f2 20f2 0 ffff 0 ffff 35 35 9 10 14b5
ef00 ef7f 0 ffff 5719 5719 0 ffff 0 ffff 50 50 9 10 14b6
8180 81ff 0 ffff eebb eebb 8000 ffff a1 a1 0 ffff 9 11 14b7
ef00 ef7f 0 ffff 5718 5718 0 7fff 35 35 0 ffff 9 11 14b8
8112 8112 0 7fff eebb eebb 5600 56ff 0 ffff 0 ffff 11 18 14b9
ef83 ef83 8000 ffff 65f1 65f1 3900 39ff 0 ffff 0 ffff 11 18 14ba
8112 8112 fc00 fdff 8c5b 8c5b 2000 3fff 0 ffff 0 ffff 17 13 14bb
ef83 ef83 6a00 6bff 8c5b 8c5b 2000 3fff 0 ffff 0 ffff 17 13 14bc
8112 8112 c000 dfff 5718 5718 ca5c ca5d 0 ffff 0 ffff 13 1f 14bd
ef83 ef83 4000 5fff 65f1 65f1 381c 381d 0 ffff 0 ffff 13 1f 14be
8180 81ff 0 ffff 8c5b 8c5b 8000 ffff 0 ffff 18ca 18ca 9 11 14bf
ef00 ef7f 0 ffff eebb eebb 8000 ffff 0 ffff 35 35 9 11 14c0
8112 8112 f800 fbff 5718 5718 e000 ffff 0 ffff 0 ffff 16 13 14c1
8113 8113 0 ffff 5700 570f 0 ffff 14 17 0 ffff 10 c 14c2
8200 83ff 0 ffff 5718 5718 e000 ffff 0 ffff 1e61 1e61 7 13 14c3
ec00 edff 0 ffff 8c5b 8c5b 2000 3fff 0 ffff 202 202 7 13 14c4
ef83 ef83 6900 69ff c000 ffff 0 ffff 19 19 0 ffff 18 2 14c5
efa0 efbf 0 ffff 571a 571b 0 ffff 0 ffff 6d 6e b f 14c6
e000 e7ff 0 ffff 5718 5718 c000 c7ff 0 ffff 45 45 5 15 14c7
e000 e7ff 0 ffff eebb eebb 5800 5fff 0 ffff 45 45 5 15 14c8
efc0 efff 0 ffff 65f0 65f0 0 ffff 0 ffff 50 50 a 10 14c9
ef82 ef82 0 ffff 8c00 8c3f 0 ffff 19 19 0 ffff 10 a 14ca
ef83 ef83 8000 ffff 6500 657f 0 ffff 0 ffff 50 50 11 9 14cb
ef83 ef83 6c00 6fff eebb eebb 6000 7fff 0 ffff 400 ffff 16 13 14cc
ef83 ef83 4000 5fff 8e00 8fff 0 ffff 35 35 0 ffff 13 7 14cd
ef83 ef83 6800 687f 65f0 65f0 0 ffff 0 ffff 0 ffff 19 10 14ce
ef83 ef83 68fe 68ff ee80 ee9f 0 ffff 0 ffff 0 ffff 1f b 14cf
ef83 ef83 6900 69ff eebb eebb 8000 ffff 400 ffff 0 ffff 18 11 14d0
ef83 ef83 6000 67ff e800 ebff 0 ffff 6d 6e 0 ffff 15 6 14d1
ef80 ef81 0 ffff eebb eebb 5780 57bf 0 ffff 0 ffff f 1a 14d2
ef80 ef81 0 ffff 65c0 65df 0 ffff 0 ffff 71 71 f b 14d3
ef88 ef8f 0 ffff eebb eebb 57c0 57c7 0 ffff 0 ffff d 1d 14d4
ef83 ef83 6000 67ff eebb eebb 5800 5fff 0 ffff 0 ffff 15 15 14d5
efa0 efbf 0 ffff 65f0 65f0 0 ffff 0 ffff 6d 6e b 10 14d6
efa0 efbf 0 ffff eebb eebb 57c8 57c9 0 ffff 0 ffff b 1f 14d7
cd0 cd0 96c0 96df 13ec 13ec ac00 afff 0 ffff 0 ffff 1b 16 14d8
cd0 cd0 96c0 96df afc8 afc8 1400 17ff 0 ffff 0 ffff 1b 16 14d9
6842 6842 cc00 cc1f 65f1 65f1 3c00 3fff 0 ffff 0 ffff 1b 16 14da
ef83 ef83 68c0 68df 8c5b 8c5b 1800 1bff 0 ffff 0 ffff 1b 16 14db
ef83 ef83 68c0 68df 65f1 65f1 3c00 3fff 0 ffff 0 ffff 1b 16 14dc
cd0 cd0 9600 967f dfac dfac 7600 76ff 0 ffff 0 ffff 19 18 14dd
cd0 cd0 9600 967f 65f1 65f1 3900 39ff 0 ffff 0 ffff 19 18 14de
6842 6842 cc80 ccff 13ec 13ec a900 a9ff 0 ffff 0 ffff 19 18 14df
6842 6842 cc80 ccff 5718 5718 cb00 cbff 0 ffff 0 ffff 19 18 14e0
6842 6842 cc80 ccff 65f1 65f1 3900 39ff 0 ffff 0 ffff 19 18 14e1
8112 8112 fe80 feff eebb eebb 5600 56ff 0 ffff 0 ffff 19 18 14e2
ef83 ef83 6800 687f 5718 5718 cb00 cbff 0 ffff 0 ffff 19 18 14e3
ef83 ef83 6800 687f eebb eebb 5600 56ff 0 ffff 0 ffff 19 18 14e4
ef83 ef83 6800 687f 65f1 65f1 3900 39ff 0 ffff 0 ffff 19 18 14e5
cd0 cd0 c000 ffff 65f1 65f1 381c 381d 0 ffff 0 ffff 12 1f 14e6
6842 6842 8000 bfff 13ec 13ec a8b2 a8b3 0 ffff 0 ffff 12 1f 14e7
ef83 ef83 0 3fff 5718 5718 ca5c ca5d 0 ffff 0 ffff 12 1f 14e8
ef83 ef83 0 3fff 8c5b 8c5b 1c44 1c45 0 ffff 0 ffff 12 1f 14e9
cd0 cd0 96e0 96e7 65f1 65f1 2000 2fff 0 ffff 0 ffff 1d 14 14ea
6842 6842 cc28 cc2f 13ec 13ec b000 bfff 0 ffff 0 ffff 1d 14 14eb
6842 6842 cc28 cc2f 8c5b 8c5b 0 fff 0 ffff 0 ffff 1d 14 14ec
6842 6842 cc28 cc2f 65f1 65f1 2000 2fff 0 ffff 0 ffff 1d 14 14ed
8112 8112 fe68 fe6f 20f3 20f3 7000 7fff 0 ffff 0 ffff 1d 14 14ee
8112 8112 fe68 fe6f 5718 5718 d000 dfff 0 ffff 0 ffff 1d 14 14ef
ef83 ef83 68f0 68f7 8c5b 8c5b 0 fff 0 ffff 0 ffff 1d 14 14f0
ef83 ef83 68f0 68f7 65f1 65f1 2000 2fff 0 ffff 0 ffff 1d 14 14f1
ef83 ef83 68f0 68f7 eebb eebb 4000 4fff 0 ffff 0 ffff 1d 14 14f2
cd0 cd0 a000 bfff dfac dfac 7744 7747 0 ffff 0 ffff 13 1e 14f3
cd0 cd0 a000 bfff afc8 afc8 11a4 11a7 0 ffff 0 ffff 13 1e 14f4
6842 6842 e000 ffff 13ec 13ec a8b4 a8b7 0 ffff 0 ffff 13 1e 14f5
6842 6842 e000 ffff 8c5b 8c5b 1c40 1c43 0 ffff 0 ffff 13 1e 14f6
cd0 cd0 9400 95ff 65f1 65f1 3840 387f 0 ffff 0 ffff 17 1a 14f7
6842 6842 ce00 cfff 8c5b 8c5b 1c00 1c3f 0 ffff 0 ffff 17 1a 14f8
6842 6842 ce00 cfff 65f1 65f1 3840 387f 0 ffff 0 ffff 17 1a 14f9
ef83 ef83 6a00 6bff 8c5b 8c5b 1c00 1c3f 0 ffff 0 ffff 17 1a 14fa
ef83 ef83 6a00 6bff 5718 5718 ca00 ca3f 0 ffff 0 ffff 17 1a 14fb
ef83 ef83 6a00 6bff 65f1 65f1 3840 387f 0 ffff 0 ffff 17 1a 14fc
ef83 ef83 6a00 6bff eebb eebb 5780 57bf 0 ffff 0 ffff 17 1a 14fd
1000 1fff 0 ffff 65f1 65f1 3000 37ff 0 ffff 35 35 4 15 14fe
1000 1fff 0 ffff afc8 afc8 1800 1fff 0 ffff 50 50 4 15 14ff
7000 7fff 0 ffff afc8 afc8 1800 1fff 0 ffff 232b 232b 4 15 1500
7000 7fff 0 ffff 8c5b 8c5b 1000 17ff 0 ffff 202 202 4 15 1501
7000 7fff 0 ffff 65f1 65f1 3000 37ff 0 ffff 19 19 4 15 1502
9000 9fff 0 ffff 20f3 20f3 6800 6fff 0 ffff 50 50 4 15 1503
f000 ffff 0 ffff 5718 5718 c000 c7ff 0 ffff 232b 232b 4 15 1504
c00 c7f 0 ffff dfae dfaf 0 ffff 0 ffff 202 202 9 f 1505
cd0 cd0 9680 96bf dfac dfac 7400 75ff 0 ffff 0 ffff 1a 17 1506
cd0 cd0 9680 96bf afc8 afc8 1200 13ff 0 ffff 0 ffff 1a 17 1507
6842 6842 cc40 cc7f 13ec 13ec aa00 abff 0 ffff 0 ffff 1a 17 1508
6842 6842 cc40 cc7f 8c5b 8c5b 1e00 1fff 0 ffff 0 ffff 1a 17 1509
ef83 ef83 6880 68bf 5718 5718 c800 c9ff 0 ffff 0 ffff 1a 17 150a
ef83 ef83 6880 68bf 65f1 65f1 3a00 3bff 0 ffff 0 ffff 1a 17 150b
ef83 ef83 6880 68bf 8c5b 8c5b 1e00 1fff 0 ffff 0 ffff 1a 17 150c
ef83 ef83 6880 68bf eebb eebb 5400 55ff 0 ffff 0 ffff 1a 17 150d
cd0 cd0 9000 93ff 65f1 65f1 3820 383f 0 ffff 0 ffff 16 1b 150e
6842 6842 c800 cbff afc8 afc8 1180 119f 0 ffff 0 ffff 16 1b 150f
6842 6842 c800 cbff 8c5b 8c5b 1c60 1c7f 0 ffff 0 ffff 16 1b 1510
6842 6842 c800 cbff 65f1 65f1 3820 383f 0 ffff 0 ffff 16 1b 1511
6842 6842 c800 cbff 13ec 13ec a880 a89f 0 ffff 0 ffff 16 1b 1512
8112 8112 f800 fbff eebb eebb 57e0 57ff 0 ffff 0 ffff 16 1b 1513
8112 8112 f800 fbff 8c5b 8c5b 1c60 1c7f 0 ffff 0 ffff 16 1b 1514
ef83 ef83 6c00 6fff eebb eebb 57e0 57ff 0 ffff 0 ffff 16 1b 1515
ef83 ef83 6c00 6fff 5718 5718 ca60 ca7f 0 ffff 0 ffff 16 1b 1516
ef83 ef83 6c00 6fff 65f1 65f1 3820 383f 0 ffff 0 ffff 16 1b 1517
ef83 ef83 6c00 6fff 8c5b 8c5b 1c60 1c7f 0 ffff 0 ffff 16 1b 1518
c00 c7f 0 ffff 13ec 13ec 0 7fff 0 ffff 14 17 9 11 1519
cd0 cd0 96f0 96ff afc8 afc8 1800 1fff 0 ffff 0 ffff 1c 15 151a
cd0 cd0 96f0 96ff 65f1 65f1 3000 37ff 0 ffff 0 ffff 1c 15 151b
6842 6842 cc30 cc3f 8c5b 8c5b 1000 17ff 0 ffff 0 ffff 1c 15 151c
8112 8112 fe70 fe7f 8c5b 8c5b 1000 17ff 0 ffff 0 ffff 1c 15 151d
ef83 ef83 68e0 68ef 8c5b 8c5b 1000 17ff 0 ffff 0 ffff 1c 15 151e
ef83 ef83 68e0 68ef 5718 5718 c000 c7ff 0 ffff 0 ffff 1c 15 151f
ef83 ef83 68e0 68ef 65f1 65f1 3000 37ff 0 ffff 0 ffff 1c 15 1520
cd1 cd1 0 ffff afc8 afc8 1000 10ff 0 ffff 400 ffff 10 18 1521
6843 6843 0 ffff 65f1 65f1 3900 39ff 0 ffff 400 ffff 10 18 1522
8113 8113 0 ffff 20f3 20f3 6400 64ff 0 ffff 400 ffff 10 18 1523
2000 3fff 0 ffff 13ec 13ec ac00 afff 0 ffff 45 45 3 16 1524
4000 5fff 0 ffff 8c5b 8c5b 1800 1bff 0 ffff 50 50 3 16 1525
4000 5fff 0 ffff 8c5b 8c5b 1800 1bff 0 ffff 202 202 3 16 1526
e00 fff 0 ffff afc8 afc8 4000 7fff 0 ffff 16 16 7 12 1527
cd0 cd0 8000 8fff afc8 afc8 11a8 11af 0 ffff 0 ffff 14 1d 1528
8112 8112 e000 efff eebb eebb 57c0 57c7 0 ffff 0 ffff 14 1d 1529
ef83 ef83 7000 7fff 65f1 65f1 3810 3817 0 ffff 0 ffff 14 1d 152a
cd0 cd0 a000 bfff 6800 6fff 0 ffff 0 ffff 50 50 13 5 152b
cd0 cd0 9700 97ff afc8 afc8 8000 ffff 0 ffff 0 ffff 18 11 152c
cd0 cd0 c000 ffff afc8 afc8 1200 13ff 0 ffff 0 ffff 12 17 152d
8112 8112 8000 bfff 20f3 20f3 6600 67ff 0 ffff 0 ffff 12 17 152e
ef83 ef83 0 3fff 65f1 65f1 3a00 3bff 0 ffff 0 ffff 12 17 152f
ef83 ef83 0 3fff 8c5b 8c5b 1e00 1fff 0 ffff 0 ffff 12 17 1530
ce0 cff 0 ffff 13e8 13eb 0 ffff 0 ffff 35 35 b e 1531
6860 687f 0 ffff 8c5c 8c5f 0 ffff 0 ffff 45 45 b e 1532
8120 813f 0 ffff 20f4 20f7 0 ffff 0 ffff 50 50 b e 1533
cd0 cd0 9700 97ff 13ed 13ed 0 ffff 0 ffff 0 ffff 18 10 1534
800 bff 0 ffff afc8 afc8 4000 7fff 0 ffff 599 599 6 12 1535
6c00 6fff 0 ffff 8c5b 8c5b 4000 7fff 0 ffff 45 45 6 12 1536
cd4 cd7 0 ffff af80 afbf 0 ffff 0 ffff a1 a1 e a 1537
cc0 ccf 0 ffff 13e0 13e7 0 ffff 0 ffff 45 45 c d 1538
8100 810f 0 ffff eeb0 eeb7 0 ffff 0 ffff 16 16 c d 1539
6880 68ff 0 ffff afc8 afc8 11a2 11a3 0 ffff 0 ffff 9 1f 153a
6842 6842 c000 c7ff afc8 afc8 11b0 11bf 0 ffff 0 ffff 15 1c 153b
6842 6842 c000 c7ff 8c5b 8c5b 1c50 1c5f 0 ffff 0 ffff 15 1c 153c
6842 6842 c000 c7ff 13ec 13ec a8a0 a8af 0 ffff 0 ffff 15 1c 153d
8112 8112 f000 f7ff dfac dfac 7750 775f 0 ffff 0 ffff 15 1c 153e
8112 8112 f000 f7ff 8c5b 8c5b 1c50 1c5f 0 ffff 0 ffff 15 1c 153f
ef83 ef83 6000 67ff eebb eebb 57d0 57df 0 ffff 0 ffff 15 1c 1540
ef83 ef83 6000 67ff 8c5b 8c5b 1c50 1c5f 0 ffff 0 ffff 15 1c 1541
6860 687f 0 ffff 65f4 65f7 0 ffff 6bb 6bb 0 ffff b e 1542
6842 6842 cc30 cc3f afc0 afc7 0 ffff 0 ffff 0 ffff 1c d 1543
ef83 ef83 68e0 68ef 65f8 65ff 0 ffff 0 ffff 0 ffff 1c d 1544
6842 6842 cc24 cc25 13ec 13ec c000 ffff 0 ffff 0 ffff 1f 12 1545
6842 6842 cc24 cc25 65f1 65f1 4000 7fff 0 ffff 0 ffff 1f 12 1546
6900 69ff 0 ffff 13ec 13ec 0 7fff 0 ffff a1 a1 8 11 1547
6880 68ff 0 ffff 65f2 65f3 0 ffff 16 16 0 ffff 9 f 1548
6842 6842 e000 ffff 8800 8bff 0 ffff a1 a1 0 ffff 13 6 1549
6842 6842 0 7fff 13ec 13ec a8b0 a8b0 0 ffff 0 ffff 11 20 154a
ef83 ef83 8000 ffff 8c5b 8c5b 1c47 1c47 0 ffff 0 ffff 11 20 154b
6842 6842 cc20 cc23 6580 65bf 0 ffff 0 ffff 0 ffff 1e a 154c
6842 6842 cc00 cc1f 8c50 8c57 0 ffff 0 ffff 0 ffff 1b d 154d
6800 683f 0 ffff 13ee 13ef 0 ffff 0 ffff 232b 232b a f 154e
8140 817f 0 ffff 20f0 20f1 0 ffff 0 ffff 202 202 a f 154f
8140 817f 0 ffff 20f0 20f1 0 ffff 0 ffff 19 19 a f 1550
efc0 efff 0 ffff 65f2 65f3 0 ffff 0 ffff 19 19 a f 1551
efc0 efff 0 ffff 65f2 65f3 0 ffff 0 ffff 232b 232b a f 1552
6842 6842 cc80 ccff 13ee 13ef 0 ffff 0 ffff 0 ffff 19 f 1553
ef83 ef83 6800 687f 8c58 8c59 0 ffff 0 ffff 0 ffff 19 f 1554
ef83 ef83 6800 687f 65f2 65f3 0 ffff 0 ffff 0 ffff 19 f 1555
6c00 6fff 0 ffff 65f1 65f1 0 1fff 0 ffff 15ae 15ae 6 13 1556
6c00 6fff 0 ffff 8c5b 8c5b 2000 3fff 0 ffff 19 19 6 13 1557
e800 ebff 0 ffff eebb eebb 6000 7fff 0 ffff 599 599 6 13 1558
6842 6842 cd00 cdff 8c5b 8c5b 1c80 1cff 0 ffff 0 ffff 18 19 1559
6842 6842 cd00 cdff 65f1 65f1 3880 38ff 0 ffff 0 ffff 18 19 155a
8112 8112 ff00 ffff 5718 5718 ca80 caff 0 ffff 0 ffff 18 19 155b
ef83 ef83 6900 69ff eebb eebb 5700 577f 0 ffff 0 ffff 18 19 155c
ef83 ef83 6900 69ff 5718 5718 ca80 caff 0 ffff 0 ffff 18 19 155d
ef83 ef83 6900 69ff 65f1 65f1 3880 38ff 0 ffff 0 ffff 18 19 155e
ef83 ef83 6900 69ff 8c5b 8c5b 1c80 1cff 0 ffff 0 ffff 18 19 155f
6842 6842 cc40 cc7f 8c58 8c59 0 ffff 0 ffff 0 ffff 1a f 1560
6800 683f 0 ffff 8c5b 8c5b 1c44 1c45 0 ffff 0 ffff a 1f 1561
6840 6841 0 ffff 13ec 13ec a8c0 a8ff 0 ffff 0 ffff f 1a 1562
ef80 ef81 0 ffff eebb eebb 5780 57bf 0 ffff 0 ffff f 1a 1563
6842 6842 0 7fff 8c5b 8c5b 1d00 1dff 0 ffff 0 ffff 11 18 1564
8112 8112 0 7fff 5718 5718 cb00 cbff 0 ffff 0 ffff 11 18 1565
ef83 ef83 8000 ffff eebb eebb 5600 56ff 0 ffff 0 ffff 11 18 1566
6842 6842 d000 dfff 1400 17ff 0 ffff 66d 66e 0 ffff 14 6 1567
6843 6843 0 ffff 8c80 8cff 0 ffff 0 ffff 50 50 10 9 1568
6842 6842 e000 ffff 8c5b 8c5b 1000 17ff 0 ffff 0 ffff 13 15 1569
8112 8112 c000 dfff eebb eebb 5800 5fff 0 ffff 0 ffff 13 15 156a
6844 6847 0 ffff 65c0 65df 0 ffff 0 ffff 202 202 e b 156b
6860 687f 0 ffff 65f1 65f1 3818 381b 0 ffff 0 ffff b 1e 156c
6842 6842 ce00 cfff 8c5b 8c5b 4000 7fff 0 ffff 0 ffff 17 12 156d
ef83 ef83 6a00 6bff 65f1 65f1 4000 7fff 0 ffff 0 ffff 17 12 156e
6843 6843 0 ffff 13ec 13ec a800 a87f 0 ffff 0 ffff 10 19 156f
6860 687f 0 ffff 8c50 8c57 0 ffff 0 ffff 4be 4be b d 1570
6842 6842 cc20 cc23 65f1 65f1 0 1fff 0 ffff 0 ffff 1e 13 1571
8112 8112 fe64 fe67 20f3 20f3 4000 5fff 0 ffff 0 ffff 1e 13 1572
8112 8112 fe64 fe67 eebb eebb 6000 7fff 0 ffff 0 ffff 1e 13 1573
ef83 ef83 68f8 68fb 65f1 65f1 0 1fff 0 ffff 0 ffff 1e 13 1574
6842 6842 d000 dfff 65f1 65f1 3000 37ff 0 ffff 0 ffff 14 15 1575
6842 6842 e000 ffff 8c5b 8c5b 1000 17ff 0 ffff 400 ffff 13 15 1576
6850 685f 0 ffff 65f4 65f7 0 ffff 0 ffff 14 15 c e 1577
8100 810f 0 ffff eebc eebf 0 ffff 0 ffff 6d 6e c e 1578
6a00 6bff 0 ffff 8c5b 8c5b 4000 7fff 0 ffff 66d 66e 7 12 1579
6a00 6bff 0 ffff 13ec 13ec 0 7fff 0 ffff 35 35 7 11 157a
8200 83ff 0 ffff 20f3 20f3 8000 ffff 0 ffff 89 89 7 11 157b
0 ffff 0 ffff dfac dfac 7780 77ff 0 ffff 50 50 0 19 157c
0 ffff 0 ffff dfac dfac 7780 77ff 0 ffff 35 35 0 19 157d
0 ffff 0 ffff dfac dfac 7780 77ff 0 ffff 89 89 0 19 157e
0 ffff 0 ffff dfac dfac 7780 77ff 0 ffff 232b 232b 0 19 157f
0 ffff 0 ffff dfac dfac 7780 77ff 0 ffff 202 202 0 19 1580
8000 ffff 0 ffff 20f3 20f3 6400 64ff 0 ffff 50 50 1 18 1581
8000 ffff 0 ffff 65f1 65f1 3900 39ff 0 ffff 50 50 1 18 1582
8000 ffff 0 ffff 65f1 65f1 3900 39ff 0 ffff a1 a1 1 18 1583
8000 ffff 0 ffff 65f1 65f1 3900 39ff 0 ffff 45 45 1 18 1584
8100 810f 0 ffff 8c5b 8c5b 1c50 1c5f 0 ffff 0 ffff c 1c 1585
8140 817f 0 ffff 20f3 20f3 65c4 65c7 0 ffff 400 ffff a 1e 1586
8112 8112 ff00 ffff 0 ffff 0 ffff 0 ffff 202 202 18 0 1587
8112 8112 ff00 ffff 0 ffff 0 ffff 0 ffff 1e61 1e61 18 0 1588
8100 810f 0 ffff eebb eebb 57c0 57c7 0 ffff 0 ffff c 1d 1589
8112 8112 0 7fff ef00 efff 0 ffff 50 50 0 ffff 11 8 158a
8112 8112 c000 dfff 8c5b 8c5b 1000 17ff 400 ffff 0 ffff 13 15 158b
8180 81ff 0 ffff 5718 5718 0 7fff 0 ffff 714 715 9 11 158c
8112 8112 8000 bfff 5718 5718 cc00 cfff 0 ffff 0 ffff 12 16 158d
e000 e7ff 0 ffff 5718 5718 d000 dfff 0 ffff 1586 1586 5 14 158e
e000 e7ff 0 ffff 65f1 65f1 2000 2fff 0 ffff 89 89 5 14 158f
ef83 ef83 6000 67ff 9000 9fff 0 ffff 157c 157c 0 ffff 15 4 1590
ec00 edff 0 ffff 5718 5718 e000 ffff 0 ffff 66d 66e 7 13 1591
ef88 ef8f 0 ffff 5700 570f 0 ffff 599 599 0 ffff d c 1592
ef83 ef83 6c00 6fff 65f1 65f1 0 1fff 0 ffff 0 ffff 16 13 1593
ef83 ef83 0 3fff 65f1 65f1 3c00 3fff 0 ffff 400 ffff 12 16 1594
ef83 ef83 7000 7fff 65f1 65f1 2000 2fff 0 ffff 400 ffff 14 14 1595
ee00 eeff 0 ffff 65f1 65f1 4000 7fff 0 ffff 6d 6e 8 12 1596
c000 ffff 0 ffff 8c5b 8c5b 1e00 1fff 0 ffff 50 50 2 17 1597
c000 ffff 0 ffff 65f1 65f1 3a00 3bff 0 ffff 35 35 2 17 1598
ef80 ef81 0 ffff eec0 eeff 0 ffff 0 ffff 202 202 f a 1599
ef80 ef81 0 ffff eec0 eeff 0 ffff 0 ffff 8f 8f f a 159a
ef83 ef83 8000 ffff 8d00 8dff 0 ffff 14 15 0 ffff 11 8 159b
ef83 ef83 8000 ffff 6400 64ff 0 ffff 66d 66e 0 ffff 11 8 159c
ef83 ef83 8000 ffff 6400 64ff 0 ffff 14 15 0 ffff 11 8 159d
ef83 ef83 6c00 6fff 65f1 65f1 4000 7fff 400 ffff 0 ffff 16 12 159e
ef80 ef81 0 ffff 6580 65bf 0 ffff 35 35 0 ffff f a 159f
ef83 ef83 6880 68bf eebc eebf 0 ffff 0 ffff 400 ffff 1a e 15a0
ef83 ef83 6900 69ff eeba eeba 0 ffff 400 ffff 0 ffff 18 10 15a1
ef83 ef83 6800 687f 8c5a 8c5a 0 ffff 0 ffff 0 ffff 19 10 15a2
ef00 ef7f 0 ffff 65f0 65f0 0 ffff 0 ffff 202 202 9 10 15a3
ef84 ef87 0 ffff 8c5b 8c5b 1c60 1c7f 0 ffff 0 ffff e 1b 15a4
ef83 ef83 8000 ffff 6400 64ff 0 ffff 0 ffff 45 45 11 8 15a5
cd0 cd0 96f0 96ff dfac dfac 6000 6fff 0 ffff 0 ffff 1c 14 15a6
6842 6842 cc30 cc3f 8c5b 8c5b 0 fff 0 ffff 0 ffff 1c 14 15a7
8112 8112 fe70 fe7f 20f3 20f3 7000 7fff 0 ffff 0 ffff 1c 14 15a8
8112 8112 fe70 fe7f afc8 afc8 0 fff 0 ffff 0 ffff 1c 14 15a9
ef83 ef83 68e0 68ef 5718 5718 d000 dfff 0 ffff 0 ffff 1c 14 15aa
ef83 ef83 68e0 68ef 65f1 65f1 2000 2fff 0 ffff 0 ffff 1c 14 15ab
cd0 cd0 9680 96bf dfac dfac 7000 73ff 0 ffff 0 ffff 1a 16 15ac
cd0 cd0 9680 96bf afc8 afc8 1400 17ff 0 ffff 0 ffff 1a 16 15ad
6842 6842 cc40 cc7f 65f1 65f1 3c00 3fff 0 ffff 0 ffff 1a 16 15ae
6842 6842 cc40 cc7f 8c5b 8c5b 1800 1bff 0 ffff 0 ffff 1a 16 15af
8112 8112 fe00 fe3f 8c5b 8c5b 1800 1bff 0 ffff 0 ffff 1a 16 15b0
8112 8112 fe00 fe3f 5718 5718 cc00 cfff 0 ffff 0 ffff 1a 16 15b1
ef83 ef83 6880 68bf 65f1 65f1 3c00 3fff 0 ffff 0 ffff 1a 16 15b2
ef83 ef83 6880 68bf 8c5b 8c5b 1800 1bff 0 ffff 0 ffff 1a 16 15b3
cd0 cd0 c000 ffff dfac dfac 7744 7747 0 ffff 0 ffff 12 1e 15b4
6842 6842 8000 bfff afc8 afc8 11a4 11a7 0 ffff 0 ffff 12 1e 15b5
6842 6842 8000 bfff 65f1 65f1 3818 381b 0 ffff 0 ffff 12 1e 15b6
0 ffff 0 ffff dfac dfac 7780 77ff 0 ffff 714 715 0 19 15b7
cd1 cd1 0 ffff dfac dfac 7400 75ff 0 ffff 400 ffff 10 17 15b8
cd0 cd0 a000 bfff 13ec 13ec b000 bfff 0 ffff 0 ffff 13 14 15b9
ef83 ef83 4000 5fff eebb eebb 4000 4fff 0 ffff 0 ffff 13 14 15ba
cd0 cd0 96ec 96ed afc8 afc8 8000 ffff 0 ffff 0 ffff 1f 11 15bb
8112 8112 fe62 fe63 eebb eebb 8000 ffff 0 ffff 0 ffff 1f 11 15bc
ef83 ef83 68fe 68ff 8c5b 8c5b 8000 ffff 0 ffff 0 ffff 1f 11 15bd
ef83 ef83 68fe 68ff 65f1 65f1 8000 ffff 0 ffff 0 ffff 1f 11 15be
cd0 cd0 9600 967f 13ec 13ec aa00 abff 0 ffff 0 ffff 19 17 15bf
cd0 cd0 9600 967f afc8 afc8 1200 13ff 0 ffff 0 ffff 19 17 15c0
6842 6842 cc80 ccff afc8 afc8 1200 13ff 0 ffff 0 ffff 19 17 15c1
6842 6842 cc80 ccff 8c5b 8c5b 1e00 1fff 0 ffff 0 ffff 19 17 15c2
6842 6842 cc80 ccff 13ec 13ec aa00 abff 0 ffff 0 ffff 19 17 15c3
6842 6842 cc80 ccff 65f1 65f1 3a00 3bff 0 ffff 0 ffff 19 17 15c4
8112 8112 fe80 feff 20f3 20f3 6600 67ff 0 ffff 0 ffff 19 17 15c5
8112 8112 fe80 feff eebb eebb 5400 55ff 0 ffff 0 ffff 19 17 15c6
8112 8112 fe80 feff 5718 5718 c800 c9ff 0 ffff 0 ffff 19 17 15c7
ef83 ef83 6800 687f 5718 5718 c800 c9ff 0 ffff 0 ffff 19 17 15c8
ef83 ef83 6800 687f 8c5b 8c5b 1e00 1fff 0 ffff 0 ffff 19 17 15c9
ef83 ef83 6800 687f 65f1 65f1 3a00 3bff 0 ffff 0 ffff 19 17 15ca
cc0 ccf 0 ffff afd0 afdf 0 ffff 0 ffff 71 71 c c 15cb
8100 810f 0 ffff 5700 570f 0 ffff 0 ffff 35 35 c c 15cc
cd1 cd1 0 ffff afc8 afc8 11a1 11a1 0 ffff 0 ffff 10 20 15cd
6843 6843 0 ffff afc8 afc8 11a1 11a1 0 ffff 0 ffff 10 20 15ce
8113 8113 0 ffff 8c5b 8c5b 1c47 1c47 0 ffff 0 ffff 10 20 15cf
cd0 cd0 c000 ffff a800 abff 0 ffff 0 ffff 232b 232b 12 6 15d0
6842 6842 8000 bfff 8800 8bff 0 ffff 0 ffff 50 50 12 6 15d1
cd0 cd0 9600 967f 65f4 65f7 0 ffff 0 ffff 0 ffff 19 e 15d2
0 7fff 0 ffff afc8 afc8 1200 13ff 0 ffff 1388 1388 1 17 15d3
0 7fff 0 ffff afc8 afc8 1200 13ff 0 ffff 8f 8f 1 17 15d4
cd0 cd0 8000 8fff b000 bfff 0 ffff 0 ffff 15a4 15a4 14 4 15d5
ef83 ef83 7000 7fff 4000 4fff 0 ffff 0 ffff 6bb 6bb 14 4 15d6
cd0 cd0 9400 95ff afc8 afc8 1100 117f 0 ffff 0 ffff 17 19 15d7
cd0 cd0 9400 95ff 65f1 65f1 3880 38ff 0 ffff 0 ffff 17 19 15d8
6842 6842 ce00 cfff afc8 afc8 1100 117f 0 ffff 0 ffff 17 19 15d9
6842 6842 ce00 cfff 65f1 65f1 3880 38ff 0 ffff 0 ffff 17 19 15da
6842 6842 ce00 cfff 13ec 13ec a800 a87f 0 ffff 0 ffff 17 19 15db
ef83 ef83 6a00 6bff 65f1 65f1 3880 38ff 0 ffff 0 ffff 17 19 15dc
ef83 ef83 6a00 6bff 8c5b 8c5b 1c80 1cff 0 ffff 0 ffff 17 19 15dd
ef83 ef83 6a00 6bff eebb eebb 5700 577f 0 ffff 0 ffff 17 19 15de
cd0 cd0 a000 bfff afc8 afc8 11a8 11af 0 ffff 0 ffff 13 1d 15df
cd0 cd0 a000 bfff 65f1 65f1 3810 3817 0 ffff 0 ffff 13 1d 15e0
6842 6842 e000 ffff 8c5b 8c5b 1c48 1c4f 0 ffff 0 ffff 13 1d 15e1
ef83 ef83 4000 5fff 65f1 65f1 3810 3817 0 ffff 0 ffff 13 1d 15e2
ef83 ef83 4000 5fff eebb eebb 57c0 57c7 0 ffff 0 ffff 13 1d 15e3
ef83 ef83 4000 5fff 8c5b 8c5b 1c48 1c4f 0 ffff 0 ffff 13 1d 15e4
cd0 cd0 96c0 96df afc8 afc8 1800 1fff 0 ffff 0 ffff 1b 15 15e5
6842 6842 cc00 cc1f 8c5b 8c5b 1000 17ff 0 ffff 0 ffff 1b 15 15e6
6842 6842 cc00 cc1f 13ec 13ec a000 a7ff 0 ffff 0 ffff 1b 15 15e7
6842 6842 cc00 cc1f 65f1 65f1 3000 37ff 0 ffff 0 ffff 1b 15 15e8
8112 8112 fe40 fe5f 20f3 20f3 6800 6fff 0 ffff 0 ffff 1b 15 15e9
8112 8112 fe40 fe5f 5718 5718 c000 c7ff 0 ffff 0 ffff 1b 15 15ea
8112 8112 fe40 fe5f 8c5b 8c5b 1000 17ff 0 ffff 0 ffff 1b 15 15eb
ef83 ef83 68c0 68df 8c5b 8c5b 1000 17ff 0 ffff 0 ffff 1b 15 15ec
ef83 ef83 68c0 68df 65f1 65f1 3000 37ff 0 ffff 0 ffff 1b 15 15ed
ef83 ef83 68c0 68df eebb eebb 5800 5fff 0 ffff 0 ffff 1b 15 15ee
cd0 cd0 9800 9fff afc8 afc8 1180 119f 0 ffff 0 ffff 15 1b 15ef
6842 6842 c000 c7ff 8c5b 8c5b 1c60 1c7f 0 ffff 0 ffff 15 1b 15f0
6842 6842 c000 c7ff 65f1 65f1 3820 383f 0 ffff 0 ffff 15 1b 15f1
8112 8112 f000 f7ff 8c5b 8c5b 1c60 1c7f 0 ffff 0 ffff 15 1b 15f2
8112 8112 f000 f7ff eebb eebb 57e0 57ff 0 ffff 0 ffff 15 1b 15f3
ef83 ef83 6000 67ff 65f1 65f1 3820 383f 0 ffff 0 ffff 15 1b 15f4
ef83 ef83 6000 67ff eebb eebb 57e0 57ff 0 ffff 0 ffff 15 1b 15f5
cd0 cd0 8000 8fff 13ec 13ec b000 bfff 0 ffff 0 ffff 14 14 15f6
6842 6842 d000 dfff 13ec 13ec b000 bfff 0 ffff 0 ffff 14 14 15f7
6842 6842 d000 dfff 8c5b 8c5b 0 fff 0 ffff 0 ffff 14 14 15f8
6842 6842 d000 dfff 8c5b 8c5b 0 fff 0 ffff 0 ffff 14 14 15f9
ef83 ef83 7000 7fff 8c5b 8c5b 0 fff 0 ffff 0 ffff 14 14 15fa
0 ffff 0 ffff dfac dfac 7600 76ff 0 ffff 202 202 0 18 15fb
0 ffff 0 ffff dfac dfac 7600 76ff 0 ffff 45 45 0 18 15fc
cd0 cd0 0 7fff a800 abff 0 ffff 0 ffff 50 50 11 6 15fd
d00 dff 0 ffff 13ee 13ef 0 ffff 0 ffff 202 202 8 f 15fe
6900 69ff 0 ffff 65f2 65f3 0 ffff 0 ffff 202 202 8 f 15ff
6842 6842 d000 dfff 2000 3fff 0 ffff 0 ffff 1590 1590 14 3 1600
6840 6841 0 ffff af00 af7f 0 ffff 0 ffff 202 202 f 9 1601
6840 6841 0 ffff 8c80 8cff 0 ffff 0 ffff 232b 232b f 9 1602
8110 8111 0 ffff ee00 ee7f 0 ffff 0 ffff a1 a1 f 9 1603
ef80 ef81 0 ffff ee00 ee7f 0 ffff 0 ffff 1586 1586 f 9 1604
ef80 ef81 0 ffff 6500 657f 0 ffff 0 ffff 66e 66e f 9 1605
7000 7fff 0 ffff 20f3 20f3 4000 5fff 0 ffff 50 50 4 13 1606
6842 6842 c000 c7ff 65f1 65f1 4000 7fff 0 ffff 0 ffff 15 12 1607
8112 8112 f000 f7ff eebb eebb 0 3fff 0 ffff 0 ffff 15 12 1608
ef83 ef83 6000 67ff 65f1 65f1 4000 7fff 0 ffff 0 ffff 15 12 1609
7000 7fff 0 ffff afc8 afc8 0 fff 8f 8f 0 ffff 4 14 160a
6842 6842 8000 bfff 13ec 13ec a000 a7ff 0 ffff 0 ffff 12 15 160b
6842 6842 c800 cbff 8000 bfff 0 ffff 14 15 0 ffff 16 2 160c
6880 68ff 0 ffff afca afcb 0 ffff 19 19 0 ffff 9 f 160d
6842 6842 cc20 cc23 8c5b 8c5b 4000 7fff 0 ffff 0 ffff 1e 12 160e
ef83 ef83 68f8 68fb 5718 5718 8000 bfff 0 ffff 0 ffff 1e 12 160f
ef83 ef83 68f8 68fb eebb eebb 0 3fff 0 ffff 0 ffff 1e 12 1610
6842 6842 c000 c7ff 8c5b 8c5b 4000 7fff 0 ffff 400 ffff 15 12 1611
6848 684f 0 ffff 13c0 13df 0 ffff 1bb 1bb 0 ffff d b 1612
8118 811f 0 ffff 5720 573f 0 ffff a1 a1 0 ffff d b 1613
6842 6842 cc40 cc7f 8c50 8c57 0 ffff 0 ffff 0 ffff 1a d 1614
6c00 6fff 0 ffff 13ec 13ec c000 ffff 0 ffff 45 45 6 12 1615
6c00 6fff 0 ffff 8c5b 8c5b 4000 7fff 0 ffff a1 a1 6 12 1616
8400 87ff 0 ffff 20f3 20f3 0 3fff 0 ffff 202 202 6 12 1617
e800 ebff 0 ffff eebb eebb 0 3fff 0 ffff 19 19 6 12 1618
6848 684f 0 ffff 13ec 13ec a000 a7ff 0 ffff 14 9cf d 15 1619
6842 6842 cd00 cdff 13ec 13ec a900 a9ff 0 ffff 0 ffff 18 18 161a
6842 6842 cd00 cdff 8c5b 8c5b 1d00 1dff 0 ffff 0 ffff 18 18 161b
8112 8112 ff00 ffff 5718 5718 cb00 cbff 0 ffff 0 ffff 18 18 161c
ef83 ef83 6900 69ff 5718 5718 cb00 cbff 0 ffff 0 ffff 18 18 161d
ef83 ef83 6900 69ff 65f1 65f1 3900 39ff 0 ffff 0 ffff 18 18 161e
ef83 ef83 6900 69ff eebb eebb 5600 56ff 0 ffff 0 ffff 18 18 161f
ef83 ef83 6900 69ff 8c5b 8c5b 1d00 1dff 0 ffff 0 ffff 18 18 1620
6900 69ff 0 ffff 8c5a 8c5a 0 ffff 0 ffff 202 202 8 10 1621
8000 80ff 0 ffff 20f2 20f2 0 ffff 0 ffff 66e 66e 8 10 1622
8000 80ff 0 ffff 8c5a 8c5a 0 ffff 0 ffff 202 202 8 10 1623
ee00 eeff 0 ffff 65f0 65f0 0 ffff 0 ffff 15a4 15a4 8 10 1624
ee00 eeff 0 ffff eeba eeba 0 ffff 0 ffff 599 599 8 10 1625
6842 6842 e000 ffff 65f1 65f1 3000 37ff 0 ffff 0 ffff 13 15 1626
8112 8112 c000 dfff 20f3 20f3 6800 6fff 0 ffff 0 ffff 13 15 1627
4000 7fff 0 ffff 13ec 13ec ac00 afff a1 a1 0 ffff 2 16 1628
6a00 6bff 0 ffff 65f1 65f1 8000 ffff 0 ffff 45 45 7 11 1629
8200 83ff 0 ffff 20f3 20f3 8000 ffff 0 ffff 1f4 1f4 7 11 162a
6842 6842 e000 ffff 6800 6fff 0 ffff 0 ffff 19 19 13 5 162b
ef83 ef83 4000 5fff e000 e7ff 0 ffff 0 ffff 45 45 13 5 162c
6860 687f 0 ffff 65f1 65f1 3810 3817 0 ffff 0 ffff b 1d 162d
6842 6842 d000 dfff 13ec 13ec a8a0 a8af 0 ffff 0 ffff 14 1c 162e
6842 6842 d000 dfff 65f1 65f1 3800 380f 0 ffff 0 ffff 14 1c 162f
8112 8112 e000 efff 5718 5718 ca40 ca4f 0 ffff 0 ffff 14 1c 1630
ef83 ef83 7000 7fff 5718 5718 ca40 ca4f 0 ffff 0 ffff 14 1c 1631
ef83 ef83 7000 7fff 8c5b 8c5b 1c50 1c5f 0 ffff 0 ffff 14 1c 1632
ef83 ef83 7000 7fff 65f1 65f1 3800 380f 0 ffff 0 ffff 14 1c 1633
6842 6842 cc00 cc1f 65e0 65ef 0 ffff 0 ffff 400 ffff 1b c 1634
6880 68ff 0 ffff 65f1 65f1 3880 38ff 0 ffff 14 9cf 9 19 1635
6850 685f 0 ffff 8c40 8c4f 0 ffff a1 a1 0 ffff c c 1636
ef90 ef9f 0 ffff eea0 eeaf 0 ffff a1 a1 0 ffff c c 1637
6842 6842 c800 cbff 13ec 13ec a8c0 a8ff 0 ffff 0 ffff 16 1a 1638
6842 6842 c800 cbff 8c5b 8c5b 1c00 1c3f 0 ffff 0 ffff 16 1a 1639
8112 8112 f800 fbff eebb eebb 5780 57bf 0 ffff 0 ffff 16 1a 163a
8112 8112 f800 fbff 8c5b 8c5b 1c00 1c3f 0 ffff 0 ffff 16 1a 163b
ef83 ef83 6c00 6fff 5718 5718 ca00 ca3f 0 ffff 0 ffff 16 1a 163c
ef83 ef83 6c00 6fff eebb eebb 5780 57bf 0 ffff 0 ffff 16 1a 163d
ef83 ef83 6c00 6fff dfac dfac 7700 773f 0 ffff 0 ffff 16 1a 163e
ef83 ef83 6c00 6fff 8c5b 8c5b 1c00 1c3f 0 ffff 0 ffff 16 1a 163f
6842 6842 cc28 cc2f 8c5b 8c5b 2000 3fff 0 ffff 0 ffff 1d 13 1640
8112 8112 fe68 fe6f 20f3 20f3 4000 5fff 0 ffff 0 ffff 1d 13 1641
8112 8112 fe68 fe6f 8c5b 8c5b 2000 3fff 0 ffff 0 ffff 1d 13 1642
ef83 ef83 68f0 68f7 8c5b 8c5b 2000 3fff 0 ffff 0 ffff 1d 13 1643
ef83 ef83 68f0 68f7 eebb eebb 6000 7fff 0 ffff 0 ffff 1d 13 1644
6000 67ff 0 ffff 65f1 65f1 0 1fff a1 a1 0 ffff 5 13 1645
6842 6842 0 7fff 13ec 13ec ac00 afff 0 ffff 0 ffff 11 16 1646
6842 6842 c800 cbff 8c5b 8c5b 4000 7fff 0 ffff 0 ffff 16 12 1647
6842 6842 c800 cbff 8c5b 8c5b 4000 7fff 0 ffff 0 ffff 16 12 1648
6a00 6bff 0 ffff 65f1 65f1 4000 7fff 0 ffff 14 15 7 12 1649
6800 683f 0 ffff 13e8 13eb 0 ffff 35 35 0 ffff a e 164a
6842 6842 d000 dfff 6000 63ff 0 ffff 14 17 0 ffff 14 6 164b
0 7fff 0 ffff 8c5b 8c5b 1d00 1dff 66d 66e 0 ffff 1 18 164c
6800 683f 0 ffff 8c5c 8c5f 0 ffff 0 ffff 202 202 a e 164d
8140 817f 0 ffff 571c 571f 0 ffff 0 ffff 232b 232b a e 164e
efc0 efff 0 ffff 65f4 65f7 0 ffff 0 ffff a1 a1 a e 164f
6860 687f 0 ffff 65e0 65ef 0 ffff 0 ffff 45 45 b c 1650
6800 683f 0 ffff 8c5b 8c5b 1c40 1c43 0 ffff 0 ffff a 1e 1651
6842 6842 cc26 cc26 13ed 13ed 0 ffff 0 ffff 0 ffff 20 10 1652
8112 8112 fe61 fe61 8c5a 8c5a 0 ffff 0 ffff 0 ffff 20 10 1653
ef83 ef83 68fd 68fd eeba eeba 0 ffff 0 ffff 0 ffff 20 10 1654
6842 6842 ce00 cfff 13ec 13ec 0 7fff 0 ffff 0 ffff 17 11 1655
6842 6842 0 7fff 65f1 65f1 3a00 3bff 0 ffff 0 ffff 11 17 1656
8112 8112 0 7fff eebb eebb 5400 55ff 0 ffff 0 ffff 11 17 1657
6850 685f 0 ffff 8c5b 8c5b 1c50 1c5f 0 ffff 0 ffff c 1c 1658
ef90 ef9f 0 ffff 8c5b 8c5b 1c50 1c5f 0 ffff 0 ffff c 1c 1659
0 ffff 0 ffff dfac dfac 7600 76ff 1600 1600 0 ffff 0 18 165a
0 ffff 0 ffff dfac dfac 7600 76ff 157c 157c 0 ffff 0 18 165b
6843 6843 0 ffff 65f1 65f1 3a00 3bff 0 ffff 0 ffff 10 17 165c
ef82 ef82 0 ffff eebb eebb 5400 55ff 0 ffff 0 ffff 10 17 165d
6a00 6bff 0 ffff 13ec 13ec 8000 9fff 0 ffff 14 17 7 13 165e
6900 69ff 0 ffff 8c5a 8c5a 0 ffff 35 35 0 ffff 8 10 165f
6860 687f 0 ffff 65f8 65ff 0 ffff 0 ffff 45 45 b d 1660
efa0 efbf 0 ffff 8c50 8c57 0 ffff 0 ffff 19 19 b d 1661
6848 684f 0 ffff 8c40 8c4f 0 ffff 0 ffff 714 715 d c 1662
6842 6842 cc30 cc3f 65c0 65df 0 ffff 0 ffff 400 ffff 1c b 1663
8112 8112 f000 f7ff 2000 3fff 0 ffff 0 ffff 50 50 15 3 1664
ef83 ef83 6000 67ff 8000 9fff 0 ffff 0 ffff 19 19 15 3 1665
8112 8112 ff00 ffff 0 ffff 0 ffff 0 ffff 232b 232b 18 0 1666
8112 8112 ff00 ffff 0 ffff 0 ffff 0 ffff 35 35 18 0 1667
ef83 ef83 6900 69ff 0 ffff 0 ffff 0 ffff 45 45 18 0 1668
8118 811f 0 ffff 8c60 8c7f 0 ffff 0 ffff a1 a1 d b 1669
8112 8112 c000 dfff e800 ebff 0 ffff 6d 6e 0 ffff 13 6 166a
8112 8112 f000 f7ff eebb eebb 6000 7fff 0 ffff 0 ffff 15 13 166b
8800 8fff 0 ffff eebb eebb 6000 7fff 0 ffff 599 599 5 13 166c
e000 e7ff 0 ffff eebb eebb 6000 7fff 0 ffff 202 202 5 13 166d
8000 80ff 0 ffff 8c5b 8c5b 4000 7fff 0 ffff 14 17 8 12 166e
8112 8112 0 7fff 8c5b 8c5b 1c44 1c45 0 ffff 0 ffff 11 1f 166f
ef83 ef83 8000 ffff 8c5b 8c5b 1c44 1c45 0 ffff 0 ffff 11 1f 1670
8112 8112 8000 bfff eebb eebb 5800 5fff 0 ffff 400 ffff 12 15 1671
8112 8112 ff00 ffff 571a 571b 0 ffff 0 ffff 400 ffff 18 f 1672
ef82 ef82 0 ffff 5780 57ff 0 ffff 6d 6e 0 ffff 10 9 1673
ef83 ef83 6800 687f eeb8 eeb9 0 ffff 0 ffff 0 ffff 19 f 1674
ef83 ef83 6800 687f 65f2 65f3 0 ffff 0 ffff 0 ffff 19 f 1675
ef83 ef83 6800 687f eeb8 eeb9 0 ffff 0 ffff 0 ffff 19 f 1676
ef83 ef83 8000 ffff ec00 edff 0 ffff 0 ffff 50 50 11 7 1677
ef83 ef83 8000 ffff 6600 67ff 0 ffff 0 ffff 599 599 11 7 1678
ef83 ef83 8000 ffff ec00 edff 0 ffff 0 ffff 232b 232b 11 7 1679
ef84 ef87 0 ffff 8c5b 8c5b 1c80 1cff 0 ffff 400 ffff e 19 167a
8000 ffff 0 ffff 5718 5718 c800 c9ff 599 599 0 ffff 1 17 167b
ef83 ef83 6a00 6bff 0 ffff 0 ffff 0 ffff 202 202 17 0 167c
ef83 ef83 6a00 6bff 0 ffff 0 ffff 0 ffff 50 50 17 0 167d
ef83 ef83 7000 7fff 7000 7fff 0 ffff 50 50 0 ffff 14 4 167e
ef83 ef83 68fd 68fd 6600 67ff 0 ffff 0 ffff 0 ffff 20 7 167f
ef83 ef83 68c0 68df 65e0 65ef 0 ffff 0 ffff 0 ffff 1b c 1680
ef83 ef83 6880 68bf 8c5c 8c5f 0 ffff 0 ffff 0 ffff 1a e 1681
ef83 ef83 6a00 6bff 65f0 65f0 0 ffff 0 ffff 0 ffff 17 10 1682
c000 dfff 0 ffff 65f1 65f1 3000 37ff 0 ffff 19 19 3 15 1683
c000 ffff 0 ffff 65f1 65f1 3c00 3fff 0 ffff 50 50 2 16 1684
ef82 ef82 0 ffff 65f1 65f1 3900 39ff 0 ffff 0 ffff 10 18 1685
ef83 ef83 6000 67ff 8000 bfff 0 ffff 0 ffff a1 a1 15 2 1686
ef83 ef83 7000 7fff 65f1 65f1 0 1fff 0 ffff 0 ffff 14 13 1687
ef83 ef83 0 3fff e000 e7ff 0 ffff a1 a1 0 ffff 12 5 1688
ef83 ef83 6900 69ff 65f0 65f0 0 ffff 0 ffff 0 ffff 18 10 1689
ef84 ef87 0 ffff dfb0 dfbf 0 ffff 14 17 0 ffff e c 168a
ef83 ef83 6a00 6bff 0 7fff 0 ffff 0 ffff 202 202 17 1 168b
ef83 ef83 6a00 6bff 8000 ffff 0 ffff 0 ffff 202 202 17 1 168c
ef84 ef87 0 ffff 6580 65bf 0 ffff 0 ffff a2 a2 e a 168d
efa0 efbf 0 ffff 65f1 65f1 3800 380f 0 ffff 400 ffff b 1c 168e
ef83 ef83 8000 ffff 6400 64ff 0 ffff 6d 6e 0 ffff 11 8 168f
ef84 ef87 0 ffff 65f1 65f1 3880 38ff 0 ffff 0 ffff e 19 1690
cd0 cd0 9000 93ff dfac dfac 7780 77ff 0 ffff 0 ffff 16 19 1691
cd0 cd0 9000 93ff afc8 afc8 1100 117f 0 ffff 0 ffff 16 19 1692
6842 6842 c800 cbff 65f1 65f1 3880 38ff 0 ffff 0 ffff 16 19 1693
6842 6842 c800 cbff 8c5b 8c5b 1c80 1cff 0 ffff 0 ffff 16 19 1694
8112 8112 f800 fbff eebb eebb 5700 577f 0 ffff 0 ffff 16 19 1695
ef83 ef83 6c00 6fff 5718 5718 ca80 caff 0 ffff 0 ffff 16 19 1696
cd0 cd0 a000 bfff dfac dfac 7750 775f 0 ffff 0 ffff 13 1c 1697
cd0 cd0 a000 bfff 13ec 13ec a8a0 a8af 0 ffff 0 ffff 13 1c 1698
6842 6842 e000 ffff 13ec 13ec a8a0 a8af 0 ffff 0 ffff 13 1c 1699
6842 6842 e000 ffff 8c5b 8c5b 1c50 1c5f 0 ffff 0 ffff 13 1c 169a
ef83 ef83 4000 5fff eebb eebb 57d0 57df 0 ffff 0 ffff 13 1c 169b
ef83 ef83 4000 5fff 65f1 65f1 3800 380f 0 ffff 0 ffff 13 1c 169c
cd4 cd7 0 ffff dfac dfac 7600 76ff 0 ffff 400 ffff e 18 169d
6844 6847 0 ffff 13ec 13ec a900 a9ff 0 ffff 400 ffff e 18 169e
cd0 cd0 8000 8fff dfac dfac 7760 777f 0 ffff 0 ffff 14 1b 169f
cd0 cd0 8000 8fff afc8 afc8 1180 119f 0 ffff 0 ffff 14 1b 16a0
6842 6842 d000 dfff 65f1 65f1 3820 383f 0 ffff 0 ffff 14 1b 16a1
6842 6842 d000 dfff 8c5b 8c5b 1c60 1c7f 0 ffff 0 ffff 14 1b 16a2
6842 6842 d000 dfff 13ec 13ec a880 a89f 0 ffff 0 ffff 14 1b 16a3
8112 8112 e000 efff 20f3 20f3 65e0 65ff 0 ffff 0 ffff 14 1b 16a4
8112 8112 e000 efff 5718 5718 ca60 ca7f 0 ffff 0 ffff 14 1b 16a5
ef83 ef83 7000 7fff 5718 5718 ca60 ca7f 0 ffff 0 ffff 14 1b 16a6
ef83 ef83 7000 7fff 65f1 65f1 3820 383f 0 ffff 0 ffff 14 1b 16a7
cd2 cd3 0 ffff dfac dfac 7400 75ff 0 ffff 400 ffff f 17 16a8
ce0 cff 0 ffff dfac dfac 7750 775f 0 ffff 0 ffff b 1c 16a9
8120 813f 0 ffff eebb eebb 57d0 57df 0 ffff 0 ffff b 1c 16aa
cd0 cd0 96c0 96df 65f1 65f1 2000 2fff 0 ffff 0 ffff 1b 14 16ab
cd0 cd0 96c0 96df afc8 afc8 0 fff 0 ffff 0 ffff 1b 14 16ac
cd0 cd0 96c0 96df 13ec 13ec b000 bfff 0 ffff 0 ffff 1b 14 16ad
6842 6842 cc00 cc1f 65f1 65f1 2000 2fff 0 ffff 0 ffff 1b 14 16ae
8112 8112 fe40 fe5f 8c5b 8c5b 0 fff 0 ffff 0 ffff 1b 14 16af
8112 8112 fe40 fe5f 5718 5718 d000 dfff 0 ffff 0 ffff 1b 14 16b0
ef83 ef83 68c0 68df eebb eebb 4000 4fff 0 ffff 0 ffff 1b 14 16b1
ef83 ef83 68c0 68df 8c5b 8c5b 0 fff 0 ffff 0 ffff 1b 14 16b2
ef83 ef83 68c0 68df 65f1 65f1 2000 2fff 0 ffff 0 ffff 1b 14 16b3
cd0 cd0 96ec 96ed dfad dfad 0 ffff 0 ffff 0 ffff 1f 10 16b4
cd0 cd0 96ec 96ed afc9 afc9 0 ffff 0 ffff 0 ffff 1f 10 16b5
cd0 cd0 96ec 96ed 65f0 65f0 0 ffff 0 ffff 0 ffff 1f 10 16b6
6842 6842 cc24 cc25 13ed 13ed 0 ffff 0 ffff 0 ffff 1f 10 16b7
6842 6842 cc24 cc25 8c5a 8c5a 0 ffff 0 ffff 0 ffff 1f 10 16b8
cd0 cd0 0 7fff d800 dbff 0 ffff 19 19 0 ffff 11 6 16b9
cd1 cd1 0 ffff 6600 67ff 0 ffff 0 ffff 16 16 10 7 16ba
6843 6843 0 ffff 8e00 8fff 0 ffff 0 ffff 45 45 10 7 16bb
cd0 cd0 c000 ffff 13ec 13ec a000 a7ff 0 ffff 0 ffff 12 15 16bc
6842 6842 8000 bfff afc8 afc8 1800 1fff 0 ffff 0 ffff 12 15 16bd
6842 6842 8000 bfff 8c5b 8c5b 1000 17ff 0 ffff 0 ffff 12 15 16be
8112 8112 8000 bfff eebb eebb 5800 5fff 0 ffff 0 ffff 12 15 16bf
ef83 ef83 0 3fff 8c5b 8c5b 1000 17ff 0 ffff 0 ffff 12 15 16c0
c00 c7f 0 ffff 65f2 65f3 0 ffff 14 17 0 ffff 9 f 16c1
cd0 cd0 a000 bfff 7000 7fff 0 ffff 0 ffff 202 202 13 4 16c2
6842 6842 e000 ffff 7000 7fff 0 ffff 0 ffff 45 45 13 4 16c3
8112 8112 c000 dfff f000 ffff 0 ffff 0 ffff 202 202 13 4 16c4
ef83 ef83 4000 5fff 9000 9fff 0 ffff 0 ffff 35 35 13 4 16c5
ef83 ef83 4000 5fff 7000 7fff 0 ffff 0 ffff 50 50 13 4 16c6
ce0 cff 0 ffff afe0 afff 0 ffff a1 a1 0 ffff b b 16c7
cd0 cd0 9700 97ff 13ec 13ec aa00 abff 0 ffff 0 ffff 18 17 16c8
6842 6842 cd00 cdff afc8 afc8 1200 13ff 0 ffff 0 ffff 18 17 16c9
6842 6842 cd00 cdff 65f1 65f1 3a00 3bff 0 ffff 0 ffff 18 17 16ca
6842 6842 cd00 cdff 8c5b 8c5b 1e00 1fff 0 ffff 0 ffff 18 17 16cb
6842 6842 cd00 cdff 13ec 13ec aa00 abff 0 ffff 0 ffff 18 17 16cc
8112 8112 ff00 ffff 5718 5718 c800 c9ff 0 ffff 0 ffff 18 17 16cd
8112 8112 ff00 ffff eebb eebb 5400 55ff 0 ffff 0 ffff 18 17 16ce
ef83 ef83 6900 69ff 5718 5718 c800 c9ff 0 ffff 0 ffff 18 17 16cf
ef83 ef83 6900 69ff eebb eebb 5400 55ff 0 ffff 0 ffff 18 17 16d0
cd0 cd0 9800 9fff 65f1 65f1 3840 387f 0 ffff 0 ffff 15 1a 16d1
6842 6842 c000 c7ff afc8 afc8 11c0 11ff 0 ffff 0 ffff 15 1a 16d2
8112 8112 f000 f7ff eebb eebb 5780 57bf 0 ffff 0 ffff 15 1a 16d3
8112 8112 f000 f7ff 5718 5718 ca00 ca3f 0 ffff 0 ffff 15 1a 16d4
ef83 ef83 6000 67ff 8c5b 8c5b 1c00 1c3f 0 ffff 0 ffff 15 1a 16d5
ef83 ef83 6000 67ff 65f1 65f1 3840 387f 0 ffff 0 ffff 15 1a 16d6
cd4 cd7 0 ffff af00 af7f 0 ffff a1 a1 0 ffff e 9 16d7
c00 c7f 0 ffff afcc afcf 0 ffff 0 ffff 599 599 9 e 16d8
6880 68ff 0 ffff afcc afcf 0 ffff 0 ffff 77 77 9 e 16d9
6880 68ff 0 ffff 8c5c 8c5f 0 ffff 0 ffff 232b 232b 9 e 16da
8180 81ff 0 ffff 571c 571f 0 ffff 0 ffff 159a 159a 9 e 16db
8180 81ff 0 ffff eebc eebf 0 ffff 0 ffff 4be 4be 9 e 16dc
cd8 cdf 0 ffff 1300 137f 0 ffff 0 ffff 232b 232b d 9 16dd
cd0 cd0 8000 8fff afc8 afc8 4000 7fff 0 ffff 0 ffff 14 12 16de
ef83 ef83 7000 7fff 65f1 65f1 4000 7fff 0 ffff 0 ffff 14 12 16df
1000 1fff 0 ffff afc8 afc8 2000 3fff 0 ffff 50 50 4 13 16e0
cd1 cd1 0 ffff 6000 63ff 0 ffff 0 ffff 232b 232b 10 6 16e1
cd0 cd0 9400 95ff afc8 afc8 1000 10ff 0 ffff 0 ffff 17 18 16e2
6842 6842 ce00 cfff 8c5b 8c5b 1d00 1dff 0 ffff 0 ffff 17 18 16e3
8112 8112 fc00 fdff 8c5b 8c5b 1d00 1dff 0 ffff 0 ffff 17 18 16e4
8112 8112 fc00 fdff 5718 5718 cb00 cbff 0 ffff 0 ffff 17 18 16e5
ef83 ef83 6a00 6bff eebb eebb 5600 56ff 0 ffff 0 ffff 17 18 16e6
ef83 ef83 6a00 6bff 5718 5718 cb00 cbff 0 ffff 0 ffff 17 18 16e7
ef83 ef83 6a00 6bff 65f1 65f1 3900 39ff 0 ffff 0 ffff 17 18 16e8
ef83 ef83 6a00 6bff 8c5b 8c5b 1d00 1dff 0 ffff 0 ffff 17 18 16e9
0 7fff 0 ffff afc8 afc8 1400 17ff 0 ffff 50 50 1 16 16ea
8000 ffff 0 ffff 5718 5718 cc00 cfff 0 ffff 202 202 1 16 16eb
cd0 cd0 a000 bfff 65f1 65f1 0 1fff 0 ffff 400 ffff 13 13 16ec
6842 6842 e000 ffff 65f1 65f1 0 1fff 0 ffff 400 ffff 13 13 16ed
8112 8112 c000 dfff eebb eebb 6000 7fff 0 ffff 400 ffff 13 13 16ee
6842 6842 cc40 cc7f afc8 afc8 1800 1fff 0 ffff 0 ffff 1a 15 16ef
6842 6842 cc40 cc7f 13ec 13ec a000 a7ff 0 ffff 0 ffff 1a 15 16f0
6842 6842 cc40 cc7f 65f1 65f1 3000 37ff 0 ffff 0 ffff 1a 15 16f1
6842 6842 cc40 cc7f 8c5b 8c5b 1000 17ff 0 ffff 0 ffff 1a 15 16f2
8112 8112 fe00 fe3f 8c5b 8c5b 1000 17ff 0 ffff 0 ffff 1a 15 16f3
8112 8112 fe00 fe3f 20f3 20f3 6800 6fff 0 ffff 0 ffff 1a 15 16f4
8112 8112 fe00 fe3f 5718 5718 c000 c7ff 0 ffff 0 ffff 1a 15 16f5
ef83 ef83 6880 68bf 5718 5718 c000 c7ff 0 ffff 0 ffff 1a 15 16f6
ef83 ef83 6880 68bf 8c5b 8c5b 1000 17ff 0 ffff 0 ffff 1a 15 16f7
6842 6842 cd00 cdff afca afcb 0 ffff 0 ffff 0 ffff 18 f 16f8
6842 6842 cd00 cdff 8c58 8c59 0 ffff 0 ffff 0 ffff 18 f 16f9
6842 6842 cd00 cdff 8c58 8c59 0 ffff 0 ffff 0 ffff 18 f 16fa
8112 8112 ff00 ffff 571a 571b 0 ffff 0 ffff 0 ffff 18 f 16fb
6843 6843 0 ffff afc8 afc8 11a2 11a3 0 ffff 0 ffff 10 1f 16fc
6843 6843 0 ffff 65f1 65f1 381c 381d 0 ffff 0 ffff 10 1f 16fd
6900 69ff 0 ffff 65f2 65f3 0 ffff 0 ffff 89 89 8 f 16fe
ee00 eeff 0 ffff eeb8 eeb9 0 ffff 0 ffff 232b 232b 8 f 16ff
6842 6842 cc20 cc23 af00 af7f 0 ffff 0 ffff 0 ffff 1e 9 1700
6000 67ff 0 ffff afc8 afc8 4000 7fff 0 ffff 45 45 5 12 1701
e000 e7ff 0 ffff eebb eebb 0 3fff 0 ffff 232b 232b 5 12 1702
6842 6842 8000 bfff 65f1 65f1 2000 2fff 0 ffff 400 ffff 12 14 1703
6842 6842 8000 bfff afc8 afc8 0 fff 0 ffff 400 ffff 12 14 1704
6842 6842 c800 cbff 8000 ffff 0 ffff 0 ffff a2 a2 16 1 1705
6842 6842 c800 cbff 0 7fff 0 ffff 0 ffff 232b 232b 16 1 1706
8112 8112 f800 fbff 8000 ffff 0 ffff 0 ffff 599 599 16 1 1707
8112 8112 f800 fbff 0 7fff 0 ffff 0 ffff 202 202 16 1 1708
6842 6842 c800 cbff 0 7fff 0 ffff 35 35 0 ffff 16 1 1709
6842 6842 0 7fff afc8 afc8 11a4 11a7 0 ffff 0 ffff 11 1e 170a
6842 6842 e000 ffff 8c5b 8c5b 0 fff 0 ffff 0 ffff 13 14 170b
6842 6842 e000 ffff 13ec 13ec b000 bfff 0 ffff 0 ffff 13 14 170c
6842 6842 e000 ffff 65f1 65f1 2000 2fff 0 ffff 0 ffff 13 14 170d
6842 6842 ce00 cfff 0 ffff 0 ffff 0 ffff 45 45 17 0 170e
6842 6842 ce00 cfff 13ed 13ed 0 ffff 0 ffff 0 ffff 17 10 170f
6842 6842 ce00 cfff 8c5a 8c5a 0 ffff 0 ffff 0 ffff 17 10 1710
ef83 ef83 6a00 6bff 65f0 65f0 0 ffff 0 ffff 0 ffff 17 10 1711
6842 6842 8000 bfff 8000 87ff 0 ffff 14 15 0 ffff 12 5 1712
6800 683f 0 ffff 13e0 13e7 0 ffff 0 ffff 45 45 a d 1713
6860 687f 0 ffff 13f0 13ff 0 ffff 0 ffff 202 202 b c 1714
6860 687f 0 ffff 8c40 8c4f 0 ffff 0 ffff 16 16 b c 1715
efa0 efbf 0 ffff eea0 eeaf 0 ffff 0 ffff 22ab 22ab b c 1716
6842 6842 d000 dfff 8000 9fff 0 ffff 0 ffff 202 202 14 3 1717
8112 8112 e000 efff 4000 5fff 0 ffff 0 ffff a2 a2 14 3 1718
8112 8112 e000 efff 4000 5fff 0 ffff 0 ffff 22ab 22ab 14 3 1719
ef83 ef83 7000 7fff 8000 9fff 0 ffff 0 ffff 232b 232b 14 3 171a
6842 6842 c000 c7ff 8c5b 8c5b 8000 ffff 0 ffff 400 ffff 15 11 171b
6860 687f 0 ffff 13e0 13e7 0 ffff 0 ffff 714 715 b d 171c
6c00 6fff 0 ffff 13ec 13ec 8000 9fff 0 ffff 14 17 6 13 171d
4000 5fff 0 ffff 8c5b 8c5b 2000 3fff 0 ffff 232b 232b 3 13 171e
6842 6842 0 7fff 65f1 65f1 3000 37ff 0 ffff 0 ffff 11 15 171f
6850 685f 0 ffff 13c0 13df 0 ffff a1 a1 0 ffff c b 1720
6842 6842 c800 cbff 8c5a 8c5a 0 ffff 0 ffff 0 ffff 16 10 1721
6842 6842 0 7fff 8800 8bff 0 ffff 0 ffff 14 15 11 6 1722
6848 684f 0 ffff 5718 5718 ca00 ca3f 0 ffff 0 ffff d 1a 1723
6842 6842 cc40 cc7f 8c40 8c4f 0 ffff 0 ffff 0 ffff 1a c 1724
6848 684f 0 ffff 8c5b 8c5b 1c80 1cff 0 ffff 0 ffff d 19 1725
6a00 6bff 0 ffff 8c5a 8c5a 0 ffff 0 ffff 8b 8b 7 10 1726
6842 6842 cc80 ccff 65f8 65ff 0 ffff 0 ffff 0 ffff 19 d 1727
ef83 ef83 6800 687f eeb0 eeb7 0 ffff 0 ffff 0 ffff 19 d 1728
6a00 6bff 0 ffff 8c5b 8c5b 8000 ffff 0 ffff 14 15 7 11 1729
ec00 edff 0 ffff eebb eebb 8000 ffff 0 ffff 6d 6e 7 11 172a
6c00 6fff 0 ffff 65f0 65f0 0 ffff 0 ffff 202 202 6 10 172b
6842 6842 d000 dfff 8c5b 8c5b 2000 3fff 0 ffff 0 ffff 14 13 172c
8112 8112 e000 efff 5718 5718 e000 ffff 0 ffff 0 ffff 14 13 172d
ef83 ef83 7000 7fff eebb eebb 6000 7fff 0 ffff 0 ffff 14 13 172e
ef83 ef83 7000 7fff 8c5b 8c5b 2000 3fff 0 ffff 0 ffff 14 13 172f
6848 684f 0 ffff 8c00 8c3f 0 ffff 0 ffff 45 45 d a 1730
ef88 ef8f 0 ffff 5740 577f 0 ffff 0 ffff 8f 8f d a 1731
ef88 ef8f 0 ffff 8c00 8c3f 0 ffff 0 ffff 19 19 d a 1732
6000 67ff 0 ffff 8c5b 8c5b 4000 7fff 8f 8f 0 ffff 5 12 1733
6842 6842 cc30 cc3f 65f1 65f1 0 1fff 0 ffff 0 ffff 1c 13 1734
ef83 ef83 68e0 68ef eebb eebb 6000 7fff 0 ffff 0 ffff 1c 13 1735
ef83 ef83 68e0 68ef 65f1 65f1 0 1fff 0 ffff 0 ffff 1c 13 1736
6842 6842 cc80 ccff 8c5b 8c5b 1800 1bff 0 ffff 0 ffff 19 16 1737
8112 8112 fe80 feff eebb eebb 5000 53ff 0 ffff 0 ffff 19 16 1738
ef83 ef83 6800 687f 5718 5718 cc00 cfff 0 ffff 0 ffff 19 16 1739
ef83 ef83 6800 687f 65f1 65f1 3c00 3fff 0 ffff 0 ffff 19 16 173a
ef83 ef83 6800 687f 8c5b 8c5b 1800 1bff 0 ffff 0 ffff 19 16 173b
6842 6842 cc40 cc7f 8c50 8c57 0 ffff 0 ffff 0 ffff 1a d 173c
ef83 ef83 6880 68bf 65f8 65ff 0 ffff 0 ffff 0 ffff 1a d 173d
ef83 ef83 6880 68bf 8c50 8c57 0 ffff 0 ffff 0 ffff 1a d 173e
ef83 ef83 6880 68bf 8c50 8c57 0 ffff 0 ffff 0 ffff 1a d 173f
6842 6842 e000 ffff 9000 9fff 0 ffff a1 a1 0 ffff 13 4 1740
6842 6842 d000 dfff 8000 9fff 0 ffff 1590 1590 0 ffff 14 3 1741
6843 6843 0 ffff 8c5b 8c5b 1800 1bff 400 ffff 0 ffff 10 16 1742
6850 685f 0 ffff 13c0 13df 0 ffff 0 ffff 50 50 c b 1743
8100 810f 0 ffff ee80 ee9f 0 ffff 0 ffff 45 45 c b 1744
6844 6847 0 ffff 1380 13bf 0 ffff 14 15 0 ffff e a 1745
6844 6847 0 ffff 8c5b 8c5b 1c80 1cff 0 ffff 0 ffff e 19 1746
6842 6842 cc00 cc1f 8c40 8c4f 0 ffff 0 ffff 0 ffff 1b c 1747
8110 8111 0 ffff ef00 efff 0 ffff 0 ffff 66d 66d f 8 1748
8400 87ff 0 ffff 20f3 20f3 8000 ffff 0 ffff 45 45 6 11 1749
e800 ebff 0 ffff 65f1 65f1 8000 ffff 0 ffff 45 45 6 11 174a
a000 bfff 0 ffff 8c5b 8c5b 0 fff a1 a1 0 ffff 3 14 174b
8112 8112 fe00 fe3f 5700 570f 0 ffff 0 ffff 400 ffff 1a c 174c
ef83 ef83 6880 68bf 65e0 65ef 0 ffff 0 ffff 400 ffff 1a c 174d
8112 8112 ff00 ffff 8c5c 8c5f 0 ffff 0 ffff 0 ffff 18 e 174e
ef83 ef83 6900 69ff 65f4 65f7 0 ffff 0 ffff 0 ffff 18 e 174f
8112 8112 fe68 fe6f 5718 5718 8000 bfff 0 ffff 0 ffff 1d 12 1750
ef83 ef83 68f0 68f7 eebb eebb 0 3fff 0 ffff 0 ffff 1d 12 1751
8112 8112 e000 efff eebb eebb 0 3fff 0 ffff 400 ffff 14 12 1752
8112 8112 8000 bfff 5000 53ff 0 ffff 66d 66e 0 ffff 12 6 1753
ef83 ef83 0 3fff 6000 63ff 0 ffff 66d 66e 0 ffff 12 6 1754
8112 8112 fe61 fe61 e800 ebff 0 ffff 0 ffff 0 ffff 20 6 1755
8140 817f 0 ffff 8c5c 8c5f 0 ffff 0 ffff 66d 66e a e 1756
8112 8112 fe61 fe61 eeb8 eeb9 0 ffff 0 ffff 0 ffff 20 f 1757
ef83 ef83 68fc 68fc 571a 571b 0 ffff 0 ffff 0 ffff 20 f 1758
8114 8117 0 ffff 5780 57ff 0 ffff 0 ffff 45 45 e 9 1759
ef84 ef87 0 ffff ee00 ee7f 0 ffff 0 ffff 202 202 e 9 175a
ef80 ef81 0 ffff ef00 efff 0 ffff 599 599 0 ffff f 8 175b
efa0 efbf 0 ffff 5700 570f 0 ffff 50 50 0 ffff b c 175c
ef83 ef83 68f8 68fb eebb eebb 8000 ffff 0 ffff 0 ffff 1e 11 175d
ef83 ef83 68f8 68fb 5718 5718 0 7fff 0 ffff 0 ffff 1e 11 175e
ef83 ef83 68f8 68fb 65f1 65f1 8000 ffff 0 ffff 0 ffff 1e 11 175f
ef82 ef82 0 ffff 5400 55ff 0 ffff a1 a1 0 ffff 10 7 1760
ef82 ef82 0 ffff 6600 67ff 0 ffff 1586 1586 0 ffff 10 7 1761
ef00 ef7f 0 ffff 8c58 8c59 0 ffff 0 ffff 66d 66e 9 f 1762
ef00 ef7f 0 ffff 65f2 65f3 0 ffff 0 ffff 714 715 9 f 1763
ef83 ef83 6800 687f eeb0 eeb7 0 ffff 0 ffff 400 ffff 19 d 1764
ef83 ef83 6800 687f 65f8 65ff 0 ffff 0 ffff 400 ffff 19 d 1765
ef80 ef81 0 ffff 8c5b 8c5b 1e00 1fff 0 ffff 0 ffff f 17 1766
ef83 ef83 4000 5fff 65f1 65f1 0 1fff 0 ffff 0 ffff 13 13 1767
e000 e7ff 0 ffff 8c5b 8c5b 8000 ffff 0 ffff 1590 1590 5 11 1768
ef83 ef83 6c00 6fff 65f1 65f1 8000 ffff 0 ffff 0 ffff 16 11 1769
ef83 ef83 6c00 6fff eebb eebb 8000 ffff 0 ffff 0 ffff 16 11 176a
e800 ebff 0 ffff 65f1 65f1 4000 7fff 0 ffff 6d 6e 6 12 176b
ef83 ef83 0 3fff 6800 6fff 0 ffff 599 599 0 ffff 12 5 176c
0 ffff 0 ffff dfac dfac 7000 73ff 50 50 0 ffff 0 16 176d
ef83 ef83 68c0 68df 65c0 65df 0 ffff 0 ffff 0 ffff 1b b 176e
ef83 ef83 68c0 68df ee80 ee9f 0 ffff 0 ffff 0 ffff 1b b 176f
ef00 ef7f 0 ffff 65f1 65f1 3810 3817 0 ffff 400 ffff 9 1d 1770
ec00 edff 0 ffff 8c58 8c59 0 ffff 0 ffff 202 202 7 f 1771
ef80 ef81 0 ffff 65f1 65f1 381e 381e 0 ffff 0 ffff f 20 1772
ef83 ef83 68e0 68ef ee80 ee9f 0 ffff 0 ffff 0 ffff 1c b 1773
ef83 ef83 6800 687f 65f4 65f7 0 ffff 0 ffff 0 ffff 19 e 1774
ef83 ef83 6900 69ff 8c5c 8c5f 0 ffff 0 ffff 400 ffff 18 e 1775
ef83 ef83 0 3fff 6600 67ff 0 ffff 0 ffff 14 17 12 7 1776
ef82 ef82 0 ffff eebb eebb 5400 55ff 0 ffff 0 ffff 10 17 1777
0 ffff 0 ffff dfac dfac 7400 75ff 0 ffff 45 45 0 17 1778
ef83 ef83 0 3fff 6800 6fff 0 ffff 0 ffff 35 35 12 5 1779
ef84 ef87 0 ffff eebb eebb 5600 56ff 0 ffff 0 ffff e 18 177a
cd0 cd0 9800 9fff dfad dfad 0 ffff 0 ffff 0 ffff 15 10 177b
cd0 cd0 9800 9fff 65f0 65f0 0 ffff 0 ffff 0 ffff 15 10 177c
cc0 ccf 0 ffff 65c0 65df 0 ffff 0 ffff 6d 6e c b 177d
cd0 cd0 8000 8fff 13ec 13ec a8c0 a8ff 0 ffff 0 ffff 14 1a 177e
cd0 cd0 8000 8fff dfac dfac 7700 773f 0 ffff 0 ffff 14 1a 177f
cd0 cd0 8000 8fff 65f1 65f1 3840 387f 0 ffff 0 ffff 14 1a 1780
cd0 cd0 8000 8fff afc8 afc8 11c0 11ff 0 ffff 0 ffff 14 1a 1781
6842 6842 d000 dfff 8c5b 8c5b 1c00 1c3f 0 ffff 0 ffff 14 1a 1782
8112 8112 e000 efff eebb eebb 5780 57bf 0 ffff 0 ffff 14 1a 1783
ef83 ef83 7000 7fff 8c5b 8c5b 1c00 1c3f 0 ffff 0 ffff 14 1a 1784
ef83 ef83 7000 7fff 65f1 65f1 3840 387f 0 ffff 0 ffff 14 1a 1785
0 7ff 0 ffff 13ec 13ec 0 7fff 0 ffff 1590 1590 5 11 1786
e000 e7ff 0 ffff 8c5b 8c5b 8000 ffff 0 ffff 50 50 5 11 1787
cd8 cdf 0 ffff df00 df7f 0 ffff a1 a1 0 ffff d 9 1788
cd0 cd0 9000 93ff dfac dfac 7600 76ff 0 ffff 0 ffff 16 18 1789
6842 6842 c800 cbff 8c5b 8c5b 1d00 1dff 0 ffff 0 ffff 16 18 178a
6842 6842 c800 cbff 13ec 13ec a900 a9ff 0 ffff 0 ffff 16 18 178b
8112 8112 f800 fbff 8c5b 8c5b 1d00 1dff 0 ffff 0 ffff 16 18 178c
8112 8112 f800 fbff 20f3 20f3 6400 64ff 0 ffff 0 ffff 16 18 178d
ef83 ef83 6c00 6fff 8c5b 8c5b 1d00 1dff 0 ffff 0 ffff 16 18 178e
ef83 ef83 6c00 6fff 65f1 65f1 3900 39ff 0 ffff 0 ffff 16 18 178f
cd0 cd0 a000 bfff 13ec 13ec 8000 9fff 0 ffff 0 ffff 13 13 1790
e00 fff 0 ffff 13e8 13eb 0 ffff 0 ffff 35 35 7 e 1791
e00 fff 0 ffff 13ee 13ef 0 ffff 0 ffff 45 45 7 f 1792
e00 fff 0 ffff 13ee 13ef 0 ffff 0 ffff 35 35 7 f 1793
6a00 6bff 0 ffff 20f0 20f1 0 ffff 0 ffff 45 45 7 f 1794
ec00 edff 0 ffff 571a 571b 0 ffff 0 ffff 45 45 7 f 1795
cd0 cd0 9700 97ff 65f4 65f7 0 ffff 0 ffff 0 ffff 18 e 1796
cd0 cd0 9400 95ff 13ec 13ec aa00 abff 0 ffff 0 ffff 17 17 1797
cd0 cd0 9400 95ff afc8 afc8 1200 13ff 0 ffff 0 ffff 17 17 1798
6842 6842 ce00 cfff afc8 afc8 1200 13ff 0 ffff 0 ffff 17 17 1799
6842 6842 ce00 cfff 65f1 65f1 3a00 3bff 0 ffff 0 ffff 17 17 179a
6842 6842 ce00 cfff 8c5b 8c5b 1e00 1fff 0 ffff 0 ffff 17 17 179b
6842 6842 ce00 cfff 13ec 13ec aa00 abff 0 ffff 0 ffff 17 17 179c
8112 8112 fc00 fdff 20f3 20f3 6600 67ff 0 ffff 0 ffff 17 17 179d
8112 8112 fc00 fdff 5718 5718 c800 c9ff 0 ffff 0 ffff 17 17 179e
8112 8112 fc00 fdff 8c5b 8c5b 1e00 1fff 0 ffff 0 ffff 17 17 179f
ef83 ef83 6a00 6bff 5718 5718 c800 c9ff 0 ffff 0 ffff 17 17 17a0
ef83 ef83 6a00 6bff 8c5b 8c5b 1e00 1fff 0 ffff 0 ffff 17 17 17a1
cc0 ccf 0 ffff af80 afbf 0 ffff 0 ffff 50 50 c a 17a2
cc0 ccf 0 ffff af80 afbf 0 ffff 0 ffff 202 202 c a 17a3
6850 685f 0 ffff 6580 65bf 0 ffff 0 ffff 1b3a 1b3a c a 17a4
ef90 ef9f 0 ffff 8c00 8c3f 0 ffff 0 ffff 66d 66d c a 17a5
cd0 cd0 c000 ffff 13ec 13ec a8a0 a8af 0 ffff 0 ffff 12 1c 17a6
6842 6842 8000 bfff 20f3 20f3 65d0 65df 0 ffff 0 ffff 12 1c 17a7
6842 6842 8000 bfff 13ec 13ec a8a0 a8af 0 ffff 0 ffff 12 1c 17a8
6842 6842 8000 bfff 8c5b 8c5b 1c50 1c5f 0 ffff 0 ffff 12 1c 17a9
8112 8112 8000 bfff eebb eebb 57d0 57df 0 ffff 0 ffff 12 1c 17aa
ef83 ef83 0 3fff 65f1 65f1 3800 380f 0 ffff 0 ffff 12 1c 17ab
ef83 ef83 0 3fff 8c5b 8c5b 1c50 1c5f 0 ffff 0 ffff 12 1c 17ac
cd8 cdf 0 ffff 6580 65bf 0 ffff 0 ffff 14 17 d a 17ad
800 bff 0 ffff 65f0 65f0 0 ffff 0 ffff 202 202 6 10 17ae
8400 87ff 0 ffff 20f2 20f2 0 ffff 0 ffff 50 50 6 10 17af
8400 87ff 0 ffff 20f2 20f2 0 ffff 0 ffff a1 a1 6 10 17b0
e800 ebff 0 ffff 5719 5719 0 ffff 0 ffff 71 71 6 10 17b1
cd0 cd0 c000 ffff afc8 afc8 2000 3fff 0 ffff 400 ffff 12 13 17b2
ef83 ef83 0 3fff 5718 5718 e000 ffff 0 ffff 400 ffff 12 13 17b3
cd0 cd0 96ec 96ed afca afcb 0 ffff 0 ffff 0 ffff 1f f 17b4
6842 6842 cc24 cc25 afca afcb 0 ffff 0 ffff 0 ffff 1f f 17b5
ef83 ef83 68fe 68ff eeb8 eeb9 0 ffff 0 ffff 0 ffff 1f f 17b6
cd8 cdf 0 ffff af00 af7f 0 ffff 0 ffff 45 45 d 9 17b7
ef88 ef8f 0 ffff 6500 657f 0 ffff 0 ffff 45 45 d 9 17b8
cd0 cd0 a000 bfff 65f1 65f1 3820 383f 0 ffff 0 ffff 13 1b 17b9
cd0 cd0 a000 bfff afc8 afc8 1180 119f 0 ffff 0 ffff 13 1b 17ba
6842 6842 e000 ffff 8c5b 8c5b 1c60 1c7f 0 ffff 0 ffff 13 1b 17bb
8112 8112 c000 dfff 8c5b 8c5b 1c60 1c7f 0 ffff 0 ffff 13 1b 17bc
ef83 ef83 4000 5fff 5718 5718 ca60 ca7f 0 ffff 0 ffff 13 1b 17bd
ef83 ef83 4000 5fff 8c5b 8c5b 1c60 1c7f 0 ffff 0 ffff 13 1b 17be
ef83 ef83 4000 5fff 65f1 65f1 3820 383f 0 ffff 0 ffff 13 1b 17bf
cd0 cd0 9800 9fff 65f1 65f1 3880 38ff 0 ffff 0 ffff 15 19 17c0
6842 6842 c000 c7ff 65f1 65f1 3880 38ff 0 ffff 0 ffff 15 19 17c1
6842 6842 c000 c7ff 8c5b 8c5b 1c80 1cff 0 ffff 0 ffff 15 19 17c2
8112 8112 f000 f7ff 8c5b 8c5b 1c80 1cff 0 ffff 0 ffff 15 19 17c3
8112 8112 f000 f7ff 20f3 20f3 6500 657f 0 ffff 0 ffff 15 19 17c4
ef83 ef83 6000 67ff 5718 5718 ca80 caff 0 ffff 0 ffff 15 19 17c5
ef83 ef83 6000 67ff 8c5b 8c5b 1c80 1cff 0 ffff 0 ffff 15 19 17c6
ef83 ef83 6000 67ff 65f1 65f1 3880 38ff 0 ffff 0 ffff 15 19 17c7
cd0 cd0 9700 97ff afc8 afc8 1400 17ff 0 ffff 0 ffff 18 16 17c8
cd0 cd0 9700 97ff 13ec 13ec ac00 afff 0 ffff 0 ffff 18 16 17c9
6842 6842 cd00 cdff afc8 afc8 1400 17ff 0 ffff 0 ffff 18 16 17ca
6842 6842 cd00 cdff 65f1 65f1 3c00 3fff 0 ffff 0 ffff 18 16 17cb
6842 6842 cd00 cdff 13ec 13ec ac00 afff 0 ffff 0 ffff 18 16 17cc
8112 8112 ff00 ffff eebb eebb 5000 53ff 0 ffff 0 ffff 18 16 17cd
8112 8112 ff00 ffff 5718 5718 cc00 cfff 0 ffff 0 ffff 18 16 17ce
ef83 ef83 6900 69ff eebb eebb 5000 53ff 0 ffff 0 ffff 18 16 17cf
ef83 ef83 6900 69ff 65f1 65f1 3c00 3fff 0 ffff 0 ffff 18 16 17d0
c80 cbf 0 ffff 65e0 65ef 0 ffff 0 ffff 35 35 a c 17d1
c80 cbf 0 ffff 13f0 13ff 0 ffff 0 ffff 599 599 a c 17d2
6800 683f 0 ffff afd0 afdf 0 ffff 0 ffff 202 202 a c 17d3
6800 683f 0 ffff 8c40 8c4f 0 ffff 0 ffff 45 45 a c 17d4
efc0 efff 0 ffff 8c40 8c4f 0 ffff 0 ffff 4be 4be a c 17d5
efc0 efff 0 ffff 65e0 65ef 0 ffff 0 ffff 202 202 a c 17d6
cd1 cd1 0 ffff 1400 17ff 0 ffff 14 14 0 ffff 10 6 17d7
ce0 cff 0 ffff afe0 afff 0 ffff 599 599 0 ffff b b 17d8
8120 813f 0 ffff ee80 ee9f 0 ffff a1 a1 0 ffff b b 17d9
efa0 efbf 0 ffff 8c60 8c7f 0 ffff a1 a1 0 ffff b b 17da
800 bff 0 ffff 13ee 13ef 0 ffff 0 ffff 232b 232b 6 f 17db
cd0 cd0 a000 bfff 0 1fff 0 ffff 35 35 0 ffff 13 3 17dc
cd0 cd0 8000 8fff 8000 bfff 0 ffff 15a4 15a4 0 ffff 14 2 17dd
cd0 cd0 8000 8fff 8000 bfff 0 ffff 0 ffff 202 202 14 2 17de
1000 1fff 0 ffff afc8 afc8 2000 3fff 0 ffff 6d 6e 4 13 17df
6842 6842 0 7fff afc8 afc8 11a8 11af 0 ffff 0 ffff 11 1d 17e0
6842 6842 0 7fff 8c5b 8c5b 1c48 1c4f 0 ffff 0 ffff 11 1d 17e1
ef83 ef83 8000 ffff 8c5b 8c5b 1c48 1c4f 0 ffff 0 ffff 11 1d 17e2
6842 6842 cc80 ccff 65f8 65ff 0 ffff 0 ffff 0 ffff 19 d 17e3
ef83 ef83 6800 687f eeb0 eeb7 0 ffff 0 ffff 0 ffff 19 d 17e4
6842 6842 cc20 cc23 afc9 afc9 0 ffff 0 ffff 0 ffff 1e 10 17e5
6842 6842 cc20 cc23 20f2 20f2 0 ffff 0 ffff 0 ffff 1e 10 17e6
6842 6842 cc20 cc23 65f0 65f0 0 ffff 0 ffff 0 ffff 1e 10 17e7
6900 69ff 0 ffff afc0 afc7 0 ffff 0 ffff 89 89 8 d 17e8
6842 6842 cc80 ccff 65f1 65f1 3000 37ff 0 ffff 0 ffff 19 15 17e9
6842 6842 cc80 ccff 13ec 13ec a000 a7ff 0 ffff 0 ffff 19 15 17ea
6842 6842 cc80 ccff 8c5b 8c5b 1000 17ff 0 ffff 0 ffff 19 15 17eb
8112 8112 fe80 feff 8c5b 8c5b 1000 17ff 0 ffff 0 ffff 19 15 17ec
8112 8112 fe80 feff 20f3 20f3 6800 6fff 0 ffff 0 ffff 19 15 17ed
ef83 ef83 6800 687f eebb eebb 5800 5fff 0 ffff 0 ffff 19 15 17ee
6842 6842 cc40 cc7f afc8 afc8 0 fff 0 ffff 0 ffff 1a 14 17ef
6842 6842 cc40 cc7f 8c5b 8c5b 0 fff 0 ffff 0 ffff 1a 14 17f0
6842 6842 cc40 cc7f 65f1 65f1 2000 2fff 0 ffff 0 ffff 1a 14 17f1
8112 8112 fe00 fe3f 8c5b 8c5b 0 fff 0 ffff 0 ffff 1a 14 17f2
8112 8112 fe00 fe3f 5718 5718 d000 dfff 0 ffff 0 ffff 1a 14 17f3
ef83 ef83 6880 68bf 8c5b 8c5b 0 fff 0 ffff 0 ffff 1a 14 17f4
6900 69ff 0 ffff afcc afcf 0 ffff 0 ffff 35 35 8 e 17f5
6900 69ff 0 ffff 8c5c 8c5f 0 ffff 0 ffff 202 202 8 e 17f6
6900 69ff 0 ffff 8c5c 8c5f 0 ffff 0 ffff 50 50 8 e 17f7
ee00 eeff 0 ffff eebc eebf 0 ffff 0 ffff 20c 20c 8 e 17f8
ee00 eeff 0 ffff 65f4 65f7 0 ffff 0 ffff 87 87 8 e 17f9
ee00 eeff 0 ffff 65f4 65f7 0 ffff 0 ffff 45 45 8 e 17fa
6840 6841 0 ffff afc8 afc8 11a2 11a3 0 ffff 0 ffff f 1f 17fb
ef80 ef81 0 ffff 8c5b 8c5b 1c44 1c45 0 ffff 0 ffff f 1f 17fc
6840 6841 0 ffff ac00 adff 0 ffff 0 ffff 8b 8b f 7 17fd
8110 8111 0 ffff 2200 23ff 0 ffff 0 ffff 45 45 f 7 17fe
6843 6843 0 ffff 8c5b 8c5b 1c40 1c43 0 ffff 0 ffff 10 1e 17ff
8113 8113 0 ffff 5718 5718 ca58 ca5b 0 ffff 0 ffff 10 1e 1800
ef82 ef82 0 ffff eebb eebb 57cc 57cf 0 ffff 0 ffff 10 1e 1801
ef82 ef82 0 ffff 65f1 65f1 3818 381b 0 ffff 0 ffff 10 1e 1802
4000 5fff 0 ffff 8c5b 8c5b 2000 3fff 0 ffff 45 45 3 13 1803
4000 5fff 0 ffff 13ec 13ec 8000 9fff 0 ffff 35 35 3 13 1804
6860 687f 0 ffff 8c60 8c7f 0 ffff 0 ffff 599 599 b b 1805
6860 687f 0 ffff 8c60 8c7f 0 ffff 0 ffff 45 45 b b 1806
6860 687f 0 ffff 8c60 8c7f 0 ffff 0 ffff 202 202 b b 1807
8120 813f 0 ffff 20c0 20df 0 ffff 0 ffff 45 45 b b 1808
6842 6842 cc30 cc3f 8c5b 8c5b 4000 7fff 0 ffff 0 ffff 1c 12 1809
6842 6842 cc30 cc3f 65f1 65f1 4000 7fff 0 ffff 0 ffff 1c 12 180a
8112 8112 fe70 fe7f 5718 5718 8000 bfff 0 ffff 0 ffff 1c 12 180b
8112 8112 fe70 fe7f eebb eebb 0 3fff 0 ffff 0 ffff 1c 12 180c
ef83 ef83 68e0 68ef 65f1 65f1 4000 7fff 0 ffff 0 ffff 1c 12 180d
6842 6842 c800 cbff 0 ffff 0 ffff 19 19 0 ffff 16 0 180e
6842 6842 8000 bfff 9000 9fff 0 ffff 8f 8f 0 ffff 12 4 180f
ef83 ef83 0 3fff f000 ffff 0 ffff 50 50 0 ffff 12 4 1810
ef83 ef83 0 3fff 7000 7fff 0 ffff 15ff 15ff 0 ffff 12 4 1811
6842 6842 0 7fff 65f1 65f1 2000 2fff 0 ffff 0 ffff 11 14 1812
ef83 ef83 8000 ffff 8c5b 8c5b 0 fff 0 ffff 0 ffff 11 14 1813
6842 6842 cc28 cc2f 8c5b 8c5b 8000 ffff 0 ffff 0 ffff 1d 11 1814
8112 8112 fe68 fe6f 8c5b 8c5b 8000 ffff 0 ffff 0 ffff 1d 11 1815
ef83 ef83 68f0 68f7 5718 5718 0 7fff 0 ffff 0 ffff 1d 11 1816
ef83 ef83 68f0 68f7 8c5b 8c5b 8000 ffff 0 ffff 0 ffff 1d 11 1817
ef83 ef83 68f0 68f7 65f1 65f1 8000 ffff 0 ffff 0 ffff 1d 11 1818
6842 6842 c000 c7ff 8c5a 8c5a 0 ffff 0 ffff 400 ffff 15 10 1819
6843 6843 0 ffff 1800 1fff 0 ffff 0 ffff 45 45 10 5 181a
6842 6842 cc00 cc1f 13ec 13ec 8000 9fff 0 ffff 0 ffff 1b 13 181b
6842 6842 cc00 cc1f 8c5b 8c5b 2000 3fff 0 ffff 0 ffff 1b 13 181c
6842 6842 cc00 cc1f 65f1 65f1 0 1fff 0 ffff 0 ffff 1b 13 181d
8112 8112 fe40 fe5f 5718 5718 e000 ffff 0 ffff 0 ffff 1b 13 181e
ef83 ef83 68c0 68df 8c5b 8c5b 2000 3fff 0 ffff 0 ffff 1b 13 181f
ef83 ef83 68c0 68df 5718 5718 e000 ffff 0 ffff 0 ffff 1b 13 1820
6844 6847 0 ffff 8c5b 8c5b 1e00 1fff 0 ffff 400 ffff e 17 1821
4000 7fff 0 ffff 8c5b 8c5b 0 fff 0 ffff 45 45 2 14 1822
c000 ffff 0 ffff 8c5b 8c5b 0 fff 0 ffff 45 45 2 14 1823
6842 6842 c000 c7ff 13ec 13ec 0 7fff 0 ffff 0 ffff 15 11 1824
ef83 ef83 6000 67ff 65f1 65f1 8000 ffff 0 ffff 0 ffff 15 11 1825
6844 6847 0 ffff 65f1 65f1 381f 381f 0 ffff 0 ffff e 20 1826
ef84 ef87 0 ffff 5718 5718 ca5f ca5f 0 ffff 0 ffff e 20 1827
ef84 ef87 0 ffff eebb eebb 57ca 57ca 0 ffff 0 ffff e 20 1828
6842 6842 cc24 cc25 1400 17ff 0 ffff 0 ffff 0 ffff 1f 6 1829
6842 6842 8000 bfff 13ec 13ec b000 bfff 0 ffff 0 ffff 12 14 182a
ef83 ef83 0 3fff 65f1 65f1 2000 2fff 0 ffff 0 ffff 12 14 182b
6842 6842 ce00 cfff 8c58 8c59 0 ffff 0 ffff 0 ffff 17 f 182c
6843 6843 0 ffff 13ec 13ec ac00 afff 0 ffff 0 ffff 10 16 182d
ef82 ef82 0 ffff 8c5b 8c5b 1800 1bff 0 ffff 0 ffff 10 16 182e
6850 685f 0 ffff 1300 137f 0 ffff 0 ffff a1 a1 c 9 182f
ef90 ef9f 0 ffff 8c80 8cff 0 ffff 0 ffff 35 35 c 9 1830
6800 683f 0 ffff 65c0 65df 0 ffff 0 ffff 232b 232b a b 1831
8120 813f 0 ffff eebb eebb 5780 57bf 0 ffff 400 ffff b 1a 1832
8118 811f 0 ffff 2100 21ff 0 ffff 0 ffff 202 202 d 8 1833
8100 810f 0 ffff 2080 20bf 0 ffff 45 45 0 ffff c a 1834
8100 810f 0 ffff 2080 20bf 0 ffff a1 a1 0 ffff c a 1835
8100 810f 0 ffff eec0 eeff 0 ffff a1 a1 0 ffff c a 1836
ef90 ef9f 0 ffff 8c00 8c3f 0 ffff 16 16 0 ffff c a 1837
8140 817f 0 ffff 8c40 8c4f 0 ffff a1 a1 0 ffff a c 1838
8180 81ff 0 ffff 20e0 20ef 0 ffff 8a 8a 0 ffff 9 c 1839
8112 8112 c000 dfff 5718 5718 8000 bfff 0 ffff 400 ffff 13 12 183a
8180 81ff 0 ffff 5710 5717 0 ffff 0 ffff 71 71 9 d 183b
8180 81ff 0 ffff 8c50 8c57 0 ffff 0 ffff 19 19 9 d 183c
8180 81ff 0 ffff 5710 5717 0 ffff 0 ffff 15a4 15a4 9 d 183d
ef00 ef7f 0 ffff 65f8 65ff 0 ffff 0 ffff 202 202 9 d 183e
8112 8112 fc00 fdff eebc eebf 0 ffff 0 ffff 400 ffff 17 e 183f
8400 87ff 0 ffff 8c5b 8c5b 1c44 1c45 0 ffff 0 ffff 6 1f 1840
8112 8112 f800 fbff 5719 5719 0 ffff 0 ffff 0 ffff 16 10 1841
8112 8112 e000 efff 5718 5718 0 7fff 0 ffff 400 ffff 14 11 1842
8110 8111 0 ffff 8c5b 8c5b 1800 1bff 0 ffff 0 ffff f 16 1843
8200 83ff 0 ffff eebc eebf 0 ffff 157c 157c 0 ffff 7 e 1844
8118 811f 0 ffff 8c5b 8c5b 1d00 1dff 0 ffff 400 ffff d 18 1845
0 ffff 0 ffff dfac dfac 7000 73ff 157c 157c 0 ffff 0 16 1846
ef83 ef83 0 3fff e000 ffff 0 ffff a1 a1 0 ffff 12 3 1847
ef80 ef81 0 ffff 5718 5718 c800 c9ff 0 ffff 0 ffff f 17 1848
ef82 ef82 0 ffff 5000 53ff 0 ffff 0 ffff 45 45 10 6 1849
ef82 ef82 0 ffff e800 ebff 0 ffff 0 ffff 45 45 10 6 184a
ef83 ef83 4000 5fff 5718 5718 8000 bfff 0 ffff 0 ffff 13 12 184b
e800 ebff 0 ffff 5718 5718 0 7fff 0 ffff 6d 6e 6 11 184c
ef83 ef83 6900 69ff 65f8 65ff 0 ffff 0 ffff 0 ffff 18 d 184d
ef83 ef83 6900 69ff 8c50 8c57 0 ffff 0 ffff 0 ffff 18 d 184e
ef82 ef82 0 ffff 8c5b 8c5b 1000 17ff 0 ffff 0 ffff 10 15 184f
ef84 ef87 0 ffff 8c5b 8c5b 1e00 1fff 400 ffff 0 ffff e 17 1850
ef00 ef7f 0 ffff 65f8 65ff 0 ffff 35 35 0 ffff 9 d 1851
ef83 ef83 8000 ffff eebb eebb 5800 5fff 0 ffff 0 ffff 11 15 1852
ef83 ef83 6c00 6fff 65f2 65f3 0 ffff 0 ffff 400 ffff 16 f 1853
ef83 ef83 68c0 68df 65c0 65df 0 ffff 0 ffff 0 ffff 1b b 1854
efa0 efbf 0 ffff 65f8 65ff 0 ffff 0 ffff 14 17 b d 1855
0 ffff 0 ffff dfac dfac 7000 73ff 0 ffff 66d 66d 0 16 1856
ef83 ef83 8000 ffff eebb eebb 4000 4fff 0 ffff 400 ffff 11 14 1857
ef83 ef83 7000 7fff 8c5b 8c5b 4000 7fff 0 ffff 0 ffff 14 12 1858
cd0 cd0 9400 95ff 65f1 65f1 3c00 3fff 0 ffff 0 ffff 17 16 1859
cd0 cd0 9400 95ff 13ec 13ec ac00 afff 0 ffff 0 ffff 17 16 185a
cd0 cd0 9400 95ff afc8 afc8 1400 17ff 0 ffff 0 ffff 17 16 185b
6842 6842 ce00 cfff 8c5b 8c5b 1800 1bff 0 ffff 0 ffff 17 16 185c
8112 8112 fc00 fdff 20f3 20f3 6000 63ff 0 ffff 0 ffff 17 16 185d
8112 8112 fc00 fdff eebb eebb 5000 53ff 0 ffff 0 ffff 17 16 185e
ef83 ef83 6a00 6bff 8c5b 8c5b 1800 1bff 0 ffff 0 ffff 17 16 185f
cd0 cd0 96e0 96e7 6400 64ff 0 ffff 0 ffff 0 ffff 1d 8 1860
d00 dff 0 ffff 13e8 13eb 0 ffff 0 ffff 6d 6e 8 e 1861
cd0 cd0 9800 9fff dfac dfac 7600 76ff 0 ffff 0 ffff 15 18 1862
cd0 cd0 9800 9fff 65f1 65f1 3900 39ff 0 ffff 0 ffff 15 18 1863
8112 8112 f000 f7ff 5718 5718 cb00 cbff 0 ffff 0 ffff 15 18 1864
ef83 ef83 6000 67ff 8c5b 8c5b 1d00 1dff 0 ffff 0 ffff 15 18 1865
ef83 ef83 6000 67ff 65f1 65f1 3900 39ff 0 ffff 0 ffff 15 18 1866
cd0 cd0 9600 967f 65f1 65f1 2000 2fff 0 ffff 0 ffff 19 14 1867
cd0 cd0 9600 967f afc8 afc8 0 fff 0 ffff 0 ffff 19 14 1868
6842 6842 cc80 ccff 20f3 20f3 7000 7fff 0 ffff 0 ffff 19 14 1869
6842 6842 cc80 ccff 8c5b 8c5b 0 fff 0 ffff 0 ffff 19 14 186a
6842 6842 cc80 ccff 13ec 13ec b000 bfff 0 ffff 0 ffff 19 14 186b
6842 6842 cc80 ccff 65f1 65f1 2000 2fff 0 ffff 0 ffff 19 14 186c
8112 8112 fe80 feff 8c5b 8c5b 0 fff 0 ffff 0 ffff 19 14 186d
8112 8112 fe80 feff 20f3 20f3 7000 7fff 0 ffff 0 ffff 19 14 186e
8112 8112 fe80 feff eebb eebb 4000 4fff 0 ffff 0 ffff 19 14 186f
ef83 ef83 6800 687f eebb eebb 4000 4fff 0 ffff 0 ffff 19 14 1870
ef83 ef83 6800 687f 65f1 65f1 2000 2fff 0 ffff 0 ffff 19 14 1871
cd0 cd0 a000 bfff 65f1 65f1 3840 387f 0 ffff 0 ffff 13 1a 1872
6842 6842 e000 ffff afc8 afc8 11c0 11ff 0 ffff 0 ffff 13 1a 1873
6842 6842 e000 ffff 8c5b 8c5b 1c00 1c3f 0 ffff 0 ffff 13 1a 1874
8112 8112 c000 dfff 20f3 20f3 6580 65bf 0 ffff 0 ffff 13 1a 1875
ef83 ef83 4000 5fff 5718 5718 ca00 ca3f 0 ffff 0 ffff 13 1a 1876
ef83 ef83 4000 5fff eebb eebb 5780 57bf 0 ffff 0 ffff 13 1a 1877
ef83 ef83 4000 5fff 65f1 65f1 3840 387f 0 ffff 0 ffff 13 1a 1878
ef83 ef83 4000 5fff 8c5b 8c5b 1c00 1c3f 0 ffff 0 ffff 13 1a 1879
cd4 cd7 0 ffff 65f1 65f1 381c 381d 0 ffff 0 ffff e 1f 187a
8114 8117 0 ffff 5718 5718 ca5c ca5d 0 ffff 0 ffff e 1f 187b
ef84 ef87 0 ffff 65f1 65f1 381c 381d 0 ffff 0 ffff e 1f 187c
ef84 ef87 0 ffff 8c5b 8c5b 1c44 1c45 0 ffff 0 ffff e 1f 187d
cd0 cd0 c000 ffff dfac dfac 0 3fff 0 ffff 400 ffff 12 12 187e
6842 6842 8000 bfff 13ec 13ec c000 ffff 0 ffff 400 ffff 12 12 187f
cd1 cd1 0 ffff dfac dfac 7748 774f 0 ffff 0 ffff 10 1d 1880
8113 8113 0 ffff eebb eebb 57c0 57c7 0 ffff 0 ffff 10 1d 1881
ef82 ef82 0 ffff eebb eebb 57c0 57c7 0 ffff 0 ffff 10 1d 1882
ef82 ef82 0 ffff 65f1 65f1 3810 3817 0 ffff 0 ffff 10 1d 1883
cd0 cd0 9700 97ff afc8 afc8 1800 1fff 0 ffff 0 ffff 18 15 1884
6842 6842 cd00 cdff 65f1 65f1 3000 37ff 0 ffff 0 ffff 18 15 1885
6842 6842 cd00 cdff 13ec 13ec a000 a7ff 0 ffff 0 ffff 18 15 1886
6842 6842 cd00 cdff 8c5b 8c5b 1000 17ff 0 ffff 0 ffff 18 15 1887
8112 8112 ff00 ffff 20f3 20f3 6800 6fff 0 ffff 0 ffff 18 15 1888
8112 8112 ff00 ffff 8c5b 8c5b 1000 17ff 0 ffff 0 ffff 18 15 1889
ef83 ef83 6900 69ff eebb eebb 5800 5fff 0 ffff 0 ffff 18 15 188a
ef83 ef83 6900 69ff 65f1 65f1 3000 37ff 0 ffff 0 ffff 18 15 188b
ef83 ef83 6900 69ff 8c5b 8c5b 1000 17ff 0 ffff 0 ffff 18 15 188c
cd0 cd0 c000 ffff afc8 afc8 1180 119f 0 ffff 0 ffff 12 1b 188d
cd0 cd0 c000 ffff 13ec 13ec a880 a89f 0 ffff 0 ffff 12 1b 188e
6842 6842 8000 bfff 13ec 13ec a880 a89f 0 ffff 0 ffff 12 1b 188f
ef83 ef83 0 3fff eebb eebb 57e0 57ff 0 ffff 0 ffff 12 1b 1890
cd0 cd0 96ec 96ed 13e8 13eb 0 ffff 0 ffff 0 ffff 1f e 1891
cd0 cd0 96ec 96ed afcc afcf 0 ffff 0 ffff 0 ffff 1f e 1892
ef83 ef83 68fe 68ff 65f4 65f7 0 ffff 0 ffff 0 ffff 1f e 1893
cd0 cd0 96e8 96eb afca afcb 0 ffff 0 ffff 0 ffff 1e f 1894
6842 6842 cc20 cc23 571a 571b 0 ffff 0 ffff 0 ffff 1e f 1895
6842 6842 cc20 cc23 65f2 65f3 0 ffff 0 ffff 0 ffff 1e f 1896
ef83 ef83 68f8 68fb 65f2 65f3 0 ffff 0 ffff 0 ffff 1e f 1897
ef83 ef83 68f8 68fb eeb8 eeb9 0 ffff 0 ffff 0 ffff 1e f 1898
cd0 cd0 8000 8fff afc8 afc8 1100 117f 0 ffff 0 ffff 14 19 1899
6842 6842 d000 dfff 13ec 13ec a800 a87f 0 ffff 0 ffff 14 19 189a
6842 6842 d000 dfff afc8 afc8 1100 117f 0 ffff 0 ffff 14 19 189b
6842 6842 d000 dfff 8c5b 8c5b 1c80 1cff 0 ffff 0 ffff 14 19 189c
6842 6842 d000 dfff 65f1 65f1 3880 38ff 0 ffff 0 ffff 14 19 189d
8112 8112 e000 efff 5718 5718 ca80 caff 0 ffff 0 ffff 14 19 189e
ef83 ef83 7000 7fff 65f1 65f1 3880 38ff 0 ffff 0 ffff 14 19 189f
ef83 ef83 7000 7fff eebb eebb 5700 577f 0 ffff 0 ffff 14 19 18a0
ef83 ef83 7000 7fff 8c5b 8c5b 1c80 1cff 0 ffff 0 ffff 14 19 18a1
e00 fff 0 ffff 65f4 65f7 0 ffff 0 ffff 202 202 7 e 18a2
6a00 6bff 0 ffff afcc afcf 0 ffff 0 ffff 232b 232b 7 e 18a3
6a00 6bff 0 ffff 8c5c 8c5f 0 ffff 0 ffff 232b 232b 7 e 18a4
8200 83ff 0 ffff eebc eebf 0 ffff 0 ffff 45 45 7 e 18a5
ec00 edff 0 ffff 65f4 65f7 0 ffff 0 ffff 202 202 7 e 18a6
cd0 cd0 9400 95ff 65f8 65ff 0 ffff 0 ffff 0 ffff 17 d 18a7
cd2 cd3 0 ffff afc8 afc8 1800 1fff 0 ffff 400 ffff f 15 18a8
8110 8111 0 ffff eebb eebb 5800 5fff 0 ffff 400 ffff f 15 18a9
cd2 cd3 0 ffff 13ec 13ec ac00 afff 0 ffff 0 ffff f 16 18aa
cd2 cd3 0 ffff afc8 afc8 1400 17ff 0 ffff 0 ffff f 16 18ab
ef80 ef81 0 ffff 65f1 65f1 3c00 3fff 0 ffff 0 ffff f 16 18ac
cd0 cd0 96f0 96ff 65f1 65f1 8000 ffff 0 ffff 0 ffff 1c 11 18ad
cd0 cd0 96f0 96ff afc8 afc8 8000 ffff 0 ffff 0 ffff 1c 11 18ae
6842 6842 cc30 cc3f 8c5b 8c5b 8000 ffff 0 ffff 0 ffff 1c 11 18af
6842 6842 cc30 cc3f 13ec 13ec 0 7fff 0 ffff 0 ffff 1c 11 18b0
ef83 ef83 68e0 68ef eebb eebb 8000 ffff 0 ffff 0 ffff 1c 11 18b1
ef83 ef83 68e0 68ef 65f1 65f1 8000 ffff 0 ffff 0 ffff 1c 11 18b2
cd0 cd0 9000 93ff 13ee 13ef 0 ffff 0 ffff 0 ffff 16 f 18b3
8112 8112 f800 fbff eeb8 eeb9 0 ffff 0 ffff 0 ffff 16 f 18b4
ef83 ef83 6c00 6fff 65f2 65f3 0 ffff 0 ffff 0 ffff 16 f 18b5
e00 fff 0 ffff afc0 afc7 0 ffff a1 a1 0 ffff 7 d 18b6
cd0 cd0 9680 96bf afc8 afc8 2000 3fff 0 ffff 0 ffff 1a 13 18b7
6842 6842 cc40 cc7f 13ec 13ec 8000 9fff 0 ffff 0 ffff 1a 13 18b8
6842 6842 cc40 cc7f 8c5b 8c5b 2000 3fff 0 ffff 0 ffff 1a 13 18b9
8112 8112 fe00 fe3f eebb eebb 6000 7fff 0 ffff 0 ffff 1a 13 18ba
2000 3fff 0 ffff 13ec 13ec c000 ffff 0 ffff 202 202 3 12 18bb
4000 5fff 0 ffff 20f3 20f3 0 3fff 0 ffff 1b3a 1b3a 3 12 18bc
4000 5fff 0 ffff 13ec 13ec c000 ffff 0 ffff 202 202 3 12 18bd
c00 c7f 0 ffff 13f0 13ff 0 ffff 0 ffff 232b 232b 9 c 18be
6880 68ff 0 ffff 13f0 13ff 0 ffff 0 ffff 1a2b 1a2b 9 c 18bf
6880 68ff 0 ffff 13f0 13ff 0 ffff 0 ffff 45 45 9 c 18c0
6880 68ff 0 ffff 8c40 8c4f 0 ffff 0 ffff 6bb 6bb 9 c 18c1
8180 81ff 0 ffff 20e0 20ef 0 ffff 0 ffff 15a4 15a4 9 c 18c2
ef00 ef7f 0 ffff 5700 570f 0 ffff 0 ffff 202 202 9 c 18c3
cd4 cd7 0 ffff ac00 adff 0 ffff a1 a1 0 ffff e 7 18c4
6844 6847 0 ffff 8e00 8fff 0 ffff 35 35 0 ffff e 7 18c5
cc0 ccf 0 ffff 6500 657f 0 ffff 15ae 15ae 0 ffff c 9 18c6
6850 685f 0 ffff 8c80 8cff 0 ffff 35 35 0 ffff c 9 18c7
6842 6842 cc00 cc1f 65f1 65f1 4000 7fff 0 ffff 0 ffff 1b 12 18c8
6842 6842 cc00 cc1f afc8 afc8 4000 7fff 0 ffff 0 ffff 1b 12 18c9
6842 6842 cc00 cc1f 8c5b 8c5b 4000 7fff 0 ffff 0 ffff 1b 12 18ca
ef83 ef83 68c0 68df 8c5b 8c5b 4000 7fff 0 ffff 0 ffff 1b 12 18cb
4000 5fff 0 ffff afc8 afc8 8000 ffff 35 35 0 ffff 3 11 18cc
6842 6842 8000 bfff a000 bfff 0 ffff 0 ffff 232b 232b 12 3 18cd
6848 684f 0 ffff afc8 afc8 1000 10ff 0 ffff 0 ffff d 18 18ce
6848 684f 0 ffff 13ec 13ec a900 a9ff 0 ffff 0 ffff d 18 18cf
6848 684f 0 ffff 8c5b 8c5b 1d00 1dff 0 ffff 0 ffff d 18 18d0
8118 811f 0 ffff eebb eebb 5600 56ff 0 ffff 0 ffff d 18 18d1
6850 685f 0 ffff afc8 afc8 1100 117f 0 ffff 0 ffff c 19 18d2
6860 687f 0 ffff 1380 13bf 0 ffff 0 ffff 89 89 b a 18d3
6860 687f 0 ffff 6580 65bf 0 ffff 0 ffff 20c 20c b a 18d4
6860 687f 0 ffff 8c00 8c3f 0 ffff 0 ffff 232b 232b b a 18d5
6860 687f 0 ffff 8c00 8c3f 0 ffff 0 ffff 35 35 b a 18d6
8120 813f 0 ffff eec0 eeff 0 ffff 0 ffff 202 202 b a 18d7
efa0 efbf 0 ffff 6580 65bf 0 ffff 0 ffff 8b 8b b a 18d8
6900 69ff 0 ffff 65f8 65ff 0 ffff 0 ffff 17 17 8 d 18d9
6880 68ff 0 ffff 8c40 8c4f 0 ffff 599 599 0 ffff 9 c 18da
8180 81ff 0 ffff 5700 570f 0 ffff 1586 1586 0 ffff 9 c 18db
6842 6842 0 7fff 7000 7fff 0 ffff 15ae 15ae 0 ffff 11 4 18dc
6843 6843 0 ffff 9000 9fff 0 ffff 0 ffff 232b 232b 10 4 18dd
6844 6847 0 ffff 6600 67ff 0 ffff 0 ffff 8b 8b e 7 18de
6844 6847 0 ffff 1000 11ff 0 ffff 0 ffff 202 202 e 7 18df
6842 6842 d000 dfff 8c5a 8c5a 0 ffff 0 ffff 0 ffff 14 10 18e0
4000 5fff 0 ffff 65f1 65f1 8000 ffff 0 ffff 35 35 3 11 18e1
6800 683f 0 ffff 13c0 13df 0 ffff 0 ffff 45 45 a b 18e2
6800 683f 0 ffff 65c0 65df 0 ffff 0 ffff 35 35 a b 18e3
6800 683f 0 ffff 8c60 8c7f 0 ffff 0 ffff 202 202 a b 18e4
efc0 efff 0 ffff 65c0 65df 0 ffff 0 ffff 35 35 a b 18e5
efc0 efff 0 ffff 65c0 65df 0 ffff 0 ffff 50 50 a b 18e6
6c00 6fff 0 ffff 65f2 65f3 0 ffff 0 ffff 232b 232b 6 f 18e7
6c00 6fff 0 ffff 8c58 8c59 0 ffff 0 ffff 45 45 6 f 18e8
e800 ebff 0 ffff eeb8 eeb9 0 ffff 0 ffff 202 202 6 f 18e9
e800 ebff 0 ffff eeb8 eeb9 0 ffff 0 ffff 1586 1586 6 f 18ea
6842 6842 0 7fff 8c5b 8c5b 1c50 1c5f 0 ffff 0 ffff 11 1c 18eb
8112 8112 0 7fff eebb eebb 57d0 57df 0 ffff 0 ffff 11 1c 18ec
ef83 ef83 8000 ffff 5718 5718 ca40 ca4f 0 ffff 0 ffff 11 1c 18ed
ef83 ef83 8000 ffff 65f1 65f1 3800 380f 0 ffff 0 ffff 11 1c 18ee
6843 6843 0 ffff 8000 87ff 0 ffff 0 ffff 45 45 10 5 18ef
6840 6841 0 ffff 13ec 13ec a000 a7ff 0 ffff 0 ffff f 15 18f0
6840 6841 0 ffff 65f1 65f1 3818 381b 0 ffff 0 ffff f 1e 18f1
8110 8111 0 ffff 5718 5718 ca58 ca5b 0 ffff 0 ffff f 1e 18f2
ef80 ef81 0 ffff 8c5b 8c5b 1c40 1c43 0 ffff 0 ffff f 1e 18f3
ef80 ef81 0 ffff 65f1 65f1 3818 381b 0 ffff 0 ffff f 1e 18f4
6842 6842 c000 c7ff 4000 7fff 0 ffff 14 17 0 ffff 15 2 18f5
6800 683f 0 ffff 8c00 8c3f 0 ffff 0 ffff 45 45 a a 18f6
6a00 6bff 0 ffff 13e8 13eb 0 ffff 35 35 0 ffff 7 e 18f7
6843 6843 0 ffff 65f1 65f1 3000 37ff 0 ffff 0 ffff 10 15 18f8
8113 8113 0 ffff 20f3 20f3 6800 6fff 0 ffff 0 ffff 10 15 18f9
ef82 ef82 0 ffff 8c5b 8c5b 1000 17ff 0 ffff 0 ffff 10 15 18fa
6842 6842 c800 cbff 8c5b 8c5b 1e00 1fff 0 ffff 0 ffff 16 17 18fb
6842 6842 c800 cbff 65f1 65f1 3a00 3bff 0 ffff 0 ffff 16 17 18fc
8112 8112 f800 fbff 5718 5718 c800 c9ff 0 ffff 0 ffff 16 17 18fd
ef83 ef83 6c00 6fff 5718 5718 c800 c9ff 0 ffff 0 ffff 16 17 18fe
ef83 ef83 6c00 6fff eebb eebb 5400 55ff 0 ffff 0 ffff 16 17 18ff
6842 6842 0 7fff 8c5b 8c5b 2000 3fff 0 ffff 400 ffff 11 13 1900
8112 8112 0 7fff 8c5b 8c5b 2000 3fff 0 ffff 400 ffff 11 13 1901
4000 7fff 0 ffff 8c5b 8c5b 2000 3fff 0 ffff 202 202 2 13 1902
6842 6842 c800 cbff 8c5c 8c5f 0 ffff 0 ffff 0 ffff 16 e 1903
8112 8112 0 7fff 20f3 20f3 4000 5fff 0 ffff 0 ffff 11 13 1904
8112 8112 fe40 fe5f 5740 577f 0 ffff 0 ffff 0 ffff 1b a 1905
9000 9fff 0 ffff 5718 5718 0 7fff 599 599 0 ffff 4 11 1906
8110 8111 0 ffff 5000 53ff 0 ffff 0 ffff 45 45 f 6 1907
ef80 ef81 0 ffff e800 ebff 0 ffff 0 ffff 50 50 f 6 1908
8112 8112 fe61 fe61 eeb0 eeb7 0 ffff 0 ffff 0 ffff 20 d 1909
8000 80ff 0 ffff 8c58 8c59 0 ffff 0 ffff 14 17 8 f 190a
8100 810f 0 ffff 5740 577f 0 ffff 0 ffff 66d 66e c a 190b
8112 8112 f000 f7ff 8c5a 8c5a 0 ffff 0 ffff 0 ffff 15 10 190c
ef83 ef83 6000 67ff 5719 5719 0 ffff 0 ffff 0 ffff 15 10 190d
8200 83ff 0 ffff 571a 571b 0 ffff 0 ffff 14 15 7 f 190e
ec00 edff 0 ffff 8c58 8c59 0 ffff 0 ffff 6d 6e 7 f 190f
8112 8112 e000 efff eebb eebb 8000 ffff 0 ffff 0 ffff 14 11 1910
ef83 ef83 6000 67ff eeb8 eeb9 0 ffff 0 ffff 0 ffff 15 f 1911
ef83 ef83 4000 5fff 5718 5718 8000 bfff 0 ffff 0 ffff 13 12 1912
ef83 ef83 4000 5fff 8c5b 8c5b 4000 7fff 0 ffff 0 ffff 13 12 1913
ef83 ef83 6000 67ff 0 ffff 0 ffff 1600 1600 0 ffff 15 0 1914
ef00 ef7f 0 ffff 5720 573f 0 ffff 0 ffff 15 15 9 b 1915
ef00 ef7f 0 ffff 8c60 8c7f 0 ffff 0 ffff 45 45 9 b 1916
ef83 ef83 6900 69ff 5710 5717 0 ffff 0 ffff 0 ffff 18 d 1917
efc0 efff 0 ffff 5720 573f 0 ffff 35 35 0 ffff a b 1918
ef90 ef9f 0 ffff 8c5b 8c5b 1d00 1dff 0 ffff 0 ffff c 18 1919
ef90 ef9f 0 ffff 65f1 65f1 3900 39ff 0 ffff 0 ffff c 18 191a
ef83 ef83 0 3fff e000 ffff 0 ffff a1 a1 0 ffff 12 3 191b
ef83 ef83 8000 ffff 6800 6fff 0 ffff 66d 66e 0 ffff 11 5 191c
f000 ffff 0 ffff 65f1 65f1 8000 ffff 0 ffff 50 50 4 11 191d
f000 ffff 0 ffff eebb eebb 8000 ffff 0 ffff 202 202 4 11 191e
f000 ffff 0 ffff 65f1 65f1 8000 ffff 0 ffff 35 35 4 11 191f
ef90 ef9f 0 ffff ee00 ee7f 0 ffff 0 ffff 202 202 c 9 1920
ef83 ef83 6880 68bf 6580 65bf 0 ffff 0 ffff 0 ffff 1a a 1921
ef83 ef83 6a00 6bff 65f4 65f7 0 ffff 0 ffff 0 ffff 17 e 1922
ef83 ef83 6a00 6bff eebc eebf 0 ffff 0 ffff 0 ffff 17 e 1923
ef84 ef87 0 ffff 65f1 65f1 3c00 3fff 0 ffff 0 ffff e 16 1924
ef83 ef83 4000 5fff 65f1 65f1 8000 ffff 0 ffff 400 ffff 13 11 1925
ef83 ef83 4000 5fff 4000 7fff 0 ffff 157c 157c 0 ffff 13 2 1926
ef83 ef83 8000 ffff f000 ffff 0 ffff 0 ffff 50 50 11 4 1927
ef90 ef9f 0 ffff ef00 efff 0 ffff 0 ffff 35 35 c 8 1928
ef83 ef83 68e0 68ef 6500 657f 0 ffff 0 ffff 0 ffff 1c 9 1929
ef88 ef8f 0 ffff 6400 64ff 0 ffff 0 ffff 45 45 d 8 192a
c80 cbf 0 ffff dfac dfac 7700 773f 0 ffff 0 ffff a 1a 192b
c80 cbf 0 ffff afc8 afc8 11c0 11ff 0 ffff 0 ffff a 1a 192c
d00 dff 0 ffff 65e0 65ef 0 ffff 0 ffff 202 202 8 c 192d
d00 dff 0 ffff afd0 afdf 0 ffff 0 ffff 89 89 8 c 192e
6900 69ff 0 ffff 20e0 20ef 0 ffff 0 ffff 202 202 8 c 192f
6900 69ff 0 ffff afd0 afdf 0 ffff 0 ffff 89 89 8 c 1930
8000 80ff 0 ffff eea0 eeaf 0 ffff 0 ffff 232b 232b 8 c 1931
ee00 eeff 0 ffff 65e0 65ef 0 ffff 0 ffff a2 a2 8 c 1932
cc0 ccf 0 ffff 13ec 13ec aa00 abff 0 ffff 400 ffff c 17 1933
ef90 ef9f 0 ffff 8c5b 8c5b 1e00 1fff 0 ffff 400 ffff c 17 1934
cd0 cd0 96f0 96ff 65f0 65f0 0 ffff 0 ffff 0 ffff 1c 10 1935
cd0 cd0 96f0 96ff afc9 afc9 0 ffff 0 ffff 0 ffff 1c 10 1936
6842 6842 cc30 cc3f 65f0 65f0 0 ffff 0 ffff 0 ffff 1c 10 1937
8112 8112 fe70 fe7f eeba eeba 0 ffff 0 ffff 0 ffff 1c 10 1938
8112 8112 fe70 fe7f 8c5a 8c5a 0 ffff 0 ffff 0 ffff 1c 10 1939
ef83 ef83 68e0 68ef 5719 5719 0 ffff 0 ffff 0 ffff 1c 10 193a
ef83 ef83 68e0 68ef 65f0 65f0 0 ffff 0 ffff 0 ffff 1c 10 193b
cd0 cd0 8000 8fff dfac dfac 7600 76ff 0 ffff 0 ffff 14 18 193c
cd0 cd0 8000 8fff afc8 afc8 1000 10ff 0 ffff 0 ffff 14 18 193d
6842 6842 d000 dfff 8c5b 8c5b 1d00 1dff 0 ffff 0 ffff 14 18 193e
8112 8112 e000 efff eebb eebb 5600 56ff 0 ffff 0 ffff 14 18 193f
ef83 ef83 7000 7fff eebb eebb 5600 56ff 0 ffff 0 ffff 14 18 1940
ef83 ef83 7000 7fff 65f1 65f1 3900 39ff 0 ffff 0 ffff 14 18 1941
cd0 cd0 a000 bfff 65f1 65f1 8000 ffff 0 ffff 0 ffff 13 11 1942
6842 6842 e000 ffff 65f1 65f1 8000 ffff 0 ffff 0 ffff 13 11 1943
0 7ff 0 ffff dfae dfaf 0 ffff 0 ffff 16 16 5 f 1944
8800 8fff 0 ffff 8c58 8c59 0 ffff 0 ffff 35 35 5 f 1945
e000 e7ff 0 ffff eeb8 eeb9 0 ffff 0 ffff 45 45 5 f 1946
cd0 cd0 8000 8fff dfad dfad 0 ffff 0 ffff 0 ffff 14 10 1947
6842 6842 d000 dfff 13ed 13ed 0 ffff 0 ffff 0 ffff 14 10 1948
6842 6842 d000 dfff 13ed 13ed 0 ffff 0 ffff 0 ffff 14 10 1949
ef83 ef83 7000 7fff 8c5a 8c5a 0 ffff 0 ffff 0 ffff 14 10 194a
ce0 cff 0 ffff afc8 afc8 1000 10ff 0 ffff 400 ffff b 18 194b
cd0 cd0 0 7fff 0 1fff 0 ffff a1 a1 0 ffff 11 3 194c
800 bff 0 ffff afcc afcf 0 ffff 0 ffff 202 202 6 e 194d
d00 dff 0 ffff 65c0 65df 0 ffff 0 ffff 9f5 9f5 8 b 194e
cd0 cd0 9800 9fff 13ec 13ec aa00 abff 0 ffff 0 ffff 15 17 194f
cd0 cd0 9800 9fff afc8 afc8 1200 13ff 0 ffff 0 ffff 15 17 1950
6842 6842 c000 c7ff afc8 afc8 1200 13ff 0 ffff 0 ffff 15 17 1951
6842 6842 c000 c7ff 8c5b 8c5b 1e00 1fff 0 ffff 0 ffff 15 17 1952
ef83 ef83 6000 67ff 5718 5718 c800 c9ff 0 ffff 0 ffff 15 17 1953
ef83 ef83 6000 67ff 8c5b 8c5b 1e00 1fff 0 ffff 0 ffff 15 17 1954
ef83 ef83 6000 67ff 65f1 65f1 3a00 3bff 0 ffff 0 ffff 15 17 1955
cd0 cd0 96ec 96ed afc0 afc7 0 ffff 0 ffff 0 ffff 1f d 1956
6842 6842 cc24 cc25 65f8 65ff 0 ffff 0 ffff 0 ffff 1f d 1957
6842 6842 cc24 cc25 8c50 8c57 0 ffff 0 ffff 0 ffff 1f d 1958
8112 8112 fe62 fe63 eeb0 eeb7 0 ffff 0 ffff 0 ffff 1f d 1959
ef83 ef83 68fe 68ff 8c50 8c57 0 ffff 0 ffff 0 ffff 1f d 195a
cd0 cd0 96f0 96ff 1000 11ff 0 ffff 0 ffff 0 ffff 1c 7 195b
8112 8112 fe70 fe7f 5400 55ff 0 ffff 0 ffff 0 ffff 1c 7 195c
ce0 cff 0 ffff 1300 137f 0 ffff 0 ffff 599 599 b 9 195d
6860 687f 0 ffff af00 af7f 0 ffff 0 ffff 202 202 b 9 195e
6860 687f 0 ffff 8c80 8cff 0 ffff 0 ffff 19 19 b 9 195f
6860 687f 0 ffff 1300 137f 0 ffff 0 ffff 45 45 b 9 1960
6860 687f 0 ffff 1300 137f 0 ffff 0 ffff 202 202 b 9 1961
efa0 efbf 0 ffff ee00 ee7f 0 ffff 0 ffff 45 45 b 9 1962
efa0 efbf 0 ffff 6500 657f 0 ffff 0 ffff 50 50 b 9 1963
cd0 cd0 9000 93ff afc8 afc8 1400 17ff 0 ffff 0 ffff 16 16 1964
cd0 cd0 9000 93ff 65f1 65f1 3c00 3fff 0 ffff 0 ffff 16 16 1965
6842 6842 c800 cbff 65f1 65f1 3c00 3fff 0 ffff 0 ffff 16 16 1966
8112 8112 f800 fbff 8c5b 8c5b 1800 1bff 0 ffff 0 ffff 16 16 1967
8112 8112 f800 fbff 5718 5718 cc00 cfff 0 ffff 0 ffff 16 16 1968
ef83 ef83 6c00 6fff 5718 5718 cc00 cfff 0 ffff 0 ffff 16 16 1969
ef83 ef83 6c00 6fff 8c5b 8c5b 1800 1bff 0 ffff 0 ffff 16 16 196a
ef83 ef83 6c00 6fff 65f1 65f1 3c00 3fff 0 ffff 0 ffff 16 16 196b
cd0 cd0 c000 ffff 65f1 65f1 8000 ffff 0 ffff 0 ffff 12 11 196c
cd0 cd0 c000 ffff afc8 afc8 8000 ffff 0 ffff 0 ffff 12 11 196d
8112 8112 8000 bfff eebb eebb 8000 ffff 0 ffff 0 ffff 12 11 196e
cd0 cd0 9800 9fff 13e8 13eb 0 ffff 0 ffff 0 ffff 15 e 196f
cd0 cd0 9400 95ff 13e0 13e7 0 ffff 0 ffff 0 ffff 17 d 1970
6842 6842 ce00 cfff 8c50 8c57 0 ffff 0 ffff 0 ffff 17 d 1971
8112 8112 fc00 fdff 20f8 20ff 0 ffff 0 ffff 0 ffff 17 d 1972
cd0 cd0 c000 ffff 13ec 13ec c000 ffff 0 ffff 0 ffff 12 12 1973
ef83 ef83 0 3fff eebb eebb 0 3fff 0 ffff 0 ffff 12 12 1974
c80 cbf 0 ffff 6580 65bf 0 ffff 0 ffff 232b 232b a a 1975
6800 683f 0 ffff 1380 13bf 0 ffff 0 ffff 232b 232b a a 1976
8140 817f 0 ffff 2080 20bf 0 ffff 0 ffff 202 202 a a 1977
efc0 efff 0 ffff 8c00 8c3f 0 ffff 0 ffff 45 45 a a 1978
cd0 cd0 9680 96bf 65f1 65f1 4000 7fff 0 ffff 0 ffff 1a 12 1979
cd0 cd0 9680 96bf afc8 afc8 4000 7fff 0 ffff 0 ffff 1a 12 197a
6842 6842 cc40 cc7f 13ec 13ec c000 ffff 0 ffff 0 ffff 1a 12 197b
6842 6842 cc40 cc7f 65f1 65f1 4000 7fff 0 ffff 0 ffff 1a 12 197c
6842 6842 cc40 cc7f 8c5b 8c5b 4000 7fff 0 ffff 0 ffff 1a 12 197d
8112 8112 fe00 fe3f eebb eebb 0 3fff 0 ffff 0 ffff 1a 12 197e
8112 8112 fe00 fe3f 20f3 20f3 0 3fff 0 ffff 0 ffff 1a 12 197f
8112 8112 fe00 fe3f 5718 5718 8000 bfff 0 ffff 0 ffff 1a 12 1980
ef83 ef83 6880 68bf 8c5b 8c5b 4000 7fff 0 ffff 0 ffff 1a 12 1981
ef83 ef83 6880 68bf eebb eebb 0 3fff 0 ffff 0 ffff 1a 12 1982
cd8 cdf 0 ffff 65f1 65f1 381c 381d 0 ffff 0 ffff d 1f 1983
cd8 cdf 0 ffff 13ec 13ec a8b2 a8b3 0 ffff 0 ffff d 1f 1984
cd0 cd0 9000 93ff afcc afcf 0 ffff 0 ffff 0 ffff 16 e 1985
cd0 cd0 9600 967f afc8 afc8 2000 3fff 0 ffff 0 ffff 19 13 1986
6842 6842 cc80 ccff 65f1 65f1 0 1fff 0 ffff 0 ffff 19 13 1987
6842 6842 cc80 ccff 8c5b 8c5b 2000 3fff 0 ffff 0 ffff 19 13 1988
8112 8112 fe80 feff 20f3 20f3 4000 5fff 0 ffff 0 ffff 19 13 1989
8112 8112 fe80 feff 8c5b 8c5b 2000 3fff 0 ffff 0 ffff 19 13 198a
ef83 ef83 6800 687f dfac dfac 4000 5fff 0 ffff 0 ffff 19 13 198b
ef83 ef83 6800 687f 65f1 65f1 0 1fff 0 ffff 0 ffff 19 13 198c
ef83 ef83 6800 687f eebb eebb 6000 7fff 0 ffff 0 ffff 19 13 198d
ef83 ef83 6800 687f 8c5b 8c5b 2000 3fff 0 ffff 0 ffff 19 13 198e
cc0 ccf 0 ffff ae00 aeff 0 ffff 19 19 0 ffff c 8 198f
cd0 cd0 c000 ffff afc8 afc8 8000 ffff 0 ffff 400 ffff 12 11 1990
6842 6842 8000 bfff 8c5b 8c5b 8000 ffff 0 ffff 400 ffff 12 11 1991
cd0 cd0 9000 93ff afc0 afc7 0 ffff 0 ffff 0 ffff 16 d 1992
cd0 cd0 96e0 96e7 afca afcb 0 ffff 0 ffff 0 ffff 1d f 1993
6842 6842 cc28 cc2f afca afcb 0 ffff 0 ffff 0 ffff 1d f 1994
6842 6842 cc28 cc2f 8c58 8c59 0 ffff 0 ffff 0 ffff 1d f 1995
6842 6842 cc28 cc2f 65f2 65f3 0 ffff 0 ffff 0 ffff 1d f 1996
8112 8112 fe68 fe6f 571a 571b 0 ffff 0 ffff 0 ffff 1d f 1997
ef83 ef83 68f0 68f7 8c58 8c59 0 ffff 0 ffff 0 ffff 1d f 1998
cd0 cd0 8000 8fff 0 ffff 0 ffff 0 ffff 202 202 14 0 1999
cd0 cd0 9400 95ff 13ec 13ec a000 a7ff 0 ffff 0 ffff 17 15 199a
cd0 cd0 9400 95ff afc8 afc8 1800 1fff 0 ffff 0 ffff 17 15 199b
6842 6842 ce00 cfff 8c5b 8c5b 1000 17ff 0 ffff 0 ffff 17 15 199c
8112 8112 fc00 fdff 20f3 20f3 6800 6fff 0 ffff 0 ffff 17 15 199d
8112 8112 fc00 fdff 5718 5718 c000 c7ff 0 ffff 0 ffff 17 15 199e
ef83 ef83 6a00 6bff 65f1 65f1 3000 37ff 0 ffff 0 ffff 17 15 199f
ef83 ef83 6a00 6bff eebb eebb 5800 5fff 0 ffff 0 ffff 17 15 19a0
cc0 ccf 0 ffff 65f1 65f1 381f 381f 0 ffff 0 ffff c 20 19a1
6850 685f 0 ffff 8c5b 8c5b 1c47 1c47 0 ffff 0 ffff c 20 19a2
6000 67ff 0 ffff afca afcb 0 ffff 35 35 0 ffff 5 f 19a3
6880 68ff 0 ffff 13c0 13df 0 ffff 0 ffff 8006 8006 9 b 19a4
ef00 ef7f 0 ffff 5720 573f 0 ffff 0 ffff 232b 232b 9 b 19a5
ef00 ef7f 0 ffff 5720 573f 0 ffff 0 ffff 17 17 9 b 19a6
6844 6847 0 ffff 65f1 65f1 3000 37ff 0 ffff 0 ffff e 15 19a7
6842 6842 e000 ffff 13ec 13ec a800 a87f 0 ffff 0 ffff 13 19 19a8
8112 8112 c000 dfff eebb eebb 5700 577f 0 ffff 0 ffff 13 19 19a9
ef83 ef83 4000 5fff 65f1 65f1 3880 38ff 0 ffff 0 ffff 13 19 19aa
ef83 ef83 4000 5fff eebb eebb 5700 577f 0 ffff 0 ffff 13 19 19ab
6842 6842 e000 ffff 8000 ffff 0 ffff 0 ffff 45 45 13 1 19ac
6800 683f 0 ffff 8c80 8cff 0 ffff 0 ffff 50 50 a 9 19ad
efc0 efff 0 ffff 5780 57ff 0 ffff 0 ffff 599 599 a 9 19ae
6842 6842 8000 bfff 13ec 13ec a8c0 a8ff 0 ffff 0 ffff 12 1a 19af
8112 8112 8000 bfff eebb eebb 5780 57bf 0 ffff 0 ffff 12 1a 19b0
ef83 ef83 0 3fff 5718 5718 ca00 ca3f 0 ffff 0 ffff 12 1a 19b1
6850 685f 0 ffff 8d00 8dff 0 ffff 0 ffff 232b 232b c 8 19b2
6850 685f 0 ffff 6400 64ff 0 ffff 0 ffff 35 35 c 8 19b3
ef90 ef9f 0 ffff 8d00 8dff 0 ffff 0 ffff 50 50 c 8 19b4
ef90 ef9f 0 ffff ef00 efff 0 ffff 0 ffff 71 71 c 8 19b5
6844 6847 0 ffff 8c5b 8c5b 1c40 1c43 0 ffff 0 ffff e 1e 19b6
8114 8117 0 ffff eebb eebb 57cc 57cf 0 ffff 0 ffff e 1e 19b7
6842 6842 cc40 cc7f 8c00 8c3f 0 ffff 0 ffff 0 ffff 1a a 19b8
8112 8112 fe00 fe3f 8c00 8c3f 0 ffff 0 ffff 0 ffff 1a a 19b9
6842 6842 cd00 cdff 8c5b 8c5b 0 fff 0 ffff 0 ffff 18 14 19ba
6842 6842 cd00 cdff 13ec 13ec b000 bfff 0 ffff 0 ffff 18 14 19bb
6842 6842 cd00 cdff 65f1 65f1 2000 2fff 0 ffff 0 ffff 18 14 19bc
ef83 ef83 6900 69ff eebb eebb 4000 4fff 0 ffff 0 ffff 18 14 19bd
ef83 ef83 6900 69ff 8c5b 8c5b 0 fff 0 ffff 0 ffff 18 14 19be
ef83 ef83 6900 69ff 65f1 65f1 2000 2fff 0 ffff 0 ffff 18 14 19bf
6842 6842 cc00 cc1f 8c5b 8c5b 8000 ffff 0 ffff 0 ffff 1b 11 19c0
6842 6842 cc00 cc1f 65f1 65f1 8000 ffff 0 ffff 0 ffff 1b 11 19c1
6842 6842 cc00 cc1f 13ec 13ec 0 7fff 0 ffff 0 ffff 1b 11 19c2
8112 8112 fe40 fe5f 5718 5718 0 7fff 0 ffff 0 ffff 1b 11 19c3
ef83 ef83 68c0 68df eebb eebb 8000 ffff 0 ffff 0 ffff 1b 11 19c4
ef83 ef83 68c0 68df 8c5b 8c5b 8000 ffff 0 ffff 0 ffff 1b 11 19c5
ef83 ef83 68c0 68df 65f1 65f1 8000 ffff 0 ffff 0 ffff 1b 11 19c6
6842 6842 e000 ffff 0 7fff 0 ffff a1 a1 0 ffff 13 1 19c7
6843 6843 0 ffff 13ec 13ec a8a0 a8af 0 ffff 0 ffff 10 1c 19c8
ef82 ef82 0 ffff eebb eebb 57d0 57df 0 ffff 0 ffff 10 1c 19c9
ef82 ef82 0 ffff 65f1 65f1 3800 380f 0 ffff 0 ffff 10 1c 19ca
6844 6847 0 ffff 1400 17ff 0 ffff 0 ffff 45 45 e 6 19cb
ef84 ef87 0 ffff 8800 8bff 0 ffff 0 ffff 599 599 e 6 19cc
6842 6842 0 7fff 8c5b 8c5b 4000 7fff 0 ffff 0 ffff 11 12 19cd
6800 683f 0 ffff 8c00 8c3f 0 ffff a1 a1 0 ffff a a 19ce
6842 6842 0 7fff 13ec 13ec a880 a89f 0 ffff 0 ffff 11 1b 19cf
6842 6842 0 7fff 8c5b 8c5b 1c60 1c7f 0 ffff 0 ffff 11 1b 19d0
8112 8112 0 7fff eebb eebb 57e0 57ff 0 ffff 0 ffff 11 1b 19d1
ef83 ef83 8000 ffff 8c5b 8c5b 1c60 1c7f 0 ffff 0 ffff 11 1b 19d2
ef83 ef83 8000 ffff 65f1 65f1 3820 383f 0 ffff 0 ffff 11 1b 19d3
6900 69ff 0 ffff 8c5b 8c5b 1c50 1c5f 0 ffff 0 ffff 8 1c 19d4
7000 7fff 0 ffff 8c5a 8c5a 0 ffff 0 ffff 77 77 4 10 19d5
6842 6842 e000 ffff 13ed 13ed 0 ffff 0 ffff 400 ffff 13 10 19d6
6840 6841 0 ffff 65f1 65f1 3810 3817 0 ffff 0 ffff f 1d 19d7
8110 8111 0 ffff 20f3 20f3 65c8 65cf 0 ffff 0 ffff f 1d 19d8
8110 8111 0 ffff 5718 5718 ca50 ca57 0 ffff 0 ffff f 1d 19d9
ef80 ef81 0 ffff 65f1 65f1 3810 3817 0 ffff 0 ffff f 1d 19da
6848 684f 0 ffff 8e00 8fff 0 ffff 0 ffff 14 15 d 7 19db
0 ffff 0 ffff dfac dfac 4000 5fff 0 ffff 71 71 0 13 19dc
6842 6842 0 7fff 8000 9fff 0 ffff 0 ffff 202 202 11 3 19dd
6843 6843 0 ffff 8c5b 8c5b 2000 3fff 0 ffff 400 ffff 10 13 19de
ef82 ef82 0 ffff eebb eebb 6000 7fff 0 ffff 400 ffff 10 13 19df
ef82 ef82 0 ffff 8c5b 8c5b 2000 3fff 0 ffff 400 ffff 10 13 19e0
4000 5fff 0 ffff 8c5b 8c5b 8000 ffff 0 ffff 45 45 3 11 19e1
c000 dfff 0 ffff eebb eebb 8000 ffff 0 ffff 89 89 3 11 19e2
6842 6842 d000 dfff 13ee 13ef 0 ffff 0 ffff 400 ffff 14 f 19e3
ef83 ef83 7000 7fff 65f2 65f3 0 ffff 0 ffff 400 ffff 14 f 19e4
8400 87ff 0 ffff dfa0 dfa7 0 ffff 19 19 0 ffff 6 d 19e5
8112 8112 8000 bfff c000 ffff 0 ffff 35 35 0 ffff 12 2 19e6
8100 810f 0 ffff 5740 577f 0 ffff 0 ffff 14 17 c a 19e7
8112 8112 fe64 fe67 eebc eebf 0 ffff 0 ffff 0 ffff 1e e 19e8
ef83 ef83 68f8 68fb 571c 571f 0 ffff 0 ffff 0 ffff 1e e 19e9
ef83 ef83 68f8 68fb 65f4 65f7 0 ffff 0 ffff 0 ffff 1e e 19ea
8110 8111 0 ffff 5800 5fff 0 ffff 0 ffff 202 202 f 5 19eb
ef80 ef81 0 ffff 8000 87ff 0 ffff 0 ffff 15a4 15a4 f 5 19ec
8180 81ff 0 ffff 8c60 8c7f 0 ffff 15ae 15ae 0 ffff 9 b 19ed
8112 8112 fe61 fe61 5700 570f 0 ffff 0 ffff 0 ffff 20 c 19ee
ef83 ef83 68fc 68fc 65e0 65ef 0 ffff 0 ffff 0 ffff 20 c 19ef
8110 8111 0 ffff eebb eebb 5800 5fff 0 ffff 0 ffff f 15 19f0
8113 8113 0 ffff 4000 4fff 0 ffff 0 ffff 50 50 10 4 19f1
ef82 ef82 0 ffff 9000 9fff 0 ffff 0 ffff 202 202 10 4 19f2
8112 8112 0 7fff 4000 7fff 0 ffff 0 ffff 1e61 1e61 11 2 19f3
ef83 ef83 6000 67ff 571c 571f 0 ffff 0 ffff 400 ffff 15 e 19f4
0 ffff 0 ffff dfac dfac 6000 6fff 0 ffff 45 45 0 14 19f5
ef83 ef83 6800 687f 5740 577f 0 ffff 0 ffff 400 ffff 19 a 19f6
efc0 efff 0 ffff 8c5b 8c5b 1c80 1cff 0 ffff 400 ffff a 19 19f7
ef83 ef83 68fe 68ff 8000 87ff 0 ffff 0 ffff 0 ffff 1f 5 19f8
ef83 ef83 7000 7fff 0 7fff 0 ffff 1388 1389 0 ffff 14 1 19f9
ef90 ef9f 0 ffff ec00 edff 0 ffff a1 a1 0 ffff c 7 19fa
ef83 ef83 6900 69ff 65c0 65df 0 ffff 0 ffff 400 ffff 18 b 19fb
ef83 ef83 6a00 6bff 65e0 65ef 0 ffff 0 ffff 400 ffff 17 c 19fc
ef83 ef83 8000 ffff 65f1 65f1 4000 7fff 0 ffff 400 ffff 11 12 19fd
ec00 edff 0 ffff 65f8 65ff 0 ffff 0 ffff 202 202 7 d 19fe
ef80 ef81 0 ffff 65f1 65f1 2000 2fff 0 ffff 400 ffff f 14 19ff
ef80 ef81 0 ffff eebb eebb 4000 4fff 0 ffff 400 ffff f 14 1a00
ef90 ef9f 0 ffff 6600 67ff 0 ffff 0 ffff 45 45 c 7 1a01
ef00 ef7f 0 ffff eebb eebb 57e0 57ff 0 ffff 0 ffff 9 1b 1a02
ef82 ef82 0 ffff 65f1 65f1 2000 2fff 0 ffff 0 ffff 10 14 1a03
ef84 ef87 0 ffff 65f1 65f1 3c00 3fff 0 ffff 0 ffff e 16 1a04
efa0 efbf 0 ffff 8c80 8cff 0 ffff 35 35 0 ffff b 9 1a05
ee00 eeff 0 ffff eea0 eeaf 0 ffff 8a 8a 0 ffff 8 c 1a06
cd0 cd0 8000 8fff dfac dfac 7400 75ff 0 ffff 0 ffff 14 17 1a07
6842 6842 d000 dfff afc8 afc8 1200 13ff 0 ffff 0 ffff 14 17 1a08
6842 6842 d000 dfff 8c5b 8c5b 1e00 1fff 0 ffff 0 ffff 14 17 1a09
8112 8112 e000 efff eebb eebb 5400 55ff 0 ffff 0 ffff 14 17 1a0a
ef83 ef83 7000 7fff 8c5b 8c5b 1e00 1fff 0 ffff 0 ffff 14 17 1a0b
ef83 ef83 7000 7fff 65f1 65f1 3a00 3bff 0 ffff 0 ffff 14 17 1a0c
cd2 cd3 0 ffff dfac dfac 7750 775f 0 ffff 0 ffff f 1c 1a0d
6840 6841 0 ffff 65f1 65f1 3800 380f 0 ffff 0 ffff f 1c 1a0e
6840 6841 0 ffff 13ec 13ec a8a0 a8af 0 ffff 0 ffff f 1c 1a0f
8110 8111 0 ffff 8c5b 8c5b 1c50 1c5f 0 ffff 0 ffff f 1c 1a10
8110 8111 0 ffff eebb eebb 57d0 57df 0 ffff 0 ffff f 1c 1a11
ef80 ef81 0 ffff 5718 5718 ca40 ca4f 0 ffff 0 ffff f 1c 1a12
ef80 ef81 0 ffff 65f1 65f1 3800 380f 0 ffff 0 ffff f 1c 1a13
cc0 ccf 0 ffff dfac dfac 7742 7743 0 ffff 0 ffff c 1f 1a14
6850 685f 0 ffff 65f1 65f1 381c 381d 0 ffff 0 ffff c 1f 1a15
6850 685f 0 ffff 8c5b 8c5b 1c44 1c45 0 ffff 0 ffff c 1f 1a16
8100 810f 0 ffff 5718 5718 ca5c ca5d 0 ffff 0 ffff c 1f 1a17
ef90 ef9f 0 ffff 5718 5718 ca5c ca5d 0 ffff 0 ffff c 1f 1a18
ef90 ef9f 0 ffff 65f1 65f1 381c 381d 0 ffff 0 ffff c 1f 1a19
c00 c7f 0 ffff 1380 13bf 0 ffff a1 a1 0 ffff 9 a 1a1a
6880 68ff 0 ffff 8c00 8c3f 0 ffff 15ff 15ff 0 ffff 9 a 1a1b
ce0 cff 0 ffff 65f1 65f1 381f 381f 0 ffff 0 ffff b 20 1a1c
6860 687f 0 ffff 8c5b 8c5b 1c47 1c47 0 ffff 0 ffff b 20 1a1d
cd0 cd0 0 7fff dfac dfac 7700 773f 0 ffff 0 ffff 11 1a 1a1e
6842 6842 0 7fff 8c5b 8c5b 1c00 1c3f 0 ffff 0 ffff 11 1a 1a1f
8112 8112 0 7fff 20f3 20f3 6580 65bf 0 ffff 0 ffff 11 1a 1a20
8112 8112 0 7fff 5718 5718 ca00 ca3f 0 ffff 0 ffff 11 1a 1a21
8112 8112 0 7fff 8c5b 8c5b 1c00 1c3f 0 ffff 0 ffff 11 1a 1a22
ef83 ef83 8000 ffff 5718 5718 ca00 ca3f 0 ffff 0 ffff 11 1a 1a23
ef83 ef83 8000 ffff eebb eebb 5780 57bf 0 ffff 0 ffff 11 1a 1a24
ef83 ef83 8000 ffff 65f1 65f1 3840 387f 0 ffff 0 ffff 11 1a 1a25
ef83 ef83 8000 ffff 8c5b 8c5b 1c00 1c3f 0 ffff 0 ffff 11 1a 1a26
cd0 cd0 c000 ffff dfac dfac 7780 77ff 0 ffff 0 ffff 12 19 1a27
cd0 cd0 c000 ffff afc8 afc8 1100 117f 0 ffff 0 ffff 12 19 1a28
cd0 cd0 c000 ffff 65f1 65f1 3880 38ff 0 ffff 0 ffff 12 19 1a29
6842 6842 8000 bfff 13ec 13ec a800 a87f 0 ffff 0 ffff 12 19 1a2a
6842 6842 8000 bfff 65f1 65f1 3880 38ff 0 ffff 0 ffff 12 19 1a2b
8112 8112 8000 bfff 20f3 20f3 6500 657f 0 ffff 0 ffff 12 19 1a2c
ef83 ef83 0 3fff eebb eebb 5700 577f 0 ffff 0 ffff 12 19 1a2d
ef83 ef83 0 3fff 65f1 65f1 3880 38ff 0 ffff 0 ffff 12 19 1a2e
c00 c7f 0 ffff df00 df7f 0 ffff 0 ffff 35 35 9 9 1a2f
cd0 cd0 a000 bfff dfac dfac 7600 76ff 0 ffff 0 ffff 13 18 1a30
cd0 cd0 a000 bfff 65f1 65f1 3900 39ff 0 ffff 0 ffff 13 18 1a31
cd0 cd0 a000 bfff 13ec 13ec a900 a9ff 0 ffff 0 ffff 13 18 1a32
cd0 cd0 a000 bfff afc8 afc8 1000 10ff 0 ffff 0 ffff 13 18 1a33
6842 6842 e000 ffff 8c5b 8c5b 1d00 1dff 0 ffff 0 ffff 13 18 1a34
8112 8112 c000 dfff 20f3 20f3 6400 64ff 0 ffff 0 ffff 13 18 1a35
ef83 ef83 4000 5fff 65f1 65f1 3900 39ff 0 ffff 0 ffff 13 18 1a36
ef83 ef83 4000 5fff 8c5b 8c5b 1d00 1dff 0 ffff 0 ffff 13 18 1a37
ef83 ef83 4000 5fff eebb eebb 5600 56ff 0 ffff 0 ffff 13 18 1a38
1000 1fff 0 ffff 13e8 13eb 0 ffff a1 a1 0 ffff 4 e 1a39
e00 fff 0 ffff afd0 afdf 0 ffff 157c 157c 0 ffff 7 c 1a3a
cd0 cd0 9000 93ff afc8 afc8 1800 1fff 0 ffff 0 ffff 16 15 1a3b
6842 6842 c800 cbff 65f1 65f1 3000 37ff 0 ffff 0 ffff 16 15 1a3c
6842 6842 c800 cbff 8c5b 8c5b 1000 17ff 0 ffff 0 ffff 16 15 1a3d
6842 6842 c800 cbff 13ec 13ec a000 a7ff 0 ffff 0 ffff 16 15 1a3e
8112 8112 f800 fbff dfac dfac 7800 7fff 0 ffff 0 ffff 16 15 1a3f
8112 8112 f800 fbff 8c5b 8c5b 1000 17ff 0 ffff 0 ffff 16 15 1a40
ef83 ef83 6c00 6fff 5718 5718 c000 c7ff 0 ffff 0 ffff 16 15 1a41
ef83 ef83 6c00 6fff 8c5b 8c5b 1000 17ff 0 ffff 0 ffff 16 15 1a42
ef83 ef83 6c00 6fff 65f1 65f1 3000 37ff 0 ffff 0 ffff 16 15 1a43
ef83 ef83 6c00 6fff eebb eebb 5800 5fff 0 ffff 0 ffff 16 15 1a44
cd0 cd0 9680 96bf afc8 afc8 8000 ffff 0 ffff 0 ffff 1a 11 1a45
cd0 cd0 9680 96bf 13ec 13ec 0 7fff 0 ffff 0 ffff 1a 11 1a46
ef83 ef83 6880 68bf 8c5b 8c5b 8000 ffff 0 ffff 0 ffff 1a 11 1a47
e00 fff 0 ffff 13c0 13df 0 ffff 0 ffff 45 45 7 b 1a48
e00 fff 0 ffff afe0 afff 0 ffff 0 ffff 4be 4be 7 b 1a49
0 7fff 0 ffff afc8 afc8 4000 7fff 0 ffff 202 202 1 12 1a4a
d00 dff 0 ffff afe0 afff 0 ffff 19 19 0 ffff 8 b 1a4b
cd0 cd0 96c0 96df afc9 afc9 0 ffff 0 ffff 0 ffff 1b 10 1a4c
8112 8112 fe40 fe5f 20f2 20f2 0 ffff 0 ffff 0 ffff 1b 10 1a4d
cd2 cd3 0 ffff afc8 afc8 0 fff 0 ffff 0 ffff f 14 1a4e
ef80 ef81 0 ffff 8c5b 8c5b 0 fff 0 ffff 0 ffff f 14 1a4f
cd0 cd0 9400 95ff 13c0 13df 0 ffff 0 ffff 0 ffff 17 b 1a50
cd0 cd0 a000 bfff afca afcb 0 ffff 0 ffff 0 ffff 13 f 1a51
cd0 cd0 96ef 96ef afe0 afff 0 ffff 0 ffff 0 ffff 20 b 1a52
8112 8112 fe61 fe61 8c60 8c7f 0 ffff 0 ffff 0 ffff 20 b 1a53
cd8 cdf 0 ffff afc8 afc8 1400 17ff 0 ffff 0 ffff d 16 1a54
cd8 cdf 0 ffff 65f1 65f1 3c00 3fff 0 ffff 0 ffff d 16 1a55
cd0 cd0 9400 95ff afc8 afc8 0 fff 0 ffff 0 ffff 17 14 1a56
6842 6842 ce00 cfff 65f1 65f1 2000 2fff 0 ffff 0 ffff 17 14 1a57
6842 6842 ce00 cfff 13ec 13ec b000 bfff 0 ffff 0 ffff 17 14 1a58
8112 8112 fc00 fdff 20f3 20f3 7000 7fff 0 ffff 0 ffff 17 14 1a59
ef83 ef83 6a00 6bff eebb eebb 4000 4fff 0 ffff 0 ffff 17 14 1a5a
ef83 ef83 6a00 6bff 65f1 65f1 2000 2fff 0 ffff 0 ffff 17 14 1a5b
cd0 cd0 9700 97ff afc8 afc8 2000 3fff 0 ffff 0 ffff 18 13 1a5c
cd0 cd0 9700 97ff 13ec 13ec 8000 9fff 0 ffff 0 ffff 18 13 1a5d
6842 6842 cd00 cdff 13ec 13ec 8000 9fff 0 ffff 0 ffff 18 13 1a5e
6842 6842 cd00 cdff 65f1 65f1 0 1fff 0 ffff 0 ffff 18 13 1a5f
8112 8112 ff00 ffff 20f3 20f3 4000 5fff 0 ffff 0 ffff 18 13 1a60
ef83 ef83 6900 69ff 65f1 65f1 0 1fff 0 ffff 0 ffff 18 13 1a61
cd1 cd1 0 ffff 13ec 13ec c000 ffff 0 ffff 0 ffff 10 12 1a62
e00 fff 0 ffff afc8 afc8 11b0 11bf 0 ffff 0 ffff 7 1c 1a63
6848 684f 0 ffff 65f1 65f1 3818 381b 0 ffff 0 ffff d 1e 1a64
6848 684f 0 ffff afc8 afc8 11a4 11a7 0 ffff 0 ffff d 1e 1a65
6848 684f 0 ffff 13ec 13ec a8b4 a8b7 0 ffff 0 ffff d 1e 1a66
6848 684f 0 ffff 8c5b 8c5b 1c40 1c43 0 ffff 0 ffff d 1e 1a67
8118 811f 0 ffff 20f3 20f3 65c4 65c7 0 ffff 0 ffff d 1e 1a68
8118 811f 0 ffff 8c5b 8c5b 1c40 1c43 0 ffff 0 ffff d 1e 1a69
ef88 ef8f 0 ffff 5718 5718 ca58 ca5b 0 ffff 0 ffff d 1e 1a6a
ef88 ef8f 0 ffff 65f1 65f1 3818 381b 0 ffff 0 ffff d 1e 1a6b
6880 68ff 0 ffff 20f3 20f3 6500 657f 0 ffff 400 ffff 9 19 1a6c
ef00 ef7f 0 ffff 8c5b 8c5b 1c80 1cff 0 ffff 400 ffff 9 19 1a6d
6a00 6bff 0 ffff 65e0 65ef 0 ffff 0 ffff 35 35 7 c 1a6e
ec00 edff 0 ffff eea0 eeaf 0 ffff 0 ffff 202 202 7 c 1a6f
ec00 edff 0 ffff 65e0 65ef 0 ffff 0 ffff 66e 66e 7 c 1a70
6842 6842 cc28 cc2f 1400 17ff 0 ffff 0 ffff 0 ffff 1d 6 1a71
6842 6842 0 7fff 8000 ffff 0 ffff 0 ffff 45 45 11 1 1a72
6842 6842 c000 c7ff afcc afcf 0 ffff 0 ffff 0 ffff 15 e 1a73
6848 684f 0 ffff 5718 5718 c000 c7ff 0 ffff 0 ffff d 15 1a74
6848 684f 0 ffff 13ec 13ec a000 a7ff 0 ffff 0 ffff d 15 1a75
4000 7fff 0 ffff 8c5b 8c5b 8000 ffff 0 ffff 202 202 2 11 1a76
8000 bfff 0 ffff eebb eebb 8000 ffff 0 ffff 159a 159a 2 11 1a77
8000 bfff 0 ffff 5718 5718 0 7fff 0 ffff 599 599 2 11 1a78
8000 bfff 0 ffff eebb eebb 8000 ffff 0 ffff 35 35 2 11 1a79
6844 6847 0 ffff 13ec 13ec a000 a7ff 0 ffff 0 ffff e 15 1a7a
6844 6847 0 ffff 8c5b 8c5b 1000 17ff 0 ffff 0 ffff e 15 1a7b
6842 6842 8000 bfff 8c5a 8c5a 0 ffff 0 ffff 400 ffff 12 10 1a7c
6842 6842 c000 c7ff 8c5b 8c5b 1800 1bff 0 ffff 0 ffff 15 16 1a7d
6842 6842 c000 c7ff 13ec 13ec ac00 afff 0 ffff 0 ffff 15 16 1a7e
8112 8112 f000 f7ff 20f3 20f3 6000 63ff 0 ffff 0 ffff 15 16 1a7f
8112 8112 f000 f7ff 5718 5718 cc00 cfff 0 ffff 0 ffff 15 16 1a80
8112 8112 f000 f7ff 8c5b 8c5b 1800 1bff 0 ffff 0 ffff 15 16 1a81
ef83 ef83 6000 67ff 5718 5718 cc00 cfff 0 ffff 0 ffff 15 16 1a82
ef83 ef83 6000 67ff eebb eebb 5000 53ff 0 ffff 0 ffff 15 16 1a83
ef83 ef83 6000 67ff 8c5b 8c5b 1800 1bff 0 ffff 0 ffff 15 16 1a84
6842 6842 c800 cbff 8c40 8c4f 0 ffff 0 ffff 400 ffff 16 c 1a85
8112 8112 f800 fbff 5700 570f 0 ffff 0 ffff 400 ffff 16 c 1a86
6842 6842 0 7fff 8000 bfff 0 ffff 0 ffff 35 35 11 2 1a87
6880 68ff 0 ffff 13f0 13ff 0 ffff 0 ffff 14 17 9 c 1a88
6843 6843 0 ffff 8c5b 8c5b 2000 3fff 0 ffff 0 ffff 10 13 1a89
6843 6843 0 ffff 8c5b 8c5b 1c60 1c7f 0 ffff 0 ffff 10 1b 1a8a
6843 6843 0 ffff 13ec 13ec a880 a89f 0 ffff 0 ffff 10 1b 1a8b
8113 8113 0 ffff eebb eebb 57e0 57ff 0 ffff 0 ffff 10 1b 1a8c
8113 8113 0 ffff 8c5b 8c5b 1c60 1c7f 0 ffff 0 ffff 10 1b 1a8d
ef82 ef82 0 ffff 8c5b 8c5b 1c60 1c7f 0 ffff 0 ffff 10 1b 1a8e
6800 683f 0 ffff 1300 137f 0 ffff 14 14 0 ffff a 9 1a8f
6844 6847 0 ffff 65f1 65f1 3810 3817 0 ffff 0 ffff e 1d 1a90
6844 6847 0 ffff 13ec 13ec a8b8 a8bf 0 ffff 0 ffff e 1d 1a91
ef84 ef87 0 ffff eebb eebb 57c0 57c7 0 ffff 0 ffff e 1d 1a92
ef84 ef87 0 ffff 65f1 65f1 3810 3817 0 ffff 0 ffff e 1d 1a93
6800 683f 0 ffff 8c00 8c3f 0 ffff 0 ffff 6d 6e a a 1a94
6840 6841 0 ffff 0 fff 0 ffff 50 50 0 ffff f 4 1a95
6848 684f 0 ffff 6000 63ff 0 ffff 0 ffff 8f 8f d 6 1a96
8118 811f 0 ffff 8800 8bff 0 ffff 0 ffff 89 89 d 6 1a97
ef88 ef8f 0 ffff 5000 53ff 0 ffff 0 ffff 232b 232b d 6 1a98
6844 6847 0 ffff 1800 1fff 0 ffff 0 ffff 45 45 e 5 1a99
6844 6847 0 ffff 8000 87ff 0 ffff 0 ffff 45 45 e 5 1a9a
ef84 ef87 0 ffff 6800 6fff 0 ffff 0 ffff 22ab 22ab e 5 1a9b
ef84 ef87 0 ffff e000 e7ff 0 ffff 0 ffff 8f 8f e 5 1a9c
6860 687f 0 ffff 65f1 65f1 3a00 3bff 0 ffff 0 ffff b 17 1a9d
6842 6842 cc00 cc1f 8e00 8fff 0 ffff 0 ffff 0 ffff 1b 7 1a9e
6842 6842 8000 bfff 13ec 13ec 0 7fff 0 ffff 0 ffff 12 11 1a9f
ef83 ef83 0 3fff 5718 5718 0 7fff 0 ffff 0 ffff 12 11 1aa0
6880 68ff 0 ffff 8c00 8c3f 0 ffff 0 ffff 599 599 9 a 1aa1
8180 81ff 0 ffff 8c00 8c3f 0 ffff 0 ffff 89 89 9 a 1aa2
ef00 ef7f 0 ffff eec0 eeff 0 ffff 0 ffff 202 202 9 a 1aa3
6850 685f 0 ffff 8c5b 8c5b 1e00 1fff 0 ffff 0 ffff c 17 1aa4
6900 69ff 0 ffff 13c0 13df 0 ffff 0 ffff 202 202 8 b 1aa5
8000 80ff 0 ffff 8c60 8c7f 0 ffff 0 ffff 35 35 8 b 1aa6
6842 6842 d000 dfff 65f4 65f7 0 ffff 0 ffff 0 ffff 14 e 1aa7
6000 67ff 0 ffff 13e8 13eb 0 ffff 0 ffff 202 202 5 e 1aa8
e000 e7ff 0 ffff 8c5c 8c5f 0 ffff 0 ffff 19 19 5 e 1aa9
6840 6841 0 ffff 7000 7fff 0 ffff 0 ffff 50 50 f 4 1aaa
6840 6841 0 ffff 9000 9fff 0 ffff 0 ffff 45 45 f 4 1aab
ef80 ef81 0 ffff 7000 7fff 0 ffff 0 ffff 202 202 f 4 1aac
ef80 ef81 0 ffff f000 ffff 0 ffff 0 ffff 202 202 f 4 1aad
0 ffff 0 ffff dfac dfac 4000 5fff 0 ffff 50 50 0 13 1aae
0 ffff 0 ffff dfac dfac 4000 5fff 0 ffff 202 202 0 13 1aaf
6842 6842 8000 bfff 0 ffff 0 ffff 0 ffff 232b 232b 12 0 1ab0
8118 811f 0 ffff d000 d7ff 0 ffff a1 a1 0 ffff d 5 1ab1
8112 8112 c000 dfff 20f2 20f2 0 ffff 0 ffff 0 ffff 13 10 1ab2
8140 817f 0 ffff ef00 efff 0 ffff 0 ffff 87 87 a 8 1ab3
efc0 efff 0 ffff ef00 efff 0 ffff 0 ffff 19 19 a 8 1ab4
8120 813f 0 ffff 2200 23ff 0 ffff 0 ffff 19 19 b 7 1ab5
8120 813f 0 ffff 8e00 8fff 0 ffff 0 ffff 232b 232b b 7 1ab6
8100 810f 0 ffff ec00 edff 0 ffff 0 ffff 8f 8f c 7 1ab7
ef90 ef9f 0 ffff 8e00 8fff 0 ffff 0 ffff 45 45 c 7 1ab8
ef90 ef9f 0 ffff 6600 67ff 0 ffff 0 ffff 45 45 c 7 1ab9
ef90 ef9f 0 ffff 6600 67ff 0 ffff 0 ffff 8b 8b c 7 1aba
8113 8113 0 ffff 8c5b 8c5b 4000 7fff 0 ffff 400 ffff 10 12 1abb
ef82 ef82 0 ffff 65f1 65f1 4000 7fff 0 ffff 400 ffff 10 12 1abc
8400 87ff 0 ffff eeb0 eeb7 0 ffff 0 ffff 87 87 6 d 1abd
e800 ebff 0 ffff 8c50 8c57 0 ffff 0 ffff 77 77 6 d 1abe
e800 ebff 0 ffff 65f8 65ff 0 ffff 0 ffff 45 45 6 d 1abf
8140 817f 0 ffff 5718 5718 ca80 caff 0 ffff 0 ffff a 19 1ac0
8140 817f 0 ffff 5780 57ff 0 ffff 0 ffff 45 45 a 9 1ac1
efc0 efff 0 ffff 6500 657f 0 ffff 0 ffff 6bb 6bb a 9 1ac2
a000 bfff 0 ffff 5719 5719 0 ffff 0 ffff 232b 232b 3 10 1ac3
8112 8112 c000 dfff 571a 571b 0 ffff 0 ffff 400 ffff 13 f 1ac4
8112 8112 8000 bfff 0 7fff 0 ffff 15ae 15ae 0 ffff 12 1 1ac5
8112 8112 fe80 feff eebb eebb 0 3fff 0 ffff 0 ffff 19 12 1ac6
ef83 ef83 6800 687f 8c5b 8c5b 4000 7fff 0 ffff 0 ffff 19 12 1ac7
8112 8112 fc00 fdff 5700 570f 0 ffff 0 ffff 0 ffff 17 c 1ac8
8120 813f 0 ffff 8d00 8dff 0 ffff 0 ffff 202 202 b 8 1ac9
efa0 efbf 0 ffff 6400 64ff 0 ffff 0 ffff 45 45 b 8 1aca
f000 ffff 0 ffff 8c58 8c59 0 ffff 0 ffff 14 15 4 f 1acb
ef83 ef83 4000 5fff 0 ffff 0 ffff 0 ffff 35 35 13 0 1acc
ee00 eeff 0 ffff 65f1 65f1 3820 383f 0 ffff 0 ffff 8 1b 1acd
ef84 ef87 0 ffff 8800 8bff 0 ffff 0 ffff 6d 6e e 6 1ace
efa0 efbf 0 ffff 65f1 65f1 3a00 3bff 0 ffff 400 ffff b 17 1acf
ef90 ef9f 0 ffff 8e00 8fff 0 ffff 599 599 0 ffff c 7 1ad0
f000 ffff 0 ffff 65f2 65f3 0 ffff 1586 1586 0 ffff 4 f 1ad1
e800 ebff 0 ffff 65f8 65ff 0 ffff 15a4 15a4 0 ffff 6 d 1ad2
e000 e7ff 0 ffff 65f8 65ff 0 ffff 0 ffff 45 45 5 d 1ad3
ef83 ef83 8000 ffff eebb eebb 8000 ffff 0 ffff 400 ffff 11 11 1ad4
ef83 ef83 68f0 68f7 8c5c 8c5f 0 ffff 0 ffff 0 ffff 1d e 1ad5
ef84 ef87 0 ffff eebb eebb 4000 4fff 0 ffff 0 ffff e 14 1ad6
ef83 ef83 68e0 68ef 65f2 65f3 0 ffff 0 ffff 0 ffff 1c f 1ad7
ef83 ef83 68fd 68fd 4000 7fff 0 ffff 0 ffff 0 ffff 20 2 1ad8
c00 c7f 0 ffff dfac dfac 7600 76ff 0 ffff 400 ffff 9 18 1ad9
cd0 cd0 9000 93ff df80 df9f 0 ffff 0 ffff 0 ffff 16 b 1ada
cd8 cdf 0 ffff 6800 6fff 0 ffff 0 ffff 45 45 d 5 1adb
6848 684f 0 ffff 1800 1fff 0 ffff 0 ffff 45 45 d 5 1adc
8118 811f 0 ffff 2800 2fff 0 ffff 0 ffff 35 35 d 5 1add
ef88 ef8f 0 ffff 5800 5fff 0 ffff 0 ffff 1b58 1b58 d 5 1ade
cd1 cd1 0 ffff dfac dfac 8000 ffff 0 ffff 400 ffff 10 11 1adf
ef82 ef82 0 ffff 8c5b 8c5b 8000 ffff 0 ffff 400 ffff 10 11 1ae0
ef82 ef82 0 ffff 65f1 65f1 8000 ffff 0 ffff 400 ffff 10 11 1ae1
cd0 cd0 9800 9fff 65f1 65f1 3000 37ff 0 ffff 0 ffff 15 15 1ae2
cd0 cd0 9800 9fff 13ec 13ec a000 a7ff 0 ffff 0 ffff 15 15 1ae3
6842 6842 c000 c7ff 65f1 65f1 3000 37ff 0 ffff 0 ffff 15 15 1ae4
6842 6842 c000 c7ff 8c5b 8c5b 1000 17ff 0 ffff 0 ffff 15 15 1ae5
8112 8112 f000 f7ff eebb eebb 5800 5fff 0 ffff 0 ffff 15 15 1ae6
8112 8112 f000 f7ff 8c5b 8c5b 1000 17ff 0 ffff 0 ffff 15 15 1ae7
ef83 ef83 6000 67ff eebb eebb 5800 5fff 0 ffff 0 ffff 15 15 1ae8
ef83 ef83 6000 67ff 65f1 65f1 3000 37ff 0 ffff 0 ffff 15 15 1ae9
cc0 ccf 0 ffff 1400 17ff 0 ffff 0 ffff a2 a2 c 6 1aea
cc0 ccf 0 ffff a800 abff 0 ffff 0 ffff 202 202 c 6 1aeb
6850 685f 0 ffff 6000 63ff 0 ffff 0 ffff 19 19 c 6 1aec
ef90 ef9f 0 ffff 5000 53ff 0 ffff 0 ffff 6bb 6bb c 6 1aed
ef90 ef9f 0 ffff 8800 8bff 0 ffff 0 ffff 19 19 c 6 1aee
cd0 cd0 9000 93ff dfac dfac 6000 6fff 0 ffff 0 ffff 16 14 1aef
6842 6842 c800 cbff 13ec 13ec b000 bfff 0 ffff 0 ffff 16 14 1af0
6842 6842 c800 cbff 8c5b 8c5b 0 fff 0 ffff 0 ffff 16 14 1af1
8112 8112 f800 fbff eebb eebb 4000 4fff 0 ffff 0 ffff 16 14 1af2
ef83 ef83 6c00 6fff 5718 5718 d000 dfff 0 ffff 0 ffff 16 14 1af3
ef83 ef83 6c00 6fff 65f1 65f1 2000 2fff 0 ffff 0 ffff 16 14 1af4
c80 cbf 0 ffff dfac dfac 7741 7741 0 ffff 0 ffff a 20 1af5
6800 683f 0 ffff 20f3 20f3 65c2 65c2 0 ffff 0 ffff a 20 1af6
efc0 efff 0 ffff 8c5b 8c5b 1c47 1c47 0 ffff 0 ffff a 20 1af7
cd0 cd0 0 7fff 13ec 13ec a800 a87f 0 ffff 0 ffff 11 19 1af8
8112 8112 0 7fff 5718 5718 ca80 caff 0 ffff 0 ffff 11 19 1af9
ef83 ef83 8000 ffff eebb eebb 5700 577f 0 ffff 0 ffff 11 19 1afa
ef83 ef83 8000 ffff 65f1 65f1 3880 38ff 0 ffff 0 ffff 11 19 1afb
ef83 ef83 8000 ffff 8c5b 8c5b 1c80 1cff 0 ffff 0 ffff 11 19 1afc
cd0 cd0 a000 bfff dfa8 dfab 0 ffff 0 ffff 400 ffff 13 e 1afd
6842 6842 e000 ffff 8c5c 8c5f 0 ffff 0 ffff 400 ffff 13 e 1afe
8112 8112 c000 dfff 571c 571f 0 ffff 0 ffff 400 ffff 13 e 1aff
cd0 cd0 c000 ffff 65f1 65f1 3900 39ff 0 ffff 0 ffff 12 18 1b00
cd0 cd0 c000 ffff afc8 afc8 1000 10ff 0 ffff 0 ffff 12 18 1b01
6842 6842 8000 bfff 13ec 13ec a900 a9ff 0 ffff 0 ffff 12 18 1b02
8112 8112 8000 bfff 8c5b 8c5b 1d00 1dff 0 ffff 0 ffff 12 18 1b03
8112 8112 8000 bfff eebb eebb 5600 56ff 0 ffff 0 ffff 12 18 1b04
ef83 ef83 0 3fff eebb eebb 5600 56ff 0 ffff 0 ffff 12 18 1b05
cc0 ccf 0 ffff afc8 afc8 1800 1fff 0 ffff 400 ffff c 15 1b06
6850 685f 0 ffff 65f1 65f1 3000 37ff 0 ffff 400 ffff c 15 1b07
ef90 ef9f 0 ffff 65f1 65f1 3000 37ff 0 ffff 400 ffff c 15 1b08
cd0 cd0 8000 8fff afc8 afc8 1400 17ff 0 ffff 0 ffff 14 16 1b09
6842 6842 d000 dfff 13ec 13ec ac00 afff 0 ffff 0 ffff 14 16 1b0a
6842 6842 d000 dfff 8c5b 8c5b 1800 1bff 0 ffff 0 ffff 14 16 1b0b
8112 8112 e000 efff 20f3 20f3 6000 63ff 0 ffff 0 ffff 14 16 1b0c
ef83 ef83 7000 7fff 5718 5718 cc00 cfff 0 ffff 0 ffff 14 16 1b0d
ef83 ef83 7000 7fff eebb eebb 5000 53ff 0 ffff 0 ffff 14 16 1b0e
ef83 ef83 7000 7fff 8c5b 8c5b 1800 1bff 0 ffff 0 ffff 14 16 1b0f
cd8 cdf 0 ffff 1800 1fff 0 ffff 66d 66e 0 ffff d 5 1b10
cd0 cd0 9800 9fff 13f0 13ff 0 ffff 0 ffff 400 ffff 15 c 1b11
cd0 cd0 0 7fff 8000 ffff 0 ffff 6d 6e 0 ffff 11 1 1b12
8112 8112 0 7fff 8000 ffff 0 ffff 66d 66e 0 ffff 11 1 1b13
cd0 cd0 96f0 96ff afcc afcf 0 ffff 0 ffff 0 ffff 1c e 1b14
6842 6842 cc30 cc3f 65f4 65f7 0 ffff 0 ffff 0 ffff 1c e 1b15
ef83 ef83 68e0 68ef 65f4 65f7 0 ffff 0 ffff 0 ffff 1c e 1b16
0 3fff 0 ffff 65f1 65f1 381f 381f 0 ffff 0 ffff 2 20 1b17
cd2 cd3 0 ffff 13ec 13ec 8000 9fff 0 ffff 0 ffff f 13 1b18
6840 6841 0 ffff 8c5b 8c5b 2000 3fff 0 ffff 0 ffff f 13 1b19
ef80 ef81 0 ffff 8c5b 8c5b 2000 3fff 0 ffff 0 ffff f 13 1b1a
ef80 ef81 0 ffff 8c5b 8c5b 2000 3fff 0 ffff 0 ffff f 13 1b1b
ef80 ef81 0 ffff 65f1 65f1 0 1fff 0 ffff 0 ffff f 13 1b1c
cd0 cd0 96ef 96ef af80 afbf 0 ffff 0 ffff 0 ffff 20 a 1b1d
6842 6842 cc27 cc27 1380 13bf 0 ffff 0 ffff 0 ffff 20 a 1b1e
ef83 ef83 68fd 68fd 6580 65bf 0 ffff 0 ffff 0 ffff 20 a 1b1f
cd1 cd1 0 ffff 65f1 65f1 3840 387f 0 ffff 0 ffff 10 1a 1b20
cd1 cd1 0 ffff afc8 afc8 11c0 11ff 0 ffff 0 ffff 10 1a 1b21
6843 6843 0 ffff 65f1 65f1 3840 387f 0 ffff 0 ffff 10 1a 1b22
6843 6843 0 ffff 8c5b 8c5b 1c00 1c3f 0 ffff 0 ffff 10 1a 1b23
8113 8113 0 ffff 5718 5718 ca00 ca3f 0 ffff 0 ffff 10 1a 1b24
ef82 ef82 0 ffff 65f1 65f1 3840 387f 0 ffff 0 ffff 10 1a 1b25
ef82 ef82 0 ffff eebb eebb 5780 57bf 0 ffff 0 ffff 10 1a 1b26
cd0 cd0 0 7fff 13ec 13ec 0 7fff 0 ffff 0 ffff 11 11 1b27
ef83 ef83 8000 ffff 65f1 65f1 8000 ffff 0 ffff 0 ffff 11 11 1b28
ef83 ef83 8000 ffff 8c5b 8c5b 8000 ffff 0 ffff 0 ffff 11 11 1b29
cd1 cd1 0 ffff 4000 7fff 0 ffff 0 ffff 45 45 10 2 1b2a
8113 8113 0 ffff 8000 bfff 0 ffff 0 ffff 45 45 10 2 1b2b
8113 8113 0 ffff 8000 bfff 0 ffff 0 ffff 45 45 10 2 1b2c
ef82 ef82 0 ffff 4000 7fff 0 ffff 0 ffff 19 19 10 2 1b2d
cc0 ccf 0 ffff 13ec 13ec ac00 afff 0 ffff 0 ffff c 16 1b2e
8100 810f 0 ffff 8c5b 8c5b 1800 1bff 0 ffff 0 ffff c 16 1b2f
e00 fff 0 ffff afe0 afff 0 ffff 0 ffff 232b 232b 7 b 1b30
6a00 6bff 0 ffff 13c0 13df 0 ffff 0 ffff 8f 8f 7 b 1b31
6a00 6bff 0 ffff 65c0 65df 0 ffff 0 ffff 89 89 7 b 1b32
cd2 cd3 0 ffff 65f1 65f1 3820 383f 0 ffff 0 ffff f 1b 1b33
6840 6841 0 ffff 65f1 65f1 3820 383f 0 ffff 0 ffff f 1b 1b34
6840 6841 0 ffff 13ec 13ec a880 a89f 0 ffff 0 ffff f 1b 1b35
6840 6841 0 ffff 8c5b 8c5b 1c60 1c7f 0 ffff 0 ffff f 1b 1b36
8110 8111 0 ffff eebb eebb 57e0 57ff 0 ffff 0 ffff f 1b 1b37
8110 8111 0 ffff 8c5b 8c5b 1c60 1c7f 0 ffff 0 ffff f 1b 1b38
ef80 ef81 0 ffff eebb eebb 57e0 57ff 0 ffff 0 ffff f 1b 1b39
ef80 ef81 0 ffff 8c5b 8c5b 1c60 1c7f 0 ffff 0 ffff f 1b 1b3a
ef80 ef81 0 ffff 65f1 65f1 3820 383f 0 ffff 0 ffff f 1b 1b3b
cd0 cd0 9800 9fff afc0 afc7 0 ffff 0 ffff 0 ffff 15 d 1b3c
ef83 ef83 6000 67ff 8c50 8c57 0 ffff 0 ffff 0 ffff 15 d 1b3d
c00 c7f 0 ffff 1300 137f 0 ffff 0 ffff 1586 1586 9 9 1b3e
ef00 ef7f 0 ffff 6500 657f 0 ffff 0 ffff 202 202 9 9 1b3f
6844 6847 0 ffff 3000 3fff 0 ffff 0 ffff 35 35 e 4 1b40
6842 6842 cc40 cc7f afc9 afc9 0 ffff 0 ffff 0 ffff 1a 10 1b41
6842 6842 cc40 cc7f 8c5a 8c5a 0 ffff 0 ffff 0 ffff 1a 10 1b42
8112 8112 fe00 fe3f 8c5a 8c5a 0 ffff 0 ffff 0 ffff 1a 10 1b43
ef83 ef83 6880 68bf eeba eeba 0 ffff 0 ffff 0 ffff 1a 10 1b44
ef83 ef83 6880 68bf 8c5a 8c5a 0 ffff 0 ffff 0 ffff 1a 10 1b45
6842 6842 8000 bfff afca afcb 0 ffff 0 ffff 400 ffff 12 f 1b46
6c00 6fff 0 ffff 20f3 20f3 65e0 65ff 0 ffff 400 ffff 6 1b 1b47
6842 6842 cd00 cdff 6580 65bf 0 ffff 0 ffff 0 ffff 18 a 1b48
6842 6842 cd00 cdff 1380 13bf 0 ffff 0 ffff 0 ffff 18 a 1b49
6842 6842 cc28 cc2f afc0 afc7 0 ffff 0 ffff 0 ffff 1d d 1b4a
6860 687f 0 ffff ac00 adff 0 ffff 0 ffff 45 45 b 7 1b4b
8120 813f 0 ffff 8e00 8fff 0 ffff 0 ffff 71 71 b 7 1b4c
efa0 efbf 0 ffff 6600 67ff 0 ffff 0 ffff 35 35 b 7 1b4d
6842 6842 ce00 cfff 65f1 65f1 0 1fff 0 ffff 0 ffff 17 13 1b4e
6842 6842 ce00 cfff 13ec 13ec 8000 9fff 0 ffff 0 ffff 17 13 1b4f
8112 8112 fc00 fdff 5718 5718 e000 ffff 0 ffff 0 ffff 17 13 1b50
ef83 ef83 6a00 6bff 5718 5718 e000 ffff 0 ffff 0 ffff 17 13 1b51
ef83 ef83 6a00 6bff 65f1 65f1 0 1fff 0 ffff 0 ffff 17 13 1b52
6848 684f 0 ffff 5718 5718 d000 dfff 0 ffff 400 ffff d 14 1b53
ef88 ef8f 0 ffff 65f1 65f1 2000 2fff 0 ffff 400 ffff d 14 1b54
6844 6847 0 ffff 65f1 65f1 3800 380f 0 ffff 0 ffff e 1c 1b55
6844 6847 0 ffff 8c5b 8c5b 1c50 1c5f 0 ffff 0 ffff e 1c 1b56
8114 8117 0 ffff 5718 5718 ca40 ca4f 0 ffff 0 ffff e 1c 1b57
6842 6842 e000 ffff 8c5b 8c5b 1e00 1fff 0 ffff 0 ffff 13 17 1b58
6842 6842 e000 ffff 65f1 65f1 3a00 3bff 0 ffff 0 ffff 13 17 1b59
6842 6842 e000 ffff 13ec 13ec aa00 abff 0 ffff 0 ffff 13 17 1b5a
8112 8112 c000 dfff 5718 5718 c800 c9ff 0 ffff 0 ffff 13 17 1b5b
8112 8112 c000 dfff 8c5b 8c5b 1e00 1fff 0 ffff 0 ffff 13 17 1b5c
4000 7fff 0 ffff 13ed 13ed 0 ffff 0 ffff 232b 232b 2 10 1b5d
6860 687f 0 ffff 65f1 65f1 381c 381d 0 ffff 0 ffff b 1f 1b5e
6860 687f 0 ffff 8c5b 8c5b 1c44 1c45 0 ffff 0 ffff b 1f 1b5f
efa0 efbf 0 ffff eebb eebb 57c8 57c9 0 ffff 0 ffff b 1f 1b60
6842 6842 d000 dfff 0 ffff 0 ffff 14 17 0 ffff 14 0 1b61
6848 684f 0 ffff 65f1 65f1 3000 37ff 0 ffff 0 ffff d 15 1b62
6000 67ff 0 ffff 8c50 8c57 0 ffff 0 ffff 714 715 5 d 1b63
6842 6842 e000 ffff 8c58 8c59 0 ffff 0 ffff 0 ffff 13 f 1b64
6850 685f 0 ffff 8000 87ff 0 ffff 0 ffff 45 45 c 5 1b65
6842 6842 cc24 cc25 8c60 8c7f 0 ffff 0 ffff 0 ffff 1f b 1b66
ef83 ef83 68fe 68ff 65c0 65df 0 ffff 0 ffff 0 ffff 1f b 1b67
ef83 ef83 68fe 68ff 8c60 8c7f 0 ffff 0 ffff 0 ffff 1f b 1b68
6848 684f 0 ffff 8c5b 8c5b 1c48 1c4f 0 ffff 0 ffff d 1d 1b69
6848 684f 0 ffff 13ec 13ec a8b8 a8bf 0 ffff 0 ffff d 1d 1b6a
8118 811f 0 ffff 5718 5718 ca50 ca57 0 ffff 0 ffff d 1d 1b6b
6900 69ff 0 ffff 8c00 8c3f 0 ffff 0 ffff 35 35 8 a 1b6c
6900 69ff 0 ffff 6580 65bf 0 ffff 0 ffff 45 45 8 a 1b6d
6900 69ff 0 ffff 1380 13bf 0 ffff 0 ffff 45 45 8 a 1b6e
6900 69ff 0 ffff 6580 65bf 0 ffff 0 ffff 19 19 8 a 1b6f
ee00 eeff 0 ffff 6580 65bf 0 ffff 0 ffff 202 202 8 a 1b70
6842 6842 e000 ffff 13e8 13eb 0 ffff 0 ffff 0 ffff 13 e 1b71
8112 8112 c000 dfff 8c5c 8c5f 0 ffff 0 ffff 0 ffff 13 e 1b72
ef83 ef83 4000 5fff 8c5c 8c5f 0 ffff 0 ffff 0 ffff 13 e 1b73
0 7fff 0 ffff 8c5b 8c5b 8000 ffff 0 ffff 66d 66e 1 11 1b74
6842 6842 cc80 ccff 65f1 65f1 8000 ffff 0 ffff 0 ffff 19 11 1b75
6842 6842 cc80 ccff 8c5b 8c5b 8000 ffff 0 ffff 0 ffff 19 11 1b76
8112 8112 fe80 feff eebb eebb 8000 ffff 0 ffff 0 ffff 19 11 1b77
ef83 ef83 6800 687f 8c5b 8c5b 8000 ffff 0 ffff 0 ffff 19 11 1b78
6842 6842 cc00 cc1f 8c58 8c59 0 ffff 0 ffff 0 ffff 1b f 1b79
ef83 ef83 68c0 68df 65f2 65f3 0 ffff 0 ffff 0 ffff 1b f 1b7a
6800 683f 0 ffff 8c5b 8c5b 1d00 1dff 0 ffff 0 ffff a 18 1b7b
6843 6843 0 ffff 8c5b 8c5b 4000 7fff 0 ffff 0 ffff 10 12 1b7c
6000 67ff 0 ffff 8c50 8c57 0 ffff 0 ffff 45 45 5 d 1b7d
8800 8fff 0 ffff 8c50 8c57 0 ffff 0 ffff 45 45 5 d 1b7e
e000 e7ff 0 ffff 65f8 65ff 0 ffff 0 ffff 1f4 1f4 5 d 1b7f
e000 e7ff 0 ffff 65f8 65ff 0 ffff 0 ffff 232b 232b 5 d 1b80
6850 685f 0 ffff 1000 11ff 0 ffff 6d 6e 0 ffff c 7 1b81
ef90 ef9f 0 ffff 5400 55ff 0 ffff 6d 6e 0 ffff c 7 1b82
6842 6842 0 7fff 0 7fff 0 ffff 0 ffff a2 a2 11 1 1b83
6c00 6fff 0 ffff 65f8 65ff 0 ffff 0 ffff 6d 6e 6 d 1b84
6800 683f 0 ffff 6400 64ff 0 ffff 0 ffff 50 50 a 8 1b85
efc0 efff 0 ffff 6400 64ff 0 ffff 0 ffff 45 45 a 8 1b86
6842 6842 cd00 cdff 8c5b 8c5b 4000 7fff 0 ffff 0 ffff 18 12 1b87
ef83 ef83 6900 69ff 5718 5718 8000 bfff 0 ffff 0 ffff 18 12 1b88
ef83 ef83 6900 69ff eebb eebb 0 3fff 0 ffff 0 ffff 18 12 1b89
8112 8112 ff00 ffff 2000 207f 0 ffff 0 ffff 400 ffff 18 9 1b8a
8100 810f 0 ffff 20f3 20f3 65c4 65c7 0 ffff 0 ffff c 1e 1b8b
a000 bfff 0 ffff eeb8 eeb9 0 ffff 0 ffff 35 35 3 f 1b8c
c000 dfff 0 ffff eeb8 eeb9 0 ffff 0 ffff 202 202 3 f 1b8d
8110 8111 0 ffff 4000 7fff 0 ffff 0 ffff 35 35 f 2 1b8e
8400 87ff 0 ffff 8c5b 8c5b 1c60 1c7f 0 ffff 0 ffff 6 1b 1b8f
e800 ebff 0 ffff 8c40 8c4f 0 ffff 0 ffff 232b 232b 6 c 1b90
e800 ebff 0 ffff 65e0 65ef 0 ffff 0 ffff 89 89 6 c 1b91
ef83 ef83 6a00 6bff 8c00 8c3f 0 ffff 0 ffff 400 ffff 17 a 1b92
efa0 efbf 0 ffff 6000 63ff 0 ffff 0 ffff 45 45 b 6 1b93
ef83 ef83 0 3fff eeba eeba 0 ffff 0 ffff 0 ffff 12 10 1b94
ef83 ef83 68f8 68fb f000 ffff 0 ffff 0 ffff 0 ffff 1e 4 1b95
ee00 eeff 0 ffff 8c60 8c7f 0 ffff 0 ffff 66d 66e 8 b 1b96
0 ffff 0 ffff dfac dfac 8000 ffff 0 ffff 35 35 0 11 1b97
ef80 ef81 0 ffff f000 ffff 0 ffff 66d 66e 0 ffff f 4 1b98
efc0 efff 0 ffff ec00 edff 0 ffff 0 ffff 599 599 a 7 1b99
cd0 cd0 0 7fff dfac dfac 7600 76ff 0 ffff 0 ffff 11 18 1b9a
6842 6842 0 7fff afc8 afc8 1000 10ff 0 ffff 0 ffff 11 18 1b9b
6842 6842 0 7fff 65f1 65f1 3900 39ff 0 ffff 0 ffff 11 18 1b9c
6842 6842 0 7fff 8c5b 8c5b 1d00 1dff 0 ffff 0 ffff 11 18 1b9d
8112 8112 0 7fff 20f3 20f3 6400 64ff 0 ffff 0 ffff 11 18 1b9e
ef83 ef83 8000 ffff eebb eebb 5600 56ff 0 ffff 0 ffff 11 18 1b9f
cd0 cd0 0 7fff dfad dfad 0 ffff 0 ffff 0 ffff 11 10 1ba0
6842 6842 0 7fff 13ed 13ed 0 ffff 0 ffff 0 ffff 11 10 1ba1
ef83 ef83 8000 ffff eeba eeba 0 ffff 0 ffff 0 ffff 11 10 1ba2
cd0 cd0 c000 ffff 65f1 65f1 3a00 3bff 0 ffff 0 ffff 12 17 1ba3
cd0 cd0 c000 ffff 13ec 13ec aa00 abff 0 ffff 0 ffff 12 17 1ba4
6842 6842 8000 bfff 20f3 20f3 6600 67ff 0 ffff 0 ffff 12 17 1ba5
6842 6842 8000 bfff afc8 afc8 1200 13ff 0 ffff 0 ffff 12 17 1ba6
6842 6842 8000 bfff 13ec 13ec aa00 abff 0 ffff 0 ffff 12 17 1ba7
6842 6842 8000 bfff 65f1 65f1 3a00 3bff 0 ffff 0 ffff 12 17 1ba8
8112 8112 8000 bfff 5718 5718 c800 c9ff 0 ffff 0 ffff 12 17 1ba9
8112 8112 8000 bfff eebb eebb 5400 55ff 0 ffff 0 ffff 12 17 1baa
ef83 ef83 0 3fff 8c5b 8c5b 1e00 1fff 0 ffff 0 ffff 12 17 1bab
ef83 ef83 0 3fff 65f1 65f1 3a00 3bff 0 ffff 0 ffff 12 17 1bac
cd0 cd0 96ef 96ef df00 df7f 0 ffff 0 ffff 0 ffff 20 9 1bad
8112 8112 fe61 fe61 5780 57ff 0 ffff 0 ffff 0 ffff 20 9 1bae
cd0 cd0 8000 8fff dfac dfac 7800 7fff 0 ffff 0 ffff 14 15 1baf
cd0 cd0 8000 8fff afc8 afc8 1800 1fff 0 ffff 0 ffff 14 15 1bb0
cd0 cd0 8000 8fff 13ec 13ec a000 a7ff 0 ffff 0 ffff 14 15 1bb1
6842 6842 d000 dfff afc8 afc8 1800 1fff 0 ffff 0 ffff 14 15 1bb2
ef83 ef83 7000 7fff 65f1 65f1 3000 37ff 0 ffff 0 ffff 14 15 1bb3
ef83 ef83 7000 7fff eebb eebb 5800 5fff 0 ffff 0 ffff 14 15 1bb4
cd4 cd7 0 ffff 13ec 13ec c000 ffff 0 ffff 400 ffff e 12 1bb5
cd4 cd7 0 ffff afc8 afc8 4000 7fff 0 ffff 400 ffff e 12 1bb6
cd0 cd0 9800 9fff 13ec 13ec b000 bfff 0 ffff 0 ffff 15 14 1bb7
cd0 cd0 9800 9fff dfac dfac 6000 6fff 0 ffff 0 ffff 15 14 1bb8
cd0 cd0 9800 9fff afc8 afc8 0 fff 0 ffff 0 ffff 15 14 1bb9
6842 6842 c000 c7ff afc8 afc8 0 fff 0 ffff 0 ffff 15 14 1bba
6842 6842 c000 c7ff 8c5b 8c5b 0 fff 0 ffff 0 ffff 15 14 1bbb
ef83 ef83 6000 67ff 5718 5718 d000 dfff 0 ffff 0 ffff 15 14 1bbc
ef83 ef83 6000 67ff 8c5b 8c5b 0 fff 0 ffff 0 ffff 15 14 1bbd
ef83 ef83 6000 67ff eebb eebb 4000 4fff 0 ffff 0 ffff 15 14 1bbe
ef83 ef83 6000 67ff 65f1 65f1 2000 2fff 0 ffff 0 ffff 15 14 1bbf
0 3fff 0 ffff 65f2 65f3 0 ffff 35 35 0 ffff 2 f 1bc0
c000 ffff 0 ffff 65f2 65f3 0 ffff a1 a1 0 ffff 2 f 1bc1
cd4 cd7 0 ffff 13ec 13ec a880 a89f 0 ffff 0 ffff e 1b 1bc2
cd4 cd7 0 ffff afc8 afc8 1180 119f 0 ffff 0 ffff e 1b 1bc3
cd4 cd7 0 ffff 65f1 65f1 3820 383f 0 ffff 0 ffff e 1b 1bc4
6844 6847 0 ffff 65f1 65f1 3820 383f 0 ffff 0 ffff e 1b 1bc5
6844 6847 0 ffff 13ec 13ec a880 a89f 0 ffff 0 ffff e 1b 1bc6
8114 8117 0 ffff 20f3 20f3 65e0 65ff 0 ffff 0 ffff e 1b 1bc7
8114 8117 0 ffff 8c5b 8c5b 1c60 1c7f 0 ffff 0 ffff e 1b 1bc8
ef84 ef87 0 ffff 5718 5718 ca60 ca7f 0 ffff 0 ffff e 1b 1bc9
ef84 ef87 0 ffff 65f1 65f1 3820 383f 0 ffff 0 ffff e 1b 1bca
cd0 cd0 8000 8fff afc0 afc7 0 ffff 0 ffff 0 ffff 14 d 1bcb
cd1 cd1 0 ffff afc8 afc8 1100 117f 0 ffff 0 ffff 10 19 1bcc
6843 6843 0 ffff 13ec 13ec a800 a87f 0 ffff 0 ffff 10 19 1bcd
ef82 ef82 0 ffff eebb eebb 5700 577f 0 ffff 0 ffff 10 19 1bce
cd8 cdf 0 ffff afc8 afc8 11b0 11bf 0 ffff 0 ffff d 1c 1bcf
6848 684f 0 ffff 13ec 13ec a8a0 a8af 0 ffff 0 ffff d 1c 1bd0
6848 684f 0 ffff 8c5b 8c5b 1c50 1c5f 0 ffff 0 ffff d 1c 1bd1
8118 811f 0 ffff 8c5b 8c5b 1c50 1c5f 0 ffff 0 ffff d 1c 1bd2
c80 cbf 0 ffff 65f1 65f1 381c 381d 0 ffff 0 ffff a 1f 1bd3
6800 683f 0 ffff 8c5b 8c5b 1c44 1c45 0 ffff 0 ffff a 1f 1bd4
0 3fff 0 ffff afcc afcf 0 ffff 0 ffff 202 202 2 e 1bd5
cd0 cd0 a000 bfff afc8 afc8 1400 17ff 0 ffff 0 ffff 13 16 1bd6
cd0 cd0 a000 bfff 13ec 13ec ac00 afff 0 ffff 0 ffff 13 16 1bd7
6842 6842 e000 ffff 65f1 65f1 3c00 3fff 0 ffff 0 ffff 13 16 1bd8
8112 8112 c000 dfff 8c5b 8c5b 1800 1bff 0 ffff 0 ffff 13 16 1bd9
8112 8112 c000 dfff eebb eebb 5000 53ff 0 ffff 0 ffff 13 16 1bda
ef83 ef83 4000 5fff eebb eebb 5000 53ff 0 ffff 0 ffff 13 16 1bdb
ef83 ef83 4000 5fff 65f1 65f1 3c00 3fff 0 ffff 0 ffff 13 16 1bdc
ef83 ef83 4000 5fff 8c5b 8c5b 1800 1bff 0 ffff 0 ffff 13 16 1bdd
cd0 cd0 0 7fff afca afcb 0 ffff 0 ffff 400 ffff 11 f 1bde
cd0 cd0 9000 93ff afc8 afc8 2000 3fff 0 ffff 0 ffff 16 13 1bdf
6842 6842 c800 cbff 8c5b 8c5b 2000 3fff 0 ffff 0 ffff 16 13 1be0
6842 6842 c800 cbff 13ec 13ec 8000 9fff 0 ffff 0 ffff 16 13 1be1
ef83 ef83 6c00 6fff 65f1 65f1 0 1fff 0 ffff 0 ffff 16 13 1be2
ef83 ef83 6c00 6fff eebb eebb 6000 7fff 0 ffff 0 ffff 16 13 1be3
cd2 cd3 0 ffff 13ec 13ec a8c0 a8ff 0 ffff 0 ffff f 1a 1be4
6840 6841 0 ffff 65f1 65f1 3840 387f 0 ffff 0 ffff f 1a 1be5
ef80 ef81 0 ffff 5718 5718 ca00 ca3f 0 ffff 0 ffff f 1a 1be6
ef80 ef81 0 ffff eebb eebb 5780 57bf 0 ffff 0 ffff f 1a 1be7
ef80 ef81 0 ffff 8c5b 8c5b 1c00 1c3f 0 ffff 0 ffff f 1a 1be8
d00 dff 0 ffff 6400 64ff 0 ffff 19 19 0 ffff 8 8 1be9
ee00 eeff 0 ffff 6400 64ff 0 ffff 599 599 0 ffff 8 8 1bea
e00 fff 0 ffff af80 afbf 0 ffff 0 ffff 232b 232b 7 a 1beb
6a00 6bff 0 ffff af80 afbf 0 ffff 0 ffff 15ff 15ff 7 a 1bec
6a00 6bff 0 ffff 6580 65bf 0 ffff 0 ffff 157c 157c 7 a 1bed
8200 83ff 0 ffff eec0 eeff 0 ffff 0 ffff 50 50 7 a 1bee
c00 c7f 0 ffff 13ec 13ec aa00 abff 0 ffff 400 ffff 9 17 1bef
8180 81ff 0 ffff eebb eebb 5400 55ff 0 ffff 400 ffff 9 17 1bf0
cd1 cd1 0 ffff 0 7fff 0 ffff 0 ffff 202 202 10 1 1bf1
ef82 ef82 0 ffff 0 7fff 0 ffff 0 ffff 1f4 1f4 10 1 1bf2
0 7ff 0 ffff afe0 afff 0 ffff 0 ffff 232b 232b 5 b 1bf3
cd0 cd0 96ef 96ef 0 ffff 0 ffff 0 ffff 0 ffff 20 0 1bf4
ce0 cff 0 ffff 6000 63ff 0 ffff 19 19 0 ffff b 6 1bf5
2000 3fff 0 ffff 65f2 65f3 0 ffff 0 ffff 14 15 3 f 1bf6
c00 c7f 0 ffff ae00 aeff 0 ffff 0 ffff 232b 232b 9 8 1bf7
cd0 cd0 96c0 96df 13e8 13eb 0 ffff 0 ffff 0 ffff 1b e 1bf8
6842 6842 cc00 cc1f 13e8 13eb 0 ffff 0 ffff 0 ffff 1b e 1bf9
6842 6842 cc00 cc1f 8c5c 8c5f 0 ffff 0 ffff 0 ffff 1b e 1bfa
800 bff 0 ffff af80 afbf 0 ffff 35 35 0 ffff 6 a 1bfb
e800 ebff 0 ffff eec0 eeff 0 ffff 50 50 0 ffff 6 a 1bfc
1000 1fff 0 ffff 13ec 13ec a8a0 a8af 0 ffff 0 ffff 4 1c 1bfd
6850 685f 0 ffff afc8 afc8 0 fff 0 ffff 400 ffff c 14 1bfe
8100 810f 0 ffff eebb eebb 4000 4fff 0 ffff 400 ffff c 14 1bff
6848 684f 0 ffff b000 bfff 0 ffff 0 ffff 45 45 d 4 1c00
6848 684f 0 ffff 0 fff 0 ffff 0 ffff 202 202 d 4 1c01
ef88 ef8f 0 ffff f000 ffff 0 ffff 0 ffff 1388 1388 d 4 1c02
ef88 ef8f 0 ffff f000 ffff 0 ffff 0 ffff 8f 8f d 4 1c03
6900 69ff 0 ffff af00 af7f 0 ffff 0 ffff 1bd 1bd 8 9 1c04
6842 6842 c800 cbff 65c0 65df 0 ffff 0 ffff 0 ffff 16 b 1c05
6842 6842 ce00 cfff 13ec 13ec c000 ffff 0 ffff 0 ffff 17 12 1c06
6842 6842 ce00 cfff 8c5b 8c5b 4000 7fff 0 ffff 0 ffff 17 12 1c07
ef83 ef83 6a00 6bff 8c5b 8c5b 4000 7fff 0 ffff 0 ffff 17 12 1c08
ef83 ef83 6a00 6bff 65f1 65f1 4000 7fff 0 ffff 0 ffff 17 12 1c09
0 7fff 0 ffff 8c5b 8c5b 8000 ffff 0 ffff 14 17 1 11 1c0a
6000 67ff 0 ffff 8c40 8c4f 0 ffff a1 a1 0 ffff 5 c 1c0b
6c00 6fff 0 ffff 8c00 8c3f 0 ffff 0 ffff 45 45 6 a 1c0c
6000 67ff 0 ffff 8c40 8c4f 0 ffff 0 ffff 232b 232b 5 c 1c0d
e000 e7ff 0 ffff 8c40 8c4f 0 ffff 0 ffff 18ca 18ca 5 c 1c0e
6842 6842 c800 cbff 8c00 8c3f 0 ffff 0 ffff 0 ffff 16 a 1c0f
6860 687f 0 ffff 13ec 13ec a8b4 a8b7 0 ffff 0 ffff b 1e 1c10
6842 6842 e000 ffff 65f8 65ff 0 ffff 0 ffff 0 ffff 13 d 1c11
6000 67ff 0 ffff 65f4 65f7 0 ffff 0 ffff 14 17 5 e 1c12
4000 7fff 0 ffff 8c5b 8c5b 1c40 1c43 0 ffff 400 ffff 2 1e 1c13
0 7fff 0 ffff 8c5a 8c5a 0 ffff 0 ffff 19 19 1 10 1c14
0 7fff 0 ffff 8c5a 8c5a 0 ffff 0 ffff 35 35 1 10 1c15
8000 ffff 0 ffff 20f2 20f2 0 ffff 0 ffff 202 202 1 10 1c16
6880 68ff 0 ffff 65f1 65f1 381f 381f 0 ffff 0 ffff 9 20 1c17
ef00 ef7f 0 ffff 65f1 65f1 381e 381e 0 ffff 0 ffff 9 20 1c18
6842 6842 cd00 cdff 8c5b 8c5b 8000 ffff 0 ffff 0 ffff 18 11 1c19
8112 8112 ff00 ffff 20f3 20f3 8000 ffff 0 ffff 0 ffff 18 11 1c1a
ef83 ef83 6900 69ff eebb eebb 8000 ffff 0 ffff 0 ffff 18 11 1c1b
6850 685f 0 ffff 8000 87ff 0 ffff 0 ffff 232b 232b c 5 1c1c
ef90 ef9f 0 ffff 8000 87ff 0 ffff 0 ffff 35 35 c 5 1c1d
6850 685f 0 ffff 65f1 65f1 3810 3817 0 ffff 0 ffff c 1d 1c1e
6850 685f 0 ffff 13ec 13ec a8b8 a8bf 0 ffff 0 ffff c 1d 1c1f
ef90 ef9f 0 ffff eebb eebb 57c0 57c7 0 ffff 0 ffff c 1d 1c20
6840 6841 0 ffff 13ec 13ec c000 ffff 0 ffff 0 ffff f 12 1c21
8110 8111 0 ffff 8c5b 8c5b 4000 7fff 0 ffff 0 ffff f 12 1c22
6844 6847 0 ffff 0 1fff 0 ffff 0 ffff 1f4 1f4 e 3 1c23
6842 6842 cc40 cc7f 6000 63ff 0 ffff 0 ffff 0 ffff 1a 6 1c24
7000 7fff 0 ffff 8c50 8c57 0 ffff 0 ffff 50 50 4 d 1c25
6842 6842 cc24 cc25 8c00 8c3f 0 ffff 0 ffff 0 ffff 1f a 1c26
ef83 ef83 68fe 68ff 8c00 8c3f 0 ffff 0 ffff 0 ffff 1f a 1c27
6842 6842 cd00 cdff 1300 137f 0 ffff 0 ffff 0 ffff 18 9 1c28
6a00 6bff 0 ffff 8c80 8cff 0 ffff 0 ffff 50 50 7 9 1c29
8400 87ff 0 ffff 20c0 20df 0 ffff 0 ffff 66e 66e 6 b 1c2a
8400 87ff 0 ffff 8c60 8c7f 0 ffff 0 ffff 35 35 6 b 1c2b
e800 ebff 0 ffff 8c60 8c7f 0 ffff 0 ffff 202 202 6 b 1c2c
8000 80ff 0 ffff 20f3 20f3 6400 64ff 0 ffff 400 ffff 8 18 1c2d
8112 8112 ff00 ffff 8d00 8dff 0 ffff 0 ffff 0 ffff 18 8 1c2e
8113 8113 0 ffff eeba eeba 0 ffff 0 ffff 400 ffff 10 10 1c2f
a000 bfff 0 ffff 8c5c 8c5f 0 ffff 1586 1586 0 ffff 3 e 1c30
8112 8112 8000 bfff 571c 571f 0 ffff 0 ffff 400 ffff 12 e 1c31
8112 8112 fe00 fe3f 571a 571b 0 ffff 0 ffff 0 ffff 1a f 1c32
ef83 ef83 6880 68bf 65f2 65f3 0 ffff 0 ffff 0 ffff 1a f 1c33
8800 8fff 0 ffff 5710 5717 0 ffff 0 ffff 14 15 5 d 1c34
8000 bfff 0 ffff 571a 571b 0 ffff 0 ffff 202 202 2 f 1c35
8000 bfff 0 ffff eeb8 eeb9 0 ffff 0 ffff a1 a1 2 f 1c36
c000 ffff 0 ffff 65f2 65f3 0 ffff 0 ffff 89 89 2 f 1c37
8800 8fff 0 ffff 5718 5718 ca60 ca7f 0 ffff 400 ffff 5 1b 1c38
a000 bfff 0 ffff 8c5c 8c5f 0 ffff 0 ffff 202 202 3 e 1c39
8113 8113 0 ffff 5719 5719 0 ffff 0 ffff 0 ffff 10 10 1c3a
8112 8112 fe80 feff 5719 5719 0 ffff 0 ffff 0 ffff 19 10 1c3b
ef83 ef83 6800 687f 65f0 65f0 0 ffff 0 ffff 0 ffff 19 10 1c3c
8110 8111 0 ffff 5718 5718 0 7fff 0 ffff 400 ffff f 11 1c3d
8112 8112 fe64 fe67 ee80 ee9f 0 ffff 0 ffff 0 ffff 1e b 1c3e
efc0 efff 0 ffff 8e00 8fff 0 ffff 0 ffff 15 15 a 7 1c3f
efc0 efff 0 ffff 6600 67ff 0 ffff 0 ffff 45 45 a 7 1c40
ef80 ef81 0 ffff 4000 7fff 0 ffff 0 ffff 45 45 f 2 1c41
ef83 ef83 68f0 68f7 5700 570f 0 ffff 0 ffff 0 ffff 1d c 1c42
efa0 efbf 0 ffff e800 ebff 0 ffff 0 ffff 45 45 b 6 1c43
8000 ffff 0 ffff 65f1 65f1 381e 381e 0 ffff 0 ffff 1 20 1c44
c000 dfff 0 ffff 65f1 65f1 3810 3817 0 ffff 0 ffff 3 1d 1c45
ef83 ef83 0 3fff 65f2 65f3 0 ffff 0 ffff 0 ffff 12 f 1c46
ef88 ef8f 0 ffff 65f1 65f1 0 1fff 0 ffff 400 ffff d 13 1c47
ef83 ef83 68e0 68ef 8c50 8c57 0 ffff 0 ffff 0 ffff 1c d 1c48
ef83 ef83 6a00 6bff 8c00 8c3f 0 ffff 0 ffff 0 ffff 17 a 1c49
e00 fff 0 ffff df00 df7f 0 ffff 0 ffff 66d 66e 7 9 1c4a
cd0 cd0 9680 96bf 65f4 65f7 0 ffff 0 ffff 0 ffff 1a e 1c4b
cd0 cd0 9680 96bf afcc afcf 0 ffff 0 ffff 0 ffff 1a e 1c4c
6842 6842 cc40 cc7f 8c5c 8c5f 0 ffff 0 ffff 0 ffff 1a e 1c4d
8112 8112 fe00 fe3f 20f4 20f7 0 ffff 0 ffff 0 ffff 1a e 1c4e
8112 8112 fe00 fe3f eebc eebf 0 ffff 0 ffff 0 ffff 1a e 1c4f
ef83 ef83 6880 68bf 8c5c 8c5f 0 ffff 0 ffff 0 ffff 1a e 1c50
cc0 ccf 0 ffff 65f1 65f1 3800 380f 0 ffff 0 ffff c 1c 1c51
6850 685f 0 ffff 13ec 13ec a8a0 a8af 0 ffff 0 ffff c 1c 1c52
c80 cbf 0 ffff dfac dfac 7744 7747 0 ffff 0 ffff a 1e 1c53
6800 683f 0 ffff 65f1 65f1 3818 381b 0 ffff 0 ffff a 1e 1c54
ce0 cff 0 ffff 6800 6fff 0 ffff 0 ffff 1388 1388 b 5 1c55
6860 687f 0 ffff 6800 6fff 0 ffff 0 ffff 232b 232b b 5 1c56
efa0 efbf 0 ffff 6800 6fff 0 ffff 0 ffff 35 35 b 5 1c57
cd0 cd0 96ec 96ed 6500 657f 0 ffff 0 ffff 0 ffff 1f 9 1c58
6842 6842 cc24 cc25 8c80 8cff 0 ffff 0 ffff 0 ffff 1f 9 1c59
cd0 cd0 96e0 96e7 df80 df9f 0 ffff 0 ffff 0 ffff 1d b 1c5a
6842 6842 cc28 cc2f 65c0 65df 0 ffff 0 ffff 0 ffff 1d b 1c5b
6842 6842 cc28 cc2f 8c60 8c7f 0 ffff 0 ffff 0 ffff 1d b 1c5c
cd0 cd0 c000 ffff afc8 afc8 1400 17ff 0 ffff 0 ffff 12 16 1c5d
6842 6842 8000 bfff 65f1 65f1 3c00 3fff 0 ffff 0 ffff 12 16 1c5e
6842 6842 8000 bfff 8c5b 8c5b 1800 1bff 0 ffff 0 ffff 12 16 1c5f
ef83 ef83 0 3fff 8c5b 8c5b 1800 1bff 0 ffff 0 ffff 12 16 1c60
ef83 ef83 0 3fff 65f1 65f1 3c00 3fff 0 ffff 0 ffff 12 16 1c61
ef83 ef83 0 3fff eebb eebb 5000 53ff 0 ffff 0 ffff 12 16 1c62
0 7ff 0 ffff afe0 afff 0 ffff 0 ffff 35 35 5 b 1c63
e000 e7ff 0 ffff 8c60 8c7f 0 ffff 0 ffff 202 202 5 b 1c64
cd0 cd0 a000 bfff afc8 afc8 1800 1fff 0 ffff 0 ffff 13 15 1c65
cd0 cd0 a000 bfff 65f1 65f1 3000 37ff 0 ffff 0 ffff 13 15 1c66
6842 6842 e000 ffff 8c5b 8c5b 1000 17ff 0 ffff 0 ffff 13 15 1c67
6842 6842 e000 ffff 13ec 13ec a000 a7ff 0 ffff 0 ffff 13 15 1c68
8112 8112 c000 dfff eebb eebb 5800 5fff 0 ffff 0 ffff 13 15 1c69
ef83 ef83 4000 5fff 8c5b 8c5b 1000 17ff 0 ffff 0 ffff 13 15 1c6a
ef83 ef83 4000 5fff eebb eebb 5800 5fff 0 ffff 0 ffff 13 15 1c6b
d00 dff 0 ffff af80 afbf 0 ffff 14 17 0 ffff 8 a 1c6c
cd0 cd0 9400 95ff afc8 afc8 8000 ffff 0 ffff 0 ffff 17 11 1c6d
6842 6842 ce00 cfff afc8 afc8 8000 ffff 0 ffff 0 ffff 17 11 1c6e
6842 6842 ce00 cfff 65f1 65f1 8000 ffff 0 ffff 0 ffff 17 11 1c6f
6842 6842 ce00 cfff 13ec 13ec 0 7fff 0 ffff 0 ffff 17 11 1c70
6842 6842 ce00 cfff 8c5b 8c5b 8000 ffff 0 ffff 0 ffff 17 11 1c71
ef83 ef83 6a00 6bff 8c5b 8c5b 8000 ffff 0 ffff 0 ffff 17 11 1c72
ef83 ef83 6a00 6bff eebb eebb 8000 ffff 0 ffff 0 ffff 17 11 1c73
ef83 ef83 6a00 6bff 65f1 65f1 8000 ffff 0 ffff 0 ffff 17 11 1c74
cd4 cd7 0 ffff afc8 afc8 4000 7fff 0 ffff 0 ffff e 12 1c75
6844 6847 0 ffff 65f1 65f1 4000 7fff 0 ffff 0 ffff e 12 1c76
6844 6847 0 ffff 8c5b 8c5b 4000 7fff 0 ffff 0 ffff e 12 1c77
cd2 cd3 0 ffff 13ec 13ec a800 a87f 0 ffff 0 ffff f 19 1c78
6840 6841 0 ffff 8c5b 8c5b 1c80 1cff 0 ffff 0 ffff f 19 1c79
8110 8111 0 ffff eebb eebb 5700 577f 0 ffff 0 ffff f 19 1c7a
ef80 ef81 0 ffff 5718 5718 ca80 caff 0 ffff 0 ffff f 19 1c7b
ef80 ef81 0 ffff eebb eebb 5700 577f 0 ffff 0 ffff f 19 1c7c
cd0 cd0 0 7fff afcc afcf 0 ffff 0 ffff 400 ffff 11 e 1c7d
cd1 cd1 0 ffff afc8 afc8 1000 10ff 0 ffff 0 ffff 10 18 1c7e
6843 6843 0 ffff 8c5b 8c5b 1d00 1dff 0 ffff 0 ffff 10 18 1c7f
8113 8113 0 ffff eebb eebb 5600 56ff 0 ffff 0 ffff 10 18 1c80
ef82 ef82 0 ffff 65f1 65f1 3900 39ff 0 ffff 0 ffff 10 18 1c81
ef82 ef82 0 ffff 8c5b 8c5b 1d00 1dff 0 ffff 0 ffff 10 18 1c82
ef82 ef82 0 ffff eebb eebb 5600 56ff 0 ffff 0 ffff 10 18 1c83
cd0 cd0 c000 ffff 13e0 13e7 0 ffff 0 ffff 0 ffff 12 d 1c84
cd0 cd0 9800 9fff 13ec 13ec 8000 9fff 0 ffff 0 ffff 15 13 1c85
cd0 cd0 9800 9fff 65f1 65f1 0 1fff 0 ffff 0 ffff 15 13 1c86
6842 6842 c000 c7ff afc8 afc8 2000 3fff 0 ffff 0 ffff 15 13 1c87
6842 6842 c000 c7ff 13ec 13ec 8000 9fff 0 ffff 0 ffff 15 13 1c88
6842 6842 c000 c7ff 65f1 65f1 0 1fff 0 ffff 0 ffff 15 13 1c89
6842 6842 c000 c7ff 8c5b 8c5b 2000 3fff 0 ffff 0 ffff 15 13 1c8a
ef83 ef83 6000 67ff 65f1 65f1 0 1fff 0 ffff 0 ffff 15 13 1c8b
cd0 cd0 8000 8fff afc8 afc8 0 fff 0 ffff 0 ffff 14 14 1c8c
6842 6842 d000 dfff 8c5b 8c5b 0 fff 0 ffff 0 ffff 14 14 1c8d
8112 8112 e000 efff 5718 5718 d000 dfff 0 ffff 0 ffff 14 14 1c8e
8112 8112 e000 efff eebb eebb 4000 4fff 0 ffff 0 ffff 14 14 1c8f
ef83 ef83 7000 7fff 65f1 65f1 2000 2fff 0 ffff 0 ffff 14 14 1c90
cd0 cd0 96c0 96df 65f8 65ff 0 ffff 0 ffff 0 ffff 1b d 1c91
6842 6842 cc00 cc1f afc0 afc7 0 ffff 0 ffff 0 ffff 1b d 1c92
6842 6842 cc00 cc1f 13e0 13e7 0 ffff 0 ffff 0 ffff 1b d 1c93
ef83 ef83 68c0 68df 5710 5717 0 ffff 0 ffff 0 ffff 1b d 1c94
ef83 ef83 68c0 68df 8c50 8c57 0 ffff 0 ffff 0 ffff 1b d 1c95
cd4 cd7 0 ffff a000 bfff 0 ffff 0 ffff 6d 6e e 3 1c96
cd0 cd0 96e8 96eb 1380 13bf 0 ffff 0 ffff 0 ffff 1e a 1c97
cd0 cd0 96e8 96eb af80 afbf 0 ffff 0 ffff 0 ffff 1e a 1c98
8112 8112 fe64 fe67 5740 577f 0 ffff 0 ffff 0 ffff 1e a 1c99
0 7fff 0 ffff afca afcb 0 ffff 0 ffff 50 50 1 f 1c9a
8000 ffff 0 ffff 571a 571b 0 ffff 0 ffff 35 35 1 f 1c9b
8000 ffff 0 ffff 65f2 65f3 0 ffff 0 ffff 19 19 1 f 1c9c
6842 6842 0 7fff afc8 afc8 1200 13ff 0 ffff 0 ffff 11 17 1c9d
6842 6842 0 7fff 65f1 65f1 3a00 3bff 0 ffff 0 ffff 11 17 1c9e
8112 8112 0 7fff 8c5b 8c5b 1e00 1fff 0 ffff 0 ffff 11 17 1c9f
ef83 ef83 8000 ffff eebb eebb 5400 55ff 0 ffff 0 ffff 11 17 1ca0
ef83 ef83 8000 ffff 65f1 65f1 3a00 3bff 0 ffff 0 ffff 11 17 1ca1
6848 684f 0 ffff 6000 7fff 0 ffff 0 ffff 45 45 d 3 1ca2
6842 6842 cc27 cc27 ae00 aeff 0 ffff 0 ffff 0 ffff 20 8 1ca3
6848 684f 0 ffff 65f1 65f1 3820 383f 0 ffff 0 ffff d 1b 1ca4
6848 684f 0 ffff 8c5b 8c5b 1c60 1c7f 0 ffff 0 ffff d 1b 1ca5
8118 811f 0 ffff eebb eebb 57e0 57ff 0 ffff 0 ffff d 1b 1ca6
ef88 ef8f 0 ffff eebb eebb 57e0 57ff 0 ffff 0 ffff d 1b 1ca7
6842 6842 cd00 cdff 65f0 65f0 0 ffff 0 ffff 0 ffff 18 10 1ca8
ef83 ef83 6900 69ff 8c5a 8c5a 0 ffff 0 ffff 0 ffff 18 10 1ca9
ef83 ef83 6900 69ff 65f0 65f0 0 ffff 0 ffff 0 ffff 18 10 1caa
ef83 ef83 6900 69ff eeba eeba 0 ffff 0 ffff 0 ffff 18 10 1cab
6880 68ff 0 ffff ac00 adff 0 ffff 0 ffff 1b3a 1b3a 9 7 1cac
6880 68ff 0 ffff 8e00 8fff 0 ffff 0 ffff 202 202 9 7 1cad
6842 6842 c800 cbff afc8 afc8 4000 7fff 0 ffff 0 ffff 16 12 1cae
6842 6842 c800 cbff 8c5b 8c5b 4000 7fff 0 ffff 0 ffff 16 12 1caf
8112 8112 f800 fbff 20f3 20f3 0 3fff 0 ffff 0 ffff 16 12 1cb0
ef83 ef83 6c00 6fff eebb eebb 0 3fff 0 ffff 0 ffff 16 12 1cb1
ef83 ef83 6c00 6fff 8c5b 8c5b 4000 7fff 0 ffff 0 ffff 16 12 1cb2
6c00 6fff 0 ffff 1380 13bf 0 ffff 0 ffff 50 50 6 a 1cb3
8400 87ff 0 ffff 2080 20bf 0 ffff 0 ffff 45 45 6 a 1cb4
0 ffff 0 ffff dfad dfad 0 ffff 0 ffff 45 45 0 10 1cb5
0 ffff 0 ffff dfad dfad 0 ffff 0 ffff 50 50 0 10 1cb6
6844 6847 0 ffff 13ec 13ec 0 7fff 0 ffff 0 ffff e 11 1cb7
6850 685f 0 ffff 9000 9fff 0 ffff 0 ffff 1a2b 1a2b c 4 1cb8
0 7fff 0 ffff 8c5b 8c5b 1c40 1c43 0 ffff 400 ffff 1 1e 1cb9
6842 6842 cc40 cc7f 1800 1fff 0 ffff 0 ffff 0 ffff 1a 5 1cba
7000 7fff 0 ffff 13f0 13ff 0 ffff 0 ffff 77 77 4 c 1cbb
6842 6842 cc30 cc3f 8c40 8c4f 0 ffff 0 ffff 0 ffff 1c c 1cbc
6842 6842 cc30 cc3f 65e0 65ef 0 ffff 0 ffff 0 ffff 1c c 1cbd
ef83 ef83 68e0 68ef 65e0 65ef 0 ffff 0 ffff 0 ffff 1c c 1cbe
6842 6842 8000 bfff 8c5c 8c5f 0 ffff 0 ffff 0 ffff 12 e 1cbf
6850 685f 0 ffff 65f1 65f1 2000 2fff 0 ffff 0 ffff c 14 1cc0
6800 683f 0 ffff 1400 17ff 0 ffff 0 ffff 35 35 a 6 1cc1
6843 6843 0 ffff 13ee 13ef 0 ffff 0 ffff 400 ffff 10 f 1cc2
6843 6843 0 ffff 8c58 8c59 0 ffff 0 ffff 400 ffff 10 f 1cc3
8113 8113 0 ffff 20f0 20f1 0 ffff 0 ffff 400 ffff 10 f 1cc4
6900 69ff 0 ffff 1200 12ff 0 ffff 0 ffff 18ca 18ca 8 8 1cc5
6900 69ff 0 ffff 6400 64ff 0 ffff 0 ffff 35 35 8 8 1cc6
ee00 eeff 0 ffff 6400 64ff 0 ffff 0 ffff 50 50 8 8 1cc7
6842 6842 e000 ffff 65e0 65ef 0 ffff 400 ffff 0 ffff 13 c 1cc8
6842 6842 cc80 ccff 8c58 8c59 0 ffff 0 ffff 0 ffff 19 f 1cc9
8112 8112 fe80 feff 571a 571b 0 ffff 0 ffff 0 ffff 19 f 1cca
ef83 ef83 6800 687f 571a 571b 0 ffff 0 ffff 0 ffff 19 f 1ccb
ef83 ef83 6800 687f eeb8 eeb9 0 ffff 0 ffff 0 ffff 19 f 1ccc
6844 6847 0 ffff 13ec 13ec 0 7fff 0 ffff 400 ffff e 11 1ccd
7000 7fff 0 ffff 8c60 8c7f 0 ffff 0 ffff 202 202 4 b 1cce
6842 6842 e000 ffff 13f0 13ff 0 ffff 0 ffff 400 ffff 13 c 1ccf
6900 69ff 0 ffff 13ec 13ec aa00 abff 0 ffff 0 ffff 8 17 1cd0
4000 7fff 0 ffff 8c5c 8c5f 0 ffff 0 ffff 16 16 2 e 1cd1
4000 7fff 0 ffff 8c5c 8c5f 0 ffff 0 ffff 35 35 2 e 1cd2
8000 bfff 0 ffff 20f4 20f7 0 ffff 0 ffff 35 35 2 e 1cd3
c000 ffff 0 ffff 8c5c 8c5f 0 ffff 0 ffff 35 35 2 e 1cd4
c000 ffff 0 ffff 8c5c 8c5f 0 ffff 0 ffff 1e61 1e61 2 e 1cd5
4000 5fff 0 ffff 8c50 8c57 0 ffff 0 ffff 35 35 3 d 1cd6
a000 bfff 0 ffff dfa0 dfa7 0 ffff 0 ffff 19 19 3 d 1cd7
6842 6842 d000 dfff 8c40 8c4f 0 ffff 0 ffff 0 ffff 14 c 1cd8
8112 8112 e000 efff 8c40 8c4f 0 ffff 0 ffff 0 ffff 14 c 1cd9
ef83 ef83 7000 7fff 5700 570f 0 ffff 0 ffff 0 ffff 14 c 1cda
6800 683f 0 ffff 8000 87ff 0 ffff 0 ffff 50 50 a 5 1cdb
8200 83ff 0 ffff 8c80 8cff 0 ffff 0 ffff 232b 232b 7 9 1cdc
8180 81ff 0 ffff eebb eebb 5400 55ff 0 ffff 0 ffff 9 17 1cdd
ef00 ef7f 0 ffff 5718 5718 c800 c9ff 0 ffff 0 ffff 9 17 1cde
8114 8117 0 ffff 0 3fff 0 ffff a1 a1 0 ffff e 2 1cdf
8200 83ff 0 ffff 8d00 8dff 0 ffff 0 ffff 50 50 7 8 1ce0
8112 8112 f800 fbff 8c80 8cff 0 ffff 0 ffff 400 ffff 16 9 1ce1
8112 8112 8000 bfff 20f8 20ff 0 ffff 0 ffff 400 ffff 12 d 1ce2
8400 87ff 0 ffff 5718 5718 ca80 caff 0 ffff 400 ffff 6 19 1ce3
8120 813f 0 ffff 5718 5718 ca50 ca57 0 ffff 0 ffff b 1d 1ce4
8118 811f 0 ffff 5718 5718 8000 bfff 0 ffff 400 ffff d 12 1ce5
8112 8112 fc00 fdff ee00 ee7f 0 ffff 0 ffff 0 ffff 17 9 1ce6
0 ffff 0 ffff dfae dfaf 0 ffff 0 ffff 202 202 0 f 1ce7
8120 813f 0 ffff f000 ffff 0 ffff 0 ffff 50 50 b 4 1ce8
8114 8117 0 ffff eebb eebb 5780 57bf 0 ffff 0 ffff e 1a 1ce9
ef84 ef87 0 ffff 8c5b 8c5b 1c00 1c3f 0 ffff 0 ffff e 1a 1cea
ef84 ef87 0 ffff 65f1 65f1 3840 387f 0 ffff 0 ffff e 1a 1ceb
8000 bfff 0 ffff eeb0 eeb7 0 ffff 0 ffff 89 89 2 d 1cec
ef82 ef82 0 ffff 571a 571b 0 ffff 0 ffff 0 ffff 10 f 1ced
ef80 ef81 0 ffff 8c5b 8c5b 8000 ffff 0 ffff 0 ffff f 11 1cee
ef83 ef83 8000 ffff eebc eebf 0 ffff 0 ffff 0 ffff 11 e 1cef
efc0 efff 0 ffff 65f1 65f1 3000 37ff 0 ffff 0 ffff a 15 1cf0
0 ffff 0 ffff dfad dfad 0 ffff 0 ffff 6d 6e 0 10 1cf1
ef83 ef83 7000 7fff ee80 ee9f 0 ffff 0 ffff 400 ffff 14 b 1cf2
ef83 ef83 6c00 6fff 6580 65bf 0 ffff 0 ffff 0 ffff 16 a 1cf3
ef90 ef9f 0 ffff 8c5b 8c5b 2000 3fff 0 ffff 400 ffff c 13 1cf4
ef00 ef7f 0 ffff 8c5b 8c5b 1800 1bff 0 ffff 0 ffff 9 16 1cf5
ef88 ef8f 0 ffff 4000 7fff 0 ffff 19 19 0 ffff d 2 1cf6
ef88 ef8f 0 ffff 4000 7fff 0 ffff 1600 1600 0 ffff d 2 1cf7
0 ffff 0 ffff dfac dfac 7741 7741 0 ffff 0 ffff 0 20 1cf8
8000 ffff 0 ffff 65f4 65f7 0 ffff 0 ffff 16 16 1 e 1cf9
ef83 ef83 8000 ffff 0 ffff 0 ffff 14 15 0 ffff 11 0 1cfa
ef82 ef82 0 ffff 0 ffff 0 ffff 0 ffff 45 45 10 0 1cfb
e000 e7ff 0 ffff ee80 ee9f 0 ffff 45 45 0 ffff 5 b 1cfc
efc0 efff 0 ffff 65f1 65f1 3000 37ff 0 ffff 400 ffff a 15 1cfd
ef00 ef7f 0 ffff 65f1 65f1 3c00 3fff 0 ffff 400 ffff 9 16 1cfe
ef83 ef83 6000 67ff 65c0 65df 0 ffff 0 ffff 0 ffff 15 b 1cff
ef00 ef7f 0 ffff eebb eebb 57c8 57c9 0 ffff 0 ffff 9 1f 1d00
cd1 cd1 0 ffff 13ec 13ec aa00 abff 0 ffff 0 ffff 10 17 1d01
6843 6843 0 ffff 8c5b 8c5b 1e00 1fff 0 ffff 0 ffff 10 17 1d02
8113 8113 0 ffff 5718 5718 c800 c9ff 0 ffff 0 ffff 10 17 1d03
ef82 ef82 0 ffff 65f1 65f1 3a00 3bff 0 ffff 0 ffff 10 17 1d04
cd0 cd0 c000 ffff dfa0 dfa7 0 ffff 0 ffff 0 ffff 12 d 1d05
cd4 cd7 0 ffff 65f1 65f1 8000 ffff 0 ffff 0 ffff e 11 1d06
cd4 cd7 0 ffff afc8 afc8 8000 ffff 0 ffff 0 ffff e 11 1d07
cd0 cd0 9600 967f 13e8 13eb 0 ffff 0 ffff 0 ffff 19 e 1d08
cd0 cd0 9600 967f afcc afcf 0 ffff 0 ffff 0 ffff 19 e 1d09
6842 6842 cc80 ccff afcc afcf 0 ffff 0 ffff 0 ffff 19 e 1d0a
6842 6842 cc80 ccff 8c5c 8c5f 0 ffff 0 ffff 0 ffff 19 e 1d0b
ef83 ef83 6800 687f 571c 571f 0 ffff 0 ffff 0 ffff 19 e 1d0c
ef83 ef83 6800 687f 65f4 65f7 0 ffff 0 ffff 0 ffff 19 e 1d0d
0 ffff 0 ffff dfae dfaf 0 ffff 599 599 0 ffff 0 f 1d0e
cd0 cd0 a000 bfff dfac dfac 6000 6fff 0 ffff 0 ffff 13 14 1d0f
ef83 ef83 4000 5fff 8c5b 8c5b 0 fff 0 ffff 0 ffff 13 14 1d10
d00 dff 0 ffff dc00 ddff 0 ffff 0 ffff 19 19 8 7 1d11
cd0 cd0 8000 8fff 65f1 65f1 0 1fff 0 ffff 0 ffff 14 13 1d12
cd0 cd0 8000 8fff afc8 afc8 2000 3fff 0 ffff 0 ffff 14 13 1d13
6842 6842 d000 dfff 65f1 65f1 0 1fff 0 ffff 0 ffff 14 13 1d14
6842 6842 d000 dfff 13ec 13ec 8000 9fff 0 ffff 0 ffff 14 13 1d15
6842 6842 d000 dfff 8c5b 8c5b 2000 3fff 0 ffff 0 ffff 14 13 1d16
cd0 cd0 a000 bfff 13c0 13df 0 ffff 0 ffff 400 ffff 13 b 1d17
8112 8112 c000 dfff 5720 573f 0 ffff 0 ffff 400 ffff 13 b 1d18
cc0 ccf 0 ffff 65f1 65f1 4000 7fff 0 ffff 0 ffff c 12 1d19
ef90 ef9f 0 ffff 5718 5718 8000 bfff 0 ffff 0 ffff c 12 1d1a
cc0 ccf 0 ffff a000 bfff 0 ffff a1 a1 0 ffff c 3 1d1b
ef90 ef9f 0 ffff 6000 7fff 0 ffff 35 35 0 ffff c 3 1d1c
cd0 cd0 9700 97ff afca afcb 0 ffff 0 ffff 0 ffff 18 f 1d1d
cd0 cd0 9700 97ff 13ee 13ef 0 ffff 0 ffff 0 ffff 18 f 1d1e
6842 6842 cd00 cdff afca afcb 0 ffff 0 ffff 0 ffff 18 f 1d1f
6842 6842 cd00 cdff 571a 571b 0 ffff 0 ffff 0 ffff 18 f 1d20
6842 6842 cd00 cdff 65f2 65f3 0 ffff 0 ffff 0 ffff 18 f 1d21
8112 8112 ff00 ffff eeb8 eeb9 0 ffff 0 ffff 0 ffff 18 f 1d22
8112 8112 ff00 ffff 20f0 20f1 0 ffff 0 ffff 0 ffff 18 f 1d23
ef83 ef83 6900 69ff 65f2 65f3 0 ffff 0 ffff 0 ffff 18 f 1d24
cd2 cd3 0 ffff 13ee 13ef 0 ffff 0 ffff 400 ffff f f 1d25
cd0 cd0 0 7fff 65f1 65f1 3c00 3fff 0 ffff 0 ffff 11 16 1d26
0 3fff 0 ffff afca afcb 0 ffff 0 ffff 14 17 2 f 1d27
cd0 cd0 9000 93ff afc8 afc8 8000 ffff 0 ffff 0 ffff 16 11 1d28
6842 6842 c800 cbff 65f1 65f1 8000 ffff 0 ffff 0 ffff 16 11 1d29
6842 6842 c800 cbff 8c5b 8c5b 8000 ffff 0 ffff 0 ffff 16 11 1d2a
8112 8112 f800 fbff eebb eebb 8000 ffff 0 ffff 0 ffff 16 11 1d2b
ef83 ef83 6c00 6fff 65f1 65f1 8000 ffff 0 ffff 0 ffff 16 11 1d2c
d00 dff 0 ffff afc8 afc8 11a2 11a3 0 ffff 0 ffff 8 1f 1d2d
6900 69ff 0 ffff 65f1 65f1 381c 381d 0 ffff 0 ffff 8 1f 1d2e
ee00 eeff 0 ffff 5718 5718 ca5c ca5d 0 ffff 0 ffff 8 1f 1d2f
cd0 cd0 9400 95ff afc9 afc9 0 ffff 0 ffff 0 ffff 17 10 1d30
6842 6842 ce00 cfff 65f0 65f0 0 ffff 0 ffff 0 ffff 17 10 1d31
6842 6842 ce00 cfff 8c5a 8c5a 0 ffff 0 ffff 0 ffff 17 10 1d32
8112 8112 fc00 fdff 20f2 20f2 0 ffff 0 ffff 0 ffff 17 10 1d33
ef83 ef83 6a00 6bff 8c5a 8c5a 0 ffff 0 ffff 0 ffff 17 10 1d34
ef83 ef83 6a00 6bff 65f0 65f0 0 ffff 0 ffff 0 ffff 17 10 1d35
ef83 ef83 6a00 6bff eeba eeba 0 ffff 0 ffff 0 ffff 17 10 1d36
cc0 ccf 0 ffff afc8 afc8 1180 119f 0 ffff 0 ffff c 1b 1d37
ef90 ef9f 0 ffff 5718 5718 ca60 ca7f 0 ffff 0 ffff c 1b 1d38
0 7fff 0 ffff afc0 afc7 0 ffff 0 ffff 22ab 22ab 1 d 1d39
0 7ff 0 ffff af80 afbf 0 ffff 0 ffff 20c 20c 5 a 1d3a
8800 8fff 0 ffff 8c00 8c3f 0 ffff 0 ffff 599 599 5 a 1d3b
6842 6842 ce00 cfff 6600 67ff 0 ffff 0 ffff 400 ffff 17 7 1d3c
4000 5fff 0 ffff 20c0 20df 0 ffff 0 ffff 202 202 3 b 1d3d
6800 683f 0 ffff afc8 afc8 11a8 11af 0 ffff 0 ffff a 1d 1d3e
efc0 efff 0 ffff 65f1 65f1 3810 3817 0 ffff 0 ffff a 1d 1d3f
6842 6842 8000 bfff 65e0 65ef 0 ffff 0 ffff 400 ffff 12 c 1d40
8112 8112 8000 bfff 20e0 20ef 0 ffff 0 ffff 400 ffff 12 c 1d41
6842 6842 8000 bfff 65f1 65f1 3000 37ff 0 ffff 0 ffff 12 15 1d42
8112 8112 8000 bfff 5718 5718 c000 c7ff 0 ffff 0 ffff 12 15 1d43
ef83 ef83 0 3fff eebb eebb 5800 5fff 0 ffff 0 ffff 12 15 1d44
ef83 ef83 0 3fff 8c5b 8c5b 1000 17ff 0 ffff 0 ffff 12 15 1d45
6860 687f 0 ffff 8c5b 8c5b 2000 3fff 0 ffff 400 ffff b 13 1d46
8120 813f 0 ffff 5718 5718 e000 ffff 0 ffff 400 ffff b 13 1d47
6a00 6bff 0 ffff 1200 12ff 0 ffff 0 ffff 45 45 7 8 1d48
6a00 6bff 0 ffff 8d00 8dff 0 ffff 0 ffff 1586 1586 7 8 1d49
ec00 edff 0 ffff 8d00 8dff 0 ffff 0 ffff 202 202 7 8 1d4a
6c00 6fff 0 ffff 8c80 8cff 0 ffff 0 ffff 202 202 6 9 1d4b
6c00 6fff 0 ffff 8c80 8cff 0 ffff 0 ffff 50 50 6 9 1d4c
8400 87ff 0 ffff 5780 57ff 0 ffff 0 ffff 19 19 6 9 1d4d
6900 69ff 0 ffff 8800 8bff 0 ffff 0 ffff 202 202 8 6 1d4e
6843 6843 0 ffff 8c5c 8c5f 0 ffff 0 ffff 400 ffff 10 e 1d4f
6842 6842 c000 c7ff 1300 137f 0 ffff 0 ffff 400 ffff 15 9 1d50
6844 6847 0 ffff 8000 ffff 0 ffff 0 ffff 45 45 e 1 1d51
7000 7fff 0 ffff 13c0 13df 0 ffff 1f4 1f4 0 ffff 4 b 1d52
f000 ffff 0 ffff 65c0 65df 0 ffff 1600 1600 0 ffff 4 b 1d53
6840 6841 0 ffff 13ec 13ec a900 a9ff 0 ffff 0 ffff f 18 1d54
6840 6841 0 ffff 8c5b 8c5b 1d00 1dff 0 ffff 0 ffff f 18 1d55
6840 6841 0 ffff 65f1 65f1 3900 39ff 0 ffff 0 ffff f 18 1d56
8110 8111 0 ffff 5718 5718 cb00 cbff 0 ffff 0 ffff f 18 1d57
ef80 ef81 0 ffff 8c5b 8c5b 1d00 1dff 0 ffff 0 ffff f 18 1d58
ef80 ef81 0 ffff 65f1 65f1 3900 39ff 0 ffff 0 ffff f 18 1d59
6842 6842 cc24 cc25 1200 12ff 0 ffff 0 ffff 0 ffff 1f 8 1d5a
8112 8112 fe62 fe63 ef00 efff 0 ffff 0 ffff 0 ffff 1f 8 1d5b
ef83 ef83 68fe 68ff 8d00 8dff 0 ffff 0 ffff 0 ffff 1f 8 1d5c
6800 683f 0 ffff 8c5b 8c5b 0 fff 0 ffff 400 ffff a 14 1d5d
6844 6847 0 ffff 13ed 13ed 0 ffff 0 ffff 400 ffff e 10 1d5e
6844 6847 0 ffff 8c5a 8c5a 0 ffff 0 ffff 400 ffff e 10 1d5f
6842 6842 cc40 cc7f 13e0 13e7 0 ffff 0 ffff 0 ffff 1a d 1d60
6842 6842 cc40 cc7f 65f8 65ff 0 ffff 0 ffff 0 ffff 1a d 1d61
8112 8112 fe00 fe3f 20f8 20ff 0 ffff 0 ffff 0 ffff 1a d 1d62
ef83 ef83 6880 68bf 5710 5717 0 ffff 0 ffff 0 ffff 1a d 1d63
ef83 ef83 6880 68bf 8c50 8c57 0 ffff 0 ffff 0 ffff 1a d 1d64
6842 6842 cc00 cc1f 8c40 8c4f 0 ffff 0 ffff 0 ffff 1b c 1d65
6848 684f 0 ffff 13ec 13ec a8c0 a8ff 0 ffff 0 ffff d 1a 1d66
8118 811f 0 ffff 5718 5718 ca00 ca3f 0 ffff 0 ffff d 1a 1d67
6842 6842 ce00 cfff 1200 12ff 0 ffff 0 ffff 0 ffff 17 8 1d68
6842 6842 c000 c7ff 13ec 13ec c000 ffff 0 ffff 0 ffff 15 12 1d69
8112 8112 f000 f7ff 20f3 20f3 0 3fff 0 ffff 0 ffff 15 12 1d6a
8112 8112 f000 f7ff 8c5b 8c5b 4000 7fff 0 ffff 0 ffff 15 12 1d6b
ef83 ef83 6000 67ff 8c5b 8c5b 4000 7fff 0 ffff 0 ffff 15 12 1d6c
ef83 ef83 6000 67ff eebb eebb 0 3fff 0 ffff 0 ffff 15 12 1d6d
ef83 ef83 6000 67ff 65f1 65f1 4000 7fff 0 ffff 0 ffff 15 12 1d6e
6848 684f 0 ffff 4000 7fff 0 ffff 0 ffff 232b 232b d 2 1d6f
6842 6842 e000 ffff 13f0 13ff 0 ffff 0 ffff 0 ffff 13 c 1d70
6800 683f 0 ffff 1800 1fff 0 ffff 45 45 0 ffff a 5 1d71
6848 684f 0 ffff 65f1 65f1 8000 ffff 0 ffff 400 ffff d 11 1d72
8114 8117 0 ffff 8c5b 8c5b 1c80 1cff 0 ffff 0 ffff e 19 1d73
ef84 ef87 0 ffff 8c5b 8c5b 1c80 1cff 0 ffff 0 ffff e 19 1d74
8110 8111 0 ffff 0 ffff 0 ffff 599 599 0 ffff f 0 1d75
ef80 ef81 0 ffff 0 ffff 0 ffff 35 35 0 ffff f 0 1d76
8112 8112 fe68 fe6f 2080 20bf 0 ffff 0 ffff 0 ffff 1d a 1d77
8112 8112 fe68 fe6f 8c00 8c3f 0 ffff 0 ffff 0 ffff 1d a 1d78
ef83 ef83 68f0 68f7 eec0 eeff 0 ffff 0 ffff 0 ffff 1d a 1d79
8180 81ff 0 ffff e800 ebff 0 ffff 0 ffff 202 202 9 6 1d7a
ef00 ef7f 0 ffff e800 ebff 0 ffff 0 ffff 45 45 9 6 1d7b
a000 bfff 0 ffff 8c40 8c4f 0 ffff 15a4 15a4 0 ffff 3 c 1d7c
8120 813f 0 ffff 5718 5718 d000 dfff 0 ffff 0 ffff b 14 1d7d
8100 810f 0 ffff 5718 5718 8000 bfff 0 ffff 400 ffff c 12 1d7e
8000 80ff 0 ffff ec00 edff 0 ffff 35 35 0 ffff 8 7 1d7f
8100 810f 0 ffff 5718 5718 e000 ffff 0 ffff 0 ffff c 13 1d80
8112 8112 fe70 fe7f 8c60 8c7f 0 ffff 0 ffff 0 ffff 1c b 1d81
ef83 ef83 68e0 68ef 5720 573f 0 ffff 0 ffff 0 ffff 1c b 1d82
ef83 ef83 68e0 68ef 65c0 65df 0 ffff 0 ffff 0 ffff 1c b 1d83
8400 87ff 0 ffff 8c80 8cff 0 ffff 599 599 0 ffff 6 9 1d84
ef00 ef7f 0 ffff eebb eebb 5800 5fff 0 ffff 400 ffff 9 15 1d85
f000 ffff 0 ffff 8c60 8c7f 0 ffff 0 ffff a2 a2 4 b 1d86
efc0 efff 0 ffff 7000 7fff 0 ffff 0 ffff 71 71 a 4 1d87
0 ffff 0 ffff dfae dfaf 0 ffff 0 ffff 89 89 0 f 1d88
0 ffff 0 ffff dfae dfaf 0 ffff 0 ffff 50 50 0 f 1d89
c000 ffff 0 ffff 8c50 8c57 0 ffff 0 ffff 35 35 2 d 1d8a
efa0 efbf 0 ffff f000 ffff 0 ffff 0 ffff 45 45 b 4 1d8b
ee00 eeff 0 ffff 65f1 65f1 3c00 3fff 0 ffff 400 ffff 8 16 1d8c
ef83 ef83 6c00 6fff 6500 657f 0 ffff 0 ffff 0 ffff 16 9 1d8d
f000 ffff 0 ffff 65e0 65ef 0 ffff 0 ffff 14 15 4 c 1d8e
0 7fff 0 ffff dfa0 dfa7 0 ffff 0 ffff 77 77 1 d 1d8f
0 7fff 0 ffff afc0 afc7 0 ffff 0 ffff 159a 159a 1 d 1d90
0 7fff 0 ffff 8c50 8c57 0 ffff 0 ffff 45 45 1 d 1d91
ce0 cff 0 ffff dfac dfac 4000 5fff 0 ffff 0 ffff b 13 1d92
1000 1fff 0 ffff dfc0 dfff 0 ffff 0 ffff 66d 66d 4 a 1d93
9000 9fff 0 ffff 8c00 8c3f 0 ffff 0 ffff 202 202 4 a 1d94
f000 ffff 0 ffff eec0 eeff 0 ffff 0 ffff 232b 232b 4 a 1d95
f000 ffff 0 ffff 6580 65bf 0 ffff 0 ffff 9f5 9f5 4 a 1d96
cd1 cd1 0 ffff dfac dfac 7000 73ff 0 ffff 0 ffff 10 16 1d97
6843 6843 0 ffff 8c5b 8c5b 1800 1bff 0 ffff 0 ffff 10 16 1d98
8113 8113 0 ffff 5718 5718 cc00 cfff 0 ffff 0 ffff 10 16 1d99
8113 8113 0 ffff 8c5b 8c5b 1800 1bff 0 ffff 0 ffff 10 16 1d9a
cd0 cd0 9600 967f 65f8 65ff 0 ffff 0 ffff 0 ffff 19 d 1d9b
cd0 cd0 9600 967f afc0 afc7 0 ffff 0 ffff 0 ffff 19 d 1d9c
6842 6842 cc80 ccff 8c50 8c57 0 ffff 0 ffff 0 ffff 19 d 1d9d
8112 8112 fe80 feff 5710 5717 0 ffff 0 ffff 0 ffff 19 d 1d9e
cd0 cd0 9680 96bf afd0 afdf 0 ffff 0 ffff 0 ffff 1a c 1d9f
6842 6842 cc40 cc7f 20e0 20ef 0 ffff 0 ffff 0 ffff 1a c 1da0
6842 6842 cc40 cc7f 8c40 8c4f 0 ffff 0 ffff 0 ffff 1a c 1da1
8112 8112 fe00 fe3f 5700 570f 0 ffff 0 ffff 0 ffff 1a c 1da2
ef83 ef83 6880 68bf 65e0 65ef 0 ffff 0 ffff 0 ffff 1a c 1da3
cc0 ccf 0 ffff afc8 afc8 4000 7fff 0 ffff 0 ffff c 12 1da4
8100 810f 0 ffff eebb eebb 0 3fff 0 ffff 0 ffff c 12 1da5
cd0 cd0 0 7fff 65f1 65f1 3000 37ff 0 ffff 0 ffff 11 15 1da6
6842 6842 0 7fff 8c5b 8c5b 1000 17ff 0 ffff 0 ffff 11 15 1da7
8112 8112 0 7fff 5718 5718 c000 c7ff 0 ffff 0 ffff 11 15 1da8
ef83 ef83 8000 ffff 65f1 65f1 3000 37ff 0 ffff 0 ffff 11 15 1da9
e00 fff 0 ffff a800 abff 0 ffff 0 ffff 8006 8006 7 6 1daa
cd0 cd0 9800 9fff 65f1 65f1 8000 ffff 0 ffff 0 ffff 15 11 1dab
6842 6842 c000 c7ff 65f1 65f1 8000 ffff 0 ffff 0 ffff 15 11 1dac
6842 6842 c000 c7ff 13ec 13ec 0 7fff 0 ffff 0 ffff 15 11 1dad
8112 8112 f000 f7ff 20f3 20f3 8000 ffff 0 ffff 0 ffff 15 11 1dae
8112 8112 f000 f7ff eebb eebb 8000 ffff 0 ffff 0 ffff 15 11 1daf
ef83 ef83 6000 67ff 5718 5718 0 7fff 0 ffff 0 ffff 15 11 1db0
ef83 ef83 6000 67ff 65f1 65f1 8000 ffff 0 ffff 0 ffff 15 11 1db1
c80 cbf 0 ffff 13ec 13ec 8000 9fff 0 ffff 400 ffff a 13 1db2
6800 683f 0 ffff 65f1 65f1 0 1fff 0 ffff 400 ffff a 13 1db3
c80 cbf 0 ffff 6000 7fff 0 ffff 0 ffff 45 45 a 3 1db4
cd0 cd0 8000 8fff 65f1 65f1 4000 7fff 0 ffff 0 ffff 14 12 1db5
cd0 cd0 8000 8fff afc8 afc8 4000 7fff 0 ffff 0 ffff 14 12 1db6
8112 8112 e000 efff 20f3 20f3 0 3fff 0 ffff 0 ffff 14 12 1db7
8112 8112 e000 efff 5718 5718 8000 bfff 0 ffff 0 ffff 14 12 1db8
ef83 ef83 7000 7fff eebb eebb 0 3fff 0 ffff 0 ffff 14 12 1db9
cd0 cd0 c000 ffff 13c0 13df 0 ffff 0 ffff 400 ffff 12 b 1dba
cd0 cd0 9000 93ff 13ed 13ed 0 ffff 0 ffff 0 ffff 16 10 1dbb
6842 6842 c800 cbff 8c5a 8c5a 0 ffff 0 ffff 0 ffff 16 10 1dbc
6842 6842 c800 cbff 65f0 65f0 0 ffff 0 ffff 0 ffff 16 10 1dbd
8112 8112 f800 fbff eeba eeba 0 ffff 0 ffff 0 ffff 16 10 1dbe
8112 8112 f800 fbff 8c5a 8c5a 0 ffff 0 ffff 0 ffff 16 10 1dbf
8112 8112 f800 fbff 5719 5719 0 ffff 0 ffff 0 ffff 16 10 1dc0
ef83 ef83 6c00 6fff 65f0 65f0 0 ffff 0 ffff 0 ffff 16 10 1dc1
ef83 ef83 6c00 6fff eeba eeba 0 ffff 0 ffff 0 ffff 16 10 1dc2
cd0 cd0 96c0 96df 65c0 65df 0 ffff 0 ffff 0 ffff 1b b 1dc3
6842 6842 cc00 cc1f 8c60 8c7f 0 ffff 0 ffff 0 ffff 1b b 1dc4
ef83 ef83 68c0 68df 65c0 65df 0 ffff 0 ffff 0 ffff 1b b 1dc5
cd0 cd0 9700 97ff afcc afcf 0 ffff 0 ffff 0 ffff 18 e 1dc6
8112 8112 ff00 ffff 20f4 20f7 0 ffff 0 ffff 0 ffff 18 e 1dc7
8112 8112 ff00 ffff eebc eebf 0 ffff 0 ffff 0 ffff 18 e 1dc8
ef83 ef83 6900 69ff 65f4 65f7 0 ffff 0 ffff 0 ffff 18 e 1dc9
ef83 ef83 6900 69ff eebc eebf 0 ffff 0 ffff 0 ffff 18 e 1dca
cd2 cd3 0 ffff afcc afcf 0 ffff 0 ffff 400 ffff f e 1dcb
8110 8111 0 ffff eebc eebf 0 ffff 0 ffff 400 ffff f e 1dcc
0 3fff 0 ffff 65e0 65ef 0 ffff 0 ffff 45 45 2 c 1dcd
4000 7fff 0 ffff 13f0 13ff 0 ffff 0 ffff 66e 66e 2 c 1dce
8000 bfff 0 ffff 5700 570f 0 ffff 0 ffff 50 50 2 c 1dcf
8000 bfff 0 ffff eea0 eeaf 0 ffff 0 ffff 22ab 22ab 2 c 1dd0
c000 ffff 0 ffff 65e0 65ef 0 ffff 0 ffff 35 35 2 c 1dd1
cd4 cd7 0 ffff 65f1 65f1 3900 39ff 0 ffff 0 ffff e 18 1dd2
6844 6847 0 ffff 65f1 65f1 3900 39ff 0 ffff 0 ffff e 18 1dd3
6844 6847 0 ffff 8c5b 8c5b 1d00 1dff 0 ffff 0 ffff e 18 1dd4
8114 8117 0 ffff 5718 5718 cb00 cbff 0 ffff 0 ffff e 18 1dd5
cd8 cdf 0 ffff 65f1 65f1 3880 38ff 0 ffff 0 ffff d 19 1dd6
8118 811f 0 ffff eebb eebb 5700 577f 0 ffff 0 ffff d 19 1dd7
cd0 cd0 9800 9fff 1200 12ff 0 ffff 0 ffff 0 ffff 15 8 1dd8
d00 dff 0 ffff a800 abff 0 ffff 0 ffff 45 45 8 6 1dd9
ee00 eeff 0 ffff 8800 8bff 0 ffff 0 ffff 19 19 8 6 1dda
ee00 eeff 0 ffff 6000 63ff 0 ffff 0 ffff 45 45 8 6 1ddb
cd0 cd0 9400 95ff 20f0 20f1 0 ffff 0 ffff 0 ffff 17 f 1ddc
6842 6842 ce00 cfff 13ee 13ef 0 ffff 0 ffff 0 ffff 17 f 1ddd
6842 6842 ce00 cfff 65f2 65f3 0 ffff 0 ffff 0 ffff 17 f 1dde
8112 8112 fc00 fdff 571a 571b 0 ffff 0 ffff 0 ffff 17 f 1ddf
ef83 ef83 6a00 6bff 571a 571b 0 ffff 0 ffff 0 ffff 17 f 1de0
cd0 cd0 a000 bfff af80 afbf 0 ffff 0 ffff 0 ffff 13 a 1de1
cd4 cd7 0 ffff afca afcb 0 ffff 0 ffff 400 ffff e f 1de2
ef84 ef87 0 ffff 8c58 8c59 0 ffff 0 ffff 400 ffff e f 1de3
6842 6842 cc30 cc3f 2080 20bf 0 ffff 0 ffff 0 ffff 1c a 1de4
ef83 ef83 68e0 68ef 8c00 8c3f 0 ffff 0 ffff 0 ffff 1c a 1de5
6800 683f 0 ffff 3000 3fff 0 ffff 0 ffff 45 45 a 4 1de6
0 ffff 0 ffff dfa8 dfab 0 ffff 0 ffff 45 45 0 e 1de7
0 ffff 0 ffff dfa8 dfab 0 ffff 0 ffff 202 202 0 e 1de8
0 ffff 0 ffff dfa8 dfab 0 ffff 0 ffff 202 202 0 e 1de9
6842 6842 cc27 cc27 a800 abff 0 ffff 0 ffff 0 ffff 20 6 1dea
6842 6842 8000 bfff afc8 afc8 0 fff 0 ffff 0 ffff 12 14 1deb
6842 6842 8000 bfff 8c5b 8c5b 0 fff 0 ffff 0 ffff 12 14 1dec
6842 6842 8000 bfff 65f1 65f1 2000 2fff 0 ffff 0 ffff 12 14 1ded
6842 6842 8000 bfff 13ec 13ec b000 bfff 0 ffff 0 ffff 12 14 1dee
8112 8112 8000 bfff 8c5b 8c5b 0 fff 0 ffff 0 ffff 12 14 1def
ef83 ef83 0 3fff 8c5b 8c5b 0 fff 0 ffff 0 ffff 12 14 1df0
6a00 6bff 0 ffff 8e00 8fff 0 ffff 0 ffff 19 19 7 7 1df1
6a00 6bff 0 ffff 8e00 8fff 0 ffff 0 ffff 202 202 7 7 1df2
6800 683f 0 ffff 8c5b 8c5b 0 fff 0 ffff 0 ffff a 14 1df3
6843 6843 0 ffff 65f4 65f7 0 ffff 0 ffff 0 ffff 10 e 1df4
6842 6842 d000 dfff 1300 137f 0 ffff 0 ffff 400 ffff 14 9 1df5
6842 6842 e000 ffff 65f1 65f1 0 1fff 0 ffff 0 ffff 13 13 1df6
ef83 ef83 4000 5fff 8c5b 8c5b 2000 3fff 0 ffff 0 ffff 13 13 1df7
ef83 ef83 4000 5fff 65f1 65f1 0 1fff 0 ffff 0 ffff 13 13 1df8
6840 6841 0 ffff 65f1 65f1 3a00 3bff 0 ffff 0 ffff f 17 1df9
8110 8111 0 ffff 20f3 20f3 6600 67ff 0 ffff 0 ffff f 17 1dfa
8110 8111 0 ffff eebb eebb 5400 55ff 0 ffff 0 ffff f 17 1dfb
8110 8111 0 ffff 5718 5718 c800 c9ff 0 ffff 0 ffff f 17 1dfc
ef80 ef81 0 ffff 8c5b 8c5b 1e00 1fff 0 ffff 0 ffff f 17 1dfd
ef80 ef81 0 ffff 65f1 65f1 3a00 3bff 0 ffff 0 ffff f 17 1dfe
6840 6841 0 ffff 65f2 65f3 0 ffff 0 ffff 0 ffff f f 1dff
8110 8111 0 ffff 8c58 8c59 0 ffff 0 ffff 0 ffff f f 1e00
6842 6842 cc40 cc7f 8000 9fff 0 ffff 0 ffff 0 ffff 1a 3 1e01
7000 7fff 0 ffff 8c80 8cff 0 ffff 0 ffff 1a2b 1a2b 4 9 1e02
6c00 6fff 0 ffff 8d00 8dff 0 ffff 0 ffff 45 45 6 8 1e03
e800 ebff 0 ffff 8d00 8dff 0 ffff 0 ffff 66d 66d 6 8 1e04
6000 67ff 0 ffff 1300 137f 0 ffff 0 ffff 232b 232b 5 9 1e05
6a00 6bff 0 ffff 8c5b 8c5b 1c44 1c45 0 ffff 0 ffff 7 1f 1e06
6842 6842 cc30 cc3f 0 7fff 0 ffff 400 ffff 0 ffff 1c 1 1e07
6880 68ff 0 ffff 9000 9fff 0 ffff a1 a1 0 ffff 9 4 1e08
6c00 6fff 0 ffff 8c5b 8c5b 1e00 1fff 0 ffff 400 ffff 6 17 1e09
6842 6842 8000 bfff 8c40 8c4f 0 ffff 0 ffff 0 ffff 12 c 1e0a
6860 687f 0 ffff 8c5b 8c5b 1c60 1c7f 0 ffff 0 ffff b 1b 1e0b
efa0 efbf 0 ffff 65f1 65f1 3820 383f 0 ffff 0 ffff b 1b 1e0c
efa0 efbf 0 ffff eebb eebb 57e0 57ff 0 ffff 0 ffff b 1b 1e0d
6848 684f 0 ffff 8c5a 8c5a 0 ffff 0 ffff 400 ffff d 10 1e0e
6c00 6fff 0 ffff 8d00 8dff 0 ffff 50 50 0 ffff 6 8 1e0f
6c00 6fff 0 ffff 65f1 65f1 381f 381f 0 ffff 0 ffff 6 20 1e10
6880 68ff 0 ffff 1800 1fff 0 ffff 0 ffff 202 202 9 5 1e11
6880 68ff 0 ffff 6800 6fff 0 ffff 0 ffff 45 45 9 5 1e12
6880 68ff 0 ffff 1800 1fff 0 ffff 0 ffff 202 202 9 5 1e13
6880 68ff 0 ffff 6800 6fff 0 ffff 0 ffff 50 50 9 5 1e14
ef00 ef7f 0 ffff 6800 6fff 0 ffff 0 ffff 45 45 9 5 1e15
4000 5fff 0 ffff 65c0 65df 0 ffff 0 ffff 202 202 3 b 1e16
0 7fff 0 ffff 8c40 8c4f 0 ffff 0 ffff 66d 66d 1 c 1e17
8100 810f 0 ffff 8c5b 8c5b 1c00 1c3f 0 ffff 0 ffff c 1a 1e18
8112 8112 fe70 fe7f 0 7fff 0 ffff 0 ffff 0 ffff 1c 1 1e19
8180 81ff 0 ffff 5718 5718 ca50 ca57 0 ffff 0 ffff 9 1d 1e1a
ef00 ef7f 0 ffff 8c5b 8c5b 1c48 1c4f 0 ffff 0 ffff 9 1d 1e1b
ef00 ef7f 0 ffff 65f1 65f1 3810 3817 0 ffff 0 ffff 9 1d 1e1c
ef83 ef83 68f0 68f7 ee00 ee7f 0 ffff 0 ffff 0 ffff 1d 9 1e1d
ef83 ef83 68f8 68fb 5600 56ff 0 ffff 0 ffff 0 ffff 1e 8 1e1e
ef83 ef83 8000 ffff 5700 570f 0 ffff 0 ffff 400 ffff 11 c 1e1f
8000 ffff 0 ffff 65f2 65f3 0 ffff 0 ffff 14 17 1 f 1e20
ef83 ef83 7000 7fff 8c00 8c3f 0 ffff 0 ffff 0 ffff 14 a 1e21
efc0 efff 0 ffff 6000 7fff 0 ffff a1 a1 0 ffff a 3 1e22
ef83 ef83 8000 ffff 65f8 65ff 0 ffff 0 ffff 0 ffff 11 d 1e23
ef83 ef83 6000 67ff 6400 64ff 0 ffff 0 ffff 400 ffff 15 8 1e24
e000 e7ff 0 ffff 8c80 8cff 0 ffff a1 a1 0 ffff 5 9 1e25
ef84 ef87 0 ffff 8c5a 8c5a 0 ffff 0 ffff 0 ffff e 10 1e26
ef83 ef83 6c00 6fff 6600 67ff 0 ffff 0 ffff 400 ffff 16 7 1e27
ec00 edff 0 ffff eebb eebb 5000 53ff 0 ffff 400 ffff 7 16 1e28
ef00 ef7f 0 ffff 65f1 65f1 2000 2fff 0 ffff 400 ffff 9 14 1e29
ef82 ef82 0 ffff eeb0 eeb7 0 ffff 400 ffff 0 ffff 10 d 1e2a
cd0 cd0 8000 8fff dfac dfac 8000 ffff 0 ffff 0 ffff 14 11 1e2b
cd0 cd0 8000 8fff 13ec 13ec 0 7fff 0 ffff 0 ffff 14 11 1e2c
8112 8112 e000 efff 20f3 20f3 8000 ffff 0 ffff 0 ffff 14 11 1e2d
8112 8112 e000 efff eebb eebb 8000 ffff 0 ffff 0 ffff 14 11 1e2e
8112 8112 e000 efff 5718 5718 0 7fff 0 ffff 0 ffff 14 11 1e2f
ef83 ef83 7000 7fff 65f1 65f1 8000 ffff 0 ffff 0 ffff 14 11 1e30
cd4 cd7 0 ffff dfae dfaf 0 ffff 0 ffff 0 ffff e f 1e31
d00 dff 0 ffff 7000 7fff 0 ffff 1586 1586 0 ffff 8 4 1e32
d00 dff 0 ffff b000 bfff 0 ffff 15ae 15ae 0 ffff 8 4 1e33
cd0 cd0 9000 93ff 13ee 13ef 0 ffff 0 ffff 0 ffff 16 f 1e34
cd0 cd0 9000 93ff afca afcb 0 ffff 0 ffff 0 ffff 16 f 1e35
6842 6842 c800 cbff 8c58 8c59 0 ffff 0 ffff 0 ffff 16 f 1e36
8112 8112 f800 fbff 571a 571b 0 ffff 0 ffff 0 ffff 16 f 1e37
8112 8112 f800 fbff 8c58 8c59 0 ffff 0 ffff 0 ffff 16 f 1e38
ef83 ef83 6c00 6fff 571a 571b 0 ffff 0 ffff 0 ffff 16 f 1e39
ef83 ef83 6c00 6fff eeb8 eeb9 0 ffff 0 ffff 0 ffff 16 f 1e3a
ef83 ef83 6c00 6fff 65f2 65f3 0 ffff 0 ffff 0 ffff 16 f 1e3b
cd1 cd1 0 ffff 13ec 13ec a000 a7ff 0 ffff 0 ffff 10 15 1e3c
cd1 cd1 0 ffff 65f1 65f1 3000 37ff 0 ffff 0 ffff 10 15 1e3d
cd1 cd1 0 ffff afc8 afc8 1800 1fff 0 ffff 0 ffff 10 15 1e3e
6843 6843 0 ffff 13ec 13ec a000 a7ff 0 ffff 0 ffff 10 15 1e3f
ef82 ef82 0 ffff 5718 5718 c000 c7ff 0 ffff 0 ffff 10 15 1e40
ef82 ef82 0 ffff 8c5b 8c5b 1000 17ff 0 ffff 0 ffff 10 15 1e41
ef82 ef82 0 ffff 65f1 65f1 3000 37ff 0 ffff 0 ffff 10 15 1e42
cd8 cdf 0 ffff dfac dfac 7600 76ff 0 ffff 0 ffff d 18 1e43
6848 684f 0 ffff 13ec 13ec a900 a9ff 0 ffff 0 ffff d 18 1e44
ef88 ef8f 0 ffff 5718 5718 cb00 cbff 0 ffff 0 ffff d 18 1e45
ef88 ef8f 0 ffff 8c5b 8c5b 1d00 1dff 0 ffff 0 ffff d 18 1e46
cd2 cd3 0 ffff 65f1 65f1 3c00 3fff 0 ffff 0 ffff f 16 1e47
6840 6841 0 ffff 65f1 65f1 3c00 3fff 0 ffff 0 ffff f 16 1e48
6840 6841 0 ffff 8c5b 8c5b 1800 1bff 0 ffff 0 ffff f 16 1e49
8110 8111 0 ffff eebb eebb 5000 53ff 0 ffff 0 ffff f 16 1e4a
ef80 ef81 0 ffff 65f1 65f1 3c00 3fff 0 ffff 0 ffff f 16 1e4b
ef80 ef81 0 ffff eebb eebb 5000 53ff 0 ffff 0 ffff f 16 1e4c
cd0 cd0 9680 96bf 6000 7fff 0 ffff 0 ffff 0 ffff 1a 3 1e4d
ce0 cff 0 ffff afc8 afc8 11c0 11ff 0 ffff 0 ffff b 1a 1e4e
6860 687f 0 ffff 8c5b 8c5b 1c00 1c3f 0 ffff 0 ffff b 1a 1e4f
8120 813f 0 ffff 20f3 20f3 6580 65bf 0 ffff 0 ffff b 1a 1e50
800 bff 0 ffff ac00 adff 0 ffff 0 ffff 45 45 6 7 1e51
e800 ebff 0 ffff 5400 55ff 0 ffff 0 ffff 202 202 6 7 1e52
e800 ebff 0 ffff 6600 67ff 0 ffff 0 ffff 232b 232b 6 7 1e53
cc0 ccf 0 ffff afc9 afc9 0 ffff 0 ffff 400 ffff c 10 1e54
cd0 cd0 9800 9fff afc9 afc9 0 ffff 0 ffff 0 ffff 15 10 1e55
cd0 cd0 9800 9fff 13ed 13ed 0 ffff 0 ffff 0 ffff 15 10 1e56
6842 6842 c000 c7ff 8c5a 8c5a 0 ffff 0 ffff 0 ffff 15 10 1e57
0 3fff 0 ffff afe0 afff 0 ffff 0 ffff 45 45 2 b 1e58
4000 7fff 0 ffff 13c0 13df 0 ffff 0 ffff 202 202 2 b 1e59
c000 ffff 0 ffff 65c0 65df 0 ffff 0 ffff 50 50 2 b 1e5a
cd8 cdf 0 ffff 0 ffff 0 ffff 0 ffff 202 202 d 0 1e5b
cd4 cd7 0 ffff afc8 afc8 1200 13ff 0 ffff 0 ffff e 17 1e5c
6844 6847 0 ffff 8c5b 8c5b 1e00 1fff 0 ffff 0 ffff e 17 1e5d
8114 8117 0 ffff 20f3 20f3 6600 67ff 0 ffff 0 ffff e 17 1e5e
8114 8117 0 ffff eebb eebb 5400 55ff 0 ffff 0 ffff e 17 1e5f
ef84 ef87 0 ffff 65f1 65f1 3a00 3bff 0 ffff 0 ffff e 17 1e60
cd0 cd0 a000 bfff 65f1 65f1 4000 7fff 0 ffff 0 ffff 13 12 1e61
6842 6842 e000 ffff 65f1 65f1 4000 7fff 0 ffff 0 ffff 13 12 1e62
6842 6842 e000 ffff 8c5b 8c5b 4000 7fff 0 ffff 0 ffff 13 12 1e63
8112 8112 c000 dfff 5718 5718 8000 bfff 0 ffff 0 ffff 13 12 1e64
ef83 ef83 4000 5fff 65f1 65f1 4000 7fff 0 ffff 0 ffff 13 12 1e65
e00 fff 0 ffff 13ec 13ec a000 a7ff 0 ffff 0 ffff 7 15 1e66
cd0 cd0 9700 97ff 65f8 65ff 0 ffff 0 ffff 0 ffff 18 d 1e67
6842 6842 cd00 cdff 65f8 65ff 0 ffff 0 ffff 0 ffff 18 d 1e68
6842 6842 cd00 cdff 8c50 8c57 0 ffff 0 ffff 0 ffff 18 d 1e69
c80 cbf 0 ffff afc8 afc8 4000 7fff 0 ffff 0 ffff a 12 1e6a
cc0 ccf 0 ffff 65f1 65f1 3880 38ff 0 ffff 0 ffff c 19 1e6b
6850 685f 0 ffff 13ec 13ec a800 a87f 0 ffff 0 ffff c 19 1e6c
8100 810f 0 ffff 5718 5718 ca80 caff 0 ffff 0 ffff c 19 1e6d
e00 fff 0 ffff 1400 17ff 0 ffff 0 ffff 202 202 7 6 1e6e
ec00 edff 0 ffff 6000 63ff 0 ffff 0 ffff 45 45 7 6 1e6f
6880 68ff 0 ffff 20f3 20f3 7000 7fff 0 ffff 0 ffff 9 14 1e70
8180 81ff 0 ffff 5718 5718 d000 dfff 0 ffff 0 ffff 9 14 1e71
6800 683f 0 ffff a000 bfff 0 ffff 0 ffff 6bb 6bb a 3 1e72
efc0 efff 0 ffff e000 ffff 0 ffff 0 ffff 202 202 a 3 1e73
6a00 6bff 0 ffff afc8 afc8 11a4 11a7 0 ffff 0 ffff 7 1e 1e74
ec00 edff 0 ffff 65f1 65f1 3818 381b 0 ffff 0 ffff 7 1e 1e75
4000 7fff 0 ffff af80 afbf 0 ffff 50 50 0 ffff 2 a 1e76
6c00 6fff 0 ffff 13ec 13ec a8b2 a8b3 0 ffff 0 ffff 6 1f 1e77
e800 ebff 0 ffff 65f1 65f1 381c 381d 0 ffff 0 ffff 6 1f 1e78
6842 6842 8000 bfff af80 afbf 0 ffff 0 ffff 400 ffff 12 a 1e79
6842 6842 8000 bfff 8c00 8c3f 0 ffff 0 ffff 400 ffff 12 a 1e7a
6860 687f 0 ffff 8000 bfff 0 ffff 0 ffff 599 599 b 2 1e7b
8120 813f 0 ffff 4000 7fff 0 ffff 0 ffff 50 50 b 2 1e7c
6842 6842 ce00 cfff 65f4 65f7 0 ffff 0 ffff 0 ffff 17 e 1e7d
6842 6842 ce00 cfff 13e8 13eb 0 ffff 0 ffff 0 ffff 17 e 1e7e
8112 8112 fc00 fdff 571c 571f 0 ffff 0 ffff 0 ffff 17 e 1e7f
ef83 ef83 6a00 6bff 8c5c 8c5f 0 ffff 0 ffff 0 ffff 17 e 1e80
ef83 ef83 6a00 6bff eebc eebf 0 ffff 0 ffff 0 ffff 17 e 1e81
6800 683f 0 ffff afc8 afc8 1180 119f 0 ffff 0 ffff a 1b 1e82
efc0 efff 0 ffff eebb eebb 57e0 57ff 0 ffff 0 ffff a 1b 1e83
efc0 efff 0 ffff 8c5b 8c5b 1c60 1c7f 0 ffff 0 ffff a 1b 1e84
6900 69ff 0 ffff 8000 87ff 0 ffff 0 ffff 71 71 8 5 1e85
ee00 eeff 0 ffff e000 e7ff 0 ffff 0 ffff 45 45 8 5 1e86
6840 6841 0 ffff 13e0 13e7 0 ffff 0 ffff 400 ffff f d 1e87
ef80 ef81 0 ffff 65f8 65ff 0 ffff 0 ffff 400 ffff f d 1e88
ef80 ef81 0 ffff eeb0 eeb7 0 ffff 0 ffff 400 ffff f d 1e89
6848 684f 0 ffff 8c58 8c59 0 ffff 0 ffff 400 ffff d f 1e8a
ef88 ef8f 0 ffff 8c58 8c59 0 ffff 0 ffff 400 ffff d f 1e8b
ef88 ef8f 0 ffff eeb8 eeb9 0 ffff 0 ffff 400 ffff d f 1e8c
6842 6842 cc80 ccff 9000 9fff 0 ffff 0 ffff 0 ffff 19 4 1e8d
6842 6842 cc80 ccff 9000 9fff 0 ffff 0 ffff 0 ffff 19 4 1e8e
6842 6842 8000 bfff 13ec 13ec 8000 9fff 0 ffff 0 ffff 12 13 1e8f
8112 8112 8000 bfff 20f3 20f3 4000 5fff 0 ffff 0 ffff 12 13 1e90
8112 8112 8000 bfff 5718 5718 e000 ffff 0 ffff 0 ffff 12 13 1e91
8112 8112 8000 bfff 8c5b 8c5b 2000 3fff 0 ffff 0 ffff 12 13 1e92
ef83 ef83 0 3fff eebb eebb 6000 7fff 0 ffff 0 ffff 12 13 1e93
ef83 ef83 0 3fff 8c5b 8c5b 2000 3fff 0 ffff 0 ffff 12 13 1e94
6842 6842 cc20 cc23 1000 11ff 0 ffff 0 ffff 0 ffff 1e 7 1e95
6842 6842 cc20 cc23 6600 67ff 0 ffff 0 ffff 0 ffff 1e 7 1e96
6844 6847 0 ffff 8c5c 8c5f 0 ffff 0 ffff 400 ffff e e 1e97
ef84 ef87 0 ffff eebc eebf 0 ffff 0 ffff 400 ffff e e 1e98
6a00 6bff 0 ffff 8c5b 8c5b 1000 17ff 0 ffff 400 ffff 7 15 1e99
6c00 6fff 0 ffff 6400 64ff 0 ffff 0 ffff 66d 66e 6 8 1e9a
6850 685f 0 ffff 8000 ffff 0 ffff 0 ffff 599 599 c 1 1e9b
6000 67ff 0 ffff 8d00 8dff 0 ffff 0 ffff 202 202 5 8 1e9c
6880 68ff 0 ffff 9000 9fff 0 ffff 1bb 1bb 0 ffff 9 4 1e9d
6842 6842 cc26 cc26 8000 87ff 0 ffff 0 ffff 0 ffff 20 5 1e9e
4000 7fff 0 ffff 1380 13bf 0 ffff 0 ffff 50 50 2 a 1e9f
6c00 6fff 0 ffff 6000 63ff 0 ffff 0 ffff 4be 4be 6 6 1ea0
6842 6842 cc80 ccff 8c40 8c4f 0 ffff 0 ffff 0 ffff 19 c 1ea1
ef83 ef83 6800 687f 8c40 8c4f 0 ffff 0 ffff 0 ffff 19 c 1ea2
6842 6842 c800 cbff 1000 11ff 0 ffff 0 ffff 0 ffff 16 7 1ea3
a000 bfff 0 ffff 2080 20bf 0 ffff 0 ffff 45 45 3 a 1ea4
a000 bfff 0 ffff 5740 577f 0 ffff 0 ffff 50 50 3 a 1ea5
c000 dfff 0 ffff 5740 577f 0 ffff 0 ffff 232b 232b 3 a 1ea6
0 ffff 0 ffff dfb0 dfbf 0 ffff 0 ffff 19 19 0 c 1ea7
8000 bfff 0 ffff eea0 eeaf 0 ffff 0 ffff 714 715 2 c 1ea8
c000 ffff 0 ffff 5700 570f 0 ffff 0 ffff 714 715 2 c 1ea9
8000 ffff 0 ffff 5700 570f 0 ffff 0 ffff 202 202 1 c 1eaa
a000 bfff 0 ffff 5718 5718 ca80 caff 0 ffff 0 ffff 3 19 1eab
8112 8112 fe68 fe6f ef00 efff 0 ffff 0 ffff 0 ffff 1d 8 1eac
8110 8111 0 ffff 8c5c 8c5f 0 ffff 0 ffff 0 ffff f e 1ead
8112 8112 fe40 fe5f 4000 7fff 0 ffff 0 ffff 0 ffff 1b 2 1eae
8112 8112 fe00 fe3f ee80 ee9f 0 ffff 0 ffff 0 ffff 1a b 1eaf
ef83 ef83 6880 68bf 8c60 8c7f 0 ffff 0 ffff 0 ffff 1a b 1eb0
ee00 eeff 0 ffff eebb eebb 5800 5fff 0 ffff 0 ffff 8 15 1eb1
ef83 ef83 6000 67ff ec00 edff 0 ffff 0 ffff 400 ffff 15 7 1eb2
ef83 ef83 8000 ffff 5718 5718 d000 dfff 0 ffff 0 ffff 11 14 1eb3
ef83 ef83 8000 ffff eebb eebb 4000 4fff 0 ffff 0 ffff 11 14 1eb4
ef83 ef83 8000 ffff 65f1 65f1 2000 2fff 0 ffff 0 ffff 11 14 1eb5
ef83 ef83 68e0 68ef 5780 57ff 0 ffff 0 ffff 0 ffff 1c 9 1eb6
ef00 ef7f 0 ffff 8c5b 8c5b 2000 3fff 0 ffff 0 ffff 9 13 1eb7
ef83 ef83 6900 69ff 6800 6fff 0 ffff 0 ffff 0 ffff 18 5 1eb8
e000 e7ff 0 ffff 65f1 65f1 381e 381e 0 ffff 0 ffff 5 20 1eb9
ef83 ef83 6900 69ff 7000 7fff 0 ffff 0 ffff 400 ffff 18 4 1eba
ef83 ef83 4000 5fff 6580 65bf 0 ffff 0 ffff 0 ffff 13 a 1ebb
ef88 ef8f 0 ffff 65f0 65f0 0 ffff 0 ffff 0 ffff d 10 1ebc
c000 ffff 0 ffff 65f1 65f1 3840 387f 0 ffff 0 ffff 2 1a 1ebd
f000 ffff 0 ffff 8c5b 8c5b 1d00 1dff 0 ffff 0 ffff 4 18 1ebe
e800 ebff 0 ffff eebb eebb 5000 53ff 0 ffff 400 ffff 6 16 1ebf
e800 ebff 0 ffff 6600 67ff 0 ffff 19 19 0 ffff 6 7 1ec0
ef83 ef83 68fe 68ff 8800 8bff 0 ffff 0 ffff 0 ffff 1f 6 1ec1
f000 ffff 0 ffff ee00 ee7f 0 ffff 0 ffff 1e61 1e61 4 9 1ec2
f000 ffff 0 ffff 8c80 8cff 0 ffff 0 ffff 159a 159a 4 9 1ec3
0 ffff 0 ffff dfa0 dfa7 0 ffff 0 ffff 202 202 0 d 1ec4
ef83 ef83 68c0 68df eec0 eeff 0 ffff 0 ffff 0 ffff 1b a 1ec5
efa0 efbf 0 ffff 65f1 65f1 8000 ffff 0 ffff 400 ffff b 11 1ec6
ef00 ef7f 0 ffff 8c5b 8c5b 1c50 1c5f 0 ffff 0 ffff 9 1c 1ec7
0 ffff 0 ffff dfac dfac 7750 775f 0 ffff 0 ffff 0 1c 1ec8
ef83 ef83 6900 69ff 7000 7fff 0 ffff 400 ffff 0 ffff 18 4 1ec9
ef82 ef82 0 ffff 8c50 8c57 0 ffff 0 ffff 0 ffff 10 d 1eca
cd2 cd3 0 ffff 65f1 65f1 3000 37ff 0 ffff 0 ffff f 15 1ecb
6840 6841 0 ffff 65f1 65f1 3000 37ff 0 ffff 0 ffff f 15 1ecc
8110 8111 0 ffff 8c5b 8c5b 1000 17ff 0 ffff 0 ffff f 15 1ecd
8110 8111 0 ffff eebb eebb 5800 5fff 0 ffff 0 ffff f 15 1ece
c00 c7f 0 ffff 65f1 65f1 4000 7fff 0 ffff 400 ffff 9 12 1ecf
6880 68ff 0 ffff afc8 afc8 4000 7fff 0 ffff 400 ffff 9 12 1ed0
cd0 cd0 8000 8fff 6600 67ff 0 ffff 400 ffff 0 ffff 14 7 1ed1
cd8 cdf 0 ffff 13e8 13eb 0 ffff 0 ffff 400 ffff d e 1ed2
cd8 cdf 0 ffff 65f4 65f7 0 ffff 0 ffff 400 ffff d e 1ed3
cd8 cdf 0 ffff dfac dfac 7400 75ff 0 ffff 0 ffff d 17 1ed4
6848 684f 0 ffff 65f1 65f1 3a00 3bff 0 ffff 0 ffff d 17 1ed5
0 ffff 0 ffff dfac dfac 7750 775f 0 ffff 0 ffff 0 1c 1ed6
cd0 cd0 9000 93ff 65f4 65f7 0 ffff 0 ffff 0 ffff 16 e 1ed7
6842 6842 c800 cbff 8c5c 8c5f 0 ffff 0 ffff 0 ffff 16 e 1ed8
6842 6842 c800 cbff 13e8 13eb 0 ffff 0 ffff 0 ffff 16 e 1ed9
ef83 ef83 6c00 6fff 65f4 65f7 0 ffff 0 ffff 0 ffff 16 e 1eda
cd4 cd7 0 ffff 65f4 65f7 0 ffff 0 ffff 0 ffff e e 1edb
cd0 cd0 c000 ffff dfac dfac 0 3fff 0 ffff 0 ffff 12 12 1edc
cd0 cd0 c000 ffff 13ec 13ec c000 ffff 0 ffff 0 ffff 12 12 1edd
6842 6842 8000 bfff afc8 afc8 4000 7fff 0 ffff 0 ffff 12 12 1ede
6842 6842 8000 bfff 8c5b 8c5b 4000 7fff 0 ffff 0 ffff 12 12 1edf
8112 8112 8000 bfff 8c5b 8c5b 4000 7fff 0 ffff 0 ffff 12 12 1ee0
ef83 ef83 0 3fff 5718 5718 8000 bfff 0 ffff 0 ffff 12 12 1ee1
ef83 ef83 0 3fff eebb eebb 0 3fff 0 ffff 0 ffff 12 12 1ee2
cd2 cd3 0 ffff dfb0 dfbf 0 ffff 0 ffff 400 ffff f c 1ee3
8110 8111 0 ffff 20e0 20ef 0 ffff 0 ffff 400 ffff f c 1ee4
cd1 cd1 0 ffff 65f1 65f1 2000 2fff 0 ffff 0 ffff 10 14 1ee5
cd1 cd1 0 ffff afc8 afc8 0 fff 0 ffff 0 ffff 10 14 1ee6
6843 6843 0 ffff 8c5b 8c5b 0 fff 0 ffff 0 ffff 10 14 1ee7
6843 6843 0 ffff 13ec 13ec b000 bfff 0 ffff 0 ffff 10 14 1ee8
6843 6843 0 ffff 65f1 65f1 2000 2fff 0 ffff 0 ffff 10 14 1ee9
8113 8113 0 ffff 5718 5718 d000 dfff 0 ffff 0 ffff 10 14 1eea
ef82 ef82 0 ffff eebb eebb 4000 4fff 0 ffff 0 ffff 10 14 1eeb
ef82 ef82 0 ffff 65f1 65f1 2000 2fff 0 ffff 0 ffff 10 14 1eec
c00 c7f 0 ffff a000 bfff 0 ffff 1600 1600 0 ffff 9 3 1eed
cd0 cd0 9700 97ff afd0 afdf 0 ffff 0 ffff 0 ffff 18 c 1eee
6842 6842 cd00 cdff 65e0 65ef 0 ffff 0 ffff 0 ffff 18 c 1eef
8112 8112 ff00 ffff eea0 eeaf 0 ffff 0 ffff 0 ffff 18 c 1ef0
ef83 ef83 6900 69ff eea0 eeaf 0 ffff 0 ffff 0 ffff 18 c 1ef1
800 bff 0 ffff a000 a7ff 0 ffff 0 ffff a1 a1 6 5 1ef2
d00 dff 0 ffff afc8 afc8 11b0 11bf 0 ffff 0 ffff 8 1c 1ef3
cd0 cd0 c000 ffff 6500 657f 0 ffff 0 ffff 400 ffff 12 9 1ef4
cd0 cd0 0 7fff afc8 afc8 2000 3fff 0 ffff 0 ffff 11 13 1ef5
6842 6842 0 7fff 13ec 13ec 8000 9fff 0 ffff 0 ffff 11 13 1ef6
8112 8112 0 7fff 20f3 20f3 4000 5fff 0 ffff 0 ffff 11 13 1ef7
ef83 ef83 8000 ffff 65f1 65f1 0 1fff 0 ffff 0 ffff 11 13 1ef8
ef83 ef83 8000 ffff eebb eebb 6000 7fff 0 ffff 0 ffff 11 13 1ef9
cd0 cd0 9000 93ff a000 a7ff 0 ffff 0 ffff 0 ffff 16 5 1efa
1000 1fff 0 ffff 13ec 13ec a900 a9ff 0 ffff 0 ffff 4 18 1efb
cd0 cd0 9800 9fff ac00 adff 0 ffff 0 ffff 0 ffff 15 7 1efc
d00 dff 0 ffff 7000 7fff 0 ffff 0 ffff 599 599 8 4 1efd
6900 69ff 0 ffff 7000 7fff 0 ffff 0 ffff 50 50 8 4 1efe
cd0 cd0 a000 bfff afc8 afc8 8000 ffff 0 ffff 0 ffff 13 11 1eff
6842 6842 e000 ffff afc8 afc8 8000 ffff 0 ffff 0 ffff 13 11 1f00
6842 6842 e000 ffff 8c5b 8c5b 8000 ffff 0 ffff 0 ffff 13 11 1f01
6842 6842 e000 ffff 65f1 65f1 8000 ffff 0 ffff 0 ffff 13 11 1f02
8112 8112 c000 dfff afc8 afc8 8000 ffff 0 ffff 0 ffff 13 11 1f03
ef83 ef83 4000 5fff 5718 5718 0 7fff 0 ffff 0 ffff 13 11 1f04
c80 cbf 0 ffff afc8 afc8 8000 ffff 0 ffff 400 ffff a 11 1f05
cd0 cd0 9800 9fff 65f2 65f3 0 ffff 0 ffff 0 ffff 15 f 1f06
6842 6842 c000 c7ff afca afcb 0 ffff 0 ffff 0 ffff 15 f 1f07
6842 6842 c000 c7ff 13ee 13ef 0 ffff 0 ffff 0 ffff 15 f 1f08
6842 6842 c000 c7ff 8c58 8c59 0 ffff 0 ffff 0 ffff 15 f 1f09
ef83 ef83 6000 67ff 65f2 65f3 0 ffff 0 ffff 0 ffff 15 f 1f0a
cd4 cd7 0 ffff 13ec 13ec ac00 afff 0 ffff 0 ffff e 16 1f0b
6844 6847 0 ffff 20f3 20f3 6000 63ff 0 ffff 0 ffff e 16 1f0c
6844 6847 0 ffff 65f1 65f1 3c00 3fff 0 ffff 0 ffff e 16 1f0d
ef84 ef87 0 ffff 5718 5718 cc00 cfff 0 ffff 0 ffff e 16 1f0e
ef84 ef87 0 ffff eebb eebb 5000 53ff 0 ffff 0 ffff e 16 1f0f
6842 6842 ce00 cfff afc0 afc7 0 ffff 0 ffff 0 ffff 17 d 1f10
6842 6842 ce00 cfff 65f8 65ff 0 ffff 0 ffff 0 ffff 17 d 1f11
8112 8112 fc00 fdff 8c50 8c57 0 ffff 0 ffff 0 ffff 17 d 1f12
8112 8112 fc00 fdff 20f8 20ff 0 ffff 0 ffff 0 ffff 17 d 1f13
ef83 ef83 6a00 6bff eeb0 eeb7 0 ffff 0 ffff 0 ffff 17 d 1f14
4000 5fff 0 ffff afc8 afc8 1100 117f 0 ffff 0 ffff 3 19 1f15
a000 bfff 0 ffff 5718 5718 ca80 caff 0 ffff 0 ffff 3 19 1f16
6842 6842 d000 dfff 65f0 65f0 0 ffff 0 ffff 0 ffff 14 10 1f17
6842 6842 d000 dfff 8c5a 8c5a 0 ffff 0 ffff 0 ffff 14 10 1f18
8112 8112 e000 efff eeba eeba 0 ffff 0 ffff 0 ffff 14 10 1f19
8112 8112 e000 efff 5719 5719 0 ffff 0 ffff 0 ffff 14 10 1f1a
6850 685f 0 ffff 65f1 65f1 3900 39ff 0 ffff 0 ffff c 18 1f1b
ef90 ef9f 0 ffff 65f1 65f1 3900 39ff 0 ffff 0 ffff c 18 1f1c
6a00 6bff 0 ffff 8000 87ff 0 ffff 0 ffff 35 35 7 5 1f1d
8200 83ff 0 ffff 2800 2fff 0 ffff 0 ffff 45 45 7 5 1f1e
ec00 edff 0 ffff 8000 87ff 0 ffff 0 ffff 71 71 7 5 1f1f
0 7fff 0 ffff 8c5b 8c5b 1c60 1c7f 0 ffff 0 ffff 1 1b 1f20
0 7fff 0 ffff 8c5b 8c5b 1c60 1c7f 0 ffff 0 ffff 1 1b 1f21
8000 ffff 0 ffff 5718 5718 ca60 ca7f 0 ffff 0 ffff 1 1b 1f22
6842 6842 e000 ffff 8d00 8dff 0 ffff 400 ffff 0 ffff 13 8 1f23
6c00 6fff 0 ffff 1400 17ff 0 ffff a1 a1 0 ffff 6 6 1f24
6850 685f 0 ffff 8c58 8c59 0 ffff 0 ffff 400 ffff c f 1f25
6842 6842 cc00 cc1f 8c80 8cff 0 ffff 0 ffff 0 ffff 1b 9 1f26
0 ffff 0 ffff dfb0 dfbf 0 ffff 0 ffff 77 77 0 c 1f27
6850 685f 0 ffff 8c5a 8c5a 0 ffff 0 ffff 0 ffff c 10 1f28
6850 685f 0 ffff 8c5a 8c5a 0 ffff 0 ffff 0 ffff c 10 1f29
6842 6842 ce00 cfff 9000 9fff 0 ffff 400 ffff 0 ffff 17 4 1f2a
6860 687f 0 ffff 65f0 65f0 0 ffff 0 ffff 400 ffff b 10 1f2b
0 7fff 0 ffff 8c00 8c3f 0 ffff 0 ffff 202 202 1 a 1f2c
6860 687f 0 ffff 8c5b 8c5b 1c80 1cff 0 ffff 0 ffff b 19 1f2d
4000 7fff 0 ffff 8c80 8cff 0 ffff 0 ffff a1 a1 2 9 1f2e
6a00 6bff 0 ffff 1800 1fff 0 ffff 599 599 0 ffff 7 5 1f2f
a000 bfff 0 ffff ee00 ee7f 0 ffff 0 ffff 202 202 3 9 1f30
8000 bfff 0 ffff 2080 20bf 0 ffff 0 ffff 15a4 15a4 2 a 1f31
c000 ffff 0 ffff 8c00 8c3f 0 ffff 0 ffff 45 45 2 a 1f32
8112 8112 fe80 feff 5720 573f 0 ffff 0 ffff 0 ffff 19 b 1f33
ef83 ef83 6800 687f 8c60 8c7f 0 ffff 0 ffff 0 ffff 19 b 1f34
ef83 ef83 6800 687f ee80 ee9f 0 ffff 0 ffff 0 ffff 19 b 1f35
8000 80ff 0 ffff 5718 5718 e000 ffff 0 ffff 0 ffff 8 13 1f36
8112 8112 fe62 fe63 e000 e7ff 0 ffff 0 ffff 0 ffff 1f 5 1f37
8400 87ff 0 ffff 5000 53ff 0 ffff 0 ffff 45 45 6 6 1f38
e800 ebff 0 ffff 6000 63ff 0 ffff 0 ffff 19 19 6 6 1f39
ef83 ef83 68f0 68f7 5400 55ff 0 ffff 0 ffff 0 ffff 1d 7 1f3a
ec00 edff 0 ffff 5718 5718 c000 c7ff 0 ffff 0 ffff 7 15 1f3b
e000 e7ff 0 ffff 8e00 8fff 0 ffff 0 ffff 45 45 5 7 1f3c
ec00 edff 0 ffff 65f1 65f1 2000 2fff 0 ffff 400 ffff 7 14 1f3d
efc0 efff 0 ffff eebb eebb 0 3fff 0 ffff 0 ffff a 12 1f3e
efa0 efbf 0 ffff 8c5a 8c5a 0 ffff 0 ffff 0 ffff b 10 1f3f
c000 ffff 0 ffff 65f1 65f1 3840 387f 0 ffff 0 ffff 2 1a 1f40
ec00 edff 0 ffff 65f1 65f1 3810 3817 0 ffff 0 ffff 7 1d 1f41
ef00 ef7f 0 ffff e000 ffff 0 ffff 0 ffff 89 89 9 3 1f42
ef90 ef9f 0 ffff 8c58 8c59 0 ffff 0 ffff 0 ffff c f 1f43
cd8 cdf 0 ffff dfa8 dfab 0 ffff 0 ffff 0 ffff d e 1f44
6848 684f 0 ffff 8c5c 8c5f 0 ffff 0 ffff 0 ffff d e 1f45
cd0 cd0 0 7fff 13ec 13ec c000 ffff 0 ffff 0 ffff 11 12 1f46
cd0 cd0 0 7fff dfac dfac 0 3fff 0 ffff 0 ffff 11 12 1f47
cd0 cd0 0 7fff afc8 afc8 4000 7fff 0 ffff 0 ffff 11 12 1f48
6842 6842 0 7fff 8c5b 8c5b 4000 7fff 0 ffff 0 ffff 11 12 1f49
8112 8112 0 7fff 8c5b 8c5b 4000 7fff 0 ffff 0 ffff 11 12 1f4a
ef83 ef83 8000 ffff 5718 5718 8000 bfff 0 ffff 0 ffff 11 12 1f4b
ef83 ef83 8000 ffff 8c5b 8c5b 4000 7fff 0 ffff 0 ffff 11 12 1f4c
ef83 ef83 8000 ffff eebb eebb 0 3fff 0 ffff 0 ffff 11 12 1f4d
0 7ff 0 ffff 1800 1fff 0 ffff 0 ffff 232b 232b 5 5 1f4e
cd0 cd0 a000 bfff 65f0 65f0 0 ffff 0 ffff 0 ffff 13 10 1f4f
cd0 cd0 a000 bfff 13ed 13ed 0 ffff 0 ffff 0 ffff 13 10 1f50
6842 6842 e000 ffff 65f0 65f0 0 ffff 0 ffff 0 ffff 13 10 1f51
8112 8112 c000 dfff eeba eeba 0 ffff 0 ffff 0 ffff 13 10 1f52
ef83 ef83 4000 5fff 8c5a 8c5a 0 ffff 0 ffff 0 ffff 13 10 1f53
ef83 ef83 4000 5fff eeba eeba 0 ffff 0 ffff 0 ffff 13 10 1f54
cd0 cd0 9700 97ff df80 df9f 0 ffff 0 ffff 0 ffff 18 b 1f55
6842 6842 cd00 cdff 13c0 13df 0 ffff 0 ffff 0 ffff 18 b 1f56
8112 8112 ff00 ffff 5720 573f 0 ffff 0 ffff 0 ffff 18 b 1f57
ef83 ef83 6900 69ff 8c60 8c7f 0 ffff 0 ffff 0 ffff 18 b 1f58
1000 1fff 0 ffff dc00 ddff 0 ffff 0 ffff 8f 8f 4 7 1f59
7000 7fff 0 ffff 8e00 8fff 0 ffff 0 ffff 202 202 4 7 1f5a
9000 9fff 0 ffff 8e00 8fff 0 ffff 0 ffff 202 202 4 7 1f5b
f000 ffff 0 ffff 8e00 8fff 0 ffff 0 ffff 18ca 18ca 4 7 1f5c
cd4 cd7 0 ffff afd0 afdf 0 ffff 0 ffff 400 ffff e c 1f5d
cd4 cd7 0 ffff 13f0 13ff 0 ffff 0 ffff 400 ffff e c 1f5e
6844 6847 0 ffff 8c40 8c4f 0 ffff 0 ffff 400 ffff e c 1f5f
6844 6847 0 ffff 13f0 13ff 0 ffff 0 ffff 400 ffff e c 1f60
8114 8117 0 ffff 8c40 8c4f 0 ffff 0 ffff 400 ffff e c 1f61
cd0 cd0 9800 9fff 13e8 13eb 0 ffff 0 ffff 0 ffff 15 e 1f62
cd0 cd0 9800 9fff 65f4 65f7 0 ffff 0 ffff 0 ffff 15 e 1f63
8112 8112 f000 f7ff 8c5c 8c5f 0 ffff 0 ffff 0 ffff 15 e 1f64
8112 8112 f000 f7ff 571c 571f 0 ffff 0 ffff 0 ffff 15 e 1f65
cd0 cd0 8000 8fff afca afcb 0 ffff 0 ffff 0 ffff 14 f 1f66
6842 6842 d000 dfff afca afcb 0 ffff 0 ffff 0 ffff 14 f 1f67
6842 6842 d000 dfff 8c58 8c59 0 ffff 0 ffff 0 ffff 14 f 1f68
ef83 ef83 7000 7fff eeb8 eeb9 0 ffff 0 ffff 0 ffff 14 f 1f69
2000 3fff 0 ffff 6600 67ff 0 ffff 0 ffff 16 16 3 7 1f6a
800 bff 0 ffff afc8 afc8 1800 1fff 0 ffff 0 ffff 6 15 1f6b
d00 dff 0 ffff 13ec 13ec a880 a89f 0 ffff 0 ffff 8 1b 1f6c
cd0 cd0 c000 ffff 1200 12ff 0 ffff 0 ffff 400 ffff 12 8 1f6d
cd0 cd0 c000 ffff ae00 aeff 0 ffff 0 ffff 400 ffff 12 8 1f6e
cd2 cd3 0 ffff 13ec 13ec b000 bfff 0 ffff 0 ffff f 14 1f6f
6840 6841 0 ffff afc8 afc8 0 fff 0 ffff 0 ffff f 14 1f70
ef80 ef81 0 ffff 65f1 65f1 2000 2fff 0 ffff 0 ffff f 14 1f71
cd4 cd7 0 ffff afc8 afc8 1800 1fff 0 ffff 0 ffff e 15 1f72
6844 6847 0 ffff 65f1 65f1 3000 37ff 0 ffff 0 ffff e 15 1f73
6844 6847 0 ffff 13ec 13ec a000 a7ff 0 ffff 0 ffff e 15 1f74
8114 8117 0 ffff 20f3 20f3 6800 6fff 0 ffff 0 ffff e 15 1f75
8114 8117 0 ffff 5718 5718 c000 c7ff 0 ffff 0 ffff e 15 1f76
ce0 cff 0 ffff afc8 afc8 1000 10ff 0 ffff 0 ffff b 18 1f77
6860 687f 0 ffff 8c5b 8c5b 1d00 1dff 0 ffff 0 ffff b 18 1f78
efa0 efbf 0 ffff 65f1 65f1 3900 39ff 0 ffff 0 ffff b 18 1f79
efa0 efbf 0 ffff 8c5b 8c5b 1d00 1dff 0 ffff 0 ffff b 18 1f7a
cd0 cd0 9800 9fff a800 abff 0 ffff 0 ffff 0 ffff 15 6 1f7b
c80 cbf 0 ffff 65f1 65f1 8000 ffff 0 ffff 0 ffff a 11 1f7c
efc0 efff 0 ffff 8c5b 8c5b 8000 ffff 0 ffff 0 ffff a 11 1f7d
6843 6843 0 ffff afc8 afc8 2000 3fff 0 ffff 0 ffff 10 13 1f7e
8113 8113 0 ffff 5718 5718 e000 ffff 0 ffff 0 ffff 10 13 1f7f
ef82 ef82 0 ffff 8c5b 8c5b 2000 3fff 0 ffff 0 ffff 10 13 1f80
6c00 6fff 0 ffff afc8 afc8 0 fff 0 ffff 400 ffff 6 14 1f81
6850 685f 0 ffff afcc afcf 0 ffff 0 ffff 0 ffff c e 1f82
6900 69ff 0 ffff 65f1 65f1 4000 7fff 0 ffff 400 ffff 8 12 1f83
6850 685f 0 ffff 13ec 13ec aa00 abff 0 ffff 0 ffff c 17 1f84
8100 810f 0 ffff 20f3 20f3 6600 67ff 0 ffff 0 ffff c 17 1f85
6880 68ff 0 ffff 8c5b 8c5b 1c00 1c3f 0 ffff 0 ffff 9 1a 1f86
6880 68ff 0 ffff 13ec 13ec a8c0 a8ff 0 ffff 0 ffff 9 1a 1f87
6842 6842 8000 bfff 8c5b 8c5b 8000 ffff 0 ffff 0 ffff 12 11 1f88
6842 6842 8000 bfff 65f1 65f1 8000 ffff 0 ffff 0 ffff 12 11 1f89
8112 8112 8000 bfff 20f3 20f3 8000 ffff 0 ffff 0 ffff 12 11 1f8a
ef83 ef83 0 3fff 65f1 65f1 8000 ffff 0 ffff 0 ffff 12 11 1f8b
ef83 ef83 0 3fff 8c5b 8c5b 8000 ffff 0 ffff 0 ffff 12 11 1f8c
6840 6841 0 ffff 65c0 65df 0 ffff 0 ffff 0 ffff f b 1f8d
8110 8111 0 ffff 20c0 20df 0 ffff 0 ffff 0 ffff f b 1f8e
6842 6842 0 7fff 8c80 8cff 0 ffff 0 ffff 400 ffff 11 9 1f8f
6850 685f 0 ffff 8c5c 8c5f 0 ffff 0 ffff 400 ffff c e 1f90
4000 5fff 0 ffff 8d00 8dff 0 ffff 0 ffff 45 45 3 8 1f91
6842 6842 d000 dfff 1400 17ff 0 ffff 0 ffff 0 ffff 14 6 1f92
6842 6842 8000 bfff 8d00 8dff 0 ffff 0 ffff 0 ffff 12 8 1f93
6c00 6fff 0 ffff 1800 1fff 0 ffff 0 ffff 50 50 6 5 1f94
6c00 6fff 0 ffff 8000 87ff 0 ffff 0 ffff 19 19 6 5 1f95
6860 687f 0 ffff 8c5a 8c5a 0 ffff 0 ffff 0 ffff b 10 1f96
efa0 efbf 0 ffff eeba eeba 0 ffff 0 ffff 0 ffff b 10 1f97
6842 6842 c800 cbff 8c50 8c57 0 ffff 0 ffff 0 ffff 16 d 1f98
8112 8112 f800 fbff 20f8 20ff 0 ffff 0 ffff 0 ffff 16 d 1f99
8112 8112 f800 fbff eeb0 eeb7 0 ffff 0 ffff 0 ffff 16 d 1f9a
ef83 ef83 6c00 6fff eeb0 eeb7 0 ffff 0 ffff 0 ffff 16 d 1f9b
ef83 ef83 6c00 6fff 8c50 8c57 0 ffff 0 ffff 0 ffff 16 d 1f9c
ef83 ef83 6c00 6fff 65f8 65ff 0 ffff 0 ffff 0 ffff 16 d 1f9d
6850 685f 0 ffff 65f2 65f3 0 ffff 0 ffff 0 ffff c f 1f9e
6842 6842 cc80 ccff 6580 65bf 0 ffff 0 ffff 0 ffff 19 a 1f9f
0 ffff 0 ffff df80 df9f 0 ffff 0 ffff 45 45 0 b 1fa0
0 ffff 0 ffff df80 df9f 0 ffff 0 ffff 232b 232b 0 b 1fa1
6880 68ff 0 ffff 0 3fff 0 ffff 0 ffff 45 45 9 2 1fa2
6a00 6bff 0 ffff 9000 9fff 0 ffff 0 ffff 202 202 7 4 1fa3
6a00 6bff 0 ffff 0 fff 0 ffff 0 ffff 4be 4be 7 4 1fa4
8200 83ff 0 ffff 3000 3fff 0 ffff 0 ffff 19 19 7 4 1fa5
ec00 edff 0 ffff 7000 7fff 0 ffff 0 ffff 45 45 7 4 1fa6
6848 684f 0 ffff 8c50 8c57 0 ffff 0 ffff 400 ffff d d 1fa7
6844 6847 0 ffff 8c40 8c4f 0 ffff 0 ffff 0 ffff e c 1fa8
0 7fff 0 ffff 8c00 8c3f 0 ffff 1586 1586 0 ffff 1 a 1fa9
6800 683f 0 ffff 8c5b 8c5b 1c80 1cff 0 ffff 0 ffff a 19 1faa
6800 683f 0 ffff 13ec 13ec a800 a87f 0 ffff 0 ffff a 19 1fab
8140 817f 0 ffff eebb eebb 5700 577f 0 ffff 0 ffff a 19 1fac
8000 bfff 0 ffff 2000 207f 0 ffff 0 ffff 66e 66e 2 9 1fad
8112 8112 8000 bfff 2000 207f 0 ffff 0 ffff 0 ffff 12 9 1fae
9000 9fff 0 ffff 8800 8bff 0 ffff 0 ffff 45 45 4 6 1faf
8800 8fff 0 ffff 5000 53ff 0 ffff 0 ffff 35 35 5 6 1fb0
8118 811f 0 ffff 5718 5718 cc00 cfff 0 ffff 0 ffff d 16 1fb1
8118 811f 0 ffff eebb eebb 5000 53ff 0 ffff 0 ffff d 16 1fb2
8118 811f 0 ffff 8c5b 8c5b 1800 1bff 0 ffff 0 ffff d 16 1fb3
ef88 ef8f 0 ffff eebb eebb 5000 53ff 0 ffff 0 ffff d 16 1fb4
ef88 ef8f 0 ffff 8c5b 8c5b 1800 1bff 0 ffff 0 ffff d 16 1fb5
a000 bfff 0 ffff 5718 5718 cb00 cbff 0 ffff 0 ffff 3 18 1fb6
8180 81ff 0 ffff 5718 5718 0 7fff 0 ffff 400 ffff 9 11 1fb7
8114 8117 0 ffff eeb0 eeb7 0 ffff 0 ffff 0 ffff e d 1fb8
ef83 ef83 68f0 68f7 5000 53ff 0 ffff 0 ffff 0 ffff 1d 6 1fb9
ec00 edff 0 ffff e000 ffff 0 ffff 0 ffff 232b 232b 7 3 1fba
ef88 ef8f 0 ffff 65f8 65ff 0 ffff 0 ffff 0 ffff d d 1fbb
ef00 ef7f 0 ffff eebb eebb 0 3fff 0 ffff 0 ffff 9 12 1fbc
efa0 efbf 0 ffff 0 ffff 0 ffff 0 ffff 50 50 b 0 1fbd
ef83 ef83 7000 7fff ec00 edff 0 ffff 0 ffff 0 ffff 14 7 1fbe
8000 ffff 0 ffff 6580 65bf 0 ffff 0 ffff 232b 232b 1 a 1fbf
ef83 ef83 6a00 6bff 6000 7fff 0 ffff 0 ffff 0 ffff 17 3 1fc0
ec00 edff 0 ffff 8c5b 8c5b 0 fff 0 ffff 0 ffff 7 14 1fc1
ec00 edff 0 ffff 65f1 65f1 2000 2fff 0 ffff 0 ffff 7 14 1fc2
cd8 cdf 0 ffff 65f1 65f1 3000 37ff 0 ffff 0 ffff d 15 1fc3
6848 684f 0 ffff 13ec 13ec a000 a7ff 0 ffff 0 ffff d 15 1fc4
6848 684f 0 ffff 8c5b 8c5b 1000 17ff 0 ffff 0 ffff d 15 1fc5
8118 811f 0 ffff eebb eebb 5800 5fff 0 ffff 0 ffff d 15 1fc6
8118 811f 0 ffff 5718 5718 c000 c7ff 0 ffff 0 ffff d 15 1fc7
ef88 ef8f 0 ffff 8c5b 8c5b 1000 17ff 0 ffff 0 ffff d 15 1fc8
e00 fff 0 ffff dfac dfac 4000 5fff 0 ffff 0 ffff 7 13 1fc9
0 7ff 0 ffff a000 a7ff 0 ffff 0 ffff 50 50 5 5 1fca
6000 67ff 0 ffff 6800 6fff 0 ffff 0 ffff 15ae 15ae 5 5 1fcb
e000 e7ff 0 ffff 5800 5fff 0 ffff 0 ffff 202 202 5 5 1fcc
cd0 cd0 8000 8fff afcc afcf 0 ffff 0 ffff 0 ffff 14 e 1fcd
6842 6842 d000 dfff afcc afcf 0 ffff 0 ffff 0 ffff 14 e 1fce
ef83 ef83 7000 7fff 65f4 65f7 0 ffff 0 ffff 0 ffff 14 e 1fcf
cd4 cd7 0 ffff 65f1 65f1 2000 2fff 0 ffff 0 ffff e 14 1fd0
6844 6847 0 ffff afc8 afc8 0 fff 0 ffff 0 ffff e 14 1fd1
6844 6847 0 ffff 65f1 65f1 2000 2fff 0 ffff 0 ffff e 14 1fd2
6844 6847 0 ffff 8c5b 8c5b 0 fff 0 ffff 0 ffff e 14 1fd3
ef84 ef87 0 ffff eebb eebb 4000 4fff 0 ffff 0 ffff e 14 1fd4
ef84 ef87 0 ffff 65f1 65f1 2000 2fff 0 ffff 0 ffff e 14 1fd5
cd0 cd0 9400 95ff 0 1fff 0 ffff 0 ffff 0 ffff 17 3 1fd6
cd0 cd0 c000 ffff afc9 afc9 0 ffff 0 ffff 0 ffff 12 10 1fd7
6842 6842 8000 bfff 65f0 65f0 0 ffff 0 ffff 0 ffff 12 10 1fd8
8112 8112 8000 bfff 8c5a 8c5a 0 ffff 0 ffff 0 ffff 12 10 1fd9
ef83 ef83 0 3fff 65f0 65f0 0 ffff 0 ffff 0 ffff 12 10 1fda
ef83 ef83 0 3fff eeba eeba 0 ffff 0 ffff 0 ffff 12 10 1fdb
cd1 cd1 0 ffff afc8 afc8 4000 7fff 0 ffff 0 ffff 10 12 1fdc
cd1 cd1 0 ffff 13ec 13ec c000 ffff 0 ffff 0 ffff 10 12 1fdd
6843 6843 0 ffff afc8 afc8 4000 7fff 0 ffff 0 ffff 10 12 1fde
6843 6843 0 ffff 13ec 13ec c000 ffff 0 ffff 0 ffff 10 12 1fdf
6843 6843 0 ffff 8c5b 8c5b 4000 7fff 0 ffff 0 ffff 10 12 1fe0
8113 8113 0 ffff 20f3 20f3 0 3fff 0 ffff 0 ffff 10 12 1fe1
cd0 cd0 96e0 96e7 a000 a7ff 0 ffff 0 ffff 0 ffff 1d 5 1fe2
cd0 cd0 a000 bfff 6600 67ff 0 ffff 0 ffff 0 ffff 13 7 1fe3
8112 8112 c000 dfff 8e00 8fff 0 ffff 0 ffff 0 ffff 13 7 1fe4
ef83 ef83 4000 5fff 6600 67ff 0 ffff 0 ffff 0 ffff 13 7 1fe5
cd0 cd0 9800 9fff afc0 afc7 0 ffff 0 ffff 0 ffff 15 d 1fe6
6842 6842 c000 c7ff 65f8 65ff 0 ffff 0 ffff 0 ffff 15 d 1fe7
8112 8112 f000 f7ff 8c50 8c57 0 ffff 0 ffff 0 ffff 15 d 1fe8
8112 8112 f000 f7ff eeb0 eeb7 0 ffff 0 ffff 0 ffff 15 d 1fe9
cd0 cd0 8000 8fff a000 a7ff 0 ffff 0 ffff 0 ffff 14 5 1fea
cd0 cd0 9400 95ff 8000 bfff 0 ffff 0 ffff 0 ffff 17 2 1feb
cd2 cd3 0 ffff 65c0 65df 0 ffff 0 ffff 0 ffff f b 1fec
cc0 ccf 0 ffff afc0 afc7 0 ffff 0 ffff 0 ffff c d 1fed
ef90 ef9f 0 ffff 65f8 65ff 0 ffff 0 ffff 0 ffff c d 1fee
c80 cbf 0 ffff afc8 afc8 1000 10ff 0 ffff 0 ffff a 18 1fef
c80 cbf 0 ffff 0 ffff 0 ffff 0 ffff 19 19 a 0 1ff0
cd0 cd0 a000 bfff afca afcb 0 ffff 0 ffff 0 ffff 13 f 1ff1
6842 6842 e000 ffff 8c58 8c59 0 ffff 0 ffff 0 ffff 13 f 1ff2
8112 8112 c000 dfff 8c58 8c59 0 ffff 0 ffff 0 ffff 13 f 1ff3
8112 8112 c000 dfff 571a 571b 0 ffff 0 ffff 0 ffff 13 f 1ff4
ef83 ef83 4000 5fff 65f2 65f3 0 ffff 0 ffff 0 ffff 13 f 1ff5
ef83 ef83 4000 5fff 8c58 8c59 0 ffff 0 ffff 0 ffff 13 f 1ff6
0 3fff 0 ffff 6400 64ff 0 ffff 0 ffff 159a 159a 2 8 1ff7
4000 7fff 0 ffff 8d00 8dff 0 ffff 0 ffff 1e61 1e61 2 8 1ff8
4000 7fff 0 ffff 8d00 8dff 0 ffff 0 ffff 50 50 2 8 1ff9
4000 7fff 0 ffff 1200 12ff 0 ffff 0 ffff 45 45 2 8 1ffa
8000 bfff 0 ffff ef00 efff 0 ffff 0 ffff 45 45 2 8 1ffb
c000 ffff 0 ffff 6400 64ff 0 ffff 0 ffff 599 599 2 8 1ffc
c000 ffff 0 ffff 8d00 8dff 0 ffff 0 ffff 45 45 2 8 1ffd
d00 dff 0 ffff 65f1 65f1 4000 7fff 0 ffff 0 ffff 8 12 1ffe
6850 685f 0 ffff 20f3 20f3 6000 63ff 0 ffff 0 ffff c 16 1fff
8100 810f 0 ffff 5718 5718 cc00 cfff 0 ffff 0 ffff c 16 2000
8100 810f 0 ffff 8c5b 8c5b 1800 1bff 0 ffff 0 ffff c 16 2001
ef90 ef9f 0 ffff 5718 5718 cc00 cfff 0 ffff 0 ffff c 16 2002
0 7fff 0 ffff af00 af7f 0 ffff 0 ffff 202 202 1 9 2003
0 7fff 0 ffff 8c80 8cff 0 ffff 0 ffff 8b 8b 1 9 2004
0 7fff 0 ffff 8c80 8cff 0 ffff 0 ffff 19 19 1 9 2005
6844 6847 0 ffff 20c0 20df 0 ffff 0 ffff 400 ffff e b 2006
6840 6841 0 ffff 65f1 65f1 0 1fff 0 ffff 0 ffff f 13 2007
6840 6841 0 ffff 13ec 13ec 8000 9fff 0 ffff 0 ffff f 13 2008
6840 6841 0 ffff 8c5b 8c5b 2000 3fff 0 ffff 0 ffff f 13 2009
ef80 ef81 0 ffff 8c5b 8c5b 2000 3fff 0 ffff 0 ffff f 13 200a
6000 67ff 0 ffff 65f1 65f1 2000 2fff 0 ffff 400 ffff 5 14 200b
6842 6842 ce00 cfff afe0 afff 0 ffff 0 ffff 0 ffff 17 b 200c
6842 6842 0 7fff 8c5b 8c5b 8000 ffff 0 ffff 0 ffff 11 11 200d
6842 6842 0 7fff 13ec 13ec 0 7fff 0 ffff 0 ffff 11 11 200e
ef83 ef83 8000 ffff eebb eebb 8000 ffff 0 ffff 0 ffff 11 11 200f
ef83 ef83 8000 ffff 8c5b 8c5b 8000 ffff 0 ffff 0 ffff 11 11 2010
0 ffff 0 ffff dfac dfac 7700 773f 0 ffff 0 ffff 0 1a 2011
6860 687f 0 ffff 13ec 13ec aa00 abff 0 ffff 0 ffff b 17 2012
6860 687f 0 ffff 8c5b 8c5b 1e00 1fff 0 ffff 0 ffff b 17 2013
6860 687f 0 ffff 65f1 65f1 3a00 3bff 0 ffff 0 ffff b 17 2014
efa0 efbf 0 ffff 8c5b 8c5b 1e00 1fff 0 ffff 0 ffff b 17 2015
efa0 efbf 0 ffff eebb eebb 5400 55ff 0 ffff 0 ffff b 17 2016
6842 6842 cd00 cdff 8c00 8c3f 0 ffff 0 ffff 0 ffff 18 a 2017
ef83 ef83 6900 69ff eec0 eeff 0 ffff 0 ffff 0 ffff 18 a 2018
6842 6842 c800 cbff 8c40 8c4f 0 ffff 0 ffff 0 ffff 16 c 2019
ef83 ef83 6c00 6fff 8c40 8c4f 0 ffff 0 ffff 0 ffff 16 c 201a
ef83 ef83 6c00 6fff 65e0 65ef 0 ffff 0 ffff 0 ffff 16 c 201b
7000 7fff 0 ffff 8800 8bff 0 ffff 0 ffff 45 45 4 6 201c
6860 687f 0 ffff 13ee 13ef 0 ffff 0 ffff 0 ffff b f 201d
6880 68ff 0 ffff 13ed 13ed 0 ffff 0 ffff 400 ffff 9 10 201e
6842 6842 d000 dfff 8000 87ff 0 ffff 0 ffff 400 ffff 14 5 201f
8180 81ff 0 ffff 8000 ffff 0 ffff 0 ffff 50 50 9 1 2020
8100 810f 0 ffff 20f8 20ff 0 ffff 0 ffff 400 ffff c d 2021
ef90 ef9f 0 ffff 65f8 65ff 0 ffff 0 ffff 400 ffff c d 2022
ef90 ef9f 0 ffff eeb0 eeb7 0 ffff 0 ffff 400 ffff c d 2023
8200 83ff 0 ffff eebb eebb 57e0 57ff 0 ffff 0 ffff 7 1b 2024
8200 83ff 0 ffff 5718 5718 ca60 ca7f 0 ffff 0 ffff 7 1b 2025
8140 817f 0 ffff 571a 571b 0 ffff 0 ffff 0 ffff a f 2026
efc0 efff 0 ffff eeb8 eeb9 0 ffff 0 ffff 0 ffff a f 2027
8118 811f 0 ffff eeb0 eeb7 0 ffff 0 ffff 0 ffff d d 2028
8000 80ff 0 ffff c000 ffff 0 ffff 599 599 0 ffff 8 2 2029
c000 dfff 0 ffff 8e00 8fff 0 ffff 0 ffff 7b 7b 3 7 202a
efc0 efff 0 ffff eeb8 eeb9 0 ffff 0 ffff 400 ffff a f 202b
efc0 efff 0 ffff 571a 571b 0 ffff 0 ffff 400 ffff a f 202c
ec00 edff 0 ffff 4000 5fff 0 ffff 0 ffff 45 45 7 3 202d
ec00 edff 0 ffff 8000 9fff 0 ffff 0 ffff 1b58 1b58 7 3 202e
ec00 edff 0 ffff 6000 7fff 0 ffff 0 ffff 232b 232b 7 3 202f
ef83 ef83 6880 68bf 8d00 8dff 0 ffff 0 ffff 0 ffff 1a 8 2030
ef83 ef83 6900 69ff 0 7fff 0 ffff 0 ffff 400 ffff 18 1 2031
ef83 ef83 0 3fff ec00 edff 0 ffff 400 ffff 0 ffff 12 7 2032
ee00 eeff 0 ffff eebb eebb 8000 ffff 0 ffff 0 ffff 8 11 2033
c000 dfff 0 ffff 6500 657f 0 ffff 14 17 0 ffff 3 9 2034
ee00 eeff 0 ffff 65f1 65f1 3840 387f 0 ffff 0 ffff 8 1a 2035
ec00 edff 0 ffff eebb eebb 0 3fff 0 ffff 400 ffff 7 12 2036
ef83 ef83 68e0 68ef 6000 63ff 0 ffff 0 ffff 0 ffff 1c 6 2037
0 ffff 0 ffff dfc0 dfff 0 ffff 0 ffff 45 45 0 a 2038
ef00 ef7f 0 ffff 65f1 65f1 3880 38ff 0 ffff 0 ffff 9 19 2039
ef80 ef81 0 ffff 8c00 8c3f 0 ffff 0 ffff 400 ffff f a 203a
c000 dfff 0 ffff 65f1 65f1 381c 381d 0 ffff 0 ffff 3 1f 203b
c80 cbf 0 ffff dfac dfac 7400 75ff 0 ffff 0 ffff a 17 203c
efc0 efff 0 ffff 65f1 65f1 3a00 3bff 0 ffff 0 ffff a 17 203d
0 3fff 0 ffff 6600 67ff 0 ffff 0 ffff 1b58 1b58 2 7 203e
4000 7fff 0 ffff 2200 23ff 0 ffff 0 ffff 15a4 15a4 2 7 203f
8000 bfff 0 ffff 2200 23ff 0 ffff 0 ffff 202 202 2 7 2040
c000 ffff 0 ffff 8e00 8fff 0 ffff 0 ffff 45 45 2 7 2041
cd0 cd0 a000 bfff 13e8 13eb 0 ffff 0 ffff 0 ffff 13 e 2042
cd0 cd0 a000 bfff dfa8 dfab 0 ffff 0 ffff 0 ffff 13 e 2043
6842 6842 e000 ffff 13e8 13eb 0 ffff 0 ffff 0 ffff 13 e 2044
8112 8112 c000 dfff eebc eebf 0 ffff 0 ffff 0 ffff 13 e 2045
ef83 ef83 4000 5fff eebc eebf 0 ffff 0 ffff 0 ffff 13 e 2046
ef83 ef83 4000 5fff 8c5c 8c5f 0 ffff 0 ffff 0 ffff 13 e 2047
ef83 ef83 4000 5fff 65f4 65f7 0 ffff 0 ffff 0 ffff 13 e 2048
cd0 cd0 8000 8fff dfa0 dfa7 0 ffff 0 ffff 0 ffff 14 d 2049
6842 6842 d000 dfff 65f8 65ff 0 ffff 0 ffff 0 ffff 14 d 204a
8112 8112 e000 efff 8c50 8c57 0 ffff 0 ffff 0 ffff 14 d 204b
ef83 ef83 7000 7fff 8c50 8c57 0 ffff 0 ffff 0 ffff 14 d 204c
ef83 ef83 7000 7fff eeb0 eeb7 0 ffff 0 ffff 0 ffff 14 d 204d
ef83 ef83 7000 7fff 65f8 65ff 0 ffff 0 ffff 0 ffff 14 d 204e
cd1 cd1 0 ffff df00 df7f 0 ffff 0 ffff 0 ffff 10 9 204f
6843 6843 0 ffff 6500 657f 0 ffff 0 ffff 0 ffff 10 9 2050
cd0 cd0 0 7fff 65f0 65f0 0 ffff 0 ffff 0 ffff 11 10 2051
6842 6842 0 7fff 8c5a 8c5a 0 ffff 0 ffff 0 ffff 11 10 2052
6842 6842 0 7fff 65f0 65f0 0 ffff 0 ffff 0 ffff 11 10 2053
8112 8112 0 7fff 20f2 20f2 0 ffff 0 ffff 0 ffff 11 10 2054
8112 8112 0 7fff eeba eeba 0 ffff 0 ffff 0 ffff 11 10 2055
ef83 ef83 8000 ffff 8c5a 8c5a 0 ffff 0 ffff 0 ffff 11 10 2056
ef83 ef83 8000 ffff 65f0 65f0 0 ffff 0 ffff 0 ffff 11 10 2057
cd0 cd0 96c0 96df d800 dbff 0 ffff 0 ffff 0 ffff 1b 6 2058
cd0 cd0 9700 97ff 1300 137f 0 ffff 0 ffff 0 ffff 18 9 2059
6842 6842 cd00 cdff 6500 657f 0 ffff 0 ffff 0 ffff 18 9 205a
2000 3fff 0 ffff a800 abff 0 ffff 0 ffff 45 45 3 6 205b
cc0 ccf 0 ffff 65f8 65ff 0 ffff 0 ffff 0 ffff c d 205c
6850 685f 0 ffff 8c50 8c57 0 ffff 0 ffff 0 ffff c d 205d
800 bff 0 ffff afc8 afc8 1180 119f 0 ffff 0 ffff 6 1b 205e
e00 fff 0 ffff 8000 bfff 0 ffff 0 ffff 35 35 7 2 205f
cd0 cd0 9400 95ff 1380 13bf 0 ffff 0 ffff 0 ffff 17 a 2060
6842 6842 ce00 cfff 8c00 8c3f 0 ffff 0 ffff 0 ffff 17 a 2061
8112 8112 fc00 fdff 5740 577f 0 ffff 0 ffff 0 ffff 17 a 2062
ef83 ef83 6a00 6bff 6580 65bf 0 ffff 0 ffff 0 ffff 17 a 2063
6900 69ff 0 ffff 65f1 65f1 8000 ffff 0 ffff 0 ffff 8 11 2064
8000 80ff 0 ffff 5718 5718 0 7fff 0 ffff 0 ffff 8 11 2065
6843 6843 0 ffff 65f1 65f1 8000 ffff 0 ffff 0 ffff 10 11 2066
6843 6843 0 ffff 8c5b 8c5b 8000 ffff 0 ffff 0 ffff 10 11 2067
ef82 ef82 0 ffff 8c5b 8c5b 8000 ffff 0 ffff 0 ffff 10 11 2068
ef82 ef82 0 ffff eebb eebb 8000 ffff 0 ffff 0 ffff 10 11 2069
6840 6841 0 ffff af00 af7f 0 ffff 0 ffff 400 ffff f 9 206a
6840 6841 0 ffff 8c80 8cff 0 ffff 0 ffff 400 ffff f 9 206b
6880 68ff 0 ffff 0 ffff 0 ffff 0 ffff 202 202 9 0 206c
ef00 ef7f 0 ffff 0 ffff 0 ffff 0 ffff 232b 232b 9 0 206d
6842 6842 d000 dfff 7000 7fff 0 ffff 0 ffff 400 ffff 14 4 206e
6860 687f 0 ffff 13e0 13e7 0 ffff 0 ffff 400 ffff b d 206f
8120 813f 0 ffff 20f8 20ff 0 ffff 0 ffff 400 ffff b d 2070
6842 6842 c000 c7ff afd0 afdf 0 ffff 0 ffff 0 ffff 15 c 2071
6842 6842 c000 c7ff 8c40 8c4f 0 ffff 0 ffff 0 ffff 15 c 2072
8112 8112 f000 f7ff 20e0 20ef 0 ffff 0 ffff 0 ffff 15 c 2073
8112 8112 f000 f7ff eea0 eeaf 0 ffff 0 ffff 0 ffff 15 c 2074
ef83 ef83 6000 67ff 8c40 8c4f 0 ffff 0 ffff 0 ffff 15 c 2075
ef83 ef83 6000 67ff eea0 eeaf 0 ffff 0 ffff 0 ffff 15 c 2076
6842 6842 d000 dfff 8000 87ff 0 ffff 0 ffff 0 ffff 14 5 2077
6848 684f 0 ffff 13ec 13ec b000 bfff 0 ffff 0 ffff d 14 2078
ef88 ef8f 0 ffff 5718 5718 d000 dfff 0 ffff 0 ffff d 14 2079
ef88 ef8f 0 ffff eebb eebb 4000 4fff 0 ffff 0 ffff d 14 207a
ef88 ef8f 0 ffff 65f1 65f1 2000 2fff 0 ffff 0 ffff d 14 207b
6c00 6fff 0 ffff 8c5b 8c5b 2000 3fff 0 ffff 0 ffff 6 13 207c
7000 7fff 0 ffff 8000 87ff 0 ffff 0 ffff 35 35 4 5 207d
6848 684f 0 ffff 8c60 8c7f 0 ffff 0 ffff 400 ffff d b 207e
6848 684f 0 ffff 13c0 13df 0 ffff 0 ffff 400 ffff d b 207f
6a00 6bff 0 ffff 8c5b 8c5b 4000 7fff 0 ffff 0 ffff 7 12 2080
6840 6841 0 ffff 13ec 13ec c000 ffff 0 ffff 0 ffff f 12 2081
8110 8111 0 ffff 20f3 20f3 0 3fff 0 ffff 0 ffff f 12 2082
8110 8111 0 ffff 8c5b 8c5b 4000 7fff 0 ffff 0 ffff f 12 2083
ef80 ef81 0 ffff 8c5b 8c5b 4000 7fff 0 ffff 0 ffff f 12 2084
ef80 ef81 0 ffff 65f1 65f1 4000 7fff 0 ffff 0 ffff f 12 2085
6844 6847 0 ffff 65f1 65f1 0 1fff 0 ffff 0 ffff e 13 2086
6844 6847 0 ffff 8c5b 8c5b 2000 3fff 0 ffff 0 ffff e 13 2087
ef84 ef87 0 ffff 5718 5718 e000 ffff 0 ffff 0 ffff e 13 2088
ef84 ef87 0 ffff 65f1 65f1 0 1fff 0 ffff 0 ffff e 13 2089
6860 687f 0 ffff 65f1 65f1 3c00 3fff 0 ffff 0 ffff b 16 208a
8120 813f 0 ffff 5718 5718 cc00 cfff 0 ffff 0 ffff b 16 208b
efa0 efbf 0 ffff eebb eebb 5000 53ff 0 ffff 0 ffff b 16 208c
0 7fff 0 ffff 8c5b 8c5b 1d00 1dff 0 ffff 0 ffff 1 18 208d
6900 69ff 0 ffff 8c5b 8c5b 1c80 1cff 0 ffff 0 ffff 8 19 208e
ee00 eeff 0 ffff eebb eebb 5700 577f 0 ffff 0 ffff 8 19 208f
6842 6842 8000 bfff 65f2 65f3 0 ffff 0 ffff 0 ffff 12 f 2090
6844 6847 0 ffff 8c00 8c3f 0 ffff 0 ffff 400 ffff e a 2091
6844 6847 0 ffff 6580 65bf 0 ffff 0 ffff 400 ffff e a 2092
ef84 ef87 0 ffff 8c00 8c3f 0 ffff 0 ffff 400 ffff e a 2093
6c00 6fff 0 ffff 65f1 65f1 4000 7fff 0 ffff 400 ffff 6 12 2094
8400 87ff 0 ffff eebb eebb 0 3fff 0 ffff 400 ffff 6 12 2095
6842 6842 cc40 cc7f 6600 67ff 0 ffff 0 ffff 0 ffff 1a 7 2096
6842 6842 c800 cbff 0 1fff 0 ffff 0 ffff 0 ffff 16 3 2097
6850 685f 0 ffff 8c5b 8c5b 1000 17ff 0 ffff 0 ffff c 15 2098
ef90 ef9f 0 ffff 8c5b 8c5b 1000 17ff 0 ffff 0 ffff c 15 2099
6c00 6fff 0 ffff 65f1 65f1 4000 7fff 0 ffff 0 ffff 6 12 209a
6842 6842 c800 cbff 13c0 13df 0 ffff 0 ffff 0 ffff 16 b 209b
6842 6842 c800 cbff 8c60 8c7f 0 ffff 0 ffff 0 ffff 16 b 209c
8112 8112 f800 fbff 5720 573f 0 ffff 0 ffff 0 ffff 16 b 209d
ef83 ef83 6c00 6fff 65c0 65df 0 ffff 0 ffff 0 ffff 16 b 209e
6880 68ff 0 ffff 65f1 65f1 3900 39ff 0 ffff 0 ffff 9 18 209f
8180 81ff 0 ffff 20f3 20f3 6400 64ff 0 ffff 0 ffff 9 18 20a0
ef00 ef7f 0 ffff eebb eebb 5600 56ff 0 ffff 0 ffff 9 18 20a1
ef00 ef7f 0 ffff 65f1 65f1 3900 39ff 0 ffff 0 ffff 9 18 20a2
6000 67ff 0 ffff 7000 7fff 0 ffff 0 ffff 8b 8b 5 4 20a3
8114 8117 0 ffff ee80 ee9f 0 ffff 0 ffff 0 ffff e b 20a4
8000 bfff 0 ffff eebb eebb 5400 55ff 0 ffff 0 ffff 2 17 20a5
8180 81ff 0 ffff 20f0 20f1 0 ffff 0 ffff 400 ffff 9 f 20a6
8000 80ff 0 ffff 5719 5719 0 ffff 0 ffff 400 ffff 8 10 20a7
a000 bfff 0 ffff 5718 5718 cc00 cfff 0 ffff 0 ffff 3 16 20a8
8118 811f 0 ffff 8c40 8c4f 0 ffff 0 ffff 0 ffff d c 20a9
8112 8112 f000 f7ff 4000 5fff 0 ffff 0 ffff 0 ffff 15 3 20aa
ef83 ef83 0 3fff ec00 edff 0 ffff 0 ffff 0 ffff 12 7 20ab
e000 e7ff 0 ffff 65f1 65f1 3800 380f 0 ffff 0 ffff 5 1c 20ac
e000 e7ff 0 ffff eebb eebb 6000 7fff 0 ffff 400 ffff 5 13 20ad
ef00 ef7f 0 ffff 0 ffff 0 ffff 50 50 0 ffff 9 0 20ae
0 ffff 0 ffff dfac dfac 7780 77ff 0 ffff 0 ffff 0 19 20af
ef00 ef7f 0 ffff 65f0 65f0 0 ffff 0 ffff 0 ffff 9 10 20b0
ef83 ef83 6c00 6fff 4000 7fff 0 ffff 0 ffff 0 ffff 16 2 20b1
efa0 efbf 0 ffff 65f4 65f7 0 ffff 0 ffff 0 ffff b e 20b2
ef80 ef81 0 ffff eec0 eeff 0 ffff 0 ffff 0 ffff f a 20b3
ef83 ef83 8000 ffff 6600 67ff 0 ffff 0 ffff 400 ffff 11 7 20b4
ef83 ef83 6800 687f 6400 64ff 0 ffff 0 ffff 0 ffff 19 8 20b5
0 ffff 0 ffff df00 df7f 0 ffff 0 ffff 1388 1388 0 9 20b6
d00 dff 0 ffff dfae dfaf 0 ffff 0 ffff 0 ffff 8 f 20b7
cd4 cd7 0 ffff 1380 13bf 0 ffff 0 ffff 0 ffff e a 20b8
cd1 cd1 0 ffff 13ed 13ed 0 ffff 0 ffff 0 ffff 10 10 20b9
6843 6843 0 ffff 65f0 65f0 0 ffff 0 ffff 0 ffff 10 10 20ba
ef82 ef82 0 ffff 65f0 65f0 0 ffff 0 ffff 0 ffff 10 10 20bb
d00 dff 0 ffff 65f2 65f3 0 ffff 0 ffff 400 ffff 8 f 20bc
c80 cbf 0 ffff 65f8 65ff 0 ffff 0 ffff 400 ffff a d 20bd
cd0 cd0 c000 ffff 65f4 65f7 0 ffff 0 ffff 0 ffff 12 e 20be
cd0 cd0 9800 9fff 13c0 13df 0 ffff 0 ffff 0 ffff 15 b 20bf
6842 6842 c000 c7ff 13c0 13df 0 ffff 0 ffff 0 ffff 15 b 20c0
6842 6842 c000 c7ff 65c0 65df 0 ffff 0 ffff 0 ffff 15 b 20c1
ef83 ef83 6000 67ff 65c0 65df 0 ffff 0 ffff 0 ffff 15 b 20c2
ef83 ef83 6000 67ff ee80 ee9f 0 ffff 0 ffff 0 ffff 15 b 20c3
1000 1fff 0 ffff 65f1 65f1 3800 380f 0 ffff 0 ffff 4 1c 20c4
cd1 cd1 0 ffff 1200 12ff 0 ffff 0 ffff 0 ffff 10 8 20c5
800 bff 0 ffff 8000 bfff 0 ffff 0 ffff 6bb 6bb 6 2 20c6
6c00 6fff 0 ffff 0 3fff 0 ffff 0 ffff 45 45 6 2 20c7
0 7fff 0 ffff afc8 afc8 11a2 11a3 0 ffff 0 ffff 1 1f 20c8
0 7fff 0 ffff 8c5b 8c5b 1c44 1c45 0 ffff 0 ffff 1 1f 20c9
8000 ffff 0 ffff 65f1 65f1 381c 381d 0 ffff 0 ffff 1 1f 20ca
cd0 cd0 96ef 96ef 0 ffff 0 ffff 0 ffff 0 ffff 20 0 20cb
ef83 ef83 68fd 68fd 0 ffff 0 ffff 0 ffff 0 ffff 20 0 20cc
cd0 cd0 a000 bfff afc0 afc7 0 ffff 0 ffff 0 ffff 13 d 20cd
6842 6842 e000 ffff 8c50 8c57 0 ffff 0 ffff 0 ffff 13 d 20ce
8112 8112 c000 dfff 5710 5717 0 ffff 0 ffff 0 ffff 13 d 20cf
cd0 cd0 8000 8fff 65e0 65ef 0 ffff 0 ffff 0 ffff 14 c 20d0
6842 6842 d000 dfff 8c40 8c4f 0 ffff 0 ffff 0 ffff 14 c 20d1
8112 8112 e000 efff 20e0 20ef 0 ffff 0 ffff 0 ffff 14 c 20d2
ef83 ef83 7000 7fff 65e0 65ef 0 ffff 0 ffff 0 ffff 14 c 20d3
ef83 ef83 7000 7fff 8c40 8c4f 0 ffff 0 ffff 0 ffff 14 c 20d4
cd2 cd3 0 ffff 1300 137f 0 ffff 0 ffff 0 ffff f 9 20d5
1000 1fff 0 ffff afc8 afc8 0 fff 0 ffff 0 ffff 4 14 20d6
cd0 cd0 0 7fff afca afcb 0 ffff 0 ffff 0 ffff 11 f 20d7
6842 6842 0 7fff 13ee 13ef 0 ffff 0 ffff 0 ffff 11 f 20d8
ef83 ef83 8000 ffff 8c58 8c59 0 ffff 0 ffff 0 ffff 11 f 20d9
cd0 cd0 9700 97ff ae00 aeff 0 ffff 0 ffff 0 ffff 18 8 20da
cd0 cd0 9700 97ff 1200 12ff 0 ffff 0 ffff 0 ffff 18 8 20db
1000 1fff 0 ffff 7000 7fff 0 ffff 0 ffff 232b 232b 4 4 20dc
cd8 cdf 0 ffff 65f1 65f1 0 1fff 0 ffff 0 ffff d 13 20dd
6848 684f 0 ffff 65f1 65f1 0 1fff 0 ffff 0 ffff d 13 20de
8118 811f 0 ffff 5718 5718 e000 ffff 0 ffff 0 ffff d 13 20df
ef88 ef8f 0 ffff 8c5b 8c5b 2000 3fff 0 ffff 0 ffff d 13 20e0
2000 3fff 0 ffff afc8 afc8 11a8 11af 0 ffff 0 ffff 3 1d 20e1
4000 5fff 0 ffff 8c5b 8c5b 1c48 1c4f 0 ffff 0 ffff 3 1d 20e2
ce0 cff 0 ffff 65f8 65ff 0 ffff 0 ffff 0 ffff b d 20e3
cd0 cd0 9700 97ff 0 ffff 0 ffff 0 ffff 0 ffff 18 0 20e4
cd0 cd0 9000 93ff 8000 bfff 0 ffff 0 ffff 0 ffff 16 2 20e5
4000 5fff 0 ffff 6800 6fff 0 ffff 0 ffff 202 202 3 5 20e6
6000 67ff 0 ffff 8000 bfff 0 ffff 0 ffff 19 19 5 2 20e7
6842 6842 c000 c7ff 4000 5fff 0 ffff 0 ffff 0 ffff 15 3 20e8
0 7fff 0 ffff afc8 afc8 1400 17ff 0 ffff 0 ffff 1 16 20e9
0 7fff 0 ffff 8c5b 8c5b 1800 1bff 0 ffff 0 ffff 1 16 20ea
6850 685f 0 ffff 8c5b 8c5b 0 fff 0 ffff 0 ffff c 14 20eb
8100 810f 0 ffff 8c5b 8c5b 0 fff 0 ffff 0 ffff c 14 20ec
6840 6841 0 ffff 8c5b 8c5b 8000 ffff 0 ffff 0 ffff f 11 20ed
6840 6841 0 ffff 13ec 13ec 0 7fff 0 ffff 0 ffff f 11 20ee
8110 8111 0 ffff 8c5b 8c5b 8000 ffff 0 ffff 0 ffff f 11 20ef
ef80 ef81 0 ffff 65f1 65f1 8000 ffff 0 ffff 0 ffff f 11 20f0
6842 6842 c800 cbff 8000 ffff 0 ffff 0 ffff 0 ffff 16 1 20f1
0 ffff 0 ffff de00 deff 0 ffff 0 ffff 45 45 0 8 20f2
0 ffff 0 ffff de00 deff 0 ffff 0 ffff 232b 232b 0 8 20f3
6800 683f 0 ffff 8c5b 8c5b 1800 1bff 0 ffff 0 ffff a 16 20f4
6000 67ff 0 ffff 65f1 65f1 4000 7fff 0 ffff 400 ffff 5 12 20f5
6c00 6fff 0 ffff 8c5b 8c5b 8000 ffff 0 ffff 400 ffff 6 11 20f6
6843 6843 0 ffff 6600 67ff 0 ffff 0 ffff 400 ffff 10 7 20f7
ef82 ef82 0 ffff ec00 edff 0 ffff 0 ffff 400 ffff 10 7 20f8
ef82 ef82 0 ffff 6600 67ff 0 ffff 0 ffff 400 ffff 10 7 20f9
0 ffff 0 ffff dfac dfac 7400 75ff 0 ffff 400 ffff 0 17 20fa
6c00 6fff 0 ffff 8c5b 8c5b 1c00 1c3f 0 ffff 0 ffff 6 1a 20fb
e800 ebff 0 ffff 65f1 65f1 3840 387f 0 ffff 0 ffff 6 1a 20fc
6900 69ff 0 ffff 8c5b 8c5b 1d00 1dff 0 ffff 0 ffff 8 18 20fd
ee00 eeff 0 ffff 5718 5718 cb00 cbff 0 ffff 0 ffff 8 18 20fe
8200 83ff 0 ffff eeba eeba 0 ffff 0 ffff 0 ffff 7 10 20ff
8112 8112 c000 dfff e000 e7ff 0 ffff 0 ffff 0 ffff 13 5 2100
ef83 ef83 4000 5fff e000 e7ff 0 ffff 0 ffff 0 ffff 13 5 2101
ef83 ef83 4000 5fff 6800 6fff 0 ffff 0 ffff 0 ffff 13 5 2102
8112 8112 fe40 fe5f e000 e7ff 0 ffff 0 ffff 0 ffff 1b 5 2103
ef83 ef83 68c0 68df 6800 6fff 0 ffff 0 ffff 0 ffff 1b 5 2104
8200 83ff 0 ffff 5718 5718 ca80 caff 0 ffff 0 ffff 7 19 2105
8000 bfff 0 ffff 5718 5718 c000 c7ff 0 ffff 400 ffff 2 15 2106
c000 ffff 0 ffff 65f1 65f1 3000 37ff 0 ffff 400 ffff 2 15 2107
8112 8112 fe64 fe67 4000 7fff 0 ffff 0 ffff 0 ffff 1e 2 2108
8114 8117 0 ffff 5718 5718 8000 bfff 0 ffff 0 ffff e 12 2109
ef84 ef87 0 ffff 5718 5718 8000 bfff 0 ffff 0 ffff e 12 210a
ef84 ef87 0 ffff 65f1 65f1 4000 7fff 0 ffff 0 ffff e 12 210b
ef84 ef87 0 ffff 8c5b 8c5b 4000 7fff 0 ffff 0 ffff e 12 210c
8112 8112 f800 fbff 8c00 8c3f 0 ffff 0 ffff 0 ffff 16 a 210d
8180 81ff 0 ffff eebc eebf 0 ffff 0 ffff 400 ffff 9 e 210e
8800 8fff 0 ffff 5718 5718 8000 bfff 0 ffff 0 ffff 5 12 210f
8800 8fff 0 ffff 8c5b 8c5b 1c60 1c7f 0 ffff 0 ffff 5 1b 2110
8112 8112 fe00 fe3f 5000 53ff 0 ffff 0 ffff 0 ffff 1a 6 2111
c000 ffff 0 ffff 5000 53ff 0 ffff 0 ffff 202 202 2 6 2112
ef00 ef7f 0 ffff 5718 5718 c800 c9ff 0 ffff 0 ffff 9 17 2113
8000 ffff 0 ffff 6600 67ff 0 ffff 0 ffff 87 87 1 7 2114
8000 ffff 0 ffff 6600 67ff 0 ffff 0 ffff 232b 232b 1 7 2115
ef83 ef83 8000 ffff 6000 63ff 0 ffff 0 ffff 400 ffff 11 6 2116
e800 ebff 0 ffff eebb eebb 0 3fff 0 ffff 0 ffff 6 12 2117
efa0 efbf 0 ffff 65e0 65ef 0 ffff 0 ffff 0 ffff b c 2118
ef83 ef83 6a00 6bff 0 ffff 0 ffff 0 ffff 0 ffff 17 0 2119
efa0 efbf 0 ffff 8c40 8c4f 0 ffff 0 ffff 400 ffff b c 211a
ef83 ef83 7000 7fff e000 ffff 0 ffff 0 ffff 0 ffff 14 3 211b
ef00 ef7f 0 ffff 8c58 8c59 0 ffff 0 ffff 0 ffff 9 f 211c
ef83 ef83 0 3fff 8800 8bff 0 ffff 0 ffff 0 ffff 12 6 211d
ef83 ef83 68fe 68ff 0 7fff 0 ffff 0 ffff 0 ffff 1f 1 211e
8000 ffff 0 ffff 65f1 65f1 3a00 3bff 0 ffff 0 ffff 1 17 211f
c000 dfff 0 ffff 8c5b 8c5b 0 fff 0 ffff 400 ffff 3 14 2120
cd0 cd0 a000 bfff 65e0 65ef 0 ffff 0 ffff 0 ffff 13 c 2121
6842 6842 e000 ffff 13f0 13ff 0 ffff 0 ffff 0 ffff 13 c 2122
8112 8112 c000 dfff 8c40 8c4f 0 ffff 0 ffff 0 ffff 13 c 2123
ef83 ef83 4000 5fff eea0 eeaf 0 ffff 0 ffff 0 ffff 13 c 2124
ef83 ef83 4000 5fff 8c40 8c4f 0 ffff 0 ffff 0 ffff 13 c 2125
e00 fff 0 ffff 0 ffff 0 ffff 0 ffff 202 202 7 0 2126
cd4 cd7 0 ffff 6400 64ff 0 ffff 400 ffff 0 ffff e 8 2127
cd0 cd0 8000 8fff df80 df9f 0 ffff 0 ffff 0 ffff 14 b 2128
6842 6842 d000 dfff 8c60 8c7f 0 ffff 0 ffff 0 ffff 14 b 2129
d00 dff 0 ffff afcc afcf 0 ffff 0 ffff 400 ffff 8 e 212a
8000 80ff 0 ffff 8c5c 8c5f 0 ffff 0 ffff 400 ffff 8 e 212b
cd4 cd7 0 ffff afc8 afc8 8000 ffff 0 ffff 0 ffff e 11 212c
6844 6847 0 ffff 8c5b 8c5b 8000 ffff 0 ffff 0 ffff e 11 212d
8114 8117 0 ffff 5718 5718 0 7fff 0 ffff 0 ffff e 11 212e
cd0 cd0 96f0 96ff a000 bfff 0 ffff 0 ffff 0 ffff 1c 3 212f
d00 dff 0 ffff 65f2 65f3 0 ffff 0 ffff 0 ffff 8 f 2130
6900 69ff 0 ffff 8c58 8c59 0 ffff 0 ffff 0 ffff 8 f 2131
ee00 eeff 0 ffff eeb8 eeb9 0 ffff 0 ffff 0 ffff 8 f 2132
d00 dff 0 ffff afcc afcf 0 ffff 0 ffff 0 ffff 8 e 2133
6900 69ff 0 ffff 8c5c 8c5f 0 ffff 0 ffff 0 ffff 8 e 2134
cd0 cd0 96e8 96eb 0 7fff 0 ffff 0 ffff 0 ffff 1e 1 2135
cd0 cd0 9800 9fff 0 3fff 0 ffff 0 ffff 0 ffff 15 2 2136
cc0 ccf 0 ffff 65f1 65f1 0 1fff 0 ffff 0 ffff c 13 2137
6850 685f 0 ffff 65f1 65f1 0 1fff 0 ffff 0 ffff c 13 2138
8100 810f 0 ffff 20f3 20f3 4000 5fff 0 ffff 0 ffff c 13 2139
cc0 ccf 0 ffff 13c0 13df 0 ffff 0 ffff 0 ffff c b 213a
ef90 ef9f 0 ffff 65c0 65df 0 ffff 0 ffff 0 ffff c b 213b
2000 3fff 0 ffff afc8 afc8 2000 3fff 0 ffff 0 ffff 3 13 213c
c00 c7f 0 ffff afc8 afc8 1400 17ff 0 ffff 0 ffff 9 16 213d
cd0 cd0 9400 95ff ae00 aeff 0 ffff 0 ffff 0 ffff 17 8 213e
8112 8112 fc00 fdff 2100 21ff 0 ffff 0 ffff 0 ffff 17 8 213f
cd0 cd0 0 7fff 65f4 65f7 0 ffff 0 ffff 0 ffff 11 e 2140
6842 6842 0 7fff 8c5c 8c5f 0 ffff 0 ffff 0 ffff 11 e 2141
8112 8112 0 7fff eebc eebf 0 ffff 0 ffff 0 ffff 11 e 2142
4000 5fff 0 ffff b000 bfff 0 ffff 50 50 0 ffff 3 4 2143
4000 5fff 0 ffff 0 fff 0 ffff 157c 157c 0 ffff 3 4 2144
6848 684f 0 ffff af80 afbf 0 ffff 0 ffff 0 ffff d a 2145
6850 685f 0 ffff 8c00 8c3f 0 ffff 0 ffff 0 ffff c a 2146
ef90 ef9f 0 ffff 8c00 8c3f 0 ffff 0 ffff 0 ffff c a 2147
4000 7fff 0 ffff 8000 87ff 0 ffff 0 ffff 8f 8f 2 5 2148
c000 ffff 0 ffff 6800 6fff 0 ffff 0 ffff 50 50 2 5 2149
6842 6842 0 7fff 8000 87ff 0 ffff 0 ffff 0 ffff 11 5 214a
6880 68ff 0 ffff 8c5c 8c5f 0 ffff 0 ffff 0 ffff 9 e 214b
6848 684f 0 ffff 8c5b 8c5b 4000 7fff 0 ffff 0 ffff d 12 214c
ef88 ef8f 0 ffff 65f1 65f1 4000 7fff 0 ffff 0 ffff d 12 214d
6842 6842 8000 bfff 8000 87ff 0 ffff 0 ffff 0 ffff 12 5 214e
6c00 6fff 0 ffff 8c5a 8c5a 0 ffff 0 ffff 400 ffff 6 10 214f
6842 6842 0 7fff 8800 8bff 0 ffff 0 ffff 0 ffff 11 6 2150
6800 683f 0 ffff 8c40 8c4f 0 ffff 0 ffff 0 ffff a c 2151
8140 817f 0 ffff 5700 570f 0 ffff 0 ffff 0 ffff a c 2152
4000 7fff 0 ffff 9000 9fff 0 ffff 0 ffff 89 89 2 4 2153
0 ffff 0 ffff d800 dbff 0 ffff 0 ffff 1b58 1b58 0 6 2154
6842 6842 cc24 cc25 0 ffff 0 ffff 0 ffff 0 ffff 1f 0 2155
6840 6841 0 ffff 8c5a 8c5a 0 ffff 0 ffff 0 ffff f 10 2156
8110 8111 0 ffff 20f2 20f2 0 ffff 0 ffff 0 ffff f 10 2157
8110 8111 0 ffff 8c5a 8c5a 0 ffff 0 ffff 0 ffff f 10 2158
8110 8111 0 ffff 5719 5719 0 ffff 0 ffff 0 ffff f 10 2159
ef80 ef81 0 ffff eeba eeba 0 ffff 0 ffff 0 ffff f 10 215a
6848 684f 0 ffff 1300 137f 0 ffff 0 ffff 400 ffff d 9 215b
6900 69ff 0 ffff 13ec 13ec aa00 abff 0 ffff 0 ffff 8 17 215c
8000 80ff 0 ffff 8c5b 8c5b 1e00 1fff 0 ffff 0 ffff 8 17 215d
4000 7fff 0 ffff 13ec 13ec a8b8 a8bf 0 ffff 0 ffff 2 1d 215e
6a00 6bff 0 ffff 13ec 13ec a900 a9ff 0 ffff 0 ffff 7 18 215f
ec00 edff 0 ffff eebb eebb 5600 56ff 0 ffff 0 ffff 7 18 2160
6860 687f 0 ffff 8c5b 8c5b 0 fff 0 ffff 0 ffff b 14 2161
efa0 efbf 0 ffff eebb eebb 4000 4fff 0 ffff 0 ffff b 14 2162
6c00 6fff 0 ffff 8c5b 8c5b 1c80 1cff 0 ffff 0 ffff 6 19 2163
e800 ebff 0 ffff 5718 5718 ca80 caff 0 ffff 0 ffff 6 19 2164
6880 68ff 0 ffff 65f8 65ff 0 ffff 0 ffff 400 ffff 9 d 2165
6842 6842 c000 c7ff 8c00 8c3f 0 ffff 0 ffff 0 ffff 15 a 2166
8112 8112 f000 f7ff 5740 577f 0 ffff 0 ffff 0 ffff 15 a 2167
6850 685f 0 ffff 1380 13bf 0 ffff 0 ffff 400 ffff c a 2168
8112 8112 8000 bfff 3000 3fff 0 ffff 0 ffff 400 ffff 12 4 2169
9000 9fff 0 ffff 5718 5718 8000 bfff 0 ffff 0 ffff 4 12 216a
8113 8113 0 ffff eeb8 eeb9 0 ffff 0 ffff 0 ffff 10 f 216b
ef82 ef82 0 ffff 65f2 65f3 0 ffff 0 ffff 0 ffff 10 f 216c
ef82 ef82 0 ffff 8c58 8c59 0 ffff 0 ffff 0 ffff 10 f 216d
8112 8112 fe80 feff 5000 53ff 0 ffff 0 ffff 0 ffff 19 6 216e
e000 e7ff 0 ffff 0 7fff 0 ffff 0 ffff 232b 232b 5 1 216f
c000 dfff 0 ffff f000 ffff 0 ffff 0 ffff 45 45 3 4 2170
0 ffff 0 ffff dfac dfac 7742 7743 0 ffff 0 ffff 0 1f 2171
ef83 ef83 6a00 6bff 0 ffff 0 ffff 0 ffff 0 ffff 17 0 2172
e800 ebff 0 ffff 0 7fff 0 ffff 0 ffff 202 202 6 1 2173
c000 ffff 0 ffff 65f1 65f1 3000 37ff 0 ffff 0 ffff 2 15 2174
e800 ebff 0 ffff 0 ffff 0 ffff 15a4 15a4 0 ffff 6 0 2175
ef83 ef83 0 3fff eeb0 eeb7 0 ffff 0 ffff 0 ffff 12 d 2176
ef83 ef83 0 3fff 8c50 8c57 0 ffff 0 ffff 0 ffff 12 d 2177
e000 e7ff 0 ffff 65f1 65f1 3840 387f 0 ffff 0 ffff 5 1a 2178
c000 ffff 0 ffff 8c5b 8c5b 0 fff 0 ffff 400 ffff 2 14 2179
ef82 ef82 0 ffff 6000 63ff 0 ffff 0 ffff 0 ffff 10 6 217a
ef83 ef83 4000 5fff 7000 7fff 0 ffff 0 ffff 0 ffff 13 4 217b
ef83 ef83 4000 5fff f000 ffff 0 ffff 0 ffff 0 ffff 13 4 217c
efc0 efff 0 ffff 65e0 65ef 0 ffff 0 ffff 400 ffff a c 217d
cd2 cd3 0 ffff 13ee 13ef 0 ffff 0 ffff 0 ffff f f 217e
cd8 cdf 0 ffff dfac dfac 8000 ffff 0 ffff 0 ffff d 11 217f
6848 684f 0 ffff 8c5b 8c5b 8000 ffff 0 ffff 0 ffff d 11 2180
6848 684f 0 ffff 65f1 65f1 8000 ffff 0 ffff 0 ffff d 11 2181
8118 811f 0 ffff 20f3 20f3 8000 ffff 0 ffff 0 ffff d 11 2182
ef88 ef8f 0 ffff dfac dfac 8000 ffff 0 ffff 0 ffff d 11 2183
d00 dff 0 ffff dfac dfac 7000 73ff 0 ffff 0 ffff 8 16 2184
c80 cbf 0 ffff 13c0 13df 0 ffff 0 ffff 400 ffff a b 2185
6800 683f 0 ffff afe0 afff 0 ffff 0 ffff 400 ffff a b 2186
c00 c7f 0 ffff 13f0 13ff 0 ffff 0 ffff 0 ffff 9 c 2187
ef00 ef7f 0 ffff 65e0 65ef 0 ffff 0 ffff 0 ffff 9 c 2188
cd0 cd0 c000 ffff 0 1fff 0 ffff 400 ffff 0 ffff 12 3 2189
cd0 cd0 8000 8fff 1380 13bf 0 ffff 0 ffff 0 ffff 14 a 218a
8112 8112 e000 efff eec0 eeff 0 ffff 0 ffff 0 ffff 14 a 218b
ef83 ef83 7000 7fff 6580 65bf 0 ffff 0 ffff 0 ffff 14 a 218c
0 7fff 0 ffff a000 a7ff 0 ffff 0 ffff 8006 8006 1 5 218d
0 7fff 0 ffff 8000 87ff 0 ffff 0 ffff a2 a2 1 5 218e
8000 ffff 0 ffff 6800 6fff 0 ffff 0 ffff 232b 232b 1 5 218f
cd2 cd3 0 ffff ac00 adff 0 ffff 0 ffff 0 ffff f 7 2190
cd8 cdf 0 ffff 1300 137f 0 ffff 0 ffff 0 ffff d 9 2191
cd0 cd0 c000 ffff 65e0 65ef 0 ffff 0 ffff 0 ffff 12 c 2192
6842 6842 8000 bfff 8c40 8c4f 0 ffff 0 ffff 0 ffff 12 c 2193
8112 8112 8000 bfff 8c40 8c4f 0 ffff 0 ffff 0 ffff 12 c 2194
ef83 ef83 0 3fff eea0 eeaf 0 ffff 0 ffff 0 ffff 12 c 2195
0 ffff 0 ffff dfac dfac 7000 73ff 0 ffff 0 ffff 0 16 2196
0 ffff 0 ffff dfac dfac 7000 73ff 0 ffff 0 ffff 0 16 2197
ce0 cff 0 ffff 13c0 13df 0 ffff 0 ffff 0 ffff b b 2198
c80 cbf 0 ffff afc8 afc8 0 fff 0 ffff 0 ffff a 14 2199
6800 683f 0 ffff 13ec 13ec b000 bfff 0 ffff 0 ffff a 14 219a
0 3fff 0 ffff b000 bfff 0 ffff 0 ffff a2 a2 2 4 219b
8000 bfff 0 ffff f000 ffff 0 ffff 0 ffff 66e 66e 2 4 219c
c000 ffff 0 ffff 7000 7fff 0 ffff 0 ffff 157c 157c 2 4 219d
cd0 cd0 9700 97ff a800 abff 0 ffff 0 ffff 0 ffff 18 6 219e
cc0 ccf 0 ffff afc8 afc8 4000 7fff 0 ffff 0 ffff c 12 219f
6850 685f 0 ffff 13ec 13ec c000 ffff 0 ffff 0 ffff c 12 21a0
ef90 ef9f 0 ffff 65f1 65f1 4000 7fff 0 ffff 0 ffff c 12 21a1
c00 c7f 0 ffff afd0 afdf 0 ffff 0 ffff 400 ffff 9 c 21a2
4000 5fff 0 ffff 4000 7fff 0 ffff 0 ffff 50 50 3 2 21a3
4000 5fff 0 ffff 0 3fff 0 ffff 0 ffff 202 202 3 2 21a4
6c00 6fff 0 ffff 20f3 20f3 6400 64ff 0 ffff 0 ffff 6 18 21a5
e800 ebff 0 ffff 65f1 65f1 3900 39ff 0 ffff 0 ffff 6 18 21a6
6850 685f 0 ffff af00 af7f 0 ffff 0 ffff 400 ffff c 9 21a7
6842 6842 0 7fff a000 a7ff 0 ffff 0 ffff 0 ffff 11 5 21a8
6842 6842 0 7fff afc0 afc7 0 ffff 0 ffff 0 ffff 11 d 21a9
6842 6842 0 7fff 65f8 65ff 0 ffff 0 ffff 0 ffff 11 d 21aa
6842 6842 0 7fff 13e0 13e7 0 ffff 0 ffff 0 ffff 11 d 21ab
6844 6847 0 ffff ac00 adff 0 ffff 0 ffff 0 ffff e 7 21ac
6a00 6bff 0 ffff afcc afcf 0 ffff 0 ffff 0 ffff 7 e 21ad
8200 83ff 0 ffff eebc eebf 0 ffff 0 ffff 0 ffff 7 e 21ae
6860 687f 0 ffff 8c5b 8c5b 2000 3fff 0 ffff 0 ffff b 13 21af
6860 687f 0 ffff 13ec 13ec 8000 9fff 0 ffff 0 ffff b 13 21b0
6860 687f 0 ffff 65f1 65f1 0 1fff 0 ffff 0 ffff b 13 21b1
efa0 efbf 0 ffff 5718 5718 e000 ffff 0 ffff 0 ffff b 13 21b2
6842 6842 e000 ffff 8c60 8c7f 0 ffff 0 ffff 0 ffff 13 b 21b3
ef83 ef83 4000 5fff 5720 573f 0 ffff 0 ffff 0 ffff 13 b 21b4
ef83 ef83 4000 5fff ee80 ee9f 0 ffff 0 ffff 0 ffff 13 b 21b5
ef83 ef83 4000 5fff 65c0 65df 0 ffff 0 ffff 0 ffff 13 b 21b6
6842 6842 cc20 cc23 0 ffff 0 ffff 0 ffff 0 ffff 1e 0 21b7
6842 6842 8000 bfff 9000 9fff 0 ffff 0 ffff 0 ffff 12 4 21b8
6c00 6fff 0 ffff 0 ffff 0 ffff 50 50 0 ffff 6 0 21b9
6844 6847 0 ffff 8c5a 8c5a 0 ffff 0 ffff 0 ffff e 10 21ba
ef84 ef87 0 ffff eeba eeba 0 ffff 0 ffff 0 ffff e 10 21bb
ef84 ef87 0 ffff 65f0 65f0 0 ffff 0 ffff 0 ffff e 10 21bc
6850 685f 0 ffff 1380 13bf 0 ffff 0 ffff 0 ffff c a 21bd
6000 67ff 0 ffff 0 ffff 0 ffff 0 ffff 19 19 5 0 21be
6880 68ff 0 ffff 13e0 13e7 0 ffff 0 ffff 0 ffff 9 d 21bf
6842 6842 cc80 ccff 8000 87ff 0 ffff 0 ffff 0 ffff 19 5 21c0
6000 67ff 0 ffff 8c5a 8c5a 0 ffff 0 ffff 0 ffff 5 10 21c1
6000 67ff 0 ffff 65f1 65f1 8000 ffff 0 ffff 0 ffff 5 11 21c2
e000 e7ff 0 ffff 8c5b 8c5b 8000 ffff 0 ffff 0 ffff 5 11 21c3
0 7fff 0 ffff 8c5b 8c5b 0 fff 0 ffff 0 ffff 1 14 21c4
0 ffff 0 ffff d800 dbff 0 ffff 0 ffff 77 77 0 6 21c5
6843 6843 0 ffff 8c5c 8c5f 0 ffff 0 ffff 0 ffff 10 e 21c6
6843 6843 0 ffff 13e8 13eb 0 ffff 0 ffff 0 ffff 10 e 21c7
ef82 ef82 0 ffff 8c5c 8c5f 0 ffff 0 ffff 0 ffff 10 e 21c8
ef82 ef82 0 ffff 65f4 65f7 0 ffff 0 ffff 0 ffff 10 e 21c9
6900 69ff 0 ffff 8c50 8c57 0 ffff 0 ffff 0 ffff 8 d 21ca
8112 8112 c000 dfff 2000 3fff 0 ffff 0 ffff 0 ffff 13 3 21cb
8000 80ff 0 ffff 8c5c 8c5f 0 ffff 0 ffff 0 ffff 8 e 21cc
a000 bfff 0 ffff e000 ffff 0 ffff 0 ffff 45 45 3 3 21cd
8180 81ff 0 ffff 5718 5718 c000 c7ff 0 ffff 0 ffff 9 15 21ce
8112 8112 f800 fbff ef00 efff 0 ffff 0 ffff 0 ffff 16 8 21cf
ef83 ef83 6c00 6fff ef00 efff 0 ffff 0 ffff 0 ffff 16 8 21d0
9000 9fff 0 ffff eebb eebb 0 3fff 0 ffff 0 ffff 4 12 21d1
8112 8112 f000 f7ff 5780 57ff 0 ffff 0 ffff 0 ffff 15 9 21d2
8400 87ff 0 ffff 0 ffff 0 ffff 0 ffff 232b 232b 6 0 21d3
8800 8fff 0 ffff 5718 5718 ca80 caff 0 ffff 0 ffff 5 19 21d4
c000 dfff 0 ffff eebb eebb 57e0 57ff 0 ffff 0 ffff 3 1b 21d5
ef90 ef9f 0 ffff 6500 657f 0 ffff 0 ffff 0 ffff c 9 21d6
ef83 ef83 0 3fff e000 ffff 0 ffff 0 ffff 400 ffff 12 3 21d7
efa0 efbf 0 ffff eec0 eeff 0 ffff 0 ffff 0 ffff b a 21d8
ef84 ef87 0 ffff 8d00 8dff 0 ffff 0 ffff 0 ffff e 8 21d9
efa0 efbf 0 ffff 6580 65bf 0 ffff 0 ffff 400 ffff b a 21da
ec00 edff 0 ffff 65f2 65f3 0 ffff 0 ffff 0 ffff 7 f 21db
0 ffff 0 ffff dfac dfac 7744 7747 0 ffff 0 ffff 0 1e 21dc
f000 ffff 0 ffff 8000 bfff 0 ffff 0 ffff 232b 232b 4 2 21dd
cd0 cd0 9700 97ff 1800 1fff 0 ffff 0 ffff 0 ffff 18 5 21de
ef83 ef83 6900 69ff 6800 6fff 0 ffff 0 ffff 0 ffff 18 5 21df
cd0 cd0 9000 93ff dc00 ddff 0 ffff 0 ffff 0 ffff 16 7 21e0
ef83 ef83 6c00 6fff 6600 67ff 0 ffff 0 ffff 0 ffff 16 7 21e1
ef83 ef83 6c00 6fff 8e00 8fff 0 ffff 0 ffff 0 ffff 16 7 21e2
cd0 cd0 9600 967f c000 cfff 0 ffff 0 ffff 0 ffff 19 4 21e3
8112 8112 fe80 feff 4000 4fff 0 ffff 0 ffff 0 ffff 19 4 21e4
ef83 ef83 6800 687f 7000 7fff 0 ffff 0 ffff 0 ffff 19 4 21e5
e00 fff 0 ffff 13ec 13ec ac00 afff 0 ffff 0 ffff 7 16 21e6
6a00 6bff 0 ffff 8c5b 8c5b 1800 1bff 0 ffff 0 ffff 7 16 21e7
6a00 6bff 0 ffff 13ec 13ec ac00 afff 0 ffff 0 ffff 7 16 21e8
cd0 cd0 c000 ffff 13c0 13df 0 ffff 0 ffff 0 ffff 12 b 21e9
8112 8112 8000 bfff ee80 ee9f 0 ffff 0 ffff 0 ffff 12 b 21ea
cc0 ccf 0 ffff 6400 64ff 0 ffff 0 ffff 0 ffff c 8 21eb
cd2 cd3 0 ffff 13e8 13eb 0 ffff 0 ffff 0 ffff f e 21ec
6840 6841 0 ffff 65f4 65f7 0 ffff 0 ffff 0 ffff f e 21ed
6840 6841 0 ffff 8c5c 8c5f 0 ffff 0 ffff 0 ffff f e 21ee
ef80 ef81 0 ffff 571c 571f 0 ffff 0 ffff 0 ffff f e 21ef
ef80 ef81 0 ffff 65f4 65f7 0 ffff 0 ffff 0 ffff f e 21f0
cd0 cd0 9680 96bf 6000 7fff 0 ffff 0 ffff 0 ffff 1a 3 21f1
cd0 cd0 9680 96bf a000 bfff 0 ffff 0 ffff 0 ffff 1a 3 21f2
6842 6842 cc40 cc7f 8000 9fff 0 ffff 0 ffff 0 ffff 1a 3 21f3
8112 8112 fe00 fe3f 4000 5fff 0 ffff 0 ffff 0 ffff 1a 3 21f4
ef83 ef83 6880 68bf 4000 5fff 0 ffff 0 ffff 0 ffff 1a 3 21f5
cd0 cd0 0 7fff afd0 afdf 0 ffff 0 ffff 0 ffff 11 c 21f6
6842 6842 0 7fff 8c40 8c4f 0 ffff 0 ffff 0 ffff 11 c 21f7
cd4 cd7 0 ffff a800 abff 0 ffff 0 ffff 400 ffff e 6 21f8
800 bff 0 ffff 65f4 65f7 0 ffff 0 ffff 400 ffff 6 e 21f9
8400 87ff 0 ffff 571c 571f 0 ffff 0 ffff 400 ffff 6 e 21fa
cd8 cdf 0 ffff ae00 aeff 0 ffff 0 ffff 0 ffff d 8 21fb
cd0 cd0 96f0 96ff 0 7fff 0 ffff 0 ffff 0 ffff 1c 1 21fc
6842 6842 cc30 cc3f 0 7fff 0 ffff 0 ffff 0 ffff 1c 1 21fd
6842 6842 cc30 cc3f 8000 ffff 0 ffff 0 ffff 0 ffff 1c 1 21fe
8112 8112 fe70 fe7f 0 7fff 0 ffff 0 ffff 0 ffff 1c 1 21ff
c00 c7f 0 ffff afc8 afc8 0 fff 0 ffff 0 ffff 9 14 2200
cd0 cd0 8000 8fff 2000 207f 0 ffff 0 ffff 0 ffff 14 9 2201
6842 6842 d000 dfff 1300 137f 0 ffff 0 ffff 0 ffff 14 9 2202
ef83 ef83 7000 7fff 6500 657f 0 ffff 0 ffff 0 ffff 14 9 2203
cc0 ccf 0 ffff ae00 aeff 0 ffff 0 ffff 400 ffff c 8 2204
6850 685f 0 ffff 1200 12ff 0 ffff 0 ffff 400 ffff c 8 2205
ef90 ef9f 0 ffff 8d00 8dff 0 ffff 0 ffff 400 ffff c 8 2206
1000 1fff 0 ffff afc9 afc9 0 ffff 0 ffff 400 ffff 4 10 2207
cd0 cd0 96e0 96e7 0 ffff 0 ffff 0 ffff 0 ffff 1d 0 2208
6842 6842 cc28 cc2f 0 ffff 0 ffff 0 ffff 0 ffff 1d 0 2209
8112 8112 fe68 fe6f 0 ffff 0 ffff 0 ffff 0 ffff 1d 0 220a
ef83 ef83 68f0 68f7 0 ffff 0 ffff 0 ffff 0 ffff 1d 0 220b
d00 dff 0 ffff afc0 afc7 0 ffff 0 ffff 0 ffff 8 d 220c
1000 1fff 0 ffff afc8 afc8 1100 117f 0 ffff 0 ffff 4 19 220d
2000 3fff 0 ffff 4000 7fff 0 ffff 0 ffff 50 50 3 2 220e
4000 5fff 0 ffff 8000 bfff 0 ffff 0 ffff 202 202 3 2 220f
c000 dfff 0 ffff 4000 7fff 0 ffff 0 ffff 45 45 3 2 2210
0 3fff 0 ffff 65f1 65f1 0 1fff 0 ffff 0 ffff 2 13 2211
c00 c7f 0 ffff 13c0 13df 0 ffff 400 ffff 0 ffff 9 b 2212
6880 68ff 0 ffff 20e0 20ef 0 ffff 0 ffff 0 ffff 9 c 2213
6843 6843 0 ffff 65f8 65ff 0 ffff 0 ffff 0 ffff 10 d 2214
8113 8113 0 ffff 5710 5717 0 ffff 0 ffff 0 ffff 10 d 2215
8113 8113 0 ffff 8c50 8c57 0 ffff 0 ffff 0 ffff 10 d 2216
ef82 ef82 0 ffff eeb0 eeb7 0 ffff 0 ffff 0 ffff 10 d 2217
6000 67ff 0 ffff 0 ffff 0 ffff 0 ffff 50 50 5 0 2218
e000 e7ff 0 ffff 0 ffff 0 ffff 0 ffff 8f 8f 5 0 2219
4000 7fff 0 ffff a000 bfff 0 ffff 0 ffff 89 89 2 3 221a
4000 7fff 0 ffff a000 bfff 0 ffff 0 ffff 202 202 2 3 221b
6a00 6bff 0 ffff 20f8 20ff 0 ffff 0 ffff 400 ffff 7 d 221c
6850 685f 0 ffff 13ec 13ec 0 7fff 0 ffff 0 ffff c 11 221d
8100 810f 0 ffff 8c5b 8c5b 8000 ffff 0 ffff 0 ffff c 11 221e
ef90 ef9f 0 ffff eebb eebb 8000 ffff 0 ffff 0 ffff c 11 221f
6880 68ff 0 ffff afe0 afff 0 ffff 0 ffff 400 ffff 9 b 2220
4000 5fff 0 ffff 13ec 13ec c000 ffff 0 ffff 0 ffff 3 12 2221
a000 bfff 0 ffff 20f3 20f3 0 3fff 0 ffff 0 ffff 3 12 2222
7000 7fff 0 ffff 8c5a 8c5a 0 ffff 0 ffff 0 ffff 4 10 2223
0 7fff 0 ffff 8000 9fff 0 ffff 0 ffff 19 19 1 3 2224
8000 ffff 0 ffff 6000 7fff 0 ffff 0 ffff 45 45 1 3 2225
6842 6842 c000 c7ff 8d00 8dff 0 ffff 0 ffff 0 ffff 15 8 2226
ef83 ef83 6000 67ff 8d00 8dff 0 ffff 0 ffff 0 ffff 15 8 2227
6844 6847 0 ffff 8c58 8c59 0 ffff 0 ffff 0 ffff e f 2228
6844 6847 0 ffff 65f2 65f3 0 ffff 0 ffff 0 ffff e f 2229
8114 8117 0 ffff 20f0 20f1 0 ffff 0 ffff 0 ffff e f 222a
ef84 ef87 0 ffff 8c58 8c59 0 ffff 0 ffff 0 ffff e f 222b
6843 6843 0 ffff 0 fff 0 ffff 0 ffff 0 ffff 10 4 222c
6842 6842 8000 bfff 0 1fff 0 ffff 0 ffff 0 ffff 12 3 222d
ef83 ef83 0 3fff e000 ffff 0 ffff 0 ffff 0 ffff 12 3 222e
6842 6842 cc00 cc1f 8000 bfff 0 ffff 0 ffff 0 ffff 1b 2 222f
ef83 ef83 68c0 68df 8000 bfff 0 ffff 0 ffff 0 ffff 1b 2 2230
ef83 ef83 68c0 68df 4000 7fff 0 ffff 0 ffff 0 ffff 1b 2 2231
6848 684f 0 ffff 8e00 8fff 0 ffff 0 ffff 400 ffff d 7 2232
6a00 6bff 0 ffff 65f4 65f7 0 ffff 0 ffff 0 ffff 7 e 2233
8200 83ff 0 ffff 8c5c 8c5f 0 ffff 0 ffff 0 ffff 7 e 2234
6844 6847 0 ffff 8e00 8fff 0 ffff 0 ffff 0 ffff e 7 2235
6860 687f 0 ffff 1300 137f 0 ffff 0 ffff 400 ffff b 9 2236
6800 683f 0 ffff 8c00 8c3f 0 ffff 0 ffff 400 ffff a a 2237
efc0 efff 0 ffff 8c00 8c3f 0 ffff 0 ffff 400 ffff a a 2238
8120 813f 0 ffff eebb eebb 0 3fff 0 ffff 0 ffff b 12 2239
8118 811f 0 ffff 8e00 8fff 0 ffff 0 ffff 0 ffff d 7 223a
8180 81ff 0 ffff 8c60 8c7f 0 ffff 0 ffff 0 ffff 9 b 223b
8112 8112 c000 dfff 8c00 8c3f 0 ffff 0 ffff 0 ffff 13 a 223c
ef83 ef83 4000 5fff eec0 eeff 0 ffff 0 ffff 0 ffff 13 a 223d
ef88 ef8f 0 ffff 5719 5719 0 ffff 0 ffff 0 ffff d 10 223e
ef88 ef8f 0 ffff 65f0 65f0 0 ffff 0 ffff 0 ffff d 10 223f
efc0 efff 0 ffff 5720 573f 0 ffff 0 ffff 0 ffff a b 2240
efc0 efff 0 ffff 65c0 65df 0 ffff 0 ffff 0 ffff a b 2241
efc0 efff 0 ffff 65c0 65df 0 ffff 0 ffff 0 ffff a b 2242
ef83 ef83 6a00 6bff 8800 8bff 0 ffff 0 ffff 0 ffff 17 6 2243
ef83 ef83 6a00 6bff 6000 63ff 0 ffff 0 ffff 0 ffff 17 6 2244
c000 ffff 0 ffff 8000 bfff 0 ffff 0 ffff 45 45 2 2 2245
efc0 efff 0 ffff eec0 eeff 0 ffff 0 ffff 0 ffff a a 2246
f000 ffff 0 ffff 0 7fff 0 ffff 0 ffff 50 50 4 1 2247
0 ffff 0 ffff d000 d7ff 0 ffff 0 ffff 35 35 0 5 2248
ef80 ef81 0 ffff 8800 8bff 0 ffff 0 ffff 0 ffff f 6 2249
f000 ffff 0 ffff 65f1 65f1 8000 ffff 0 ffff 0 ffff 4 11 224a
efa0 efbf 0 ffff 8c00 8c3f 0 ffff 0 ffff 0 ffff b a 224b
ee00 eeff 0 ffff 65e0 65ef 0 ffff 0 ffff 400 ffff 8 c 224c
ef83 ef83 0 3fff 4000 7fff 0 ffff 0 ffff 400 ffff 12 2 224d
e800 ebff 0 ffff 65f1 65f1 3a00 3bff 0 ffff 0 ffff 6 17 224e
ef80 ef81 0 ffff 6800 6fff 0 ffff 0 ffff 0 ffff f 5 224f
ef80 ef81 0 ffff 8000 87ff 0 ffff 400 ffff 0 ffff f 5 2250
ef90 ef9f 0 ffff 6500 657f 0 ffff 0 ffff 0 ffff c 9 2251
cd1 cd1 0 ffff 7000 7fff 0 ffff 0 ffff 0 ffff 10 4 2252
0 7fff 0 ffff dfac dfac 0 3fff 0 ffff 400 ffff 1 12 2253
e00 fff 0 ffff dfac dfac 7800 7fff 0 ffff 0 ffff 7 15 2254
ec00 edff 0 ffff 65f1 65f1 3000 37ff 0 ffff 0 ffff 7 15 2255
0 7fff 0 ffff afc8 afc8 2000 3fff 0 ffff 0 ffff 1 13 2256
0 3fff 0 ffff 0 7fff 0 ffff 0 ffff 35 35 2 1 2257
cd4 cd7 0 ffff afcc afcf 0 ffff 0 ffff 0 ffff e e 2258
2000 3fff 0 ffff afc8 afc8 1100 117f 0 ffff 0 ffff 3 19 2259
4000 5fff 0 ffff 13ec 13ec a800 a87f 0 ffff 0 ffff 3 19 225a
c00 c7f 0 ffff afc8 afc8 2000 3fff 0 ffff 0 ffff 9 13 225b
cd8 cdf 0 ffff afca afcb 0 ffff 0 ffff 0 ffff d f 225c
6848 684f 0 ffff 8c58 8c59 0 ffff 0 ffff 0 ffff d f 225d
ef88 ef8f 0 ffff eeb8 eeb9 0 ffff 0 ffff 0 ffff d f 225e
cd2 cd3 0 ffff 13e0 13e7 0 ffff 0 ffff 0 ffff f d 225f
6840 6841 0 ffff 8c50 8c57 0 ffff 0 ffff 0 ffff f d 2260
cc0 ccf 0 ffff 65f0 65f0 0 ffff 0 ffff 0 ffff c 10 2261
cc0 ccf 0 ffff 13ed 13ed 0 ffff 0 ffff 0 ffff c 10 2262
6850 685f 0 ffff 13ed 13ed 0 ffff 0 ffff 0 ffff c 10 2263
6850 685f 0 ffff 8c5a 8c5a 0 ffff 0 ffff 0 ffff c 10 2264
0 7fff 0 ffff afc8 afc8 1180 119f 0 ffff 0 ffff 1 1b 2265
cd2 cd3 0 ffff b000 bfff 0 ffff 0 ffff 400 ffff f 4 2266
cd2 cd3 0 ffff a000 a7ff 0 ffff 0 ffff 0 ffff f 5 2267
2000 3fff 0 ffff 0 ffff 0 ffff 0 ffff 89 89 3 0 2268
d00 dff 0 ffff afe0 afff 0 ffff 0 ffff 0 ffff 8 b 2269
d00 dff 0 ffff afe0 afff 0 ffff 0 ffff 0 ffff 8 b 226a
ee00 eeff 0 ffff 65c0 65df 0 ffff 0 ffff 0 ffff 8 b 226b
ee00 eeff 0 ffff 8c60 8c7f 0 ffff 0 ffff 0 ffff 8 b 226c
ee00 eeff 0 ffff df80 df9f 0 ffff 0 ffff 0 ffff 8 b 226d
d00 dff 0 ffff 20f3 20f3 7000 7fff 0 ffff 0 ffff 8 14 226e
8000 80ff 0 ffff eebb eebb 4000 4fff 0 ffff 0 ffff 8 14 226f
4000 7fff 0 ffff 0 3fff 0 ffff 0 ffff 35 35 2 2 2270
c000 ffff 0 ffff 4000 7fff 0 ffff 0 ffff 6bb 6bb 2 2 2271
6844 6847 0 ffff a000 a7ff 0 ffff 0 ffff 400 ffff e 5 2272
6842 6842 0 7fff 65c0 65df 0 ffff 0 ffff 0 ffff 11 b 2273
8112 8112 0 7fff ee80 ee9f 0 ffff 0 ffff 0 ffff 11 b 2274
6844 6847 0 ffff a800 abff 0 ffff 0 ffff 0 ffff e 6 2275
6844 6847 0 ffff 6000 63ff 0 ffff 0 ffff 0 ffff e 6 2276
0 ffff 0 ffff c000 dfff 0 ffff 0 ffff 50 50 0 3 2277
0 ffff 0 ffff c000 dfff 0 ffff 0 ffff a2 a2 0 3 2278
7000 7fff 0 ffff 8c5b 8c5b 1d00 1dff 0 ffff 0 ffff 4 18 2279
6000 67ff 0 ffff 13ec 13ec aa00 abff 0 ffff 0 ffff 5 17 227a
e000 e7ff 0 ffff 65f1 65f1 3a00 3bff 0 ffff 0 ffff 5 17 227b
6800 683f 0 ffff 6580 65bf 0 ffff 0 ffff 0 ffff a a 227c
6800 683f 0 ffff 8c00 8c3f 0 ffff 0 ffff 0 ffff a a 227d
8140 817f 0 ffff 5740 577f 0 ffff 0 ffff 0 ffff a a 227e
efc0 efff 0 ffff 5740 577f 0 ffff 0 ffff 0 ffff a a 227f
efc0 efff 0 ffff eec0 eeff 0 ffff 0 ffff 0 ffff a a 2280
6843 6843 0 ffff 8c40 8c4f 0 ffff 0 ffff 0 ffff 10 c 2281
8113 8113 0 ffff 8c40 8c4f 0 ffff 0 ffff 0 ffff 10 c 2282
6c00 6fff 0 ffff 8c50 8c57 0 ffff 0 ffff 400 ffff 6 d 2283
6800 683f 0 ffff 8c5b 8c5b 4000 7fff 0 ffff 0 ffff a 12 2284
efc0 efff 0 ffff 8c5b 8c5b 4000 7fff 0 ffff 0 ffff a 12 2285
6860 687f 0 ffff 8c5b 8c5b 8000 ffff 0 ffff 0 ffff b 11 2286
8120 813f 0 ffff eebb eebb 8000 ffff 0 ffff 0 ffff b 11 2287
efa0 efbf 0 ffff 8c5b 8c5b 8000 ffff 0 ffff 0 ffff b 11 2288
4000 7fff 0 ffff 13ec 13ec a8c0 a8ff 0 ffff 0 ffff 2 1a 2289
6842 6842 e000 ffff 8c80 8cff 0 ffff 0 ffff 0 ffff 13 9 228a
6842 6842 e000 ffff 1300 137f 0 ffff 0 ffff 0 ffff 13 9 228b
6842 6842 cc40 cc7f 4000 7fff 0 ffff 0 ffff 0 ffff 1a 2 228c
6850 685f 0 ffff 8e00 8fff 0 ffff 0 ffff 0 ffff c 7 228d
6c00 6fff 0 ffff 8c5b 8c5b 1800 1bff 0 ffff 0 ffff 6 16 228e
e800 ebff 0 ffff dfac dfac 7000 73ff 0 ffff 0 ffff 6 16 228f
8120 813f 0 ffff 5600 56ff 0 ffff 0 ffff 400 ffff b 8 2290
8100 810f 0 ffff 8d00 8dff 0 ffff 0 ffff 0 ffff c 8 2291
8112 8112 f000 f7ff 5400 55ff 0 ffff 0 ffff 0 ffff 15 7 2292
8112 8112 fc00 fdff 8000 87ff 0 ffff 0 ffff 0 ffff 17 5 2293
8180 81ff 0 ffff 5740 577f 0 ffff 0 ffff 400 ffff 9 a 2294
8118 811f 0 ffff 8800 8bff 0 ffff 0 ffff 0 ffff d 6 2295
0 ffff 0 ffff dfac dfac 7750 775f 0 ffff 0 ffff 0 1c 2296
0 ffff 0 ffff dfac dfac 4000 5fff 0 ffff 0 ffff 0 13 2297
efc0 efff 0 ffff 5780 57ff 0 ffff 0 ffff 0 ffff a 9 2298
ef88 ef8f 0 ffff e800 ebff 0 ffff 0 ffff 400 ffff d 6 2299
f000 ffff 0 ffff 0 ffff 0 ffff 0 ffff 50 50 4 0 229a
f000 ffff 0 ffff 0 ffff 0 ffff 0 ffff 19 19 4 0 229b
0 ffff 0 ffff dfac dfac 4000 5fff 0 ffff 400 ffff 0 13 229c
0 ffff 0 ffff c000 cfff 0 ffff 0 ffff 232b 232b 0 4 229d
ef83 ef83 0 3fff 6580 65bf 0 ffff 0 ffff 0 ffff 12 a 229e
ef00 ef7f 0 ffff 6580 65bf 0 ffff 0 ffff 0 ffff 9 a 229f
ef83 ef83 4000 5fff 8000 ffff 0 ffff 0 ffff 0 ffff 13 1 22a0
ef83 ef83 0 3fff 4000 7fff 0 ffff 0 ffff 0 ffff 12 2 22a1
ec00 edff 0 ffff 65e0 65ef 0 ffff 0 ffff 400 ffff 7 c 22a2
cd1 cd1 0 ffff df80 df9f 0 ffff 0 ffff 0 ffff 10 b 22a3
6843 6843 0 ffff 65c0 65df 0 ffff 0 ffff 0 ffff 10 b 22a4
ef82 ef82 0 ffff 5720 573f 0 ffff 0 ffff 0 ffff 10 b 22a5
cd2 cd3 0 ffff dfb0 dfbf 0 ffff 0 ffff 0 ffff f c 22a6
6840 6841 0 ffff 65e0 65ef 0 ffff 0 ffff 0 ffff f c 22a7
6840 6841 0 ffff 13f0 13ff 0 ffff 0 ffff 0 ffff f c 22a8
cd0 cd0 a000 bfff 6400 64ff 0 ffff 0 ffff 0 ffff 13 8 22a9
cd0 cd0 a000 bfff ae00 aeff 0 ffff 0 ffff 0 ffff 13 8 22aa
8112 8112 c000 dfff 5600 56ff 0 ffff 0 ffff 0 ffff 13 8 22ab
cd0 cd0 c000 ffff 6500 657f 0 ffff 0 ffff 0 ffff 12 9 22ac
6842 6842 8000 bfff 1300 137f 0 ffff 0 ffff 0 ffff 12 9 22ad
cc0 ccf 0 ffff dfae dfaf 0 ffff 0 ffff 0 ffff c f 22ae
cc0 ccf 0 ffff 13ee 13ef 0 ffff 0 ffff 0 ffff c f 22af
8100 810f 0 ffff 571a 571b 0 ffff 0 ffff 0 ffff c f 22b0
0 ffff 0 ffff c000 dfff 0 ffff 0 ffff 71 71 0 3 22b1
0 ffff 0 ffff c000 dfff 0 ffff 0 ffff 45 45 0 3 22b2
0 ffff 0 ffff c000 dfff 0 ffff 0 ffff 232b 232b 0 3 22b3
0 ffff 0 ffff c000 dfff 0 ffff 0 ffff 45 45 0 3 22b4
cd8 cdf 0 ffff 13e8 13eb 0 ffff 0 ffff 0 ffff d e 22b5
6848 684f 0 ffff 8c5c 8c5f 0 ffff 0 ffff 0 ffff d e 22b6
8118 811f 0 ffff afcc afcf 0 ffff 0 ffff 0 ffff d e 22b7
ef88 ef8f 0 ffff 65f4 65f7 0 ffff 0 ffff 0 ffff d e 22b8
cd4 cd7 0 ffff afc0 afc7 0 ffff 0 ffff 0 ffff e d 22b9
6844 6847 0 ffff 8c50 8c57 0 ffff 0 ffff 0 ffff e d 22ba
6844 6847 0 ffff 65f8 65ff 0 ffff 0 ffff 0 ffff e d 22bb
ef84 ef87 0 ffff 8c50 8c57 0 ffff 0 ffff 0 ffff e d 22bc
ef84 ef87 0 ffff 65f8 65ff 0 ffff 0 ffff 0 ffff e d 22bd
d00 dff 0 ffff afe0 afff 0 ffff 0 ffff 0 ffff 8 b 22be
0 3fff 0 ffff 8000 ffff 0 ffff 0 ffff 202 202 2 1 22bf
0 3fff 0 ffff 8000 ffff 0 ffff 0 ffff 4be 4be 2 1 22c0
cd0 cd0 9600 967f 8000 bfff 0 ffff 0 ffff 0 ffff 19 2 22c1
8112 8112 fe80 feff 0 3fff 0 ffff 0 ffff 0 ffff 19 2 22c2
800 bff 0 ffff 65f8 65ff 0 ffff 0 ffff 0 ffff 6 d 22c3
6c00 6fff 0 ffff afc0 afc7 0 ffff 0 ffff 0 ffff 6 d 22c4
8400 87ff 0 ffff eeb0 eeb7 0 ffff 0 ffff 0 ffff 6 d 22c5
e800 ebff 0 ffff eeb0 eeb7 0 ffff 0 ffff 0 ffff 6 d 22c6
c00 c7f 0 ffff 65f1 65f1 4000 7fff 0 ffff 0 ffff 9 12 22c7
c00 c7f 0 ffff afc8 afc8 4000 7fff 0 ffff 0 ffff 9 12 22c8
8180 81ff 0 ffff 5718 5718 8000 bfff 0 ffff 0 ffff 9 12 22c9
ef00 ef7f 0 ffff 65f1 65f1 4000 7fff 0 ffff 0 ffff 9 12 22ca
ef00 ef7f 0 ffff 8c5b 8c5b 4000 7fff 0 ffff 0 ffff 9 12 22cb
cd8 cdf 0 ffff a000 a7ff 0 ffff 0 ffff 400 ffff d 5 22cc
800 bff 0 ffff 13f0 13ff 0 ffff 0 ffff 0 ffff 6 c 22cd
0 7fff 0 ffff 8000 bfff 0 ffff 0 ffff 202 202 1 2 22ce
0 7fff 0 ffff 8000 bfff 0 ffff 0 ffff 77 77 1 2 22cf
8000 ffff 0 ffff 4000 7fff 0 ffff 0 ffff 202 202 1 2 22d0
8000 ffff 0 ffff 4000 7fff 0 ffff 0 ffff 232b 232b 1 2 22d1
6840 6841 0 ffff 9000 9fff 0 ffff 0 ffff 0 ffff f 4 22d2
6842 6842 c800 cbff 8000 87ff 0 ffff 0 ffff 0 ffff 16 5 22d3
ef83 ef83 6c00 6fff e000 e7ff 0 ffff 0 ffff 0 ffff 16 5 22d4
4000 7fff 0 ffff 8c5b 8c5b 1c80 1cff 0 ffff 0 ffff 2 19 22d5
c000 ffff 0 ffff 65f1 65f1 3880 38ff 0 ffff 0 ffff 2 19 22d6
0 ffff 0 ffff c000 dfff 0 ffff 15ae 15ae 0 ffff 0 3 22d7
6844 6847 0 ffff 9000 9fff 0 ffff 0 ffff 400 ffff e 4 22d8
ef84 ef87 0 ffff 7000 7fff 0 ffff 0 ffff 400 ffff e 4 22d9
6842 6842 0 7fff 6580 65bf 0 ffff 0 ffff 0 ffff 11 a 22da
6842 6842 0 7fff 1380 13bf 0 ffff 0 ffff 0 ffff 11 a 22db
8112 8112 0 7fff eec0 eeff 0 ffff 0 ffff 0 ffff 11 a 22dc
ef83 ef83 8000 ffff 6580 65bf 0 ffff 0 ffff 0 ffff 11 a 22dd
6848 684f 0 ffff 8800 8bff 0 ffff 0 ffff 0 ffff d 6 22de
7000 7fff 0 ffff 13ee 13ef 0 ffff 0 ffff 0 ffff 4 f 22df
6842 6842 cd00 cdff 0 1fff 0 ffff 0 ffff 0 ffff 18 3 22e0
6c00 6fff 0 ffff 65e0 65ef 0 ffff 0 ffff 400 ffff 6 c 22e1
6840 6841 0 ffff 6000 7fff 0 ffff 0 ffff 0 ffff f 3 22e2
6842 6842 c000 c7ff 8800 8bff 0 ffff 0 ffff 0 ffff 15 6 22e3
4000 5fff 0 ffff 0 ffff 0 ffff 0 ffff 202 202 3 0 22e4
a000 bfff 0 ffff 0 ffff 0 ffff 0 ffff 232b 232b 3 0 22e5
a000 bfff 0 ffff 0 ffff 0 ffff 0 ffff 9f5 9f5 3 0 22e6
4000 5fff 0 ffff 8c5b 8c5b 1d00 1dff 0 ffff 0 ffff 3 18 22e7
a000 bfff 0 ffff eebb eebb 5600 56ff 0 ffff 0 ffff 3 18 22e8
6a00 6bff 0 ffff 13ec 13ec b000 bfff 0 ffff 0 ffff 7 14 22e9
8200 83ff 0 ffff 5718 5718 d000 dfff 0 ffff 0 ffff 7 14 22ea
4000 7fff 0 ffff 0 ffff 0 ffff 0 ffff 202 202 2 0 22eb
6c00 6fff 0 ffff 65f1 65f1 3000 37ff 0 ffff 0 ffff 6 15 22ec
e800 ebff 0 ffff 8c5b 8c5b 1000 17ff 0 ffff 0 ffff 6 15 22ed
7000 7fff 0 ffff 65f1 65f1 3a00 3bff 0 ffff 0 ffff 4 17 22ee
f000 ffff 0 ffff 65f1 65f1 3a00 3bff 0 ffff 0 ffff 4 17 22ef
f000 ffff 0 ffff eebb eebb 5400 55ff 0 ffff 0 ffff 4 17 22f0
6860 687f 0 ffff 13ed 13ed 0 ffff 0 ffff 0 ffff b 10 22f1
8120 813f 0 ffff 20f2 20f2 0 ffff 0 ffff 0 ffff b 10 22f2
6800 683f 0 ffff 8c5b 8c5b 8000 ffff 0 ffff 0 ffff a 11 22f3
8140 817f 0 ffff 5718 5718 0 7fff 0 ffff 0 ffff a 11 22f4
efc0 efff 0 ffff eebb eebb 8000 ffff 0 ffff 0 ffff a 11 22f5
efc0 efff 0 ffff 65f1 65f1 8000 ffff 0 ffff 0 ffff a 11 22f6
8100 810f 0 ffff 2200 23ff 0 ffff 0 ffff 0 ffff c 7 22f7
ef90 ef9f 0 ffff ec00 edff 0 ffff 0 ffff 0 ffff c 7 22f8
ef90 ef9f 0 ffff ec00 edff 0 ffff 0 ffff 0 ffff c 7 22f9
0 ffff 0 ffff dfac dfac 7760 777f 0 ffff 0 ffff 0 1b 22fa
8180 81ff 0 ffff 2000 207f 0 ffff 0 ffff 0 ffff 9 9 22fb
8112 8112 0 7fff 4000 7fff 0 ffff 0 ffff 0 ffff 11 2 22fc
8140 817f 0 ffff 8d00 8dff 0 ffff 0 ffff 0 ffff a 8 22fd
8120 813f 0 ffff 5400 55ff 0 ffff 0 ffff 0 ffff b 7 22fe
efa0 efbf 0 ffff 6600 67ff 0 ffff 0 ffff 0 ffff b 7 22ff
ef82 ef82 0 ffff e000 ffff 0 ffff 0 ffff 0 ffff 10 3 2300
ee00 eeff 0 ffff eebb eebb 6000 7fff 0 ffff 0 ffff 8 13 2301
ee00 eeff 0 ffff 8c5b 8c5b 2000 3fff 0 ffff 0 ffff 8 13 2302
ef83 ef83 0 3fff 8000 ffff 0 ffff 0 ffff 0 ffff 12 1 2303
efa0 efbf 0 ffff 8d00 8dff 0 ffff 0 ffff 0 ffff b 8 2304
ef83 ef83 0 3fff 0 ffff 0 ffff 0 ffff 0 ffff 12 0 2305
ef00 ef7f 0 ffff 6500 657f 0 ffff 0 ffff 400 ffff 9 9 2306
ef88 ef8f 0 ffff 6800 6fff 0 ffff 0 ffff 0 ffff d 5 2307
efc0 efff 0 ffff 6500 657f 0 ffff 0 ffff 0 ffff a 9 2308
0 ffff 0 ffff dfac dfac 0 3fff 0 ffff 0 ffff 0 12 2309
ef83 ef83 6a00 6bff 7000 7fff 0 ffff 0 ffff 0 ffff 17 4 230a
e000 e7ff 0 ffff 8c50 8c57 0 ffff 0 ffff 400 ffff 5 d 230b
ec00 edff 0 ffff 8c60 8c7f 0 ffff 0 ffff 400 ffff 7 b 230c
cd0 cd0 c000 ffff de00 deff 0 ffff 0 ffff 0 ffff 12 8 230d
6842 6842 8000 bfff 8d00 8dff 0 ffff 0 ffff 0 ffff 12 8 230e
8112 8112 8000 bfff ef00 efff 0 ffff 0 ffff 0 ffff 12 8 230f
d00 dff 0 ffff dfac dfac 0 3fff 0 ffff 0 ffff 8 12 2310
8000 80ff 0 ffff eebb eebb 0 3fff 0 ffff 0 ffff 8 12 2311
0 ffff 0 ffff dfac dfac 7700 773f 0 ffff 0 ffff 0 1a 2312
cd0 cd0 9400 95ff 0 1fff 0 ffff 0 ffff 0 ffff 17 3 2313
ef83 ef83 6a00 6bff 8000 9fff 0 ffff 0 ffff 0 ffff 17 3 2314
0 7ff 0 ffff dfac dfac 7800 7fff 0 ffff 0 ffff 5 15 2315
e000 e7ff 0 ffff 65f1 65f1 3000 37ff 0 ffff 0 ffff 5 15 2316
0 7ff 0 ffff 13e0 13e7 0 ffff 0 ffff 0 ffff 5 d 2317
e000 e7ff 0 ffff 5710 5717 0 ffff 0 ffff 0 ffff 5 d 2318
c00 c7f 0 ffff 13ec 13ec 0 7fff 0 ffff 0 ffff 9 11 2319
c00 c7f 0 ffff 65f1 65f1 8000 ffff 0 ffff 0 ffff 9 11 231a
6880 68ff 0 ffff 13ec 13ec 0 7fff 0 ffff 0 ffff 9 11 231b
6880 68ff 0 ffff 65f1 65f1 8000 ffff 0 ffff 0 ffff 9 11 231c
0 7fff 0 ffff 0 ffff 0 ffff 0 ffff 8b 8b 1 0 231d
0 7fff 0 ffff 0 ffff 0 ffff 0 ffff 202 202 1 0 231e
8000 ffff 0 ffff 0 ffff 0 ffff 0 ffff 599 599 1 0 231f
0 7fff 0 ffff afc8 afc8 1100 117f 0 ffff 0 ffff 1 19 2320
0 7fff 0 ffff 8c5b 8c5b 1c80 1cff 0 ffff 0 ffff 1 19 2321
8000 ffff 0 ffff 20f3 20f3 6500 657f 0 ffff 0 ffff 1 19 2322
8000 ffff 0 ffff 5718 5718 ca80 caff 0 ffff 0 ffff 1 19 2323
8000 ffff 0 ffff 65f1 65f1 3880 38ff 0 ffff 0 ffff 1 19 2324
cd8 cdf 0 ffff 13e0 13e7 0 ffff 0 ffff 0 ffff d d 2325
cd8 cdf 0 ffff afc0 afc7 0 ffff 0 ffff 0 ffff d d 2326
8118 811f 0 ffff 5710 5717 0 ffff 0 ffff 0 ffff d d 2327
ef88 ef8f 0 ffff 8c50 8c57 0 ffff 0 ffff 0 ffff d d 2328
ef88 ef8f 0 ffff 65f8 65ff 0 ffff 0 ffff 0 ffff d d 2329
ef88 ef8f 0 ffff eeb0 eeb7 0 ffff 0 ffff 0 ffff d d 232a
0 7fff 0 ffff 8000 ffff 0 ffff 0 ffff 50 50 1 1 232b
8000 ffff 0 ffff 0 7fff 0 ffff 0 ffff 202 202 1 1 232c
cd0 cd0 a000 bfff ac00 adff 0 ffff 0 ffff 0 ffff 13 7 232d
8112 8112 c000 dfff 5400 55ff 0 ffff 0 ffff 0 ffff 13 7 232e
e00 fff 0 ffff af80 afbf 0 ffff 0 ffff 0 ffff 7 a 232f
cd1 cd1 0 ffff af80 afbf 0 ffff 0 ffff 0 ffff 10 a 2330
ef82 ef82 0 ffff 8c00 8c3f 0 ffff 0 ffff 0 ffff 10 a 2331
ef82 ef82 0 ffff eec0 eeff 0 ffff 0 ffff 0 ffff 10 a 2332
c80 cbf 0 ffff afc9 afc9 0 ffff 0 ffff 0 ffff a 10 2333
cd0 cd0 9680 96bf 0 ffff 0 ffff 0 ffff 0 ffff 1a 0 2334
8112 8112 fe00 fe3f 0 ffff 0 ffff 0 ffff 0 ffff 1a 0 2335
ef83 ef83 6880 68bf 0 ffff 0 ffff 0 ffff 0 ffff 1a 0 2336
c80 cbf 0 ffff 1200 12ff 0 ffff 0 ffff 0 ffff a 8 2337
e00 fff 0 ffff afc8 afc8 2000 3fff 0 ffff 0 ffff 7 13 2338
c80 cbf 0 ffff 1000 11ff 0 ffff 0 ffff 0 ffff a 7 2339
0 3fff 0 ffff 0 ffff 0 ffff 0 ffff 77 77 2 0 233a
4000 7fff 0 ffff 0 ffff 0 ffff 0 ffff a2 a2 2 0 233b
4000 7fff 0 ffff 0 ffff 0 ffff 0 ffff 87 87 2 0 233c
8000 bfff 0 ffff 0 ffff 0 ffff 0 ffff 202 202 2 0 233d
8000 bfff 0 ffff 0 ffff 0 ffff 0 ffff 232b 232b 2 0 233e
c000 ffff 0 ffff 0 ffff 0 ffff 0 ffff 232b 232b 2 0 233f
d00 dff 0 ffff af00 af7f 0 ffff 0 ffff 400 ffff 8 9 2340
7000 7fff 0 ffff 5718 5718 cc00 cfff 0 ffff 0 ffff 4 16 2341
6a00 6bff 0 ffff 20c0 20df 0 ffff 0 ffff 0 ffff 7 b 2342
6848 684f 0 ffff 7000 7fff 0 ffff 0 ffff 400 ffff d 4 2343
4000 5fff 0 ffff afc8 afc8 1200 13ff 0 ffff 0 ffff 3 17 2344
0 ffff 0 ffff 8000 ffff 0 ffff 0 ffff 8f 8f 0 1 2345
6840 6841 0 ffff 65c0 65df 0 ffff 0 ffff 0 ffff f b 2346
8110 8111 0 ffff 5720 573f 0 ffff 0 ffff 0 ffff f b 2347
6860 687f 0 ffff 8c58 8c59 0 ffff 0 ffff 0 ffff b f 2348
6844 6847 0 ffff 8000 9fff 0 ffff 0 ffff 0 ffff e 3 2349
6850 685f 0 ffff 6000 63ff 0 ffff 0 ffff 0 ffff c 6 234a
8100 810f 0 ffff 8800 8bff 0 ffff 0 ffff 0 ffff c 6 234b
4000 5fff 0 ffff 13e8 13eb 0 ffff 0 ffff 0 ffff 3 e 234c
4000 5fff 0 ffff 8c58 8c59 0 ffff 0 ffff 0 ffff 3 f 234d
6880 68ff 0 ffff 8c80 8cff 0 ffff 0 ffff 0 ffff 9 9 234e
4000 7fff 0 ffff 0 ffff 0 ffff 1590 1590 0 ffff 2 0 234f
0 ffff 0 ffff c000 ffff 0 ffff 0 ffff 35 35 0 2 2350
8112 8112 e000 efff 8800 8bff 0 ffff 0 ffff 0 ffff 14 6 2351
9000 9fff 0 ffff 8c5c 8c5f 0 ffff 0 ffff 0 ffff 4 e 2352
f000 ffff 0 ffff 8c5c 8c5f 0 ffff 0 ffff 0 ffff 4 e 2353
8112 8112 fe80 feff 8000 ffff 0 ffff 0 ffff 0 ffff 19 1 2354
ef83 ef83 6800 687f 0 7fff 0 ffff 0 ffff 0 ffff 19 1 2355
8000 bfff 0 ffff 571a 571b 0 ffff 0 ffff 400 ffff 2 f 2356
ef83 ef83 8000 ffff 5780 57ff 0 ffff 0 ffff 0 ffff 11 9 2357
ef83 ef83 6c00 6fff 4000 4fff 0 ffff 0 ffff 0 ffff 16 4 2358
ef00 ef7f 0 ffff ef00 efff 0 ffff 0 ffff 400 ffff 9 8 2359
ef83 ef83 6900 69ff c000 ffff 0 ffff 0 ffff 0 ffff 18 2 235a
ef84 ef87 0 ffff 9000 9fff 0 ffff 0 ffff 0 ffff e 4 235b
efa0 efbf 0 ffff 6600 67ff 0 ffff 0 ffff 0 ffff b 7 235c
ef83 ef83 6000 67ff 6800 6fff 0 ffff 0 ffff 0 ffff 15 5 235d
e000 e7ff 0 ffff 65e0 65ef 0 ffff 0 ffff 0 ffff 5 c 235e
ee00 eeff 0 ffff 8c00 8c3f 0 ffff 0 ffff 0 ffff 8 a 235f
ee00 eeff 0 ffff 8c80 8cff 0 ffff 0 ffff 0 ffff 8 9 2360
e800 ebff 0 ffff 65f1 65f1 2000 2fff 0 ffff 0 ffff 6 14 2361
1000 1fff 0 ffff dfac dfac 7800 7fff 0 ffff 0 ffff 4 15 2362
7000 7fff 0 ffff 8c5b 8c5b 1000 17ff 0 ffff 0 ffff 4 15 2363
9000 9fff 0 ffff 8c5b 8c5b 1000 17ff 0 ffff 0 ffff 4 15 2364
cd4 cd7 0 ffff 13c0 13df 0 ffff 0 ffff 0 ffff e b 2365
ef84 ef87 0 ffff 65c0 65df 0 ffff 0 ffff 0 ffff e b 2366
0 7fff 0 ffff 0 ffff 0 ffff 87 87 0 ffff 1 0 2367
cd0 cd0 8000 8fff d000 d7ff 0 ffff 0 ffff 0 ffff 14 5 2368
ef83 ef83 7000 7fff 6800 6fff 0 ffff 0 ffff 0 ffff 14 5 2369
cd0 cd0 9800 9fff c000 cfff 0 ffff 0 ffff 0 ffff 15 4 236a
6842 6842 c000 c7ff 9000 9fff 0 ffff 0 ffff 0 ffff 15 4 236b
ef83 ef83 6000 67ff 7000 7fff 0 ffff 0 ffff 0 ffff 15 4 236c
0 7fff 0 ffff 0 ffff 0 ffff 0 ffff 1f4 1f4 1 0 236d
0 7fff 0 ffff 0 ffff 0 ffff 0 ffff 66e 66e 1 0 236e
8000 ffff 0 ffff 0 ffff 0 ffff 0 ffff 1586 1586 1 0 236f
8000 ffff 0 ffff 0 ffff 0 ffff 0 ffff 45 45 1 0 2370
8000 ffff 0 ffff 0 ffff 0 ffff 0 ffff 202 202 1 0 2371
c80 cbf 0 ffff 65f2 65f3 0 ffff 0 ffff 0 ffff a f 2372
c80 cbf 0 ffff afca afcb 0 ffff 0 ffff 0 ffff a f 2373
6800 683f 0 ffff afca afcb 0 ffff 0 ffff 0 ffff a f 2374
6800 683f 0 ffff 8c58 8c59 0 ffff 0 ffff 0 ffff a f 2375
cd1 cd1 0 ffff 6500 657f 0 ffff 0 ffff 0 ffff 10 9 2376
6843 6843 0 ffff 8c80 8cff 0 ffff 0 ffff 0 ffff 10 9 2377
ef82 ef82 0 ffff 6500 657f 0 ffff 0 ffff 0 ffff 10 9 2378
cd0 cd0 9600 967f 0 ffff 0 ffff 0 ffff 0 ffff 19 0 2379
ef83 ef83 6800 687f 0 ffff 0 ffff 0 ffff 0 ffff 19 0 237a
0 ffff 0 ffff 8000 ffff 0 ffff 0 ffff 45 45 0 1 237b
0 ffff 0 ffff 8000 ffff 0 ffff 0 ffff 202 202 0 1 237c
0 ffff 0 ffff 8000 ffff 0 ffff 0 ffff 8006 8006 0 1 237d
0 ffff 0 ffff 8000 ffff 0 ffff 0 ffff 6bb 6bb 0 1 237e
0 ffff 0 ffff 8000 ffff 0 ffff 0 ffff 45 45 0 1 237f
0 ffff 0 ffff 8000 ffff 0 ffff 0 ffff 599 599 0 1 2380
0 ffff 0 ffff 8000 ffff 0 ffff 0 ffff 35 35 0 1 2381
0 ffff 0 ffff 8000 ffff 0 ffff 0 ffff 202 202 0 1 2382
c00 c7f 0 ffff 13ed 13ed 0 ffff 0 ffff 0 ffff 9 10 2383
c00 c7f 0 ffff afc9 afc9 0 ffff 0 ffff 0 ffff 9 10 2384
8180 81ff 0 ffff 5719 5719 0 ffff 0 ffff 0 ffff 9 10 2385
ef00 ef7f 0 ffff 5719 5719 0 ffff 0 ffff 0 ffff 9 10 2386
ef00 ef7f 0 ffff eeba eeba 0 ffff 0 ffff 0 ffff 9 10 2387
0 ffff 0 ffff 0 ffff 0 ffff 0 ffff 1b58 1b58 0 0 2388
0 ffff 0 ffff 0 ffff 0 ffff 0 ffff 599 599 0 0 2389
0 ffff 0 ffff 0 ffff 0 ffff 0 ffff 50 50 0 0 238a
0 ffff 0 ffff 0 ffff 0 ffff 0 ffff 202 202 0 0 238b
0 ffff 0 ffff 0 ffff 0 ffff 0 ffff 16 16 0 0 238c
0 ffff 0 ffff 0 ffff 0 ffff 0 ffff 35 35 0 0 238d
0 ffff 0 ffff 0 ffff 0 ffff 0 ffff 66d 66d 0 0 238e
0 ffff 0 ffff 0 ffff 0 ffff 0 ffff 157c 157c 0 0 238f
800 bff 0 ffff 65f1 65f1 0 1fff 0 ffff 0 ffff 6 13 2390
cd0 cd0 0 7fff 0 ffff 0 ffff 0 ffff 0 ffff 11 0 2391
0 ffff 0 ffff dfac dfac 7780 77ff 0 ffff 0 ffff 0 19 2392
6860 687f 0 ffff 13e8 13eb 0 ffff 0 ffff 0 ffff b e 2393
efa0 efbf 0 ffff eebc eebf 0 ffff 0 ffff 0 ffff b e 2394
efa0 efbf 0 ffff 65f4 65f7 0 ffff 0 ffff 0 ffff b e 2395
6800 683f 0 ffff 1400 17ff 0 ffff 0 ffff 400 ffff a 6 2396
efc0 efff 0 ffff 6000 63ff 0 ffff 0 ffff 400 ffff a 6 2397
6a00 6bff 0 ffff 65f1 65f1 4000 7fff 0 ffff 0 ffff 7 12 2398
6a00 6bff 0 ffff 8c5b 8c5b 4000 7fff 0 ffff 0 ffff 7 12 2399
6842 6842 ce00 cfff 0 3fff 0 ffff 0 ffff 0 ffff 17 2 239a
6842 6842 ce00 cfff 8000 bfff 0 ffff 0 ffff 0 ffff 17 2 239b
6850 685f 0 ffff 13e0 13e7 0 ffff 0 ffff 0 ffff c d 239c
0 7fff 0 ffff 8c5b 8c5b 1d00 1dff 0 ffff 0 ffff 1 18 239d
6842 6842 cd00 cdff 0 7fff 0 ffff 0 ffff 0 ffff 18 1 239e
8112 8112 ff00 ffff 8000 ffff 0 ffff 0 ffff 0 ffff 18 1 239f
6000 67ff 0 ffff 65e0 65ef 0 ffff 0 ffff 0 ffff 5 c 23a0
6842 6842 8000 bfff 8e00 8fff 0 ffff 0 ffff 0 ffff 12 7 23a1
6900 69ff 0 ffff 65f1 65f1 8000 ffff 0 ffff 0 ffff 8 11 23a2
ee00 eeff 0 ffff 5718 5718 0 7fff 0 ffff 0 ffff 8 11 23a3
4000 7fff 0 ffff 13e8 13eb 0 ffff 0 ffff 0 ffff 2 e 23a4
6842 6842 c800 cbff 0 1fff 0 ffff 0 ffff 0 ffff 16 3 23a5
8112 8112 0 7fff 8d00 8dff 0 ffff 0 ffff 0 ffff 11 8 23a6
8110 8111 0 ffff 2080 20bf 0 ffff 0 ffff 0 ffff f a 23a7
8140 817f 0 ffff 2200 23ff 0 ffff 0 ffff 0 ffff a 7 23a8
a000 bfff 0 ffff eebb eebb 5000 53ff 0 ffff 0 ffff 3 16 23a9
a000 bfff 0 ffff 8c5b 8c5b 1800 1bff 0 ffff 0 ffff 3 16 23aa
c000 dfff 0 ffff 5718 5718 cc00 cfff 0 ffff 0 ffff 3 16 23ab
9000 9fff 0 ffff 20f8 20ff 0 ffff 0 ffff 0 ffff 4 d 23ac
8800 8fff 0 ffff 5718 5718 d000 dfff 0 ffff 0 ffff 5 14 23ad
8120 813f 0 ffff 5800 5fff 0 ffff 0 ffff 0 ffff b 5 23ae
8140 817f 0 ffff 5000 53ff 0 ffff 0 ffff 0 ffff a 6 23af
8118 811f 0 ffff 5700 570f 0 ffff 0 ffff 0 ffff d c 23b0
ef88 ef8f 0 ffff 65e0 65ef 0 ffff 0 ffff 0 ffff d c 23b1
ef82 ef82 0 ffff 0 7fff 0 ffff 0 ffff 0 ffff 10 1 23b2
ef82 ef82 0 ffff 8000 ffff 0 ffff 0 ffff 0 ffff 10 1 23b3
ef90 ef9f 0 ffff 4000 4fff 0 ffff 0 ffff 400 ffff c 4 23b4
ef00 ef7f 0 ffff ec00 edff 0 ffff 0 ffff 0 ffff 9 7 23b5
0 ffff 0 ffff dfad dfad 0 ffff 0 ffff 0 ffff 0 10 23b6
c000 ffff 0 ffff 65f1 65f1 3a00 3bff 0 ffff 0 ffff 2 17 23b7
c000 ffff 0 ffff 8c5b 8c5b 1e00 1fff 0 ffff 0 ffff 2 17 23b8
ec00 edff 0 ffff 6500 657f 0 ffff 0 ffff 400 ffff 7 9 23b9
c000 dfff 0 ffff 65f8 65ff 0 ffff 0 ffff 0 ffff 3 d 23ba
cd4 cd7 0 ffff 1380 13bf 0 ffff 0 ffff 0 ffff e a 23bb
cd4 cd7 0 ffff af80 afbf 0 ffff 0 ffff 0 ffff e a 23bc
6844 6847 0 ffff 8c00 8c3f 0 ffff 0 ffff 0 ffff e a 23bd
8114 8117 0 ffff 5740 577f 0 ffff 0 ffff 0 ffff e a 23be
0 ffff 0 ffff 0 ffff 0 ffff 0 ffff 35 35 0 0 23bf
0 ffff 0 ffff 0 ffff 0 ffff 0 ffff 232b 232b 0 0 23c0
0 ffff 0 ffff 0 ffff 0 ffff 0 ffff 202 202 0 0 23c1
0 ffff 0 ffff 0 ffff 0 ffff 0 ffff 599 599 0 0 23c2
0 ffff 0 ffff 0 ffff 0 ffff 0 ffff 89 89 0 0 23c3
0 ffff 0 ffff 0 ffff 0 ffff 0 ffff 19 19 0 0 23c4
0 ffff 0 ffff 0 ffff 0 ffff 0 ffff 15ae 15ae 0 0 23c5
0 ffff 0 ffff 0 ffff 0 ffff 0 ffff 35 35 0 0 23c6
0 ffff 0 ffff 0 ffff 0 ffff 0 ffff 15ff 15ff 0 0 23c7
0 ffff 0 ffff 0 ffff 0 ffff 0 ffff 1590 1590 0 0 23c8
0 ffff 0 ffff 0 ffff 0 ffff 0 ffff 71 71 0 0 23c9
0 ffff 0 ffff 0 ffff 0 ffff 0 ffff 50 50 0 0 23ca
0 ffff 0 ffff 0 ffff 0 ffff 0 ffff 8b 8b 0 0 23cb
0 ffff 0 ffff 0 ffff 0 ffff 0 ffff 45 45 0 0 23cc
0 ffff 0 ffff 0 ffff 0 ffff 0 ffff 1a2b 1a2b 0 0 23cd
0 ffff 0 ffff 0 ffff 0 ffff 0 ffff 9f5 9f5 0 0 23ce
0 ffff 0 ffff 0 ffff 0 ffff 0 ffff 50 50 0 0 23cf
0 ffff 0 ffff 0 ffff 0 ffff 0 ffff 202 202 0 0 23d0
0 ffff 0 ffff 0 ffff 0 ffff 0 ffff 17 17 0 0 23d1
0 ffff 0 ffff 0 ffff 0 ffff 0 ffff 77 77 0 0 23d2
0 ffff 0 ffff 0 ffff 0 ffff 0 ffff 8b 8b 0 0 23d3
0 ffff 0 ffff 0 ffff 0 ffff 0 ffff 45 45 0 0 23d4
ce0 cff 0 ffff 65f8 65ff 0 ffff 0 ffff 0 ffff b d 23d5
6860 687f 0 ffff afc0 afc7 0 ffff 0 ffff 0 ffff b d 23d6
6860 687f 0 ffff 8c50 8c57 0 ffff 0 ffff 0 ffff b d 23d7
efa0 efbf 0 ffff 5710 5717 0 ffff 0 ffff 0 ffff b d 23d8
cd1 cd1 0 ffff 6400 64ff 0 ffff 0 ffff 0 ffff 10 8 23d9
8113 8113 0 ffff 5600 56ff 0 ffff 0 ffff 0 ffff 10 8 23da
cc0 ccf 0 ffff 0 fff 0 ffff 0 ffff 0 ffff c 4 23db
6850 685f 0 ffff 7000 7fff 0 ffff 0 ffff 0 ffff c 4 23dc
8100 810f 0 ffff f000 ffff 0 ffff 0 ffff 0 ffff c 4 23dd
c80 cbf 0 ffff d800 dbff 0 ffff 0 ffff 0 ffff a 6 23de
8140 817f 0 ffff 2400 27ff 0 ffff 0 ffff 0 ffff a 6 23df
c80 cbf 0 ffff dfa8 dfab 0 ffff 0 ffff 0 ffff a e 23e0
c80 cbf 0 ffff 65f4 65f7 0 ffff 0 ffff 0 ffff a e 23e1
6800 683f 0 ffff 8c5c 8c5f 0 ffff 0 ffff 0 ffff a e 23e2
6800 683f 0 ffff 13e8 13eb 0 ffff 0 ffff 0 ffff a e 23e3
8140 817f 0 ffff 20f4 20f7 0 ffff 0 ffff 0 ffff a e 23e4
efc0 efff 0 ffff 65f4 65f7 0 ffff 0 ffff 0 ffff a e 23e5
cd0 cd0 9400 95ff 8000 ffff 0 ffff 0 ffff 0 ffff 17 1 23e6
8112 8112 fc00 fdff 0 7fff 0 ffff 0 ffff 0 ffff 17 1 23e7
8112 8112 fc00 fdff 8000 ffff 0 ffff 0 ffff 0 ffff 17 1 23e8
cd0 cd0 9700 97ff 0 ffff 0 ffff 0 ffff 0 ffff 18 0 23e9
6842 6842 cd00 cdff 0 ffff 0 ffff 0 ffff 0 ffff 18 0 23ea
ef83 ef83 6900 69ff 0 ffff 0 ffff 0 ffff 0 ffff 18 0 23eb
cd8 cdf 0 ffff 6000 7fff 0 ffff 0 ffff 0 ffff d 3 23ec
0 7fff 0 ffff afca afcb 0 ffff 0 ffff 0 ffff 1 f 23ed
0 7fff 0 ffff afc8 afc8 1200 13ff 0 ffff 0 ffff 1 17 23ee
8000 ffff 0 ffff 65f1 65f1 3a00 3bff 0 ffff 0 ffff 1 17 23ef
e00 fff 0 ffff af00 af7f 0 ffff 0 ffff 0 ffff 7 9 23f0
ec00 edff 0 ffff ee00 ee7f 0 ffff 0 ffff 0 ffff 7 9 23f1
cd0 cd0 9800 9fff a000 bfff 0 ffff 0 ffff 0 ffff 15 3 23f2
ef83 ef83 6000 67ff e000 ffff 0 ffff 0 ffff 0 ffff 15 3 23f3
cd0 cd0 c000 ffff a800 abff 0 ffff 0 ffff 0 ffff 12 6 23f4
6842 6842 8000 bfff 6000 63ff 0 ffff 0 ffff 0 ffff 12 6 23f5
8112 8112 8000 bfff 5000 53ff 0 ffff 0 ffff 0 ffff 12 6 23f6
800 bff 0 ffff af80 afbf 0 ffff 0 ffff 0 ffff 6 a 23f7
8400 87ff 0 ffff eec0 eeff 0 ffff 0 ffff 0 ffff 6 a 23f8
6842 6842 e000 ffff 2800 2fff 0 ffff 0 ffff 0 ffff 13 5 23f9
8112 8112 c000 dfff 2800 2fff 0 ffff 0 ffff 0 ffff 13 5 23fa
6840 6841 0 ffff 0 7fff 0 ffff 0 ffff 0 ffff f 1 23fb
8110 8111 0 ffff 0 7fff 0 ffff 0 ffff 0 ffff f 1 23fc
6c00 6fff 0 ffff afc8 afc8 4000 7fff 0 ffff 0 ffff 6 12 23fd
e800 ebff 0 ffff 8c5b 8c5b 4000 7fff 0 ffff 0 ffff 6 12 23fe
4000 7fff 0 ffff 13ec 13ec ac00 afff 0 ffff 0 ffff 2 16 23ff
c000 ffff 0 ffff 8c5b 8c5b 1800 1bff 0 ffff 0 ffff 2 16 2400
c000 ffff 0 ffff 5718 5718 cc00 cfff 0 ffff 0 ffff 2 16 2401
c000 ffff 0 ffff 65f1 65f1 3c00 3fff 0 ffff 0 ffff 2 16 2402
6000 67ff 0 ffff 1380 13bf 0 ffff 0 ffff 0 ffff 5 a 2403
6900 69ff 0 ffff 8d00 8dff 0 ffff 0 ffff 0 ffff 8 8 2404
6848 684f 0 ffff 8c60 8c7f 0 ffff 0 ffff 0 ffff d b 2405
6848 684f 0 ffff 13c0 13df 0 ffff 0 ffff 0 ffff d b 2406
ef88 ef8f 0 ffff 65c0 65df 0 ffff 0 ffff 0 ffff d b 2407
4000 5fff 0 ffff 8c5b 8c5b 1000 17ff 0 ffff 0 ffff 3 15 2408
6844 6847 0 ffff 4000 7fff 0 ffff 0 ffff 0 ffff e 2 2409
6880 68ff 0 ffff 6000 63ff 0 ffff 0 ffff 0 ffff 9 6 240a
6842 6842 d000 dfff 9000 9fff 0 ffff 0 ffff 0 ffff 14 4 240b
ef83 ef83 7000 7fff 9000 9fff 0 ffff 0 ffff 0 ffff 14 4 240c
ef83 ef83 7000 7fff 7000 7fff 0 ffff 0 ffff 0 ffff 14 4 240d
6a00 6bff 0 ffff 13ec 13ec 0 7fff 0 ffff 0 ffff 7 11 240e
ec00 edff 0 ffff 8c5b 8c5b 8000 ffff 0 ffff 0 ffff 7 11 240f
ec00 edff 0 ffff 65f1 65f1 8000 ffff 0 ffff 0 ffff 7 11 2410
6900 69ff 0 ffff 65f0 65f0 0 ffff 0 ffff 0 ffff 8 10 2411
ee00 eeff 0 ffff 8c5a 8c5a 0 ffff 0 ffff 0 ffff 8 10 2412
6843 6843 0 ffff 0 ffff 0 ffff 0 ffff 0 ffff 10 0 2413
6840 6841 0 ffff 1300 137f 0 ffff 0 ffff 0 ffff f 9 2414
8100 810f 0 ffff 5700 570f 0 ffff 0 ffff 0 ffff c c 2415
ef90 ef9f 0 ffff 65e0 65ef 0 ffff 0 ffff 0 ffff c c 2416
9000 9fff 0 ffff 8c5b 8c5b 0 fff 0 ffff 0 ffff 4 14 2417
f000 ffff 0 ffff 8c5b 8c5b 0 fff 0 ffff 0 ffff 4 14 2418
9000 9fff 0 ffff 5720 573f 0 ffff 0 ffff 400 ffff 4 b 2419
8180 81ff 0 ffff 571a 571b 0 ffff 0 ffff 0 ffff 9 f 241a
ef00 ef7f 0 ffff 8c58 8c59 0 ffff 0 ffff 0 ffff 9 f 241b
ef83 ef83 6c00 6fff 4000 7fff 0 ffff 0 ffff 0 ffff 16 2 241c
c000 dfff 0 ffff 5710 5717 0 ffff 0 ffff 0 ffff 3 d 241d
e000 e7ff 0 ffff 8c5b 8c5b 2000 3fff 0 ffff 0 ffff 5 13 241e
e000 e7ff 0 ffff 65f1 65f1 0 1fff 0 ffff 0 ffff 5 13 241f
0 ffff 0 ffff dfac dfac 7600 76ff 0 ffff 0 ffff 0 18 2420
0 ffff 0 ffff dfad dfad 0 ffff 0 ffff 0 ffff 0 10 2421
0 ffff 0 ffff 0 ffff 0 ffff a1 a1 0 ffff 0 0 2422
ef00 ef7f 0 ffff 6600 67ff 0 ffff 0 ffff 0 ffff 9 7 2423
c000 ffff 0 ffff 65f4 65f7 0 ffff 0 ffff 0 ffff 2 e 2424
1000 1fff 0 ffff dfac dfac 4000 5fff 0 ffff 0 ffff 4 13 2425
7000 7fff 0 ffff 13ec 13ec 8000 9fff 0 ffff 0 ffff 4 13 2426
9000 9fff 0 ffff eebb eebb 6000 7fff 0 ffff 0 ffff 4 13 2427
f000 ffff 0 ffff 65f1 65f1 0 1fff 0 ffff 0 ffff 4 13 2428
cc0 ccf 0 ffff 65c0 65df 0 ffff 0 ffff 0 ffff c b 2429
cc0 ccf 0 ffff afe0 afff 0 ffff 0 ffff 0 ffff c b 242a
6850 685f 0 ffff 8c60 8c7f 0 ffff 0 ffff 0 ffff c b 242b
8100 810f 0 ffff 5720 573f 0 ffff 0 ffff 0 ffff c b 242c
ef90 ef9f 0 ffff ee80 ee9f 0 ffff 0 ffff 0 ffff c b 242d
0 ffff 0 ffff dfac dfac 7400 75ff 0 ffff 0 ffff 0 17 242e
0 7fff 0 ffff dfac dfac 7000 73ff 0 ffff 0 ffff 1 16 242f
0 7fff 0 ffff afc8 afc8 1400 17ff 0 ffff 0 ffff 1 16 2430
0 7fff 0 ffff 8c5b 8c5b 1800 1bff 0 ffff 0 ffff 1 16 2431
8000 ffff 0 ffff 20f3 20f3 6000 63ff 0 ffff 0 ffff 1 16 2432
e00 fff 0 ffff ac00 adff 0 ffff 0 ffff 400 ffff 7 7 2433
c00 c7f 0 ffff afcc afcf 0 ffff 0 ffff 0 ffff 9 e 2434
ef00 ef7f 0 ffff eebc eebf 0 ffff 0 ffff 0 ffff 9 e 2435
ef00 ef7f 0 ffff 65f4 65f7 0 ffff 0 ffff 0 ffff 9 e 2436
2000 3fff 0 ffff 13ec 13ec b000 bfff 0 ffff 0 ffff 3 14 2437
4000 5fff 0 ffff 13ec 13ec b000 bfff 0 ffff 0 ffff 3 14 2438
cd0 cd0 a000 bfff b000 bfff 0 ffff 0 ffff 0 ffff 13 4 2439
6a00 6bff 0 ffff ae00 aeff 0 ffff 0 ffff 0 ffff 7 8 243a
6c00 6fff 0 ffff 65f1 65f1 8000 ffff 0 ffff 0 ffff 6 11 243b
e800 ebff 0 ffff 5718 5718 0 7fff 0 ffff 0 ffff 6 11 243c
6850 685f 0 ffff 8000 9fff 0 ffff 0 ffff 0 ffff c 3 243d
6850 685f 0 ffff 6000 7fff 0 ffff 0 ffff 0 ffff c 3 243e
6844 6847 0 ffff 8c80 8cff 0 ffff 0 ffff 0 ffff e 9 243f
6848 684f 0 ffff 8c00 8c3f 0 ffff 0 ffff 0 ffff d a 2440
6900 69ff 0 ffff 6600 67ff 0 ffff 0 ffff 0 ffff 8 7 2441
4000 7fff 0 ffff 13e0 13e7 0 ffff 0 ffff 0 ffff 2 d 2442
6a00 6bff 0 ffff 65f0 65f0 0 ffff 0 ffff 0 ffff 7 10 2443
8200 83ff 0 ffff 5719 5719 0 ffff 0 ffff 0 ffff 7 10 2444
6842 6842 c000 c7ff 4000 7fff 0 ffff 0 ffff 0 ffff 15 2 2445
6842 6842 c000 c7ff 8000 bfff 0 ffff 0 ffff 0 ffff 15 2 2446
ef83 ef83 6000 67ff 4000 7fff 0 ffff 0 ffff 0 ffff 15 2 2447
6880 68ff 0 ffff 1400 17ff 0 ffff 0 ffff 0 ffff 9 6 2448
6800 683f 0 ffff 13e0 13e7 0 ffff 0 ffff 0 ffff a d 2449
8140 817f 0 ffff 5710 5717 0 ffff 0 ffff 0 ffff a d 244a
6842 6842 ce00 cfff 0 ffff 0 ffff 0 ffff 0 ffff 17 0 244b
6840 6841 0 ffff 6400 64ff 0 ffff 0 ffff 0 ffff f 8 244c
6860 687f 0 ffff 13f0 13ff 0 ffff 0 ffff 0 ffff b c 244d
6860 687f 0 ffff 8c40 8c4f 0 ffff 0 ffff 0 ffff b c 244e
8120 813f 0 ffff 8c40 8c4f 0 ffff 0 ffff 0 ffff b c 244f
8120 813f 0 ffff eea0 eeaf 0 ffff 0 ffff 0 ffff b c 2450
6842 6842 c800 cbff 8000 ffff 0 ffff 0 ffff 0 ffff 16 1 2451
6900 69ff 0 ffff 65f2 65f3 0 ffff 0 ffff 0 ffff 8 f 2452
8000 80ff 0 ffff eeb8 eeb9 0 ffff 0 ffff 0 ffff 8 f 2453
8000 80ff 0 ffff 571a 571b 0 ffff 0 ffff 0 ffff 8 f 2454
ee00 eeff 0 ffff 571a 571b 0 ffff 0 ffff 0 ffff 8 f 2455
4000 5fff 0 ffff 8c40 8c4f 0 ffff 0 ffff 0 ffff 3 c 2456
8112 8112 e000 efff 2000 3fff 0 ffff 0 ffff 0 ffff 14 3 2457
8800 8fff 0 ffff 2000 207f 0 ffff 0 ffff 400 ffff 5 9 2458
8180 81ff 0 ffff 2800 2fff 0 ffff 0 ffff 0 ffff 9 5 2459
e000 e7ff 0 ffff 5718 5718 8000 bfff 0 ffff 0 ffff 5 12 245a
c000 dfff 0 ffff ee80 ee9f 0 ffff 0 ffff 400 ffff 3 b 245b
c000 ffff 0 ffff 65f1 65f1 3000 37ff 0 ffff 0 ffff 2 15 245c
c000 ffff 0 ffff 8c5b 8c5b 1000 17ff 0 ffff 0 ffff 2 15 245d
ee00 eeff 0 ffff 8800 8bff 0 ffff 0 ffff 0 ffff 8 6 245e
ef83 ef83 0 3fff 6800 6fff 0 ffff 0 ffff 0 ffff 12 5 245f
800 bff 0 ffff 1000 11ff 0 ffff 0 ffff 0 ffff 6 7 2460
1000 1fff 0 ffff afc8 afc8 4000 7fff 0 ffff 0 ffff 4 12 2461
7000 7fff 0 ffff 13ec 13ec c000 ffff 0 ffff 0 ffff 4 12 2462
9000 9fff 0 ffff eebb eebb 0 3fff 0 ffff 0 ffff 4 12 2463
0 ffff 0 ffff dfac dfac 7000 73ff 0 ffff 0 ffff 0 16 2464
c00 c7f 0 ffff a000 a7ff 0 ffff 0 ffff 0 ffff 9 5 2465
cd1 cd1 0 ffff a800 abff 0 ffff 0 ffff 0 ffff 10 6 2466
6843 6843 0 ffff 8800 8bff 0 ffff 0 ffff 0 ffff 10 6 2467
ef82 ef82 0 ffff e800 ebff 0 ffff 0 ffff 0 ffff 10 6 2468
cd4 cd7 0 ffff 6400 64ff 0 ffff 0 ffff 0 ffff e 8 2469
e00 fff 0 ffff afca afcb 0 ffff 0 ffff 0 ffff 7 f 246a
6a00 6bff 0 ffff 13ee 13ef 0 ffff 0 ffff 0 ffff 7 f 246b
ec00 edff 0 ffff 65f2 65f3 0 ffff 0 ffff 0 ffff 7 f 246c
cd8 cdf 0 ffff 1300 137f 0 ffff 0 ffff 0 ffff d 9 246d
6848 684f 0 ffff af00 af7f 0 ffff 0 ffff 0 ffff d 9 246e
6848 684f 0 ffff 8c80 8cff 0 ffff 0 ffff 0 ffff d 9 246f
8118 811f 0 ffff 8c80 8cff 0 ffff 0 ffff 0 ffff d 9 2470
ef88 ef8f 0 ffff ee00 ee7f 0 ffff 0 ffff 0 ffff d 9 2471
ef88 ef8f 0 ffff 6500 657f 0 ffff 0 ffff 0 ffff d 9 2472
cd2 cd3 0 ffff ac00 adff 0 ffff 0 ffff 0 ffff f 7 2473
d00 dff 0 ffff 13e8 13eb 0 ffff 0 ffff 0 ffff 8 e 2474
6900 69ff 0 ffff afcc afcf 0 ffff 0 ffff 0 ffff 8 e 2475
6900 69ff 0 ffff 65f4 65f7 0 ffff 0 ffff 0 ffff 8 e 2476
1000 1fff 0 ffff 6580 65bf 0 ffff 0 ffff 0 ffff 4 a 2477
7000 7fff 0 ffff 8c00 8c3f 0 ffff 0 ffff 0 ffff 4 a 2478
0 ffff 0 ffff dfa8 dfab 0 ffff 0 ffff 0 ffff 0 e 2479
6850 685f 0 ffff 1380 13bf 0 ffff 0 ffff 0 ffff c a 247a
ef90 ef9f 0 ffff eec0 eeff 0 ffff 0 ffff 0 ffff c a 247b
6848 684f 0 ffff 0 ffff 0 ffff 400 ffff 0 ffff d 0 247c
6842 6842 c000 c7ff 0 7fff 0 ffff 0 ffff 0 ffff 15 1 247d
8112 8112 f000 f7ff 0 7fff 0 ffff 0 ffff 0 ffff 15 1 247e
6860 687f 0 ffff 8c60 8c7f 0 ffff 0 ffff 0 ffff b b 247f
efa0 efbf 0 ffff 65c0 65df 0 ffff 0 ffff 0 ffff b b 2480
0 7fff 0 ffff 8c5b 8c5b 1000 17ff 0 ffff 0 ffff 1 15 2481
4000 5fff 0 ffff 8c60 8c7f 0 ffff 0 ffff 0 ffff 3 b 2482
4000 5fff 0 ffff 8c60 8c7f 0 ffff 0 ffff 0 ffff 3 b 2483
6900 69ff 0 ffff 6800 6fff 0 ffff 0 ffff 400 ffff 8 5 2484
6000 67ff 0 ffff 8c80 8cff 0 ffff 0 ffff 0 ffff 5 9 2485
e000 e7ff 0 ffff ee00 ee7f 0 ffff 0 ffff 0 ffff 5 9 2486
6900 69ff 0 ffff 1400 17ff 0 ffff 0 ffff 0 ffff 8 6 2487
4000 7fff 0 ffff 13ec 13ec b000 bfff 0 ffff 0 ffff 2 14 2488
4000 7fff 0 ffff 8c5b 8c5b 0 fff 0 ffff 0 ffff 2 14 2489
8000 bfff 0 ffff 20f3 20f3 7000 7fff 0 ffff 0 ffff 2 14 248a
c000 ffff 0 ffff 8c5b 8c5b 0 fff 0 ffff 0 ffff 2 14 248b
6842 6842 d000 dfff 8000 bfff 0 ffff 0 ffff 0 ffff 14 2 248c
8112 8112 e000 efff c000 ffff 0 ffff 0 ffff 0 ffff 14 2 248d
ef83 ef83 7000 7fff 4000 7fff 0 ffff 0 ffff 0 ffff 14 2 248e
8800 8fff 0 ffff 8c5b 8c5b 8000 ffff 0 ffff 0 ffff 5 11 248f
e000 e7ff 0 ffff 8c5b 8c5b 8000 ffff 0 ffff 0 ffff 5 11 2490
e000 e7ff 0 ffff eebb eebb 8000 ffff 0 ffff 0 ffff 5 11 2491
a000 bfff 0 ffff 8c5b 8c5b 2000 3fff 0 ffff 0 ffff 3 13 2492
8400 87ff 0 ffff 8d00 8dff 0 ffff 0 ffff 0 ffff 6 8 2493
8400 87ff 0 ffff eeba eeba 0 ffff 0 ffff 0 ffff 6 10 2494
8400 87ff 0 ffff 5719 5719 0 ffff 0 ffff 0 ffff 6 10 2495
e800 ebff 0 ffff 65f0 65f0 0 ffff 0 ffff 0 ffff 6 10 2496
8112 8112 c000 dfff e000 ffff 0 ffff 0 ffff 0 ffff 13 3 2497
efc0 efff 0 ffff 6000 7fff 0 ffff 0 ffff 0 ffff a 3 2498
efc0 efff 0 ffff 8000 9fff 0 ffff 0 ffff 0 ffff a 3 2499
ef83 ef83 8000 ffff e000 e7ff 0 ffff 0 ffff 0 ffff 11 5 249a
ef83 ef83 6c00 6fff 0 ffff 0 ffff 0 ffff 0 ffff 16 0 249b
efc0 efff 0 ffff 65e0 65ef 0 ffff 0 ffff 0 ffff a c 249c
1000 1fff 0 ffff 65f1 65f1 8000 ffff 0 ffff 0 ffff 4 11 249d
7000 7fff 0 ffff 65f1 65f1 8000 ffff 0 ffff 0 ffff 4 11 249e
d00 dff 0 ffff dfa0 dfa7 0 ffff 0 ffff 0 ffff 8 d 249f
6900 69ff 0 ffff 8c50 8c57 0 ffff 0 ffff 0 ffff 8 d 24a0
6900 69ff 0 ffff 13e0 13e7 0 ffff 0 ffff 0 ffff 8 d 24a1
ee00 eeff 0 ffff 5710 5717 0 ffff 0 ffff 0 ffff 8 d 24a2
800 bff 0 ffff afca afcb 0 ffff 0 ffff 0 ffff 6 f 24a3
6c00 6fff 0 ffff 8c58 8c59 0 ffff 0 ffff 0 ffff 6 f 24a4
6c00 6fff 0 ffff 65f2 65f3 0 ffff 0 ffff 0 ffff 6 f 24a5
e800 ebff 0 ffff eeb8 eeb9 0 ffff 0 ffff 0 ffff 6 f 24a6
cd1 cd1 0 ffff a000 a7ff 0 ffff 0 ffff 0 ffff 10 5 24a7
6843 6843 0 ffff 8000 87ff 0 ffff 0 ffff 0 ffff 10 5 24a8
8113 8113 0 ffff 8000 87ff 0 ffff 0 ffff 0 ffff 10 5 24a9
ef82 ef82 0 ffff 5800 5fff 0 ffff 0 ffff 0 ffff 10 5 24aa
ef82 ef82 0 ffff 6800 6fff 0 ffff 0 ffff 0 ffff 10 5 24ab
e00 fff 0 ffff afcc afcf 0 ffff 0 ffff 0 ffff 7 e 24ac
ec00 edff 0 ffff eebc eebf 0 ffff 0 ffff 0 ffff 7 e 24ad
ec00 edff 0 ffff 8c5c 8c5f 0 ffff 0 ffff 0 ffff 7 e 24ae
d00 dff 0 ffff a000 a7ff 0 ffff 0 ffff 0 ffff 8 5 24af
cd0 cd0 9800 9fff 0 ffff 0 ffff 0 ffff 0 ffff 15 0 24b0
8112 8112 f000 f7ff 0 ffff 0 ffff 0 ffff 0 ffff 15 0 24b1
c80 cbf 0 ffff afe0 afff 0 ffff 0 ffff 0 ffff a b 24b2
6800 683f 0 ffff 13c0 13df 0 ffff 0 ffff 0 ffff a b 24b3
6800 683f 0 ffff 65c0 65df 0 ffff 0 ffff 0 ffff a b 24b4
6800 683f 0 ffff 8c60 8c7f 0 ffff 0 ffff 0 ffff a b 24b5
8140 817f 0 ffff 8c60 8c7f 0 ffff 0 ffff 0 ffff a b 24b6
efc0 efff 0 ffff 5720 573f 0 ffff 0 ffff 0 ffff a b 24b7
6860 687f 0 ffff 2080 20bf 0 ffff 0 ffff 0 ffff b a 24b8
8120 813f 0 ffff 5740 577f 0 ffff 0 ffff 0 ffff b a 24b9
8120 813f 0 ffff eec0 eeff 0 ffff 0 ffff 0 ffff b a 24ba
efa0 efbf 0 ffff 6580 65bf 0 ffff 0 ffff 0 ffff b a 24bb
6880 68ff 0 ffff 20e0 20ef 0 ffff 0 ffff 0 ffff 9 c 24bc
6880 68ff 0 ffff afd0 afdf 0 ffff 0 ffff 0 ffff 9 c 24bd
6880 68ff 0 ffff 8c40 8c4f 0 ffff 0 ffff 0 ffff 9 c 24be
6880 68ff 0 ffff 65e0 65ef 0 ffff 0 ffff 0 ffff 9 c 24bf
ef00 ef7f 0 ffff 8c40 8c4f 0 ffff 0 ffff 0 ffff 9 c 24c0
ef00 ef7f 0 ffff eea0 eeaf 0 ffff 0 ffff 0 ffff 9 c 24c1
6842 6842 8000 bfff 8000 9fff 0 ffff 0 ffff 0 ffff 12 3 24c2
8112 8112 8000 bfff 4000 5fff 0 ffff 0 ffff 0 ffff 12 3 24c3
ef83 ef83 0 3fff 8000 9fff 0 ffff 0 ffff 0 ffff 12 3 24c4
6840 6841 0 ffff 6000 63ff 0 ffff 0 ffff 0 ffff f 6 24c5
ef80 ef81 0 ffff 6000 63ff 0 ffff 0 ffff 0 ffff f 6 24c6
6848 684f 0 ffff 6400 64ff 0 ffff 0 ffff 0 ffff d 8 24c7
6848 684f 0 ffff 8d00 8dff 0 ffff 0 ffff 0 ffff d 8 24c8
8118 811f 0 ffff 5600 56ff 0 ffff 0 ffff 0 ffff d 8 24c9
6000 67ff 0 ffff 13ed 13ed 0 ffff 0 ffff 0 ffff 5 10 24ca
8800 8fff 0 ffff 8c5a 8c5a 0 ffff 0 ffff 0 ffff 5 10 24cb
e000 e7ff 0 ffff eeba eeba 0 ffff 0 ffff 0 ffff 5 10 24cc
4000 5fff 0 ffff 1380 13bf 0 ffff 0 ffff 0 ffff 3 a 24cd
6844 6847 0 ffff 8e00 8fff 0 ffff 0 ffff 0 ffff e 7 24ce
6844 6847 0 ffff 1000 11ff 0 ffff 0 ffff 0 ffff e 7 24cf
6844 6847 0 ffff 6600 67ff 0 ffff 0 ffff 0 ffff e 7 24d0
ef84 ef87 0 ffff 5400 55ff 0 ffff 0 ffff 0 ffff e 7 24d1
ef84 ef87 0 ffff 6600 67ff 0 ffff 0 ffff 0 ffff e 7 24d2
ef84 ef87 0 ffff ec00 edff 0 ffff 0 ffff 0 ffff e 7 24d3
4000 7fff 0 ffff 13c0 13df 0 ffff 0 ffff 0 ffff 2 b 24d4
4000 7fff 0 ffff 13ec 13ec 8000 9fff 0 ffff 0 ffff 2 13 24d5
c000 ffff 0 ffff 65f1 65f1 0 1fff 0 ffff 0 ffff 2 13 24d6
6c00 6fff 0 ffff 8e00 8fff 0 ffff 0 ffff 0 ffff 6 7 24d7
8400 87ff 0 ffff 2200 23ff 0 ffff 0 ffff 0 ffff 6 7 24d8
6842 6842 d000 dfff 8000 ffff 0 ffff 0 ffff 0 ffff 14 1 24d9
8112 8112 e000 efff 8000 ffff 0 ffff 0 ffff 0 ffff 14 1 24da
0 7fff 0 ffff 8c40 8c4f 0 ffff 0 ffff 0 ffff 1 c 24db
8000 ffff 0 ffff 65e0 65ef 0 ffff 0 ffff 0 ffff 1 c 24dc
6842 6842 e000 ffff 8000 bfff 0 ffff 0 ffff 0 ffff 13 2 24dd
8112 8112 c000 dfff 8000 bfff 0 ffff 0 ffff 0 ffff 13 2 24de
8100 810f 0 ffff 8c80 8cff 0 ffff 0 ffff 0 ffff c 9 24df
8100 810f 0 ffff ee00 ee7f 0 ffff 0 ffff 0 ffff c 9 24e0
ef90 ef9f 0 ffff 8c80 8cff 0 ffff 0 ffff 0 ffff c 9 24e1
ef90 ef9f 0 ffff 6500 657f 0 ffff 0 ffff 0 ffff c 9 24e2
8000 ffff 0 ffff 20f3 20f3 7000 7fff 0 ffff 0 ffff 1 14 24e3
8000 ffff 0 ffff 65f1 65f1 2000 2fff 0 ffff 0 ffff 1 14 24e4
a000 bfff 0 ffff 8c80 8cff 0 ffff 0 ffff 0 ffff 3 9 24e5
e000 e7ff 0 ffff 8e00 8fff 0 ffff 0 ffff 0 ffff 5 7 24e6
ef00 ef7f 0 ffff 7000 7fff 0 ffff 0 ffff 0 ffff 9 4 24e7
ef00 ef7f 0 ffff 9000 9fff 0 ffff 0 ffff 0 ffff 9 4 24e8
ef00 ef7f 0 ffff 9000 9fff 0 ffff 0 ffff 0 ffff 9 4 24e9
ef83 ef83 8000 ffff 7000 7fff 0 ffff 0 ffff 0 ffff 11 4 24ea
ec00 edff 0 ffff e000 e7ff 0 ffff 0 ffff 0 ffff 7 5 24eb
ec00 edff 0 ffff 6000 63ff 0 ffff 0 ffff 0 ffff 7 6 24ec
ee00 eeff 0 ffff 7000 7fff 0 ffff 0 ffff 0 ffff 8 4 24ed
c000 dfff 0 ffff 8c5b 8c5b 4000 7fff 0 ffff 0 ffff 3 12 24ee
e00 fff 0 ffff dfa0 dfa7 0 ffff 0 ffff 0 ffff 7 d 24ef
6a00 6bff 0 ffff 8c50 8c57 0 ffff 0 ffff 0 ffff 7 d 24f0
ec00 edff 0 ffff eeb0 eeb7 0 ffff 0 ffff 0 ffff 7 d 24f1
ec00 edff 0 ffff 65f8 65ff 0 ffff 0 ffff 0 ffff 7 d 24f2
cd2 cd3 0 ffff 6800 6fff 0 ffff 0 ffff 0 ffff f 5 24f3
cd2 cd3 0 ffff 1800 1fff 0 ffff 0 ffff 0 ffff f 5 24f4
6840 6841 0 ffff 8000 87ff 0 ffff 0 ffff 0 ffff f 5 24f5
8110 8111 0 ffff 5800 5fff 0 ffff 0 ffff 0 ffff f 5 24f6
ef80 ef81 0 ffff 6800 6fff 0 ffff 0 ffff 0 ffff f 5 24f7
cd8 cdf 0 ffff dc00 ddff 0 ffff 0 ffff 0 ffff d 7 24f8
6848 684f 0 ffff 6600 67ff 0 ffff 0 ffff 0 ffff d 7 24f9
ce0 cff 0 ffff 1300 137f 0 ffff 0 ffff 0 ffff b 9 24fa
6860 687f 0 ffff 8c80 8cff 0 ffff 0 ffff 0 ffff b 9 24fb
6860 687f 0 ffff 1300 137f 0 ffff 0 ffff 0 ffff b 9 24fc
efa0 efbf 0 ffff ee00 ee7f 0 ffff 0 ffff 0 ffff b 9 24fd
efa0 efbf 0 ffff 6500 657f 0 ffff 0 ffff 0 ffff b 9 24fe
cd1 cd1 0 ffff 0 fff 0 ffff 0 ffff 0 ffff 10 4 24ff
6843 6843 0 ffff 0 fff 0 ffff 0 ffff 0 ffff 10 4 2500
ef82 ef82 0 ffff 9000 9fff 0 ffff 0 ffff 0 ffff 10 4 2501
d00 dff 0 ffff afd0 afdf 0 ffff 0 ffff 0 ffff 8 c 2502
ee00 eeff 0 ffff 5700 570f 0 ffff 0 ffff 0 ffff 8 c 2503
ee00 eeff 0 ffff 8c40 8c4f 0 ffff 0 ffff 0 ffff 8 c 2504
0 7ff 0 ffff afca afcb 0 ffff 0 ffff 0 ffff 5 f 2505
6880 68ff 0 ffff 65c0 65df 0 ffff 0 ffff 0 ffff 9 b 2506
6850 685f 0 ffff 8d00 8dff 0 ffff 0 ffff 0 ffff c 8 2507
8100 810f 0 ffff 5600 56ff 0 ffff 0 ffff 0 ffff c 8 2508
8100 810f 0 ffff 8d00 8dff 0 ffff 0 ffff 0 ffff c 8 2509
ef90 ef9f 0 ffff 5600 56ff 0 ffff 0 ffff 0 ffff c 8 250a
ef90 ef9f 0 ffff 8d00 8dff 0 ffff 0 ffff 0 ffff c 8 250b
6800 683f 0 ffff 8c00 8c3f 0 ffff 0 ffff 0 ffff a a 250c
6800 683f 0 ffff 1380 13bf 0 ffff 0 ffff 0 ffff a a 250d
8140 817f 0 ffff 5740 577f 0 ffff 0 ffff 0 ffff a a 250e
6844 6847 0 ffff 6000 63ff 0 ffff 0 ffff 0 ffff e 6 250f
8114 8117 0 ffff e800 ebff 0 ffff 0 ffff 0 ffff e 6 2510
6c00 6fff 0 ffff 8c5c 8c5f 0 ffff 0 ffff 0 ffff 6 e 2511
8400 87ff 0 ffff 8c5c 8c5f 0 ffff 0 ffff 0 ffff 6 e 2512
e800 ebff 0 ffff 65f4 65f7 0 ffff 0 ffff 0 ffff 6 e 2513
6842 6842 e000 ffff 8000 ffff 0 ffff 0 ffff 0 ffff 13 1 2514
a000 bfff 0 ffff 5718 5718 0 7fff 0 ffff 0 ffff 3 11 2515
c000 dfff 0 ffff eebb eebb 8000 ffff 0 ffff 0 ffff 3 11 2516
8400 87ff 0 ffff a000 a7ff 0 ffff 0 ffff 0 ffff 6 5 2517
ef00 ef7f 0 ffff 4000 5fff 0 ffff 0 ffff 0 ffff 9 3 2518
c000 dfff 0 ffff 5600 56ff 0 ffff 0 ffff 0 ffff 3 8 2519
f000 ffff 0 ffff eeba eeba 0 ffff 0 ffff 0 ffff 4 10 251a
ee00 eeff 0 ffff 6000 7fff 0 ffff 0 ffff 0 ffff 8 3 251b
ef83 ef83 8000 ffff 8000 9fff 0 ffff 0 ffff 0 ffff 11 3 251c
ef83 ef83 8000 ffff 6000 7fff 0 ffff 0 ffff 0 ffff 11 3 251d
c000 ffff 0 ffff 65f1 65f1 4000 7fff 0 ffff 0 ffff 2 12 251e
1000 1fff 0 ffff dfae dfaf 0 ffff 0 ffff 0 ffff 4 f 251f
7000 7fff 0 ffff 13ee 13ef 0 ffff 0 ffff 0 ffff 4 f 2520
0 7fff 0 ffff dfac dfac 0 3fff 0 ffff 0 ffff 1 12 2521
0 7fff 0 ffff 8c5b 8c5b 4000 7fff 0 ffff 0 ffff 1 12 2522
e00 fff 0 ffff 13f0 13ff 0 ffff 0 ffff 0 ffff 7 c 2523
6a00 6bff 0 ffff 8c40 8c4f 0 ffff 0 ffff 0 ffff 7 c 2524
ec00 edff 0 ffff eea0 eeaf 0 ffff 0 ffff 0 ffff 7 c 2525
cd8 cdf 0 ffff d800 dbff 0 ffff 0 ffff 0 ffff d 6 2526
cd8 cdf 0 ffff 6000 63ff 0 ffff 0 ffff 0 ffff d 6 2527
8118 811f 0 ffff 5000 53ff 0 ffff 0 ffff 0 ffff d 6 2528
ce0 cff 0 ffff 0 ffff 0 ffff 0 ffff 0 ffff b 0 2529
6860 687f 0 ffff 0 ffff 0 ffff 0 ffff 0 ffff b 0 252a
efa0 efbf 0 ffff 0 ffff 0 ffff 0 ffff 0 ffff b 0 252b
800 bff 0 ffff b000 bfff 0 ffff 0 ffff 0 ffff 6 4 252c
c80 cbf 0 ffff 1300 137f 0 ffff 0 ffff 0 ffff a 9 252d
6800 683f 0 ffff 1300 137f 0 ffff 0 ffff 0 ffff a 9 252e
8140 817f 0 ffff 5780 57ff 0 ffff 0 ffff 0 ffff a 9 252f
d00 dff 0 ffff a000 bfff 0 ffff 0 ffff 0 ffff 8 3 2530
d00 dff 0 ffff afe0 afff 0 ffff 0 ffff 0 ffff 8 b 2531
ee00 eeff 0 ffff 8c60 8c7f 0 ffff 0 ffff 0 ffff 8 b 2532
ee00 eeff 0 ffff 65c0 65df 0 ffff 0 ffff 0 ffff 8 b 2533
0 ffff 0 ffff dfc0 dfff 0 ffff 0 ffff 0 ffff 0 a 2534
cc0 ccf 0 ffff 1000 11ff 0 ffff 0 ffff 0 ffff c 7 2535
6850 685f 0 ffff 8e00 8fff 0 ffff 0 ffff 0 ffff c 7 2536
8100 810f 0 ffff 5400 55ff 0 ffff 0 ffff 0 ffff c 7 2537
800 bff 0 ffff 20f8 20ff 0 ffff 0 ffff 0 ffff 6 d 2538
6c00 6fff 0 ffff afc0 afc7 0 ffff 0 ffff 0 ffff 6 d 2539
6c00 6fff 0 ffff 5710 5717 0 ffff 0 ffff 0 ffff 6 d 253a
8400 87ff 0 ffff 5710 5717 0 ffff 0 ffff 0 ffff 6 d 253b
8400 87ff 0 ffff 8c50 8c57 0 ffff 0 ffff 0 ffff 6 d 253c
e800 ebff 0 ffff eeb0 eeb7 0 ffff 0 ffff 0 ffff 6 d 253d
e800 ebff 0 ffff 65f8 65ff 0 ffff 0 ffff 0 ffff 6 d 253e
6843 6843 0 ffff 6000 7fff 0 ffff 0 ffff 0 ffff 10 3 253f
6843 6843 0 ffff 8000 9fff 0 ffff 0 ffff 0 ffff 10 3 2540
4000 5fff 0 ffff 8c5a 8c5a 0 ffff 0 ffff 0 ffff 3 10 2541
c000 dfff 0 ffff eeba eeba 0 ffff 0 ffff 0 ffff 3 10 2542
6880 68ff 0 ffff 8c00 8c3f 0 ffff 0 ffff 0 ffff 9 a 2543
6880 68ff 0 ffff 1380 13bf 0 ffff 0 ffff 0 ffff 9 a 2544
6000 67ff 0 ffff 13e8 13eb 0 ffff 0 ffff 0 ffff 5 e 2545
8800 8fff 0 ffff 571c 571f 0 ffff 0 ffff 0 ffff 5 e 2546
e000 e7ff 0 ffff eebc eebf 0 ffff 0 ffff 0 ffff 5 e 2547
6880 68ff 0 ffff 8000 bfff 0 ffff 0 ffff 0 ffff 9 2 2548
8110 8111 0 ffff 9000 9fff 0 ffff 0 ffff 0 ffff f 4 2549
c000 ffff 0 ffff 8c5b 8c5b 8000 ffff 0 ffff 0 ffff 2 11 254a
ec00 edff 0 ffff 6000 7fff 0 ffff 0 ffff 0 ffff 7 3 254b
efc0 efff 0 ffff 0 ffff 0 ffff 0 ffff 0 ffff a 0 254c
efc0 efff 0 ffff 8000 ffff 0 ffff 0 ffff 0 ffff a 1 254d
ef83 ef83 8000 ffff 4000 7fff 0 ffff 0 ffff 0 ffff 11 2 254e
c80 cbf 0 ffff de00 deff 0 ffff 0 ffff 0 ffff a 8 254f
c80 cbf 0 ffff 6400 64ff 0 ffff 0 ffff 0 ffff a 8 2550
6800 683f 0 ffff ae00 aeff 0 ffff 0 ffff 0 ffff a 8 2551
6800 683f 0 ffff 8d00 8dff 0 ffff 0 ffff 0 ffff a 8 2552
8140 817f 0 ffff ef00 efff 0 ffff 0 ffff 0 ffff a 8 2553
8140 817f 0 ffff 5600 56ff 0 ffff 0 ffff 0 ffff a 8 2554
efc0 efff 0 ffff 8d00 8dff 0 ffff 0 ffff 0 ffff a 8 2555
e00 fff 0 ffff df80 df9f 0 ffff 0 ffff 0 ffff 7 b 2556
6a00 6bff 0 ffff 65c0 65df 0 ffff 0 ffff 0 ffff 7 b 2557
6a00 6bff 0 ffff 8c60 8c7f 0 ffff 0 ffff 0 ffff 7 b 2558
ec00 edff 0 ffff 65c0 65df 0 ffff 0 ffff 0 ffff 7 b 2559
1000 1fff 0 ffff a800 abff 0 ffff 0 ffff 0 ffff 4 6 255a
1000 1fff 0 ffff 1400 17ff 0 ffff 0 ffff 0 ffff 4 6 255b
7000 7fff 0 ffff a800 abff 0 ffff 0 ffff 0 ffff 4 6 255c
cd0 cd0 c000 ffff 0 ffff 0 ffff 0 ffff 0 ffff 12 0 255d
0 3fff 0 ffff 6600 67ff 0 ffff 0 ffff 0 ffff 2 7 255e
d00 dff 0 ffff af80 afbf 0 ffff 0 ffff 0 ffff 8 a 255f
6900 69ff 0 ffff 6580 65bf 0 ffff 0 ffff 0 ffff 8 a 2560
6900 69ff 0 ffff 8c00 8c3f 0 ffff 0 ffff 0 ffff 8 a 2561
ee00 eeff 0 ffff 8c00 8c3f 0 ffff 0 ffff 0 ffff 8 a 2562
ee00 eeff 0 ffff 5740 577f 0 ffff 0 ffff 0 ffff 8 a 2563
ee00 eeff 0 ffff 6580 65bf 0 ffff 0 ffff 0 ffff 8 a 2564
c00 c7f 0 ffff 6500 657f 0 ffff 0 ffff 0 ffff 9 9 2565
6880 68ff 0 ffff 1300 137f 0 ffff 0 ffff 0 ffff 9 9 2566
8180 81ff 0 ffff 2000 207f 0 ffff 0 ffff 0 ffff 9 9 2567
8180 81ff 0 ffff 5780 57ff 0 ffff 0 ffff 0 ffff 9 9 2568
ef00 ef7f 0 ffff 8c80 8cff 0 ffff 0 ffff 0 ffff 9 9 2569
0 7ff 0 ffff b000 bfff 0 ffff 0 ffff 0 ffff 5 4 256a
4000 7fff 0 ffff afc9 afc9 0 ffff 0 ffff 0 ffff 2 10 256b
6860 687f 0 ffff ac00 adff 0 ffff 0 ffff 0 ffff b 7 256c
6860 687f 0 ffff 1000 11ff 0 ffff 0 ffff 0 ffff b 7 256d
efa0 efbf 0 ffff dc00 ddff 0 ffff 0 ffff 0 ffff b 7 256e
efa0 efbf 0 ffff ec00 edff 0 ffff 0 ffff 0 ffff b 7 256f
6c00 6fff 0 ffff afd0 afdf 0 ffff 0 ffff 0 ffff 6 c 2570
6c00 6fff 0 ffff 13f0 13ff 0 ffff 0 ffff 0 ffff 6 c 2571
8400 87ff 0 ffff 8c40 8c4f 0 ffff 0 ffff 0 ffff 6 c 2572
e800 ebff 0 ffff 65e0 65ef 0 ffff 0 ffff 0 ffff 6 c 2573
e800 ebff 0 ffff 8c40 8c4f 0 ffff 0 ffff 0 ffff 6 c 2574
6842 6842 0 7fff 8000 ffff 0 ffff 0 ffff 0 ffff 11 1 2575
ef83 ef83 8000 ffff 0 7fff 0 ffff 0 ffff 0 ffff 11 1 2576
6000 67ff 0 ffff 65f8 65ff 0 ffff 0 ffff 0 ffff 5 d 2577
6000 67ff 0 ffff 8c50 8c57 0 ffff 0 ffff 0 ffff 5 d 2578
6848 684f 0 ffff 8000 87ff 0 ffff 0 ffff 0 ffff d 5 2579
ef88 ef8f 0 ffff 6800 6fff 0 ffff 0 ffff 0 ffff d 5 257a
6850 685f 0 ffff 8800 8bff 0 ffff 0 ffff 0 ffff c 6 257b
8100 810f 0 ffff 5000 53ff 0 ffff 0 ffff 0 ffff c 6 257c
0 7fff 0 ffff 8c5b 8c5b 8000 ffff 0 ffff 0 ffff 1 11 257d
6843 6843 0 ffff 0 3fff 0 ffff 0 ffff 0 ffff 10 2 257e
ef82 ef82 0 ffff c000 ffff 0 ffff 0 ffff 0 ffff 10 2 257f
9000 9fff 0 ffff 8c5c 8c5f 0 ffff 0 ffff 0 ffff 4 e 2580
8110 8111 0 ffff e000 ffff 0 ffff 0 ffff 0 ffff f 3 2581
a000 bfff 0 ffff 8c58 8c59 0 ffff 0 ffff 0 ffff 3 f 2582
ef00 ef7f 0 ffff 8000 ffff 0 ffff 0 ffff 0 ffff 9 1 2583
ef84 ef87 0 ffff 9000 9fff 0 ffff 0 ffff 0 ffff e 4 2584
cc0 ccf 0 ffff 6800 6fff 0 ffff 0 ffff 0 ffff c 5 2585
6850 685f 0 ffff a000 a7ff 0 ffff 0 ffff 0 ffff c 5 2586
6850 685f 0 ffff 6800 6fff 0 ffff 0 ffff 0 ffff c 5 2587
6850 685f 0 ffff 8000 87ff 0 ffff 0 ffff 0 ffff c 5 2588
8100 810f 0 ffff e000 e7ff 0 ffff 0 ffff 0 ffff c 5 2589
cd4 cd7 0 ffff c000 dfff 0 ffff 0 ffff 0 ffff e 3 258a
6844 6847 0 ffff a000 bfff 0 ffff 0 ffff 0 ffff e 3 258b
6844 6847 0 ffff 8000 9fff 0 ffff 0 ffff 0 ffff e 3 258c
8114 8117 0 ffff 4000 5fff 0 ffff 0 ffff 0 ffff e 3 258d
ef84 ef87 0 ffff 8000 9fff 0 ffff 0 ffff 0 ffff e 3 258e
cd1 cd1 0 ffff 8000 ffff 0 ffff 0 ffff 0 ffff 10 1 258f
6843 6843 0 ffff 0 7fff 0 ffff 0 ffff 0 ffff 10 1 2590
ef82 ef82 0 ffff 8000 ffff 0 ffff 0 ffff 0 ffff 10 1 2591
1000 1fff 0 ffff afc0 afc7 0 ffff 0 ffff 0 ffff 4 d 2592
7000 7fff 0 ffff 13e0 13e7 0 ffff 0 ffff 0 ffff 4 d 2593
7000 7fff 0 ffff 8c50 8c57 0 ffff 0 ffff 0 ffff 4 d 2594
cd2 cd3 0 ffff 8000 bfff 0 ffff 0 ffff 0 ffff f 2 2595
6840 6841 0 ffff 4000 7fff 0 ffff 0 ffff 0 ffff f 2 2596
6840 6841 0 ffff 8000 bfff 0 ffff 0 ffff 0 ffff f 2 2597
8110 8111 0 ffff c000 ffff 0 ffff 0 ffff 0 ffff f 2 2598
ef80 ef81 0 ffff 4000 7fff 0 ffff 0 ffff 0 ffff f 2 2599
d00 dff 0 ffff 1300 137f 0 ffff 0 ffff 0 ffff 8 9 259a
6900 69ff 0 ffff 1300 137f 0 ffff 0 ffff 0 ffff 8 9 259b
8000 80ff 0 ffff 2000 207f 0 ffff 0 ffff 0 ffff 8 9 259c
ee00 eeff 0 ffff ee00 ee7f 0 ffff 0 ffff 0 ffff 8 9 259d
cd8 cdf 0 ffff 0 fff 0 ffff 0 ffff 0 ffff d 4 259e
8118 811f 0 ffff 3000 3fff 0 ffff 0 ffff 0 ffff d 4 259f
ef88 ef8f 0 ffff f000 ffff 0 ffff 0 ffff 0 ffff d 4 25a0
ef88 ef8f 0 ffff 7000 7fff 0 ffff 0 ffff 0 ffff d 4 25a1
ef88 ef8f 0 ffff 9000 9fff 0 ffff 0 ffff 0 ffff d 4 25a2
0 7ff 0 ffff a000 bfff 0 ffff 0 ffff 0 ffff 5 3 25a3
6000 67ff 0 ffff 8000 9fff 0 ffff 0 ffff 0 ffff 5 3 25a4
6a00 6bff 0 ffff 8000 bfff 0 ffff 0 ffff 0 ffff 7 2 25a5
6a00 6bff 0 ffff 4000 7fff 0 ffff 0 ffff 0 ffff 7 2 25a6
6000 67ff 0 ffff 7000 7fff 0 ffff 0 ffff 0 ffff 5 4 25a7
6a00 6bff 0 ffff 8c00 8c3f 0 ffff 0 ffff 0 ffff 7 a 25a8
ec00 edff 0 ffff 5740 577f 0 ffff 0 ffff 0 ffff 7 a 25a9
7000 7fff 0 ffff 8000 87ff 0 ffff 0 ffff 0 ffff 4 5 25aa
6842 6842 0 7fff 0 ffff 0 ffff 0 ffff 0 ffff 11 0 25ab
8112 8112 0 7fff 0 ffff 0 ffff 0 ffff 0 ffff 11 0 25ac
6c00 6fff 0 ffff 8000 bfff 0 ffff 0 ffff 0 ffff 6 2 25ad
e800 ebff 0 ffff 8000 bfff 0 ffff 0 ffff 0 ffff 6 2 25ae
6c00 6fff 0 ffff 13c0 13df 0 ffff 0 ffff 0 ffff 6 b 25af
e800 ebff 0 ffff 5720 573f 0 ffff 0 ffff 0 ffff 6 b 25b0
6880 68ff 0 ffff 8d00 8dff 0 ffff 0 ffff 0 ffff 9 8 25b1
8180 81ff 0 ffff 5600 56ff 0 ffff 0 ffff 0 ffff 9 8 25b2
8120 813f 0 ffff 2400 27ff 0 ffff 0 ffff 0 ffff b 6 25b3
8800 8fff 0 ffff eea0 eeaf 0 ffff 0 ffff 0 ffff 5 c 25b4
0 ffff 0 ffff dfac dfac 8000 ffff 0 ffff 0 ffff 0 11 25b5
efc0 efff 0 ffff 6600 67ff 0 ffff 0 ffff 0 ffff a 7 25b6
c000 dfff 0 ffff 8c5c 8c5f 0 ffff 0 ffff 0 ffff 3 e 25b7
cd4 cd7 0 ffff 4000 7fff 0 ffff 0 ffff 0 ffff e 2 25b8
ef84 ef87 0 ffff c000 ffff 0 ffff 0 ffff 0 ffff e 2 25b9
1000 1fff 0 ffff dfb0 dfbf 0 ffff 0 ffff 0 ffff 4 c 25ba
9000 9fff 0 ffff 8c40 8c4f 0 ffff 0 ffff 0 ffff 4 c 25bb
f000 ffff 0 ffff 65e0 65ef 0 ffff 0 ffff 0 ffff 4 c 25bc
e00 fff 0 ffff df00 df7f 0 ffff 0 ffff 0 ffff 7 9 25bd
6a00 6bff 0 ffff 6500 657f 0 ffff 0 ffff 0 ffff 7 9 25be
8200 83ff 0 ffff ee00 ee7f 0 ffff 0 ffff 0 ffff 7 9 25bf
8200 83ff 0 ffff 8c80 8cff 0 ffff 0 ffff 0 ffff 7 9 25c0
ec00 edff 0 ffff ee00 ee7f 0 ffff 0 ffff 0 ffff 7 9 25c1
ec00 edff 0 ffff 6500 657f 0 ffff 0 ffff 0 ffff 7 9 25c2
0 7ff 0 ffff 13c0 13df 0 ffff 0 ffff 0 ffff 5 b 25c3
0 7ff 0 ffff 65c0 65df 0 ffff 0 ffff 0 ffff 5 b 25c4
6000 67ff 0 ffff afe0 afff 0 ffff 0 ffff 0 ffff 5 b 25c5
6000 67ff 0 ffff 13c0 13df 0 ffff 0 ffff 0 ffff 5 b 25c6
e000 e7ff 0 ffff 8c60 8c7f 0 ffff 0 ffff 0 ffff 5 b 25c7
800 bff 0 ffff af80 afbf 0 ffff 0 ffff 0 ffff 6 a 25c8
6c00 6fff 0 ffff 6580 65bf 0 ffff 0 ffff 0 ffff 6 a 25c9
e800 ebff 0 ffff 6580 65bf 0 ffff 0 ffff 0 ffff 6 a 25ca
d00 dff 0 ffff ae00 aeff 0 ffff 0 ffff 0 ffff 8 8 25cb
d00 dff 0 ffff 1200 12ff 0 ffff 0 ffff 0 ffff 8 8 25cc
6900 69ff 0 ffff 6400 64ff 0 ffff 0 ffff 0 ffff 8 8 25cd
8000 80ff 0 ffff 5600 56ff 0 ffff 0 ffff 0 ffff 8 8 25ce
2000 3fff 0 ffff afc0 afc7 0 ffff 0 ffff 0 ffff 3 d 25cf
4000 5fff 0 ffff 8c50 8c57 0 ffff 0 ffff 0 ffff 3 d 25d0
c000 dfff 0 ffff 8c50 8c57 0 ffff 0 ffff 0 ffff 3 d 25d1
0 7fff 0 ffff afca afcb 0 ffff 0 ffff 0 ffff 1 f 25d2
8000 ffff 0 ffff 571a 571b 0 ffff 0 ffff 0 ffff 1 f 25d3
6880 68ff 0 ffff 2200 23ff 0 ffff 0 ffff 0 ffff 9 7 25d4
ef00 ef7f 0 ffff 8e00 8fff 0 ffff 0 ffff 0 ffff 9 7 25d5
ef00 ef7f 0 ffff 6600 67ff 0 ffff 0 ffff 0 ffff 9 7 25d6
6848 684f 0 ffff a000 bfff 0 ffff 0 ffff 0 ffff d 3 25d7
6848 684f 0 ffff 0 1fff 0 ffff 0 ffff 0 ffff d 3 25d8
6848 684f 0 ffff 8000 9fff 0 ffff 0 ffff 0 ffff d 3 25d9
ef88 ef8f 0 ffff e000 ffff 0 ffff 0 ffff 0 ffff d 3 25da
ef88 ef8f 0 ffff 6000 7fff 0 ffff 0 ffff 0 ffff d 3 25db
0 ffff 0 ffff dfad dfad 0 ffff 0 ffff 0 ffff 0 10 25dc
6850 685f 0 ffff 7000 7fff 0 ffff 0 ffff 0 ffff c 4 25dd
ef90 ef9f 0 ffff f000 ffff 0 ffff 0 ffff 0 ffff c 4 25de
6c00 6fff 0 ffff 4000 7fff 0 ffff 0 ffff 0 ffff 6 2 25df
6860 687f 0 ffff 8000 87ff 0 ffff 0 ffff 0 ffff b 5 25e0
8120 813f 0 ffff e000 e7ff 0 ffff 0 ffff 0 ffff b 5 25e1
8113 8113 0 ffff 0 ffff 0 ffff 0 ffff 0 ffff 10 0 25e2
8000 bfff 0 ffff 20f4 20f7 0 ffff 0 ffff 0 ffff 2 e 25e3
c000 ffff 0 ffff 8c5c 8c5f 0 ffff 0 ffff 0 ffff 2 e 25e4
8140 817f 0 ffff 5000 53ff 0 ffff 0 ffff 0 ffff a 6 25e5
8140 817f 0 ffff e800 ebff 0 ffff 0 ffff 0 ffff a 6 25e6
ec00 edff 0 ffff 8000 ffff 0 ffff 0 ffff 0 ffff 7 1 25e7
ec00 edff 0 ffff 0 7fff 0 ffff 0 ffff 0 ffff 7 1 25e8
0 ffff 0 ffff dc00 ddff 0 ffff 0 ffff 0 ffff 0 7 25e9
c000 ffff 0 ffff 8000 87ff 0 ffff 0 ffff 0 ffff 2 5 25ea
ef80 ef81 0 ffff 0 7fff 0 ffff 0 ffff 0 ffff f 1 25eb
0 7ff 0 ffff dfc0 dfff 0 ffff 0 ffff 0 ffff 5 a 25ec
0 7ff 0 ffff af80 afbf 0 ffff 0 ffff 0 ffff 5 a 25ed
8800 8fff 0 ffff 2080 20bf 0 ffff 0 ffff 0 ffff 5 a 25ee
8800 8fff 0 ffff 5740 577f 0 ffff 0 ffff 0 ffff 5 a 25ef
e000 e7ff 0 ffff eec0 eeff 0 ffff 0 ffff 0 ffff 5 a 25f0
e000 e7ff 0 ffff 8c00 8c3f 0 ffff 0 ffff 0 ffff 5 a 25f1
0 7fff 0 ffff dfa8 dfab 0 ffff 0 ffff 0 ffff 1 e 25f2
0 7fff 0 ffff 8c5c 8c5f 0 ffff 0 ffff 0 ffff 1 e 25f3
c00 c7f 0 ffff d800 dbff 0 ffff 0 ffff 0 ffff 9 6 25f4
6880 68ff 0 ffff 1400 17ff 0 ffff 0 ffff 0 ffff 9 6 25f5
8180 81ff 0 ffff e800 ebff 0 ffff 0 ffff 0 ffff 9 6 25f6
1000 1fff 0 ffff 8000 bfff 0 ffff 0 ffff 0 ffff 4 2 25f7
cd8 cdf 0 ffff 4000 7fff 0 ffff 0 ffff 0 ffff d 2 25f8
ef88 ef8f 0 ffff 4000 7fff 0 ffff 0 ffff 0 ffff d 2 25f9
0 7fff 0 ffff a800 abff 0 ffff 0 ffff 0 ffff 1 6 25fa
c80 cbf 0 ffff 6800 6fff 0 ffff 0 ffff 0 ffff a 5 25fb
6800 683f 0 ffff 6800 6fff 0 ffff 0 ffff 0 ffff a 5 25fc
8140 817f 0 ffff 8000 87ff 0 ffff 0 ffff 0 ffff a 5 25fd
efc0 efff 0 ffff 8000 87ff 0 ffff 0 ffff 0 ffff a 5 25fe
1000 1fff 0 ffff afe0 afff 0 ffff 0 ffff 0 ffff 4 b 25ff
9000 9fff 0 ffff 5720 573f 0 ffff 0 ffff 0 ffff 4 b 2600
f000 ffff 0 ffff 65c0 65df 0 ffff 0 ffff 0 ffff 4 b 2601
0 3fff 0 ffff 65f8 65ff 0 ffff 0 ffff 0 ffff 2 d 2602
4000 7fff 0 ffff 20f8 20ff 0 ffff 0 ffff 0 ffff 2 d 2603
4000 7fff 0 ffff afc0 afc7 0 ffff 0 ffff 0 ffff 2 d 2604
c000 ffff 0 ffff 8c50 8c57 0 ffff 0 ffff 0 ffff 2 d 2605
e00 fff 0 ffff 0 ffff 0 ffff 0 ffff 0 ffff 7 0 2606
6a00 6bff 0 ffff 0 ffff 0 ffff 0 ffff 0 ffff 7 0 2607
e00 fff 0 ffff ae00 aeff 0 ffff 0 ffff 0 ffff 7 8 2608
6a00 6bff 0 ffff 1200 12ff 0 ffff 0 ffff 0 ffff 7 8 2609
6a00 6bff 0 ffff 8d00 8dff 0 ffff 0 ffff 0 ffff 7 8 260a
8200 83ff 0 ffff 5600 56ff 0 ffff 0 ffff 0 ffff 7 8 260b
ec00 edff 0 ffff 6400 64ff 0 ffff 0 ffff 0 ffff 7 8 260c
0 ffff 0 ffff dfae dfaf 0 ffff 0 ffff 0 ffff 0 f 260d
0 7fff 0 ffff 8000 87ff 0 ffff 0 ffff 0 ffff 1 5 260e
4000 5fff 0 ffff 8c40 8c4f 0 ffff 0 ffff 0 ffff 3 c 260f
4000 5fff 0 ffff 65e0 65ef 0 ffff 0 ffff 0 ffff 3 c 2610
6c00 6fff 0 ffff 8c80 8cff 0 ffff 0 ffff 0 ffff 6 9 2611
8400 87ff 0 ffff ee00 ee7f 0 ffff 0 ffff 0 ffff 6 9 2612
e800 ebff 0 ffff 6500 657f 0 ffff 0 ffff 0 ffff 6 9 2613
4000 7fff 0 ffff 8000 87ff 0 ffff 0 ffff 0 ffff 2 5 2614
6850 685f 0 ffff 0 1fff 0 ffff 0 ffff 0 ffff c 3 2615
0 ffff 0 ffff dc00 ddff 0 ffff 0 ffff 0 ffff 0 7 2616
8110 8111 0 ffff 0 ffff 0 ffff 0 ffff 0 ffff f 0 2617
ee00 eeff 0 ffff ec00 edff 0 ffff 0 ffff 0 ffff 8 7 2618
ee00 eeff 0 ffff 6600 67ff 0 ffff 0 ffff 0 ffff 8 7 2619
efa0 efbf 0 ffff 7000 7fff 0 ffff 0 ffff 0 ffff b 4 261a
f000 ffff 0 ffff 6000 7fff 0 ffff 0 ffff 0 ffff 4 3 261b
d00 dff 0 ffff d800 dbff 0 ffff 0 ffff 0 ffff 8 6 261c
d00 dff 0 ffff 1400 17ff 0 ffff 0 ffff 0 ffff 8 6 261d
6900 69ff 0 ffff a800 abff 0 ffff 0 ffff 0 ffff 8 6 261e
6900 69ff 0 ffff 8800 8bff 0 ffff 0 ffff 0 ffff 8 6 261f
6900 69ff 0 ffff 1400 17ff 0 ffff 0 ffff 0 ffff 8 6 2620
8000 80ff 0 ffff 5000 53ff 0 ffff 0 ffff 0 ffff 8 6 2621
ee00 eeff 0 ffff 6000 63ff 0 ffff 0 ffff 0 ffff 8 6 2622
e00 fff 0 ffff dc00 ddff 0 ffff 0 ffff 0 ffff 7 7 2623
0 7fff 0 ffff afc0 afc7 0 ffff 0 ffff 0 ffff 1 d 2624
0 3fff 0 ffff afd0 afdf 0 ffff 0 ffff 0 ffff 2 c 2625
c000 ffff 0 ffff 8c40 8c4f 0 ffff 0 ffff 0 ffff 2 c 2626
7000 7fff 0 ffff 6580 65bf 0 ffff 0 ffff 0 ffff 4 a 2627
4000 7fff 0 ffff 2000 3fff 0 ffff 0 ffff 0 ffff 2 3 2628
4000 7fff 0 ffff 0 1fff 0 ffff 0 ffff 0 ffff 2 3 2629
6848 684f 0 ffff 0 7fff 0 ffff 0 ffff 0 ffff d 1 262a
6000 67ff 0 ffff 8c80 8cff 0 ffff 0 ffff 0 ffff 5 9 262b
e000 e7ff 0 ffff ee00 ee7f 0 ffff 0 ffff 0 ffff 5 9 262c
6c00 6fff 0 ffff 8d00 8dff 0 ffff 0 ffff 0 ffff 6 8 262d
6c00 6fff 0 ffff 6400 64ff 0 ffff 0 ffff 0 ffff 6 8 262e
0 7fff 0 ffff 9000 9fff 0 ffff 0 ffff 0 ffff 1 4 262f
4000 7fff 0 ffff 9000 9fff 0 ffff 0 ffff 0 ffff 2 4 2630
c000 ffff 0 ffff 7000 7fff 0 ffff 0 ffff 0 ffff 2 4 2631
6800 683f 0 ffff 7000 7fff 0 ffff 0 ffff 0 ffff a 4 2632
0 ffff 0 ffff dfa8 dfab 0 ffff 0 ffff 0 ffff 0 e 2633
6844 6847 0 ffff 0 ffff 0 ffff 0 ffff 0 ffff e 0 2634
0 ffff 0 ffff d800 dbff 0 ffff 0 ffff 0 ffff 0 6 2635
8100 810f 0 ffff c000 ffff 0 ffff 0 ffff 0 ffff c 2 2636
8100 810f 0 ffff 0 3fff 0 ffff 0 ffff 0 ffff c 2 2637
c000 dfff 0 ffff 8c60 8c7f 0 ffff 0 ffff 0 ffff 3 b 2638
0 ffff 0 ffff d000 d7ff 0 ffff 0 ffff 0 ffff 0 5 2639
e000 e7ff 0 ffff 8000 ffff 0 ffff 0 ffff 0 ffff 5 1 263a
ef00 ef7f 0 ffff e000 e7ff 0 ffff 0 ffff 0 ffff 9 5 263b
2000 3fff 0 ffff dfc0 dfff 0 ffff 0 ffff 0 ffff 3 a 263c
c000 dfff 0 ffff 8c00 8c3f 0 ffff 0 ffff 0 ffff 3 a 263d
c000 dfff 0 ffff eec0 eeff 0 ffff 0 ffff 0 ffff 3 a 263e
cc0 ccf 0 ffff 0 7fff 0 ffff 0 ffff 0 ffff c 1 263f
c80 cbf 0 ffff a000 bfff 0 ffff 0 ffff 0 ffff a 3 2640
6800 683f 0 ffff 0 1fff 0 ffff 0 ffff 0 ffff a 3 2641
6800 683f 0 ffff 8000 9fff 0 ffff 0 ffff 0 ffff a 3 2642
8140 817f 0 ffff 4000 5fff 0 ffff 0 ffff 0 ffff a 3 2643
800 bff 0 ffff ac00 adff 0 ffff 0 ffff 0 ffff 6 7 2644
e800 ebff 0 ffff 6600 67ff 0 ffff 0 ffff 0 ffff 6 7 2645
2000 3fff 0 ffff 4000 7fff 0 ffff 0 ffff 0 ffff 3 2 2646
a000 bfff 0 ffff c000 ffff 0 ffff 0 ffff 0 ffff 3 2 2647
c000 dfff 0 ffff 8000 bfff 0 ffff 0 ffff 0 ffff 3 2 2648
6000 67ff 0 ffff ae00 aeff 0 ffff 0 ffff 0 ffff 5 8 2649
6000 67ff 0 ffff 8d00 8dff 0 ffff 0 ffff 0 ffff 5 8 264a
0 7fff 0 ffff a000 bfff 0 ffff 0 ffff 0 ffff 1 3 264b
6880 68ff 0 ffff b000 bfff 0 ffff 0 ffff 0 ffff 9 4 264c
8180 81ff 0 ffff f000 ffff 0 ffff 0 ffff 0 ffff 9 4 264d
7000 7fff 0 ffff 8c80 8cff 0 ffff 0 ffff 0 ffff 4 9 264e
7000 7fff 0 ffff 1300 137f 0 ffff 0 ffff 0 ffff 4 9 264f
6848 684f 0 ffff 0 ffff 0 ffff 0 ffff 0 ffff d 0 2650
ef88 ef8f 0 ffff 0 ffff 0 ffff 0 ffff 0 ffff d 0 2651
0 ffff 0 ffff c000 cfff 0 ffff 0 ffff 0 ffff 0 4 2652
8000 bfff 0 ffff ee80 ee9f 0 ffff 0 ffff 0 ffff 2 b 2653
c000 ffff 0 ffff 8c60 8c7f 0 ffff 0 ffff 0 ffff 2 b 2654
c000 ffff 0 ffff 65c0 65df 0 ffff 0 ffff 0 ffff 2 b 2655
8200 83ff 0 ffff e800 ebff 0 ffff 0 ffff 0 ffff 7 6 2656
ec00 edff 0 ffff 6000 63ff 0 ffff 0 ffff 0 ffff 7 6 2657
f000 ffff 0 ffff 8000 ffff 0 ffff 0 ffff 0 ffff 4 1 2658
8000 ffff 0 ffff 7000 7fff 0 ffff 0 ffff 0 ffff 1 4 2659
e000 e7ff 0 ffff 0 ffff 0 ffff 0 ffff 0 ffff 5 0 265a
efa0 efbf 0 ffff 8000 bfff 0 ffff 0 ffff 0 ffff b 2 265b
0 ffff 0 ffff dfb0 dfbf 0 ffff 0 ffff 0 ffff 0 c 265c
800 bff 0 ffff a800 abff 0 ffff 0 ffff 0 ffff 6 6 265d
6c00 6fff 0 ffff 8800 8bff 0 ffff 0 ffff 0 ffff 6 6 265e
e800 ebff 0 ffff 6000 63ff 0 ffff 0 ffff 0 ffff 6 6 265f
e800 ebff 0 ffff e800 ebff 0 ffff 0 ffff 0 ffff 6 6 2660
0 ffff 0 ffff c000 cfff 0 ffff 0 ffff 0 ffff 0 4 2661
0 ffff 0 ffff c000 cfff 0 ffff 0 ffff 0 ffff 0 4 2662
0 ffff 0 ffff c000 cfff 0 ffff 0 ffff 0 ffff 0 4 2663
4000 7fff 0 ffff 8000 ffff 0 ffff 0 ffff 0 ffff 2 1 2664
4000 5fff 0 ffff 0 7fff 0 ffff 0 ffff 0 ffff 3 1 2665
4000 5fff 0 ffff 8000 ffff 0 ffff 0 ffff 0 ffff 3 1 2666
4000 7fff 0 ffff 1380 13bf 0 ffff 0 ffff 0 ffff 2 a 2667
8000 bfff 0 ffff eec0 eeff 0 ffff 0 ffff 0 ffff 2 a 2668
c000 ffff 0 ffff 8c00 8c3f 0 ffff 0 ffff 0 ffff 2 a 2669
6a00 6bff 0 ffff 1800 1fff 0 ffff 0 ffff 0 ffff 7 5 266a
6a00 6bff 0 ffff 8000 87ff 0 ffff 0 ffff 0 ffff 7 5 266b
8200 83ff 0 ffff 2800 2fff 0 ffff 0 ffff 0 ffff 7 5 266c
8200 83ff 0 ffff e000 e7ff 0 ffff 0 ffff 0 ffff 7 5 266d
6900 69ff 0 ffff 7000 7fff 0 ffff 0 ffff 0 ffff 8 4 266e
ee00 eeff 0 ffff f000 ffff 0 ffff 0 ffff 0 ffff 8 4 266f
7000 7fff 0 ffff 1200 12ff 0 ffff 0 ffff 0 ffff 4 8 2670
7000 7fff 0 ffff 8d00 8dff 0 ffff 0 ffff 0 ffff 4 8 2671
8000 ffff 0 ffff 4000 7fff 0 ffff 0 ffff 0 ffff 1 2 2672
8000 ffff 0 ffff 4000 5fff 0 ffff 0 ffff 0 ffff 1 3 2673
8000 ffff 0 ffff 6000 7fff 0 ffff 0 ffff 0 ffff 1 3 2674
9000 9fff 0 ffff 0 ffff 0 ffff 0 ffff 0 ffff 4 0 2675
e000 e7ff 0 ffff 6600 67ff 0 ffff 0 ffff 0 ffff 5 7 2676
c000 dfff 0 ffff ee00 ee7f 0 ffff 0 ffff 0 ffff 3 9 2677
efc0 efff 0 ffff c000 ffff 0 ffff 0 ffff 0 ffff a 2 2678
c000 ffff 0 ffff 4000 7fff 0 ffff 0 ffff 0 ffff 2 2 2679
efa0 efbf 0 ffff 0 7fff 0 ffff 0 ffff 0 ffff b 1 267a
8000 ffff 0 ffff 65c0 65df 0 ffff 0 ffff 0 ffff 1 b 267b
0 7ff 0 ffff 6000 63ff 0 ffff 0 ffff 0 ffff 5 6 267c
6000 67ff 0 ffff 8800 8bff 0 ffff 0 ffff 0 ffff 5 6 267d
2000 3fff 0 ffff 0 ffff 0 ffff 0 ffff 0 ffff 3 0 267e
d00 dff 0 ffff a000 bfff 0 ffff 0 ffff 0 ffff 8 3 267f
d00 dff 0 ffff 0 1fff 0 ffff 0 ffff 0 ffff 8 3 2680
0 ffff 0 ffff c000 ffff 0 ffff 0 ffff 0 ffff 0 2 2681
4000 7fff 0 ffff 8000 ffff 0 ffff 0 ffff 0 ffff 2 1 2682
4000 7fff 0 ffff 0 7fff 0 ffff 0 ffff 0 ffff 2 1 2683
c000 ffff 0 ffff 8000 ffff 0 ffff 0 ffff 0 ffff 2 1 2684
6800 683f 0 ffff 0 7fff 0 ffff 0 ffff 0 ffff a 1 2685
6860 687f 0 ffff 0 ffff 0 ffff 0 ffff 0 ffff b 0 2686
6a00 6bff 0 ffff 9000 9fff 0 ffff 0 ffff 0 ffff 7 4 2687
8200 83ff 0 ffff 4000 4fff 0 ffff 0 ffff 0 ffff 7 4 2688
7000 7fff 0 ffff 8e00 8fff 0 ffff 0 ffff 0 ffff 4 7 2689
a000 bfff 0 ffff ef00 efff 0 ffff 0 ffff 0 ffff 3 8 268a
a000 bfff 0 ffff 5600 56ff 0 ffff 0 ffff 0 ffff 3 8 268b
8000 ffff 0 ffff 0 7fff 0 ffff 0 ffff 0 ffff 1 1 268c
0 ffff 0 ffff df80 df9f 0 ffff 0 ffff 0 ffff 0 b 268d
8000 ffff 0 ffff 4000 7fff 0 ffff 0 ffff 0 ffff 1 2 268e
8000 ffff 0 ffff 4000 7fff 0 ffff 0 ffff 0 ffff 1 2 268f
e800 ebff 0 ffff 6800 6fff 0 ffff 0 ffff 0 ffff 6 5 2690
c000 ffff 0 ffff 6500 657f 0 ffff 0 ffff 0 ffff 2 9 2691
ef00 ef7f 0 ffff c000 ffff 0 ffff 0 ffff 0 ffff 9 2 2692
2000 3fff 0 ffff dc00 ddff 0 ffff 0 ffff 0 ffff 3 7 2693
4000 5fff 0 ffff 8e00 8fff 0 ffff 0 ffff 0 ffff 3 7 2694
c000 dfff 0 ffff 6600 67ff 0 ffff 0 ffff 0 ffff 3 7 2695
1000 1fff 0 ffff d800 dbff 0 ffff 0 ffff 0 ffff 4 6 2696
f000 ffff 0 ffff 6000 63ff 0 ffff 0 ffff 0 ffff 4 6 2697
0 7ff 0 ffff a000 a7ff 0 ffff 0 ffff 0 ffff 5 5 2698
6000 67ff 0 ffff 8000 87ff 0 ffff 0 ffff 0 ffff 5 5 2699
e000 e7ff 0 ffff 6800 6fff 0 ffff 0 ffff 0 ffff 5 5 269a
800 bff 0 ffff 0 fff 0 ffff 0 ffff 0 ffff 6 4 269b
e800 ebff 0 ffff f000 ffff 0 ffff 0 ffff 0 ffff 6 4 269c
e800 ebff 0 ffff 4000 4fff 0 ffff 0 ffff 0 ffff 6 4 269d
0 3fff 0 ffff 6400 64ff 0 ffff 0 ffff 0 ffff 2 8 269e
4000 7fff 0 ffff 1200 12ff 0 ffff 0 ffff 0 ffff 2 8 269f
0 ffff 0 ffff 8000 ffff 0 ffff 0 ffff 0 ffff 0 1 26a0
0 7fff 0 ffff af00 af7f 0 ffff 0 ffff 0 ffff 1 9 26a1
0 7fff 0 ffff 8c80 8cff 0 ffff 0 ffff 0 ffff 1 9 26a2
8000 ffff 0 ffff 6500 657f 0 ffff 0 ffff 0 ffff 1 9 26a3
0 ffff 0 ffff c000 ffff 0 ffff 0 ffff 0 ffff 0 2 26a4
0 ffff 0 ffff c000 ffff 0 ffff 0 ffff 0 ffff 0 2 26a5
0 7fff 0 ffff 0 ffff 0 ffff 0 ffff 0 ffff 1 0 26a6
0 7fff 0 ffff 8000 ffff 0 ffff 0 ffff 0 ffff 1 1 26a7
8000 ffff 0 ffff 0 7fff 0 ffff 0 ffff 0 ffff 1 1 26a8
8000 ffff 0 ffff 0 7fff 0 ffff 0 ffff 0 ffff 1 1 26a9
8180 81ff 0 ffff 8000 ffff 0 ffff 0 ffff 0 ffff 9 1 26aa
c000 ffff 0 ffff 0 ffff 0 ffff 0 ffff 0 ffff 2 0 26ab
c000 ffff 0 ffff 0 ffff 0 ffff 0 ffff 0 ffff 2 0 26ac
0 3fff 0 ffff dc00 ddff 0 ffff 0 ffff 0 ffff 2 7 26ad
4000 7fff 0 ffff 1000 11ff 0 ffff 0 ffff 0 ffff 2 7 26ae
c000 ffff 0 ffff 5400 55ff 0 ffff 0 ffff 0 ffff 2 7 26af
0 ffff 0 ffff 0 ffff 0 ffff 0 ffff 0 ffff 0 0 26b0
0 ffff 0 ffff 0 ffff 0 ffff 0 ffff 0 ffff 0 0 26b1
0 ffff 0 ffff 0 ffff 0 ffff 0 ffff 0 ffff 0 0 26b2
0 ffff 0 ffff 0 ffff 0 ffff 0 ffff 0 ffff 0 0 26b3
0 ffff 0 ffff 0 ffff 0 ffff 0 ffff 0 ffff 0 0 26b4
d00 dff 0 ffff 8000 ffff 0 ffff 0 ffff 0 ffff 8 1 26b5
6900 69ff 0 ffff 0 7fff 0 ffff 0 ffff 0 ffff 8 1 26b6
e00 fff 0 ffff 8000 bfff 0 ffff 0 ffff 0 ffff 7 2 26b7
6a00 6bff 0 ffff 4000 7fff 0 ffff 0 ffff 0 ffff 7 2 26b8
6a00 6bff 0 ffff 8000 bfff 0 ffff 0 ffff 0 ffff 7 2 26b9
8200 83ff 0 ffff 4000 7fff 0 ffff 0 ffff 0 ffff 7 2 26ba
0 7ff 0 ffff 0 fff 0 ffff 0 ffff 0 ffff 5 4 26bb
e000 e7ff 0 ffff f000 ffff 0 ffff 0 ffff 0 ffff 5 4 26bc
0 ffff 0 ffff 8000 ffff 0 ffff 0 ffff 0 ffff 0 1 26bd
0 ffff 0 ffff 8000 ffff 0 ffff 0 ffff 0 ffff 0 1 26be
0 ffff 0 ffff 8000 ffff 0 ffff 0 ffff 0 ffff 0 1 26bf
6c00 6fff 0 ffff a000 bfff 0 ffff 0 ffff 0 ffff 6 3 26c0
8400 87ff 0 ffff 4000 5fff 0 ffff 0 ffff 0 ffff 6 3 26c1
e800 ebff 0 ffff 8000 9fff 0 ffff 0 ffff 0 ffff 6 3 26c2
6880 68ff 0 ffff 0 ffff 0 ffff 0 ffff 0 ffff 9 0 26c3
7000 7fff 0 ffff 8000 87ff 0 ffff 0 ffff 0 ffff 4 5 26c4
f000 ffff 0 ffff 5800 5fff 0 ffff 0 ffff 0 ffff 4 5 26c5
f000 ffff 0 ffff 8000 87ff 0 ffff 0 ffff 0 ffff 4 5 26c6
0 7fff 0 ffff 0 ffff 0 ffff 0 ffff 0 ffff 1 0 26c7
8000 ffff 0 ffff 0 ffff 0 ffff 0 ffff 0 ffff 1 0 26c8
8000 ffff 0 ffff 0 ffff 0 ffff 0 ffff 0 ffff 1 0 26c9
0 7fff 0 ffff 8d00 8dff 0 ffff 0 ffff 0 ffff 1 8 26ca
8000 ffff 0 ffff 6400 64ff 0 ffff 0 ffff 0 ffff 1 8 26cb
c000 dfff 0 ffff 8800 8bff 0 ffff 0 ffff 0 ffff 3 6 26cc
c000 dfff 0 ffff 6000 63ff 0 ffff 0 ffff 0 ffff 3 6 26cd
0 ffff 0 ffff 0 ffff 0 ffff 0 ffff 0 ffff 0 0 26ce
0 ffff 0 ffff 0 ffff 0 ffff 0 ffff 0 ffff 0 0 26cf
0 ffff 0 ffff 0 ffff 0 ffff 0 ffff 0 ffff 0 0 26d0
0 ffff 0 ffff 0 ffff 0 ffff 0 ffff 0 ffff 0 0 26d1
2000 3fff 0 ffff 1800 1fff 0 ffff 0 ffff 0 ffff 3 5 26d2
2000 3fff 0 ffff 6800 6fff 0 ffff 0 ffff 0 ffff 3 5 26d3
4000 5fff 0 ffff 8000 87ff 0 ffff 0 ffff 0 ffff 3 5 26d4
c000 dfff 0 ffff 8000 87ff 0 ffff 0 ffff 0 ffff 3 5 26d5
0 ffff 0 ffff de00 deff 0 ffff 0 ffff 0 ffff 0 8 26d6
1000 1fff 0 ffff 0 fff 0 ffff 0 ffff 0 ffff 4 4 26d7
9000 9fff 0 ffff f000 ffff 0 ffff 0 ffff 0 ffff 4 4 26d8
e00 fff 0 ffff 8000 ffff 0 ffff 0 ffff 0 ffff 7 1 26d9
ec00 edff 0 ffff 8000 ffff 0 ffff 0 ffff 0 ffff 7 1 26da
6c00 6fff 0 ffff 4000 7fff 0 ffff 0 ffff 0 ffff 6 2 26db
8400 87ff 0 ffff 4000 7fff 0 ffff 0 ffff 0 ffff 6 2 26dc
e800 ebff 0 ffff 4000 7fff 0 ffff 0 ffff 0 ffff 6 2 26dd
e800 ebff 0 ffff 8000 bfff 0 ffff 0 ffff 0 ffff 6 2 26de
6000 67ff 0 ffff 8000 9fff 0 ffff 0 ffff 0 ffff 5 3 26df
8800 8fff 0 ffff e000 ffff 0 ffff 0 ffff 0 ffff 5 3 26e0
e000 e7ff 0 ffff 6000 7fff 0 ffff 0 ffff 0 ffff 5 3 26e1
e000 e7ff 0 ffff 8000 9fff 0 ffff 0 ffff 0 ffff 5 3 26e2
6900 69ff 0 ffff 0 ffff 0 ffff 0 ffff 0 ffff 8 0 26e3
ee00 eeff 0 ffff 0 ffff 0 ffff 0 ffff 0 ffff 8 0 26e4
c000 ffff 0 ffff 8800 8bff 0 ffff 0 ffff 0 ffff 2 6 26e5
1000 1fff 0 ffff 0 1fff 0 ffff 0 ffff 0 ffff 4 3 26e6
9000 9fff 0 ffff 8000 9fff 0 ffff 0 ffff 0 ffff 4 3 26e7
2000 3fff 0 ffff 0 fff 0 ffff 0 ffff 0 ffff 3 4 26e8
4000 5fff 0 ffff 9000 9fff 0 ffff 0 ffff 0 ffff 3 4 26e9
c000 dfff 0 ffff 7000 7fff 0 ffff 0 ffff 0 ffff 3 4 26ea
4000 7fff 0 ffff 8000 87ff 0 ffff 0 ffff 0 ffff 2 5 26eb
8000 bfff 0 ffff 5800 5fff 0 ffff 0 ffff 0 ffff 2 5 26ec
c000 ffff 0 ffff 6800 6fff 0 ffff 0 ffff 0 ffff 2 5 26ed
c000 ffff 0 ffff 8000 87ff 0 ffff 0 ffff 0 ffff 2 5 26ee
0 7fff 0 ffff 8800 8bff 0 ffff 0 ffff 0 ffff 1 6 26ef
8000 ffff 0 ffff 2400 27ff 0 ffff 0 ffff 0 ffff 1 6 26f0
0 ffff 0 ffff dc00 ddff 0 ffff 0 ffff 0 ffff 0 7 26f1
8800 8fff 0 ffff 4000 7fff 0 ffff 0 ffff 0 ffff 5 2 26f2
ec00 edff 0 ffff 0 ffff 0 ffff 0 ffff 0 ffff 7 0 26f3
e800 ebff 0 ffff 8000 ffff 0 ffff 0 ffff 0 ffff 6 1 26f4
0 7fff 0 ffff a000 a7ff 0 ffff 0 ffff 0 ffff 1 5 26f5
0 7fff 0 ffff 8000 87ff 0 ffff 0 ffff 0 ffff 1 5 26f6
4000 5fff 0 ffff a000 bfff 0 ffff 0 ffff 0 ffff 3 3 26f7
c000 dfff 0 ffff e000 ffff 0 ffff 0 ffff 0 ffff 3 3 26f8
7000 7fff 0 ffff 0 3fff 0 ffff 0 ffff 0 ffff 4 2 26f9
0 ffff 0 ffff d800 dbff 0 ffff 0 ffff 0 ffff 0 6 26fa
6000 67ff 0 ffff 8000 ffff 0 ffff 0 ffff 0 ffff 5 1 26fb
8400 87ff 0 ffff 0 ffff 0 ffff 0 ffff 0 ffff 6 0 26fc
8000 bfff 0 ffff 4000 4fff 0 ffff 0 ffff 0 ffff 2 4 26fd
c000 ffff 0 ffff 4000 4fff 0 ffff 0 ffff 0 ffff 2 4 26fe
2000 3fff 0 ffff c000 ffff 0 ffff 0 ffff 0 ffff 3 2 26ff
2000 3fff 0 ffff 4000 7fff 0 ffff 0 ffff 0 ffff 3 2 2700
4000 5fff 0 ffff 8000 bfff 0 ffff 0 ffff 0 ffff 3 2 2701
c000 dfff 0 ffff 4000 7fff 0 ffff 0 ffff 0 ffff 3 2 2702
0 7fff 0 ffff c000 cfff 0 ffff 0 ffff 0 ffff 1 4 2703
8000 ffff 0 ffff 3000 3fff 0 ffff 0 ffff 0 ffff 1 4 2704
8000 ffff 0 ffff 4000 4fff 0 ffff 0 ffff 0 ffff 1 4 2705
1000 1fff 0 ffff 8000 ffff 0 ffff 0 ffff 0 ffff 4 1 2706
7000 7fff 0 ffff 8000 ffff 0 ffff 0 ffff 0 ffff 4 1 2707
4000 7fff 0 ffff 0 1fff 0 ffff 0 ffff 0 ffff 2 3 2708
8000 bfff 0 ffff e000 ffff 0 ffff 0 ffff 0 ffff 2 3 2709
8000 bfff 0 ffff 4000 5fff 0 ffff 0 ffff 0 ffff 2 3 270a
6000 67ff 0 ffff 0 ffff 0 ffff 0 ffff 0 ffff 5 0 270b
0 ffff 0 ffff d000 d7ff 0 ffff 0 ffff 0 ffff 0 5 270c
0 3fff 0 ffff c000 ffff 0 ffff 0 ffff 0 ffff 2 2 270d
1000 1fff 0 ffff 0 ffff 0 ffff 0 ffff 0 ffff 4 0 270e
7000 7fff 0 ffff 0 ffff 0 ffff 0 ffff 0 ffff 4 0 270f
f000 ffff 0 ffff 0 ffff 0 ffff 0 ffff 0 ffff 4 0 2710
0 ffff 0 ffff c000 cfff 0 ffff 0 ffff 0 ffff 0 4 2711
4000 5fff 0 ffff 0 7fff 0 ffff 0 ffff 0 ffff 3 1 2712
4000 5fff 0 ffff 8000 ffff 0 ffff 0 ffff 0 ffff 3 1 2713
c000 dfff 0 ffff 8000 ffff 0 ffff 0 ffff 0 ffff 3 1 2714
0 7fff 0 ffff 8000 9fff 0 ffff 0 ffff 0 ffff 1 3 2715
8000 ffff 0 ffff 4000 5fff 0 ffff 0 ffff 0 ffff 1 3 2716
0 ffff 0 ffff c000 dfff 0 ffff 0 ffff 0 ffff 0 3 2717
0 7fff 0 ffff 8000 bfff 0 ffff 0 ffff 0 ffff 1 2 2718
8000 ffff 0 ffff 4000 7fff 0 ffff 0 ffff 0 ffff 1 2 2719
4000 7fff 0 ffff 0 7fff 0 ffff 0 ffff 0 ffff 2 1 271a
4000 7fff 0 ffff 8000 ffff 0 ffff 0 ffff 0 ffff 2 1 271b
8000 bfff 0 ffff 0 7fff 0 ffff 0 ffff 0 ffff 2 1 271c
c000 ffff 0 ffff 0 7fff 0 ffff 0 ffff 0 ffff 2 1 271d
c000 ffff 0 ffff 8000 ffff 0 ffff 0 ffff 0 ffff 2 1 271e
4000 5fff 0 ffff 0 ffff 0 ffff 0 ffff 0 ffff 3 0 271f
a000 bfff 0 ffff 0 ffff 0 ffff 0 ffff 0 ffff 3 0 2720
c000 dfff 0 ffff 0 ffff 0 ffff 0 ffff 0 ffff 3 0 2721
0 3fff 0 ffff 0 ffff 0 ffff 0 ffff 0 ffff 2 0 2722
4000 7fff 0 ffff 0 ffff 0 ffff 0 ffff 0 ffff 2 0 2723
8000 bfff 0 ffff 0 ffff 0 ffff 0 ffff 0 ffff 2 0 2724
c000 ffff 0 ffff 0 ffff 0 ffff 0 ffff 0 ffff 2 0 2725
0 ffff 0 ffff c000 ffff 0 ffff 0 ffff 0 ffff 0 2 2726
0 7fff 0 ffff 8000 ffff 0 ffff 0 ffff 0 ffff 1 1 2727
8000 ffff 0 ffff 0 7fff 0 ffff 0 ffff 0 ffff 1 1 2728
0 ffff 0 ffff 8000 ffff 0 ffff 0 ffff 0 ffff 0 1 2729
0 7fff 0 ffff 0 ffff 0 ffff 0 ffff 0 ffff 1 0 272a
8000 ffff 0 ffff 0 ffff 0 ffff 0 ffff 0 ffff 1 0 272b
0 ffff 0 ffff 0 ffff 0 ffff 0 ffff 0 ffff 0 0 272c
