00000000
00000000
00000000
00000001
00000002
00000003
00000004
00000005
00000006
00000000
00000007
00000008
00000000
00000000
00000009
0000000A
0000000B
00000000
0000000C
00000000
0000000D
0000000E
0000000F
00000000
00000010
00000011
00000012
00000013
00000014
00000000
00000015
00000016
00000017
00000000
00000018
00000019
00000000
0000001A
0000001B
00000000
0000001C
00000000
0000001D
00000000
0000001E
0000001F
00000020
00000000
00000000
00000000
00000001
00000002
00000003
00000004
00000005
00000006
00000000
00000007
00000008
00000000
00000000
00000009
0000000A
0000000B
00000000
0000000C
00000000
0000000D
0000000E
0000000F
00000000
00000010
00000011
00000012
00000013
00000014
00000000
00000015
00000016
00000017
00000000
00000018
00000019
00000000
0000001A
0000001B
00000000
0000001C
00000000
0000001D
00000000
0000001E
0000001F
00000020
00000000
00000000
00000000
00000001
00000002
00000003
00000004
00000005
00000006
00000000
00000007
00000008
00000000
00000000
00000009
0000000A
0000000B
00000000
0000000C
00000000
0000000D
0000000E
0000000F
00000000
00000010
00000011
00000012
00000013
00000014
00000000
00000015
00000016
00000017
00000000
00000018
00000019
00000000
0000001A
0000001B
00000000
0000001C
00000000
0000001D
00000000
0000001E
0000001F
00000020
00000000
00000000
00000000
00000001
00000002
00000003
00000004
00000005
00000006
00000000
00000007
00000008
00000000
00000000
00000009
0000000A
0000000B
00000000
0000000C
00000000
0000000D
0000000E
0000000F
00000000
00000010
00000011
00000012
00000013
00000014
00000000
00000015
00000016
00000017
00000000
00000018
00000019
00000000
0000001A
0000001B
00000000
0000001C
00000000
0000001D
00000000
0000001E
0000001F
00000020
00000000
00000000
00000000
00000001
00000002
00000003
00000004
00000005
00000006
00000000
00000007
00000008
00000000
00000000
00000009
0000000A
0000000B
00000000
0000000C
00000000
0000000D
0000000E
0000000F
00000000
00000010
00000011
00000012
00000013
00000014
00000000
00000015
00000016
00000017
00000000
00000018
00000019
00000000
0000001A
0000001B
00000000
0000001C
00000000
0000001D
00000000
0000001E
0000001F
00000020
00000000
00000000
00000000
00000001
00000002
00000003
00000004
00000005
00000006
00000000
00000007
00000008
00000000
00000000
00000009
0000000A
0000000B
00000000
0000000C
00000000
0000000D
0000000E
0000000F
00000000
00000010
00000011
00000012
00000013
00000014
00000000
00000015
00000016
00000017
00000000
00000018
00000019
00000000
0000001A
0000001B
00000000
0000001C
00000000
0000001D
00000000
0000001E
0000001F
00000020
00000000
00000000
00000000
00000001
00000002
00000003
00000004
00000005
00000006
00000000
00000007
00000008
00000000
00000000
00000009
0000000A
0000000B
00000000
0000000C
00000000
0000000D
0000000E
0000000F
00000000
00000010
00000011
00000012
00000013
00000014
00000000
00000015
00000016
00000017
00000000
00000018
00000019
00000000
0000001A
0000001B
00000000
0000001C
00000000
0000001D
00000000
0000001E
0000001F
00000020
00000000
00000000
00000000
00000001
00000002
00000003
00000004
00000005
00000006
00000000
00000007
00000008
00000000
00000000
00000009
0000000A
0000000B
00000000
0000000C
00000000
0000000D
0000000E
0000000F
00000000
00000010
00000011
00000012
00000013
00000014
00000000
00000015
00000016
00000017
00000000
00000018
00000019
00000000
0000001A
0000001B
00000000
0000001C
00000000
0000001D
00000000
0000001E
0000001F
00000020
00000000
00000000
00000000
00000001
00000002
00000003
00000004
00000005
00000006
00000000
00000007
00000008
00000000
00000000
00000009
0000000A
0000000B
00000000
0000000C
00000000
0000000D
0000000E
0000000F
00000000
00000010
00000011
00000012
00000013
00000014
00000000
00000015
00000016
00000017
00000000
00000018
00000019
00000000
0000001A
0000001B
00000000
0000001C
00000000
0000001D
00000000
0000001E
0000001F
00000020
00000000
00000000
00000000
00000001
00000002
00000003
00000004
00000005
00000006
00000000
00000007
00000008
00000000
00000000
00000009
0000000A
0000000B
00000000
0000000C
00000000
0000000D
0000000E
0000000F
00000000
00000010
00000011
00000012
00000013
00000014
00000000
00000015
00000016
00000017
00000000
00000018
00000019
00000000
0000001A
0000001B
00000000
0000001C
00000000
0000001D
00000000
0000001E
0000001F
00000020
00000000
00000000
00000000
00000001
00000002
00000003
00000004
00000005
00000006
00000000
00000007
00000008
00000000
00000000
00000009
0000000A
0000000B
00000000
0000000C
00000000
0000000D
0000000E
0000000F
00000000
00000010
00000011
00000012
00000013
00000014
00000000
00000015
00000016
00000017
00000000
00000018
00000019
00000000
0000001A
0000001B
00000000
0000001C
00000000
0000001D
00000000
0000001E
0000001F
00000020
00000000
00000000
00000000
00000001
00000002
00000003
00000004
00000005
00000006
00000000
00000007
00000008
00000000
00000000
00000009
0000000A
0000000B
00000000
0000000C
00000000
0000000D
0000000E
0000000F
00000000
00000010
00000011
00000012
00000013
00000014
00000000
00000015
00000016
00000017
00000000
00000018
00000019
00000000
0000001A
0000001B
00000000
0000001C
00000000
0000001D
00000000
0000001E
0000001F
00000020
00000000
00000000
00000000
00000001
00000002
00000003
00000004
00000005
00000006
00000000
00000007
00000008
00000000
00000000
00000009
0000000A
0000000B
00000000
0000000C
00000000
0000000D
0000000E
0000000F
00000000
00000010
00000011
00000012
00000013
00000014
00000000
00000015
00000016
00000017
00000000
00000018
00000019
00000000
0000001A
0000001B
00000000
0000001C
00000000
0000001D
00000000
0000001E
0000001F
00000020
00000000
00000000
00000000
00000001
00000002
00000003
00000004
00000005
00000006
00000000
00000007
00000008
00000000
00000000
00000009
0000000A
0000000B
00000000
0000000C
00000000
0000000D
0000000E
0000000F
00000000
00000010
00000011
00000012
00000013
00000014
00000000
00000015
00000016
00000017
00000000
00000018
00000019
00000000
0000001A
0000001B
00000000
0000001C
00000000
0000001D
00000000
0000001E
0000001F
00000020
00000000
00000000
00000000
00000001
00000002
00000003
00000004
00000005
00000006
00000000
00000007
00000008
00000000
00000000
00000009
0000000A
0000000B
00000000
0000000C
00000000
0000000D
0000000E
0000000F
00000000
00000010
00000011
00000012
00000013
00000014
00000000
00000015
00000016
00000017
00000000
00000018
00000019
00000000
0000001A
0000001B
00000000
0000001C
00000000
0000001D
00000000
0000001E
0000001F
00000020
00000000
00000000
00000000
00000001
00000002
00000003
00000004
00000005
00000006
00000000
00000007
00000008
00000000
00000000
00000009
0000000A
0000000B
00000000
0000000C
00000000
0000000D
0000000E
0000000F
00000000
00000010
00000011
00000012
00000013
00000014
00000000
00000015
00000016
00000017
00000000
00000018
00000019
00000000
0000001A
0000001B
00000000
0000001C
00000000
0000001D
00000000
0000001E
0000001F
00000020
00000000
00000000
00000000
00000001
00000002
00000003
00000004
00000005
00000006
00000000
00000007
00000008
00000000
00000000
00000009
0000000A
0000000B
00000000
0000000C
00000000
0000000D
0000000E
0000000F
00000000
00000010
00000011
00000012
00000013
00000014
00000000
00000015
00000016
00000017
00000000
00000018
00000019
00000000
0000001A
0000001B
00000000
0000001C
00000000
0000001D
00000000
0000001E
0000001F
00000020
00000000
00000000
00000000
00000001
00000002
00000003
00000004
00000005
00000006
00000000
00000007
00000008
00000000
00000000
00000009
0000000A
0000000B
00000000
0000000C
00000000
0000000D
0000000E
0000000F
00000000
00000010
00000011
00000012
00000013
00000014
00000000
00000015
00000016
00000017
00000000
00000018
00000019
00000000
0000001A
0000001B
00000000
0000001C
00000000
0000001D
00000000
0000001E
0000001F
00000020
00000000
00000000
00000000
00000001
00000002
00000003
00000004
00000005
00000006
00000000
00000007
00000008
00000000
00000000
00000009
0000000A
0000000B
00000000
0000000C
00000000
0000000D
0000000E
0000000F
00000000
00000010
00000011
00000012
00000013
00000014
00000000
00000015
00000016
00000017
00000000
00000018
00000019
00000000
0000001A
0000001B
00000000
0000001C
00000000
0000001D
00000000
0000001E
0000001F
00000020
00000000
00000000
00000000
00000001
00000002
00000003
00000004
00000005
00000006
00000000
00000007
00000008
00000000
00000000
00000009
0000000A
0000000B
00000000
0000000C
00000000
0000000D
0000000E
0000000F
00000000
00000010
00000011
00000012
00000013
00000014
00000000
00000015
00000016
00000017
00000000
00000018
00000019
00000000
0000001A
0000001B
00000000
0000001C
00000000
0000001D
00000000
0000001E
0000001F
00000020
00000000
00000000
00000000
00000001
00000002
00000003
00000004
00000005
00000006
00000000
00000007
00000008
00000000
00000000
00000009
0000000A
0000000B
00000000
0000000C
00000000
0000000D
0000000E
0000000F
00000000
00000010
00000011
00000012
00000013
00000014
00000000
00000015
00000016
00000017
00000000
00000018
00000019
00000000
0000001A
0000001B
00000000
0000001C
00000000
0000001D
00000000
0000001E
0000001F
00000020
00000000
00000000
00000000
00000001
00000002
00000003
00000004
00000005
00000006
00000000
00000007
00000008
00000000
00000000
00000009
0000000A
0000000B
00000000
0000000C
00000000
0000000D
0000000E
0000000F
00000000
00000010
00000011
00000012
00000013
00000014
00000000
00000015
00000016
00000017
00000000
00000018
00000019
00000000
0000001A
0000001B
00000000
0000001C
00000000
0000001D
00000000
0000001E
0000001F
00000020
00000000
00000000
00000000
00000001
00000002
00000003
00000004
00000005
00000006
00000000
00000007
00000008
00000000
00000000
00000009
0000000A
0000000B
00000000
0000000C
00000000
0000000D
0000000E
0000000F
00000000
00000010
00000011
00000012
00000013
00000014
00000000
00000015
00000016
00000017
00000000
00000018
00000019
00000000
0000001A
0000001B
00000000
0000001C
00000000
0000001D
00000000
0000001E
0000001F
00000020
00000021
00000021
00000021
00000022
00000023
00000024
00000025
00000026
00000027
00000021
00000028
00000029
00000021
00000021
0000002A
0000002B
0000002C
0000002D
0000002E
00000021
0000002F
00000030
00000021
00000031
00000032
00000033
00000034
00000035
00000036
00000031
00000037
00000038
00000039
00000031
0000003A
0000003B
00000031
0000003C
0000003D
00000031
0000003E
00000031
0000003F
00000031
00000040
00000041
00000042
00000021
00000021
00000021
00000022
00000023
00000024
00000025
00000026
00000027
00000021
00000028
00000029
00000021
00000021
0000002A
0000002B
0000002C
0000002D
0000002E
00000021
0000002F
00000030
00000021
00000031
00000032
00000033
00000034
00000035
00000036
00000031
00000037
00000038
00000039
00000031
0000003A
0000003B
00000031
0000003C
0000003D
00000031
0000003E
00000031
0000003F
00000031
00000040
00000041
00000042
00000021
00000021
00000021
00000022
00000023
00000024
00000025
00000026
00000027
00000021
00000028
00000029
00000021
00000021
0000002A
0000002B
0000002C
0000002D
0000002E
00000021
0000002F
00000030
00000021
00000031
00000032
00000033
00000034
00000035
00000036
00000031
00000037
00000038
00000039
00000031
0000003A
0000003B
00000031
0000003C
0000003D
00000031
0000003E
00000031
0000003F
00000031
00000040
00000041
00000042
00000021
00000021
00000021
00000022
00000023
00000024
00000025
00000026
00000027
00000021
00000028
00000029
00000021
00000021
0000002A
0000002B
0000002C
0000002D
0000002E
00000021
0000002F
00000030
00000021
00000031
00000032
00000033
00000034
00000035
00000036
00000031
00000037
00000038
00000039
00000031
0000003A
0000003B
00000031
0000003C
0000003D
00000031
0000003E
00000031
0000003F
00000031
00000040
00000041
00000042
00000021
00000021
00000021
00000022
00000023
00000024
00000025
00000026
00000027
00000021
00000028
00000029
00000021
00000021
0000002A
0000002B
0000002C
0000002D
0000002E
00000021
0000002F
00000030
00000021
00000031
00000032
00000033
00000034
00000035
00000036
00000031
00000037
00000038
00000039
00000031
0000003A
0000003B
00000031
0000003C
0000003D
00000031
0000003E
00000031
0000003F
00000031
00000040
00000041
00000042
00000021
00000021
00000021
00000022
00000023
00000024
00000025
00000026
00000027
00000021
00000028
00000029
00000021
00000021
0000002A
0000002B
0000002C
0000002D
0000002E
00000021
0000002F
00000030
00000021
00000031
00000032
00000033
00000034
00000035
00000036
00000031
00000037
00000038
00000039
00000031
0000003A
0000003B
00000031
0000003C
0000003D
00000031
0000003E
00000031
0000003F
00000031
00000040
00000041
00000042
00000021
00000021
00000021
00000022
00000023
00000024
00000025
00000026
00000027
00000021
00000028
00000029
00000021
00000021
0000002A
0000002B
0000002C
0000002D
0000002E
00000021
0000002F
00000030
00000021
00000031
00000032
00000033
00000034
00000035
00000036
00000031
00000037
00000038
00000039
00000031
0000003A
0000003B
00000031
0000003C
0000003D
00000031
0000003E
00000031
0000003F
00000031
00000040
00000041
00000042
00000021
00000021
00000021
00000022
00000023
00000024
00000025
00000026
00000027
00000021
00000028
00000029
00000021
00000021
0000002A
0000002B
0000002C
0000002D
0000002E
00000021
0000002F
00000030
00000021
00000031
00000032
00000033
00000034
00000035
00000036
00000031
00000037
00000038
00000039
00000031
0000003A
0000003B
00000031
0000003C
0000003D
00000031
0000003E
00000031
0000003F
00000031
00000040
00000041
00000042
00000021
00000021
00000021
00000022
00000023
00000024
00000025
00000026
00000027
00000021
00000028
00000029
00000021
00000021
0000002A
0000002B
0000002C
0000002D
0000002E
00000021
0000002F
00000030
00000021
00000031
00000032
00000033
00000034
00000035
00000036
00000031
00000037
00000038
00000039
00000031
0000003A
0000003B
00000031
0000003C
0000003D
00000031
0000003E
00000031
0000003F
00000031
00000040
00000041
00000042
00000021
00000021
00000021
00000022
00000023
00000024
00000025
00000026
00000027
00000021
00000028
00000029
00000021
00000021
0000002A
0000002B
0000002C
0000002D
0000002E
00000021
0000002F
00000030
00000021
00000031
00000032
00000033
00000034
00000035
00000036
00000031
00000037
00000038
00000039
00000031
0000003A
0000003B
00000031
0000003C
0000003D
00000031
0000003E
00000031
0000003F
00000031
00000040
00000041
00000042
00000021
00000021
00000021
00000022
00000023
00000024
00000025
00000026
00000027
00000021
00000028
00000029
00000021
00000021
0000002A
0000002B
0000002C
0000002D
0000002E
00000021
0000002F
00000030
00000021
00000031
00000032
00000033
00000034
00000035
00000036
00000031
00000037
00000038
00000039
00000031
0000003A
0000003B
00000031
0000003C
0000003D
00000031
0000003E
00000031
0000003F
00000031
00000040
00000041
00000042
00000021
00000021
00000021
00000022
00000023
00000024
00000025
00000026
00000027
00000021
00000028
00000029
00000021
00000021
0000002A
0000002B
0000002C
0000002D
0000002E
00000021
0000002F
00000030
00000021
00000031
00000032
00000033
00000034
00000035
00000036
00000031
00000037
00000038
00000039
00000031
0000003A
0000003B
00000031
0000003C
0000003D
00000031
0000003E
00000031
0000003F
00000031
00000040
00000041
00000042
00000021
00000021
00000021
00000022
00000023
00000024
00000025
00000026
00000027
00000021
00000028
00000029
00000021
00000021
0000002A
0000002B
0000002C
0000002D
0000002E
00000021
0000002F
00000030
00000021
00000031
00000032
00000033
00000034
00000035
00000036
00000031
00000037
00000038
00000039
00000031
0000003A
0000003B
00000031
0000003C
0000003D
00000031
0000003E
00000031
0000003F
00000031
00000040
00000041
00000042
00000021
00000021
00000021
00000022
00000023
00000024
00000025
00000026
00000027
00000021
00000028
00000029
00000021
00000021
0000002A
0000002B
0000002C
0000002D
0000002E
00000021
0000002F
00000030
00000021
00000031
00000032
00000033
00000034
00000035
00000036
00000031
00000037
00000038
00000039
00000031
0000003A
0000003B
00000031
0000003C
0000003D
00000031
0000003E
00000031
0000003F
00000031
00000040
00000041
00000042
00000021
00000021
00000021
00000022
00000023
00000024
00000025
00000026
00000027
00000021
00000028
00000029
00000021
00000021
0000002A
0000002B
0000002C
0000002D
0000002E
00000021
0000002F
00000030
00000021
00000031
00000032
00000033
00000034
00000035
00000036
00000031
00000037
00000038
00000039
00000031
0000003A
0000003B
00000031
0000003C
0000003D
00000031
0000003E
00000031
0000003F
00000031
00000040
00000041
00000042
00000021
00000021
00000021
00000022
00000023
00000024
00000025
00000026
00000027
00000021
00000028
00000029
00000021
00000021
0000002A
0000002B
0000002C
0000002D
0000002E
00000021
0000002F
00000030
00000021
00000031
00000032
00000033
00000034
00000035
00000036
00000031
00000037
00000038
00000039
00000031
0000003A
0000003B
00000031
0000003C
0000003D
00000031
0000003E
00000031
0000003F
00000031
00000040
00000041
00000042
00000021
00000021
00000021
00000022
00000023
00000024
00000025
00000026
00000027
00000021
00000028
00000029
00000021
00000021
0000002A
0000002B
0000002C
0000002D
0000002E
00000021
0000002F
00000030
00000021
00000031
00000032
00000033
00000034
00000035
00000036
00000031
00000037
00000038
00000039
00000031
0000003A
0000003B
00000031
0000003C
0000003D
00000031
0000003E
00000031
0000003F
00000031
00000040
00000041
00000042
00000021
00000021
00000021
00000022
00000023
00000024
00000025
00000026
00000027
00000021
00000028
00000029
00000021
00000021
0000002A
0000002B
0000002C
0000002D
0000002E
00000021
0000002F
00000030
00000021
00000031
00000032
00000033
00000034
00000035
00000036
00000031
00000037
00000038
00000039
00000031
0000003A
0000003B
00000031
0000003C
0000003D
00000031
0000003E
00000031
0000003F
00000031
00000040
00000041
00000042
00000021
00000021
00000021
00000022
00000023
00000024
00000025
00000026
00000027
00000021
00000028
00000029
00000021
00000021
0000002A
0000002B
0000002C
0000002D
0000002E
00000021
0000002F
00000030
00000021
00000031
00000032
00000033
00000034
00000035
00000036
00000031
00000037
00000038
00000039
00000031
0000003A
0000003B
00000031
0000003C
0000003D
00000031
0000003E
00000031
0000003F
00000031
00000040
00000041
00000042
00000021
00000021
00000021
00000022
00000023
00000024
00000025
00000026
00000027
00000021
00000028
00000029
00000021
00000021
0000002A
0000002B
0000002C
0000002D
0000002E
00000021
0000002F
00000030
00000021
00000031
00000032
00000033
00000034
00000035
00000036
00000031
00000037
00000038
00000039
00000031
0000003A
0000003B
00000031
0000003C
0000003D
00000031
0000003E
00000031
0000003F
00000031
00000040
00000041
00000042
00000021
00000021
00000021
00000022
00000023
00000024
00000025
00000026
00000027
00000021
00000028
00000029
00000021
00000021
0000002A
0000002B
0000002C
0000002D
0000002E
00000021
0000002F
00000030
00000021
00000031
00000032
00000033
00000034
00000035
00000036
00000031
00000037
00000038
00000039
00000031
0000003A
0000003B
00000031
0000003C
0000003D
00000031
0000003E
00000031
0000003F
00000031
00000040
00000041
00000042
00000021
00000021
00000021
00000022
00000023
00000024
00000025
00000026
00000027
00000021
00000028
00000029
00000021
00000021
0000002A
0000002B
0000002C
0000002D
0000002E
00000021
0000002F
00000030
00000021
00000031
00000032
00000033
00000034
00000035
00000036
00000031
00000037
00000038
00000039
00000031
0000003A
0000003B
00000031
0000003C
0000003D
00000031
0000003E
00000031
0000003F
00000031
00000040
00000041
00000042
00000021
00000021
00000021
00000022
00000023
00000024
00000025
00000026
00000027
00000021
00000028
00000029
00000021
00000021
0000002A
0000002B
0000002C
0000002D
0000002E
00000021
0000002F
00000030
00000021
00000031
00000032
00000033
00000034
00000035
00000036
00000031
00000037
00000038
00000039
00000031
0000003A
0000003B
00000031
0000003C
0000003D
00000031
0000003E
00000031
0000003F
00000031
00000040
00000041
00000042
00000043
00000043
00000043
00000044
00000045
00000046
00000047
00000048
00000049
00000043
0000004A
0000004B
00000043
00000043
0000004C
0000004D
0000004E
00000043
0000004F
00000043
00000050
00000051
00000043
00000052
00000053
00000054
00000055
00000056
00000057
00000052
00000058
00000059
0000005A
0000005B
0000005C
0000005D
00000052
0000005E
0000005F
00000052
00000060
00000052
00000061
00000052
00000062
00000063
00000064
00000043
00000043
00000043
00000044
00000045
00000046
00000047
00000048
00000049
00000043
0000004A
0000004B
00000043
00000043
0000004C
0000004D
0000004E
00000043
0000004F
00000043
00000050
00000051
00000043
00000052
00000053
00000054
00000055
00000056
00000057
00000052
00000058
00000059
0000005A
0000005B
0000005C
0000005D
00000052
0000005E
0000005F
00000052
00000060
00000052
00000061
00000052
00000062
00000063
00000064
00000043
00000043
00000043
00000044
00000045
00000046
00000047
00000048
00000049
00000043
0000004A
0000004B
00000043
00000043
0000004C
0000004D
0000004E
00000043
0000004F
00000043
00000050
00000051
00000043
00000052
00000053
00000054
00000055
00000056
00000057
00000052
00000058
00000059
0000005A
0000005B
0000005C
0000005D
00000052
0000005E
0000005F
00000052
00000060
00000052
00000061
00000052
00000062
00000063
00000064
00000043
00000043
00000043
00000044
00000045
00000046
00000047
00000048
00000049
00000043
0000004A
0000004B
00000043
00000043
0000004C
0000004D
0000004E
00000043
0000004F
00000043
00000050
00000051
00000043
00000052
00000053
00000054
00000055
00000056
00000057
00000052
00000058
00000059
0000005A
0000005B
0000005C
0000005D
00000052
0000005E
0000005F
00000052
00000060
00000052
00000061
00000052
00000062
00000063
00000064
00000043
00000043
00000043
00000044
00000045
00000046
00000047
00000048
00000049
00000043
0000004A
0000004B
00000043
00000043
0000004C
0000004D
0000004E
00000043
0000004F
00000043
00000050
00000051
00000043
00000052
00000053
00000054
00000055
00000056
00000057
00000052
00000058
00000059
0000005A
0000005B
0000005C
0000005D
00000052
0000005E
0000005F
00000052
00000060
00000052
00000061
00000052
00000062
00000063
00000064
00000043
00000043
00000043
00000044
00000045
00000046
00000047
00000048
00000049
00000043
0000004A
0000004B
00000043
00000043
0000004C
0000004D
0000004E
00000043
0000004F
00000043
00000050
00000051
00000043
00000052
00000053
00000054
00000055
00000056
00000057
00000052
00000058
00000059
0000005A
0000005B
0000005C
0000005D
00000052
0000005E
0000005F
00000052
00000060
00000052
00000061
00000052
00000062
00000063
00000064
00000043
00000043
00000043
00000044
00000045
00000046
00000047
00000048
00000049
00000043
0000004A
0000004B
00000043
00000043
0000004C
0000004D
0000004E
00000043
0000004F
00000043
00000050
00000051
00000043
00000052
00000053
00000054
00000055
00000056
00000057
00000052
00000058
00000059
0000005A
0000005B
0000005C
0000005D
00000052
0000005E
0000005F
00000052
00000060
00000052
00000061
00000052
00000062
00000063
00000064
00000043
00000043
00000043
00000044
00000045
00000046
00000047
00000048
00000049
00000043
0000004A
0000004B
00000043
00000043
0000004C
0000004D
0000004E
00000043
0000004F
00000043
00000050
00000051
00000043
00000052
00000053
00000054
00000055
00000056
00000057
00000052
00000058
00000059
0000005A
0000005B
0000005C
0000005D
00000052
0000005E
0000005F
00000052
00000060
00000052
00000061
00000052
00000062
00000063
00000064
00000043
00000043
00000043
00000044
00000045
00000046
00000047
00000048
00000049
00000043
0000004A
0000004B
00000043
00000043
0000004C
0000004D
0000004E
00000043
0000004F
00000043
00000050
00000051
00000043
00000052
00000053
00000054
00000055
00000056
00000057
00000052
00000058
00000059
0000005A
0000005B
0000005C
0000005D
00000052
0000005E
0000005F
00000052
00000060
00000052
00000061
00000052
00000062
00000063
00000064
00000043
00000043
00000043
00000044
00000045
00000046
00000047
00000048
00000049
00000043
0000004A
0000004B
00000043
00000043
0000004C
0000004D
0000004E
00000043
0000004F
00000043
00000050
00000051
00000043
00000052
00000053
00000054
00000055
00000056
00000057
00000052
00000058
00000059
0000005A
0000005B
0000005C
0000005D
00000052
0000005E
0000005F
00000052
00000060
00000052
00000061
00000052
00000062
00000063
00000064
00000043
00000043
00000043
00000044
00000045
00000046
00000047
00000048
00000049
00000043
0000004A
0000004B
00000043
00000043
0000004C
0000004D
0000004E
00000043
0000004F
00000043
00000050
00000051
00000043
00000052
00000053
00000054
00000055
00000056
00000057
00000052
00000058
00000059
0000005A
0000005B
0000005C
0000005D
00000052
0000005E
0000005F
00000052
00000060
00000052
00000061
00000052
00000062
00000063
00000064
00000043
00000043
00000043
00000044
00000045
00000046
00000047
00000048
00000049
00000043
0000004A
0000004B
00000043
00000043
0000004C
0000004D
0000004E
00000043
0000004F
00000043
00000050
00000051
00000043
00000052
00000053
00000054
00000055
00000056
00000057
00000052
00000058
00000059
0000005A
0000005B
0000005C
0000005D
00000052
0000005E
0000005F
00000052
00000060
00000052
00000061
00000052
00000062
00000063
00000064
00000043
00000043
00000043
00000044
00000045
00000046
00000047
00000048
00000049
00000043
0000004A
0000004B
00000043
00000043
0000004C
0000004D
0000004E
00000043
0000004F
00000043
00000050
00000051
00000043
00000052
00000053
00000054
00000055
00000056
00000057
00000052
00000058
00000059
0000005A
0000005B
0000005C
0000005D
00000052
0000005E
0000005F
00000052
00000060
00000052
00000061
00000052
00000062
00000063
00000064
00000043
00000043
00000043
00000044
00000045
00000046
00000047
00000048
00000049
00000043
0000004A
0000004B
00000043
00000043
0000004C
0000004D
0000004E
00000043
0000004F
00000043
00000050
00000051
00000043
00000052
00000053
00000054
00000055
00000056
00000057
00000052
00000058
00000059
0000005A
0000005B
0000005C
0000005D
00000052
0000005E
0000005F
00000052
00000060
00000052
00000061
00000052
00000062
00000063
00000064
00000043
00000043
00000043
00000044
00000045
00000046
00000047
00000048
00000049
00000043
0000004A
0000004B
00000043
00000043
0000004C
0000004D
0000004E
00000043
0000004F
00000043
00000050
00000051
00000043
00000052
00000053
00000054
00000055
00000056
00000057
00000052
00000058
00000059
0000005A
0000005B
0000005C
0000005D
00000052
0000005E
0000005F
00000052
00000060
00000052
00000061
00000052
00000062
00000063
00000064
00000043
00000043
00000043
00000044
00000045
00000046
00000047
00000048
00000049
00000043
0000004A
0000004B
00000043
00000043
0000004C
0000004D
0000004E
00000043
0000004F
00000043
00000050
00000051
00000043
00000052
00000053
00000054
00000055
00000056
00000057
00000052
00000058
00000059
0000005A
0000005B
0000005C
0000005D
00000052
0000005E
0000005F
00000052
00000060
00000052
00000061
00000052
00000062
00000063
00000064
00000043
00000043
00000043
00000044
00000045
00000046
00000047
00000048
00000049
00000043
0000004A
0000004B
00000043
00000043
0000004C
0000004D
0000004E
00000043
0000004F
00000043
00000050
00000051
00000043
00000052
00000053
00000054
00000055
00000056
00000057
00000052
00000058
00000059
0000005A
0000005B
0000005C
0000005D
00000052
0000005E
0000005F
00000052
00000060
00000052
00000061
00000052
00000062
00000063
00000064
00000043
00000043
00000043
00000044
00000045
00000046
00000047
00000048
00000049
00000043
0000004A
0000004B
00000043
00000043
0000004C
0000004D
0000004E
00000043
0000004F
00000043
00000050
00000051
00000043
00000052
00000053
00000054
00000055
00000056
00000057
00000052
00000058
00000059
0000005A
0000005B
0000005C
0000005D
00000052
0000005E
0000005F
00000052
00000060
00000052
00000061
00000052
00000062
00000063
00000064
00000043
00000043
00000043
00000044
00000045
00000046
00000047
00000048
00000049
00000043
0000004A
0000004B
00000043
00000043
0000004C
0000004D
0000004E
00000043
0000004F
00000043
00000050
00000051
00000043
00000052
00000053
00000054
00000055
00000056
00000057
00000052
00000058
00000059
0000005A
0000005B
0000005C
0000005D
00000052
0000005E
0000005F
00000052
00000060
00000052
00000061
00000052
00000062
00000063
00000064
00000043
00000043
00000043
00000044
00000045
00000046
00000047
00000048
00000049
00000043
0000004A
0000004B
00000043
00000043
0000004C
0000004D
0000004E
00000043
0000004F
00000043
00000050
00000051
00000043
00000052
00000053
00000054
00000055
00000056
00000057
00000052
00000058
00000059
0000005A
0000005B
0000005C
0000005D
00000052
0000005E
0000005F
00000052
00000060
00000052
00000061
00000052
00000062
00000063
00000064
00000043
00000043
00000043
00000044
00000045
00000046
00000047
00000048
00000049
00000043
0000004A
0000004B
00000043
00000043
0000004C
0000004D
0000004E
00000043
0000004F
00000043
00000050
00000051
00000043
00000052
00000053
00000054
00000055
00000056
00000057
00000052
00000058
00000059
0000005A
0000005B
0000005C
0000005D
00000052
0000005E
0000005F
00000052
00000060
00000052
00000061
00000052
00000062
00000063
00000064
00000043
00000043
00000043
00000044
00000045
00000046
00000047
00000048
00000049
00000043
0000004A
0000004B
00000043
00000043
0000004C
0000004D
0000004E
00000043
0000004F
00000043
00000050
00000051
00000043
00000052
00000053
00000054
00000055
00000056
00000057
00000052
00000058
00000059
0000005A
0000005B
0000005C
0000005D
00000052
0000005E
0000005F
00000052
00000060
00000052
00000061
00000052
00000062
00000063
00000064
00000043
00000043
00000043
00000044
00000045
00000046
00000047
00000048
00000049
00000043
0000004A
0000004B
00000043
00000043
0000004C
0000004D
0000004E
00000043
0000004F
00000043
00000050
00000051
00000043
00000052
00000053
00000054
00000055
00000056
00000057
00000052
00000058
00000059
0000005A
0000005B
0000005C
0000005D
00000052
0000005E
0000005F
00000052
00000060
00000052
00000061
00000052
00000062
00000063
00000064
00000065
00000065
00000065
00000066
00000067
00000068
00000069
0000006A
0000006B
00000065
0000006C
0000006D
00000065
00000065
0000006E
0000006F
00000070
00000065
00000071
00000065
00000072
00000073
00000065
00000074
00000075
00000076
00000077
00000078
00000079
00000074
0000007A
0000007B
0000007C
00000074
0000007D
0000007E
00000074
0000007F
00000080
00000074
00000081
00000074
00000082
00000074
00000083
00000084
00000085
00000065
00000065
00000065
00000066
00000067
00000068
00000069
0000006A
0000006B
00000065
0000006C
0000006D
00000065
00000065
0000006E
0000006F
00000070
00000065
00000071
00000065
00000072
00000073
00000065
00000074
00000075
00000076
00000077
00000078
00000079
00000074
0000007A
0000007B
0000007C
00000074
0000007D
0000007E
00000074
0000007F
00000080
00000074
00000081
00000074
00000082
00000074
00000083
00000084
00000085
00000065
00000065
00000065
00000066
00000067
00000068
00000069
0000006A
0000006B
00000065
0000006C
0000006D
00000065
00000065
0000006E
0000006F
00000070
00000065
00000071
00000065
00000072
00000073
00000065
00000074
00000075
00000076
00000077
00000078
00000079
00000074
0000007A
0000007B
0000007C
00000074
0000007D
0000007E
00000074
0000007F
00000080
00000074
00000081
00000074
00000082
00000074
00000083
00000084
00000085
00000065
00000065
00000065
00000066
00000067
00000068
00000069
0000006A
0000006B
00000065
0000006C
0000006D
00000065
00000065
0000006E
0000006F
00000070
00000065
00000071
00000065
00000072
00000073
00000065
00000074
00000075
00000076
00000077
00000078
00000079
00000074
0000007A
0000007B
0000007C
00000074
0000007D
0000007E
00000074
0000007F
00000080
00000074
00000081
00000074
00000082
00000074
00000083
00000084
00000085
00000065
00000065
00000065
00000066
00000067
00000068
00000069
0000006A
0000006B
00000065
0000006C
0000006D
00000065
00000065
0000006E
0000006F
00000070
00000065
00000071
00000065
00000072
00000073
00000065
00000074
00000075
00000076
00000077
00000078
00000079
00000074
0000007A
0000007B
0000007C
00000074
0000007D
0000007E
00000074
0000007F
00000080
00000074
00000081
00000074
00000082
00000074
00000083
00000084
00000085
00000065
00000065
00000065
00000066
00000067
00000068
00000069
0000006A
0000006B
00000065
0000006C
0000006D
00000065
00000065
0000006E
0000006F
00000070
00000065
00000071
00000065
00000072
00000073
00000065
00000074
00000075
00000076
00000077
00000078
00000079
00000074
0000007A
0000007B
0000007C
00000074
0000007D
0000007E
00000074
0000007F
00000080
00000074
00000081
00000074
00000082
00000074
00000083
00000084
00000085
00000065
00000065
00000065
00000066
00000067
00000068
00000069
0000006A
0000006B
00000065
0000006C
0000006D
00000065
00000065
0000006E
0000006F
00000070
00000065
00000071
00000065
00000072
00000073
00000065
00000074
00000075
00000076
00000077
00000078
00000079
00000074
0000007A
0000007B
0000007C
00000074
0000007D
0000007E
00000074
0000007F
00000080
00000074
00000081
00000074
00000082
00000074
00000083
00000084
00000085
00000065
00000065
00000065
00000066
00000067
00000068
00000069
0000006A
0000006B
00000065
0000006C
0000006D
00000065
00000065
0000006E
0000006F
00000070
00000065
00000071
00000065
00000072
00000073
00000065
00000074
00000075
00000076
00000077
00000078
00000079
00000074
0000007A
0000007B
0000007C
00000074
0000007D
0000007E
00000074
0000007F
00000080
00000074
00000081
00000074
00000082
00000074
00000083
00000084
00000085
00000065
00000065
00000065
00000066
00000067
00000068
00000069
0000006A
0000006B
00000065
0000006C
0000006D
00000065
00000065
0000006E
0000006F
00000070
00000065
00000071
00000065
00000072
00000073
00000065
00000074
00000075
00000076
00000077
00000078
00000079
00000074
0000007A
0000007B
0000007C
00000074
0000007D
0000007E
00000074
0000007F
00000080
00000074
00000081
00000074
00000082
00000074
00000083
00000084
00000085
00000065
00000065
00000065
00000066
00000067
00000068
00000069
0000006A
0000006B
00000065
0000006C
0000006D
00000065
00000065
0000006E
0000006F
00000070
00000065
00000071
00000065
00000072
00000073
00000065
00000074
00000075
00000076
00000077
00000078
00000079
00000074
0000007A
0000007B
0000007C
00000074
0000007D
0000007E
00000074
0000007F
00000080
00000074
00000081
00000074
00000082
00000074
00000083
00000084
00000085
00000065
00000065
00000065
00000066
00000067
00000068
00000069
0000006A
0000006B
00000065
0000006C
0000006D
00000065
00000065
0000006E
0000006F
00000070
00000065
00000071
00000065
00000072
00000073
00000065
00000074
00000075
00000076
00000077
00000078
00000079
00000074
0000007A
0000007B
0000007C
00000074
0000007D
0000007E
00000074
0000007F
00000080
00000074
00000081
00000074
00000082
00000074
00000083
00000084
00000085
00000065
00000065
00000065
00000066
00000067
00000068
00000069
0000006A
0000006B
00000065
0000006C
0000006D
00000065
00000065
0000006E
0000006F
00000070
00000065
00000071
00000065
00000072
00000073
00000065
00000074
00000075
00000076
00000077
00000078
00000079
00000074
0000007A
0000007B
0000007C
00000074
0000007D
0000007E
00000074
0000007F
00000080
00000074
00000081
00000074
00000082
00000074
00000083
00000084
00000085
00000065
00000065
00000065
00000066
00000067
00000068
00000069
0000006A
0000006B
00000065
0000006C
0000006D
00000065
00000065
0000006E
0000006F
00000070
00000065
00000071
00000065
00000072
00000073
00000065
00000074
00000075
00000076
00000077
00000078
00000079
00000074
0000007A
0000007B
0000007C
00000074
0000007D
0000007E
00000074
0000007F
00000080
00000074
00000081
00000074
00000082
00000074
00000083
00000084
00000085
00000065
00000065
00000065
00000066
00000067
00000068
00000069
0000006A
0000006B
00000065
0000006C
0000006D
00000065
00000065
0000006E
0000006F
00000070
00000065
00000071
00000065
00000072
00000073
00000065
00000074
00000075
00000076
00000077
00000078
00000079
00000074
0000007A
0000007B
0000007C
00000074
0000007D
0000007E
00000074
0000007F
00000080
00000074
00000081
00000074
00000082
00000074
00000083
00000084
00000085
00000065
00000065
00000065
00000066
00000067
00000068
00000069
0000006A
0000006B
00000065
0000006C
0000006D
00000065
00000065
0000006E
0000006F
00000070
00000065
00000071
00000065
00000072
00000073
00000065
00000074
00000075
00000076
00000077
00000078
00000079
00000074
0000007A
0000007B
0000007C
00000074
0000007D
0000007E
00000074
0000007F
00000080
00000074
00000081
00000074
00000082
00000074
00000083
00000084
00000085
00000065
00000065
00000065
00000066
00000067
00000068
00000069
0000006A
0000006B
00000065
0000006C
0000006D
00000065
00000065
0000006E
0000006F
00000070
00000065
00000071
00000065
00000072
00000073
00000065
00000074
00000075
00000076
00000077
00000078
00000079
00000074
0000007A
0000007B
0000007C
00000074
0000007D
0000007E
00000074
0000007F
00000080
00000074
00000081
00000074
00000082
00000074
00000083
00000084
00000085
00000065
00000065
00000065
00000066
00000067
00000068
00000069
0000006A
0000006B
00000065
0000006C
0000006D
00000065
00000065
0000006E
0000006F
00000070
00000065
00000071
00000065
00000072
00000073
00000065
00000074
00000075
00000076
00000077
00000078
00000079
00000074
0000007A
0000007B
0000007C
00000074
0000007D
0000007E
00000074
0000007F
00000080
00000074
00000081
00000074
00000082
00000074
00000083
00000084
00000085
00000065
00000065
00000065
00000066
00000067
00000068
00000069
0000006A
0000006B
00000065
0000006C
0000006D
00000065
00000065
0000006E
0000006F
00000070
00000065
00000071
00000065
00000072
00000073
00000065
00000074
00000075
00000076
00000077
00000078
00000079
00000074
0000007A
0000007B
0000007C
00000074
0000007D
0000007E
00000074
0000007F
00000080
00000074
00000081
00000074
00000082
00000074
00000083
00000084
00000085
00000065
00000065
00000065
00000066
00000067
00000068
00000069
0000006A
0000006B
00000065
0000006C
0000006D
00000065
00000065
0000006E
0000006F
00000070
00000065
00000071
00000065
00000072
00000073
00000065
00000074
00000075
00000076
00000077
00000078
00000079
00000074
0000007A
0000007B
0000007C
00000074
0000007D
0000007E
00000074
0000007F
00000080
00000074
00000081
00000074
00000082
00000074
00000083
00000084
00000085
00000065
00000065
00000065
00000066
00000067
00000068
00000069
0000006A
0000006B
00000065
0000006C
0000006D
00000065
00000065
0000006E
0000006F
00000070
00000065
00000071
00000065
00000072
00000073
00000065
00000074
00000075
00000076
00000077
00000078
00000079
00000074
0000007A
0000007B
0000007C
00000074
0000007D
0000007E
00000074
0000007F
00000080
00000074
00000081
00000074
00000082
00000074
00000083
00000084
00000085
00000065
00000065
00000065
00000066
00000067
00000068
00000069
0000006A
0000006B
00000065
0000006C
0000006D
00000065
00000065
0000006E
0000006F
00000070
00000065
00000071
00000065
00000072
00000073
00000065
00000074
00000075
00000076
00000077
00000078
00000079
00000074
0000007A
0000007B
0000007C
00000074
0000007D
0000007E
00000074
0000007F
00000080
00000074
00000081
00000074
00000082
00000074
00000083
00000084
00000085
00000065
00000065
00000065
00000066
00000067
00000068
00000069
0000006A
0000006B
00000065
0000006C
0000006D
00000065
00000065
0000006E
0000006F
00000070
00000065
00000071
00000065
00000072
00000073
00000065
00000074
00000075
00000076
00000077
00000078
00000079
00000074
0000007A
0000007B
0000007C
00000074
0000007D
0000007E
00000074
0000007F
00000080
00000074
00000081
00000074
00000082
00000074
00000083
00000084
00000085
00000065
00000065
00000065
00000066
00000067
00000068
00000069
0000006A
0000006B
00000065
0000006C
0000006D
00000065
00000065
0000006E
0000006F
00000070
00000065
00000071
00000065
00000072
00000073
00000065
00000074
00000075
00000076
00000077
00000078
00000079
00000074
0000007A
0000007B
0000007C
00000074
0000007D
0000007E
00000074
0000007F
00000080
00000074
00000081
00000074
00000082
00000074
00000083
00000084
00000085
00000086
00000086
00000086
00000087
00000088
00000089
0000008A
0000008B
0000008C
0000008D
0000008E
0000008F
00000086
00000086
00000090
00000091
00000092
00000086
00000093
00000086
00000094
00000095
00000086
00000096
00000097
00000098
00000099
0000009A
0000009B
00000096
0000009C
0000009D
0000009E
00000096
0000009F
000000A0
00000096
000000A1
000000A2
00000096
000000A3
00000096
000000A4
00000096
000000A5
000000A6
000000A7
00000086
00000086
00000086
00000087
00000088
00000089
0000008A
0000008B
0000008C
0000008D
0000008E
0000008F
00000086
00000086
00000090
00000091
00000092
00000086
00000093
00000086
00000094
00000095
00000086
00000096
00000097
00000098
00000099
0000009A
0000009B
00000096
0000009C
0000009D
0000009E
00000096
0000009F
000000A0
00000096
000000A1
000000A2
00000096
000000A3
00000096
000000A4
00000096
000000A5
000000A6
000000A7
00000086
00000086
00000086
00000087
00000088
00000089
0000008A
0000008B
0000008C
0000008D
0000008E
0000008F
00000086
00000086
00000090
00000091
00000092
00000086
00000093
00000086
00000094
00000095
00000086
00000096
00000097
00000098
00000099
0000009A
0000009B
00000096
0000009C
0000009D
0000009E
00000096
0000009F
000000A0
00000096
000000A1
000000A2
00000096
000000A3
00000096
000000A4
00000096
000000A5
000000A6
000000A7
00000086
00000086
00000086
00000087
00000088
00000089
0000008A
0000008B
0000008C
0000008D
0000008E
0000008F
00000086
00000086
00000090
00000091
00000092
00000086
00000093
00000086
00000094
00000095
00000086
00000096
00000097
00000098
00000099
0000009A
0000009B
00000096
0000009C
0000009D
0000009E
00000096
0000009F
000000A0
00000096
000000A1
000000A2
00000096
000000A3
00000096
000000A4
00000096
000000A5
000000A6
000000A7
00000086
00000086
00000086
00000087
00000088
00000089
0000008A
0000008B
0000008C
0000008D
0000008E
0000008F
00000086
00000086
00000090
00000091
00000092
00000086
00000093
00000086
00000094
00000095
00000086
00000096
00000097
00000098
00000099
0000009A
0000009B
00000096
0000009C
0000009D
0000009E
00000096
0000009F
000000A0
00000096
000000A1
000000A2
00000096
000000A3
00000096
000000A4
00000096
000000A5
000000A6
000000A7
00000086
00000086
00000086
00000087
00000088
00000089
0000008A
0000008B
0000008C
0000008D
0000008E
0000008F
00000086
00000086
00000090
00000091
00000092
00000086
00000093
00000086
00000094
00000095
00000086
00000096
00000097
00000098
00000099
0000009A
0000009B
00000096
0000009C
0000009D
0000009E
00000096
0000009F
000000A0
00000096
000000A1
000000A2
00000096
000000A3
00000096
000000A4
00000096
000000A5
000000A6
000000A7
00000086
00000086
00000086
00000087
00000088
00000089
0000008A
0000008B
0000008C
0000008D
0000008E
0000008F
00000086
00000086
00000090
00000091
00000092
00000086
00000093
00000086
00000094
00000095
00000086
00000096
00000097
00000098
00000099
0000009A
0000009B
00000096
0000009C
0000009D
0000009E
00000096
0000009F
000000A0
00000096
000000A1
000000A2
00000096
000000A3
00000096
000000A4
00000096
000000A5
000000A6
000000A7
00000086
00000086
00000086
00000087
00000088
00000089
0000008A
0000008B
0000008C
0000008D
0000008E
0000008F
00000086
00000086
00000090
00000091
00000092
00000086
00000093
00000086
00000094
00000095
00000086
00000096
00000097
00000098
00000099
0000009A
0000009B
00000096
0000009C
0000009D
0000009E
00000096
0000009F
000000A0
00000096
000000A1
000000A2
00000096
000000A3
00000096
000000A4
00000096
000000A5
000000A6
000000A7
00000086
00000086
00000086
00000087
00000088
00000089
0000008A
0000008B
0000008C
0000008D
0000008E
0000008F
00000086
00000086
00000090
00000091
00000092
00000086
00000093
00000086
00000094
00000095
00000086
00000096
00000097
00000098
00000099
0000009A
0000009B
00000096
0000009C
0000009D
0000009E
00000096
0000009F
000000A0
00000096
000000A1
000000A2
00000096
000000A3
00000096
000000A4
00000096
000000A5
000000A6
000000A7
00000086
00000086
00000086
00000087
00000088
00000089
0000008A
0000008B
0000008C
0000008D
0000008E
0000008F
00000086
00000086
00000090
00000091
00000092
00000086
00000093
00000086
00000094
00000095
00000086
00000096
00000097
00000098
00000099
0000009A
0000009B
00000096
0000009C
0000009D
0000009E
00000096
0000009F
000000A0
00000096
000000A1
000000A2
00000096
000000A3
00000096
000000A4
00000096
000000A5
000000A6
000000A7
00000086
00000086
00000086
00000087
00000088
00000089
0000008A
0000008B
0000008C
0000008D
0000008E
0000008F
00000086
00000086
00000090
00000091
00000092
00000086
00000093
00000086
00000094
00000095
00000086
00000096
00000097
00000098
00000099
0000009A
0000009B
00000096
0000009C
0000009D
0000009E
00000096
0000009F
000000A0
00000096
000000A1
000000A2
00000096
000000A3
00000096
000000A4
00000096
000000A5
000000A6
000000A7
00000086
00000086
00000086
00000087
00000088
00000089
0000008A
0000008B
0000008C
0000008D
0000008E
0000008F
00000086
00000086
00000090
00000091
00000092
00000086
00000093
00000086
00000094
00000095
00000086
00000096
00000097
00000098
00000099
0000009A
0000009B
00000096
0000009C
0000009D
0000009E
00000096
0000009F
000000A0
00000096
000000A1
000000A2
00000096
000000A3
00000096
000000A4
00000096
000000A5
000000A6
000000A7
00000086
00000086
00000086
00000087
00000088
00000089
0000008A
0000008B
0000008C
0000008D
0000008E
0000008F
00000086
00000086
00000090
00000091
00000092
00000086
00000093
00000086
00000094
00000095
00000086
00000096
00000097
00000098
00000099
0000009A
0000009B
00000096
0000009C
0000009D
0000009E
00000096
0000009F
000000A0
00000096
000000A1
000000A2
00000096
000000A3
00000096
000000A4
00000096
000000A5
000000A6
000000A7
00000086
00000086
00000086
00000087
00000088
00000089
0000008A
0000008B
0000008C
0000008D
0000008E
0000008F
00000086
00000086
00000090
00000091
00000092
00000086
00000093
00000086
00000094
00000095
00000086
00000096
00000097
00000098
00000099
0000009A
0000009B
00000096
0000009C
0000009D
0000009E
00000096
0000009F
000000A0
00000096
000000A1
000000A2
00000096
000000A3
00000096
000000A4
00000096
000000A5
000000A6
000000A7
00000086
00000086
00000086
00000087
00000088
00000089
0000008A
0000008B
0000008C
0000008D
0000008E
0000008F
00000086
00000086
00000090
00000091
00000092
00000086
00000093
00000086
00000094
00000095
00000086
00000096
00000097
00000098
00000099
0000009A
0000009B
00000096
0000009C
0000009D
0000009E
00000096
0000009F
000000A0
00000096
000000A1
000000A2
00000096
000000A3
00000096
000000A4
00000096
000000A5
000000A6
000000A7
00000086
00000086
00000086
00000087
00000088
00000089
0000008A
0000008B
0000008C
0000008D
0000008E
0000008F
00000086
00000086
00000090
00000091
00000092
00000086
00000093
00000086
00000094
00000095
00000086
00000096
00000097
00000098
00000099
0000009A
0000009B
00000096
0000009C
0000009D
0000009E
00000096
0000009F
000000A0
00000096
000000A1
000000A2
00000096
000000A3
00000096
000000A4
00000096
000000A5
000000A6
000000A7
00000086
00000086
00000086
00000087
00000088
00000089
0000008A
0000008B
0000008C
0000008D
0000008E
0000008F
00000086
00000086
00000090
00000091
00000092
00000086
00000093
00000086
00000094
00000095
00000086
00000096
00000097
00000098
00000099
0000009A
0000009B
00000096
0000009C
0000009D
0000009E
00000096
0000009F
000000A0
00000096
000000A1
000000A2
00000096
000000A3
00000096
000000A4
00000096
000000A5
000000A6
000000A7
00000086
00000086
00000086
00000087
00000088
00000089
0000008A
0000008B
0000008C
0000008D
0000008E
0000008F
00000086
00000086
00000090
00000091
00000092
00000086
00000093
00000086
00000094
00000095
00000086
00000096
00000097
00000098
00000099
0000009A
0000009B
00000096
0000009C
0000009D
0000009E
00000096
0000009F
000000A0
00000096
000000A1
000000A2
00000096
000000A3
00000096
000000A4
00000096
000000A5
000000A6
000000A7
00000086
00000086
00000086
00000087
00000088
00000089
0000008A
0000008B
0000008C
0000008D
0000008E
0000008F
00000086
00000086
00000090
00000091
00000092
00000086
00000093
00000086
00000094
00000095
00000086
00000096
00000097
00000098
00000099
0000009A
0000009B
00000096
0000009C
0000009D
0000009E
00000096
0000009F
000000A0
00000096
000000A1
000000A2
00000096
000000A3
00000096
000000A4
00000096
000000A5
000000A6
000000A7
00000086
00000086
00000086
00000087
00000088
00000089
0000008A
0000008B
0000008C
0000008D
0000008E
0000008F
00000086
00000086
00000090
00000091
00000092
00000086
00000093
00000086
00000094
00000095
00000086
00000096
00000097
00000098
00000099
0000009A
0000009B
00000096
0000009C
0000009D
0000009E
00000096
0000009F
000000A0
00000096
000000A1
000000A2
00000096
000000A3
00000096
000000A4
00000096
000000A5
000000A6
000000A7
00000086
00000086
00000086
00000087
00000088
00000089
0000008A
0000008B
0000008C
0000008D
0000008E
0000008F
00000086
00000086
00000090
00000091
00000092
00000086
00000093
00000086
00000094
00000095
00000086
00000096
00000097
00000098
00000099
0000009A
0000009B
00000096
0000009C
0000009D
0000009E
00000096
0000009F
000000A0
00000096
000000A1
000000A2
00000096
000000A3
00000096
000000A4
00000096
000000A5
000000A6
000000A7
00000086
00000086
00000086
00000087
00000088
00000089
0000008A
0000008B
0000008C
0000008D
0000008E
0000008F
00000086
00000086
00000090
00000091
00000092
00000086
00000093
00000086
00000094
00000095
00000086
00000096
00000097
00000098
00000099
0000009A
0000009B
00000096
0000009C
0000009D
0000009E
00000096
0000009F
000000A0
00000096
000000A1
000000A2
00000096
000000A3
00000096
000000A4
00000096
000000A5
000000A6
000000A7
00000086
00000086
00000086
00000087
00000088
00000089
0000008A
0000008B
0000008C
0000008D
0000008E
0000008F
00000086
00000086
00000090
00000091
00000092
00000086
00000093
00000086
00000094
00000095
00000086
00000096
00000097
00000098
00000099
0000009A
0000009B
00000096
0000009C
0000009D
0000009E
00000096
0000009F
000000A0
00000096
000000A1
000000A2
00000096
000000A3
00000096
000000A4
00000096
000000A5
000000A6
000000A7
000000A8
000000A8
000000A8
000000A9
000000AA
000000AB
000000AC
000000AD
000000AE
000000A8
000000AF
000000B0
000000A8
000000A8
000000B1
000000B2
000000B3
000000A8
000000B4
000000A8
000000B5
000000B6
000000A8
000000B7
000000B8
000000B9
000000BA
000000BB
000000BC
000000B7
000000BD
000000BE
000000BF
000000B7
000000C0
000000C1
000000B7
000000C2
000000C3
000000B7
000000C4
000000B7
000000C5
000000B7
000000C6
000000C7
000000C8
000000A8
000000A8
000000A8
000000A9
000000AA
000000AB
000000AC
000000AD
000000AE
000000A8
000000AF
000000B0
000000A8
000000A8
000000B1
000000B2
000000B3
000000A8
000000B4
000000A8
000000B5
000000B6
000000A8
000000B7
000000B8
000000B9
000000BA
000000BB
000000BC
000000B7
000000BD
000000BE
000000BF
000000B7
000000C0
000000C1
000000B7
000000C2
000000C3
000000B7
000000C4
000000B7
000000C5
000000B7
000000C6
000000C7
000000C8
000000A8
000000A8
000000A8
000000A9
000000AA
000000AB
000000AC
000000AD
000000AE
000000A8
000000AF
000000B0
000000A8
000000A8
000000B1
000000B2
000000B3
000000A8
000000B4
000000A8
000000B5
000000B6
000000A8
000000B7
000000B8
000000B9
000000BA
000000BB
000000BC
000000B7
000000BD
000000BE
000000BF
000000B7
000000C0
000000C1
000000B7
000000C2
000000C3
000000B7
000000C4
000000B7
000000C5
000000B7
000000C6
000000C7
000000C8
000000A8
000000A8
000000A8
000000A9
000000AA
000000AB
000000AC
000000AD
000000AE
000000A8
000000AF
000000B0
000000A8
000000A8
000000B1
000000B2
000000B3
000000A8
000000B4
000000A8
000000B5
000000B6
000000A8
000000B7
000000B8
000000B9
000000BA
000000BB
000000BC
000000B7
000000BD
000000BE
000000BF
000000B7
000000C0
000000C1
000000B7
000000C2
000000C3
000000B7
000000C4
000000B7
000000C5
000000B7
000000C6
000000C7
000000C8
000000A8
000000A8
000000A8
000000A9
000000AA
000000AB
000000AC
000000AD
000000AE
000000A8
000000AF
000000B0
000000A8
000000A8
000000B1
000000B2
000000B3
000000A8
000000B4
000000A8
000000B5
000000B6
000000A8
000000B7
000000B8
000000B9
000000BA
000000BB
000000BC
000000B7
000000BD
000000BE
000000BF
000000B7
000000C0
000000C1
000000B7
000000C2
000000C3
000000B7
000000C4
000000B7
000000C5
000000B7
000000C6
000000C7
000000C8
000000A8
000000A8
000000A8
000000A9
000000AA
000000AB
000000AC
000000AD
000000AE
000000A8
000000AF
000000B0
000000A8
000000A8
000000B1
000000B2
000000B3
000000A8
000000B4
000000A8
000000B5
000000B6
000000A8
000000B7
000000B8
000000B9
000000BA
000000BB
000000BC
000000B7
000000BD
000000BE
000000BF
000000B7
000000C0
000000C1
000000B7
000000C2
000000C3
000000B7
000000C4
000000B7
000000C5
000000B7
000000C6
000000C7
000000C8
000000A8
000000A8
000000A8
000000A9
000000AA
000000AB
000000AC
000000AD
000000AE
000000A8
000000AF
000000B0
000000A8
000000A8
000000B1
000000B2
000000B3
000000A8
000000B4
000000A8
000000B5
000000B6
000000A8
000000B7
000000B8
000000B9
000000BA
000000BB
000000BC
000000B7
000000BD
000000BE
000000BF
000000B7
000000C0
000000C1
000000B7
000000C2
000000C3
000000B7
000000C4
000000B7
000000C5
000000B7
000000C6
000000C7
000000C8
000000C9
000000C9
000000C9
000000CA
000000CB
000000CC
000000CD
000000CE
000000CF
000000C9
000000D0
000000D1
000000C9
000000C9
000000D2
000000D3
000000D4
000000C9
000000D5
000000C9
000000D6
000000D7
000000C9
000000C9
000000D8
000000D9
000000DA
000000DB
000000DC
000000C9
000000DD
000000DE
000000DF
000000C9
000000E0
000000E1
000000E2
000000E3
000000E4
000000C9
000000E5
000000C9
000000E6
000000C9
000000E7
000000E8
000000E9
000000EA
000000EA
000000EA
000000EB
000000EC
000000ED
000000EE
000000EF
000000F0
000000EA
000000F1
000000F2
000000EA
000000EA
000000F3
000000F4
000000F5
000000EA
000000F6
000000EA
000000F7
000000F8
000000EA
000000EA
000000F9
000000FA
000000FB
000000FC
000000FD
000000EA
000000FE
000000FF
00000100
000000EA
00000101
00000102
000000EA
00000103
00000104
000000EA
00000105
000000EA
00000106
000000EA
00000107
00000108
00000109
0000010A
0000010A
0000010A
0000010B
0000010C
0000010D
0000010E
0000010F
00000110
0000010A
00000111
00000112
0000010A
0000010A
00000113
00000114
00000115
0000010A
00000116
0000010A
00000117
00000118
0000010A
0000010A
00000119
0000011A
0000011B
0000011C
0000011D
0000010A
0000011E
0000011F
00000120
0000010A
00000121
00000122
0000010A
00000123
00000124
0000010A
00000125
0000010A
00000126
0000010A
00000127
00000128
00000129
0000012A
0000012A
0000012A
0000012B
0000012C
0000012D
0000012E
0000012F
00000130
0000012A
00000131
00000132
0000012A
0000012A
00000133
00000134
00000135
0000012A
00000136
0000012A
00000137
00000138
0000012A
0000012A
00000139
0000013A
0000013B
0000013C
0000013D
0000012A
0000013E
0000013F
00000140
0000012A
00000141
00000142
0000012A
00000143
00000144
0000012A
00000145
0000012A
00000146
0000012A
00000147
00000148
00000149
0000014A
0000014A
0000014A
0000014B
0000014C
0000014D
0000014E
0000014F
00000150
0000014A
00000151
00000152
0000014A
0000014A
00000153
00000154
00000155
0000014A
00000156
0000014A
00000157
00000158
0000014A
00000159
0000015A
0000015B
0000015C
0000015D
0000015E
00000159
0000015F
00000160
00000161
00000159
00000162
00000163
00000159
00000164
00000165
00000159
00000166
00000159
00000167
00000159
00000168
00000169
0000016A
0000016B
0000016B
0000016B
0000016C
0000016D
0000016E
0000016F
00000170
00000171
0000016B
00000172
00000173
0000016B
0000016B
00000174
00000175
00000176
0000016B
00000177
0000016B
00000178
00000179
0000016B
0000017A
0000017B
0000017C
0000017D
0000017E
0000017F
0000017A
00000180
00000181
00000182
0000017A
00000183
00000184
0000017A
00000185
00000186
0000017A
00000187
0000017A
00000188
0000017A
00000189
0000018A
0000018B
0000018C
0000018C
0000018C
0000018D
0000018E
0000018F
00000190
00000191
00000192
0000018C
00000193
00000194
0000018C
0000018C
00000195
00000196
00000197
0000018C
00000198
0000018C
00000199
0000019A
0000018C
0000019B
0000019C
0000019D
0000019E
0000019F
000001A0
0000019B
000001A1
000001A2
000001A3
0000019B
000001A4
000001A5
000001A6
000001A7
000001A8
0000019B
000001A9
0000019B
000001AA
0000019B
000001AB
000001AC
000001AD
0000018C
0000018C
0000018C
0000018D
0000018E
0000018F
00000190
00000191
00000192
0000018C
00000193
00000194
0000018C
0000018C
00000195
00000196
00000197
0000018C
00000198
0000018C
00000199
0000019A
0000018C
0000019B
0000019C
0000019D
0000019E
0000019F
000001A0
0000019B
000001A1
000001A2
000001A3
0000019B
000001A4
000001A5
000001A6
000001A7
000001A8
0000019B
000001A9
0000019B
000001AA
0000019B
000001AB
000001AC
000001AD
0000018C
0000018C
0000018C
0000018D
0000018E
0000018F
00000190
00000191
00000192
0000018C
00000193
00000194
0000018C
0000018C
00000195
00000196
00000197
0000018C
00000198
0000018C
00000199
0000019A
0000018C
0000019B
0000019C
0000019D
0000019E
0000019F
000001A0
0000019B
000001A1
000001A2
000001A3
0000019B
000001A4
000001A5
000001A6
000001A7
000001A8
0000019B
000001A9
0000019B
000001AA
0000019B
000001AB
000001AC
000001AD
0000018C
0000018C
0000018C
0000018D
0000018E
0000018F
00000190
00000191
00000192
0000018C
00000193
00000194
0000018C
0000018C
00000195
00000196
00000197
0000018C
00000198
0000018C
00000199
0000019A
0000018C
0000019B
0000019C
0000019D
0000019E
0000019F
000001A0
0000019B
000001A1
000001A2
000001A3
0000019B
000001A4
000001A5
000001A6
000001A7
000001A8
0000019B
000001A9
0000019B
000001AA
0000019B
000001AB
000001AC
000001AD
0000018C
0000018C
0000018C
0000018D
0000018E
0000018F
00000190
00000191
00000192
0000018C
00000193
00000194
0000018C
0000018C
00000195
00000196
00000197
0000018C
00000198
0000018C
00000199
0000019A
0000018C
0000019B
0000019C
0000019D
0000019E
0000019F
000001A0
0000019B
000001A1
000001A2
000001A3
0000019B
000001A4
000001A5
000001A6
000001A7
000001A8
0000019B
000001A9
0000019B
000001AA
0000019B
000001AB
000001AC
000001AD
0000018C
0000018C
0000018C
0000018D
0000018E
0000018F
00000190
00000191
00000192
0000018C
00000193
00000194
0000018C
0000018C
00000195
00000196
00000197
0000018C
00000198
0000018C
00000199
0000019A
0000018C
0000019B
0000019C
0000019D
0000019E
0000019F
000001A0
0000019B
000001A1
000001A2
000001A3
0000019B
000001A4
000001A5
000001A6
000001A7
000001A8
0000019B
000001A9
0000019B
000001AA
0000019B
000001AB
000001AC
000001AD
0000018C
0000018C
0000018C
0000018D
0000018E
0000018F
00000190
00000191
00000192
0000018C
00000193
00000194
0000018C
0000018C
00000195
00000196
00000197
0000018C
00000198
0000018C
00000199
0000019A
0000018C
0000019B
0000019C
0000019D
0000019E
0000019F
000001A0
0000019B
000001A1
000001A2
000001A3
0000019B
000001A4
000001A5
000001A6
000001A7
000001A8
0000019B
000001A9
0000019B
000001AA
0000019B
000001AB
000001AC
000001AD
0000018C
0000018C
0000018C
0000018D
0000018E
0000018F
00000190
00000191
00000192
0000018C
00000193
00000194
0000018C
0000018C
00000195
00000196
00000197
0000018C
00000198
0000018C
00000199
0000019A
0000018C
0000019B
0000019C
0000019D
0000019E
0000019F
000001A0
0000019B
000001A1
000001A2
000001A3
0000019B
000001A4
000001A5
000001A6
000001A7
000001A8
0000019B
000001A9
0000019B
000001AA
0000019B
000001AB
000001AC
000001AD
0000018C
0000018C
0000018C
0000018D
0000018E
0000018F
00000190
00000191
00000192
0000018C
00000193
00000194
0000018C
0000018C
00000195
00000196
00000197
0000018C
00000198
0000018C
00000199
0000019A
0000018C
0000019B
0000019C
0000019D
0000019E
0000019F
000001A0
0000019B
000001A1
000001A2
000001A3
0000019B
000001A4
000001A5
000001A6
000001A7
000001A8
0000019B
000001A9
0000019B
000001AA
0000019B
000001AB
000001AC
000001AD
0000018C
0000018C
0000018C
0000018D
0000018E
0000018F
00000190
00000191
00000192
0000018C
00000193
00000194
0000018C
0000018C
00000195
00000196
00000197
0000018C
00000198
0000018C
00000199
0000019A
0000018C
0000019B
0000019C
0000019D
0000019E
0000019F
000001A0
0000019B
000001A1
000001A2
000001A3
0000019B
000001A4
000001A5
000001A6
000001A7
000001A8
0000019B
000001A9
0000019B
000001AA
0000019B
000001AB
000001AC
000001AD
000001AE
000001AF
000001AF
000001B0
000001B1
000001B2
000001B3
000001B4
000001B5
000001AE
000001B6
000001B7
000001AE
000001AE
000001B8
000001B9
000001BA
000001AE
000001BB
000001AE
000001BC
000001BD
000001AE
000001AE
000001BE
000001BF
000001C0
000001C1
000001C2
000001AE
000001C3
000001C4
000001C5
000001AE
000001C6
000001C7
000001AE
000001C8
000001C9
000001AE
000001CA
000001AE
000001CB
000001AE
000001CC
000001CD
000001CE
000001AE
000001AF
000001AF
000001B0
000001B1
000001B2
000001B3
000001B4
000001B5
000001AE
000001B6
000001B7
000001AE
000001AE
000001B8
000001B9
000001BA
000001AE
000001BB
000001AE
000001BC
000001BD
000001AE
000001AE
000001BE
000001BF
000001C0
000001C1
000001C2
000001AE
000001C3
000001C4
000001C5
000001AE
000001C6
000001C7
000001AE
000001C8
000001C9
000001AE
000001CA
000001AE
000001CB
000001AE
000001CC
000001CD
000001CE
000001AE
000001AF
000001AF
000001B0
000001B1
000001B2
000001B3
000001B4
000001B5
000001AE
000001B6
000001B7
000001AE
000001AE
000001B8
000001B9
000001BA
000001AE
000001BB
000001AE
000001BC
000001BD
000001AE
000001AE
000001BE
000001BF
000001C0
000001C1
000001C2
000001AE
000001C3
000001C4
000001C5
000001AE
000001C6
000001C7
000001AE
000001C8
000001C9
000001AE
000001CA
000001AE
000001CB
000001AE
000001CC
000001CD
000001CE
000001AE
000001AF
000001AF
000001B0
000001B1
000001B2
000001B3
000001B4
000001B5
000001AE
000001B6
000001B7
000001AE
000001AE
000001B8
000001B9
000001BA
000001AE
000001BB
000001AE
000001BC
000001BD
000001AE
000001AE
000001BE
000001BF
000001C0
000001C1
000001C2
000001AE
000001C3
000001C4
000001C5
000001AE
000001C6
000001C7
000001AE
000001C8
000001C9
000001AE
000001CA
000001AE
000001CB
000001AE
000001CC
000001CD
000001CE
000001AE
000001AF
000001AF
000001B0
000001B1
000001B2
000001B3
000001B4
000001B5
000001AE
000001B6
000001B7
000001AE
000001AE
000001B8
000001B9
000001BA
000001AE
000001BB
000001AE
000001BC
000001BD
000001AE
000001AE
000001BE
000001BF
000001C0
000001C1
000001C2
000001AE
000001C3
000001C4
000001C5
000001AE
000001C6
000001C7
000001AE
000001C8
000001C9
000001AE
000001CA
000001AE
000001CB
000001AE
000001CC
000001CD
000001CE
000001AE
000001AF
000001AF
000001B0
000001B1
000001B2
000001B3
000001B4
000001B5
000001AE
000001B6
000001B7
000001AE
000001AE
000001B8
000001B9
000001BA
000001AE
000001BB
000001AE
000001BC
000001BD
000001AE
000001AE
000001BE
000001BF
000001C0
000001C1
000001C2
000001AE
000001C3
000001C4
000001C5
000001AE
000001C6
000001C7
000001AE
000001C8
000001C9
000001AE
000001CA
000001AE
000001CB
000001AE
000001CC
000001CD
000001CE
000001AE
000001AF
000001AF
000001B0
000001B1
000001B2
000001B3
000001B4
000001B5
000001AE
000001B6
000001B7
000001AE
000001AE
000001B8
000001B9
000001BA
000001AE
000001BB
000001AE
000001BC
000001BD
000001AE
000001AE
000001BE
000001BF
000001C0
000001C1
000001C2
000001AE
000001C3
000001C4
000001C5
000001AE
000001C6
000001C7
000001AE
000001C8
000001C9
000001AE
000001CA
000001AE
000001CB
000001AE
000001CC
000001CD
000001CE
000001AE
000001AF
000001AF
000001B0
000001B1
000001B2
000001B3
000001B4
000001B5
000001AE
000001B6
000001B7
000001AE
000001AE
000001B8
000001B9
000001BA
000001AE
000001BB
000001AE
000001BC
000001BD
000001AE
000001AE
000001BE
000001BF
000001C0
000001C1
000001C2
000001AE
000001C3
000001C4
000001C5
000001AE
000001C6
000001C7
000001AE
000001C8
000001C9
000001AE
000001CA
000001AE
000001CB
000001AE
000001CC
000001CD
000001CE
000001AE
000001AF
000001AF
000001B0
000001B1
000001B2
000001B3
000001B4
000001B5
000001AE
000001B6
000001B7
000001AE
000001AE
000001B8
000001B9
000001BA
000001AE
000001BB
000001AE
000001BC
000001BD
000001AE
000001AE
000001BE
000001BF
000001C0
000001C1
000001C2
000001AE
000001C3
000001C4
000001C5
000001AE
000001C6
000001C7
000001AE
000001C8
000001C9
000001AE
000001CA
000001AE
000001CB
000001AE
000001CC
000001CD
000001CE
000001AE
000001AF
000001AF
000001B0
000001B1
000001B2
000001B3
000001B4
000001B5
000001AE
000001B6
000001B7
000001AE
000001AE
000001B8
000001B9
000001BA
000001AE
000001BB
000001AE
000001BC
000001BD
000001AE
000001AE
000001BE
000001BF
000001C0
000001C1
000001C2
000001AE
000001C3
000001C4
000001C5
000001AE
000001C6
000001C7
000001AE
000001C8
000001C9
000001AE
000001CA
000001AE
000001CB
000001AE
000001CC
000001CD
000001CE
000001AE
000001AF
000001AF
000001B0
000001B1
000001B2
000001B3
000001B4
000001B5
000001AE
000001B6
000001B7
000001AE
000001AE
000001B8
000001B9
000001BA
000001AE
000001BB
000001AE
000001BC
000001BD
000001AE
000001AE
000001BE
000001BF
000001C0
000001C1
000001C2
000001AE
000001C3
000001C4
000001C5
000001AE
000001C6
000001C7
000001AE
000001C8
000001C9
000001AE
000001CA
000001AE
000001CB
000001AE
000001CC
000001CD
000001CE
000001AE
000001AF
000001AF
000001B0
000001B1
000001B2
000001B3
000001B4
000001B5
000001AE
000001B6
000001B7
000001AE
000001AE
000001B8
000001B9
000001BA
000001AE
000001BB
000001AE
000001BC
000001BD
000001AE
000001AE
000001BE
000001BF
000001C0
000001C1
000001C2
000001AE
000001C3
000001C4
000001C5
000001AE
000001C6
000001C7
000001AE
000001C8
000001C9
000001AE
000001CA
000001AE
000001CB
000001AE
000001CC
000001CD
000001CE
000001AE
000001AF
000001AF
000001B0
000001B1
000001B2
000001B3
000001B4
000001B5
000001AE
000001B6
000001B7
000001AE
000001AE
000001B8
000001B9
000001BA
000001AE
000001BB
000001AE
000001BC
000001BD
000001AE
000001AE
000001BE
000001BF
000001C0
000001C1
000001C2
000001AE
000001C3
000001C4
000001C5
000001AE
000001C6
000001C7
000001AE
000001C8
000001C9
000001AE
000001CA
000001AE
000001CB
000001AE
000001CC
000001CD
000001CE
000001AE
000001AF
000001AF
000001B0
000001B1
000001B2
000001B3
000001B4
000001B5
000001AE
000001B6
000001B7
000001AE
000001AE
000001B8
000001B9
000001BA
000001AE
000001BB
000001AE
000001BC
000001BD
000001AE
000001AE
000001BE
000001BF
000001C0
000001C1
000001C2
000001AE
000001C3
000001C4
000001C5
000001AE
000001C6
000001C7
000001AE
000001C8
000001C9
000001AE
000001CA
000001AE
000001CB
000001AE
000001CC
000001CD
000001CE
000001AE
000001AF
000001AF
000001B0
000001B1
000001B2
000001B3
000001B4
000001B5
000001AE
000001B6
000001B7
000001AE
000001AE
000001B8
000001B9
000001BA
000001AE
000001BB
000001AE
000001BC
000001BD
000001AE
000001AE
000001BE
000001BF
000001C0
000001C1
000001C2
000001AE
000001C3
000001C4
000001C5
000001AE
000001C6
000001C7
000001AE
000001C8
000001C9
000001AE
000001CA
000001AE
000001CB
000001AE
000001CC
000001CD
000001CE
000001AE
000001AF
000001AF
000001B0
000001B1
000001B2
000001B3
000001B4
000001B5
000001AE
000001B6
000001B7
000001AE
000001AE
000001B8
000001B9
000001BA
000001AE
000001BB
000001AE
000001BC
000001BD
000001AE
000001AE
000001BE
000001BF
000001C0
000001C1
000001C2
000001AE
000001C3
000001C4
000001C5
000001AE
000001C6
000001C7
000001AE
000001C8
000001C9
000001AE
000001CA
000001AE
000001CB
000001AE
000001CC
000001CD
000001CE
000001AE
000001AF
000001AF
000001B0
000001B1
000001B2
000001B3
000001B4
000001B5
000001AE
000001B6
000001B7
000001AE
000001AE
000001B8
000001B9
000001BA
000001AE
000001BB
000001AE
000001BC
000001BD
000001AE
000001AE
000001BE
000001BF
000001C0
000001C1
000001C2
000001AE
000001C3
000001C4
000001C5
000001AE
000001C6
000001C7
000001AE
000001C8
000001C9
000001AE
000001CA
000001AE
000001CB
000001AE
000001CC
000001CD
000001CE
000001AE
000001AF
000001AF
000001B0
000001B1
000001B2
000001B3
000001B4
000001B5
000001AE
000001B6
000001B7
000001AE
000001AE
000001B8
000001B9
000001BA
000001AE
000001BB
000001AE
000001BC
000001BD
000001AE
000001AE
000001BE
000001BF
000001C0
000001C1
000001C2
000001AE
000001C3
000001C4
000001C5
000001AE
000001C6
000001C7
000001AE
000001C8
000001C9
000001AE
000001CA
000001AE
000001CB
000001AE
000001CC
000001CD
000001CE
000001AE
000001AF
000001AF
000001B0
000001B1
000001B2
000001B3
000001B4
000001B5
000001AE
000001B6
000001B7
000001AE
000001AE
000001B8
000001B9
000001BA
000001AE
000001BB
000001AE
000001BC
000001BD
000001AE
000001AE
000001BE
000001BF
000001C0
000001C1
000001C2
000001AE
000001C3
000001C4
000001C5
000001AE
000001C6
000001C7
000001AE
000001C8
000001C9
000001AE
000001CA
000001AE
000001CB
000001AE
000001CC
000001CD
000001CE
000001AE
000001AF
000001AF
000001B0
000001B1
000001B2
000001B3
000001B4
000001B5
000001AE
000001B6
000001B7
000001AE
000001AE
000001B8
000001B9
000001BA
000001AE
000001BB
000001AE
000001BC
000001BD
000001AE
000001AE
000001BE
000001BF
000001C0
000001C1
000001C2
000001AE
000001C3
000001C4
000001C5
000001AE
000001C6
000001C7
000001AE
000001C8
000001C9
000001AE
000001CA
000001AE
000001CB
000001AE
000001CC
000001CD
000001CE
000001AE
000001AF
000001AF
000001B0
000001B1
000001B2
000001B3
000001B4
000001B5
000001AE
000001B6
000001B7
000001AE
000001AE
000001B8
000001B9
000001BA
000001AE
000001BB
000001AE
000001BC
000001BD
000001AE
000001AE
000001BE
000001BF
000001C0
000001C1
000001C2
000001AE
000001C3
000001C4
000001C5
000001AE
000001C6
000001C7
000001AE
000001C8
000001C9
000001AE
000001CA
000001AE
000001CB
000001AE
000001CC
000001CD
000001CE
000001AE
000001AF
000001AF
000001B0
000001B1
000001B2
000001B3
000001B4
000001B5
000001AE
000001B6
000001B7
000001AE
000001AE
000001B8
000001B9
000001BA
000001AE
000001BB
000001AE
000001BC
000001BD
000001AE
000001AE
000001BE
000001BF
000001C0
000001C1
000001C2
000001AE
000001C3
000001C4
000001C5
000001AE
000001C6
000001C7
000001AE
000001C8
000001C9
000001AE
000001CA
000001AE
000001CB
000001AE
000001CC
000001CD
000001CE
000001AE
000001AF
000001AF
000001B0
000001B1
000001B2
000001B3
000001B4
000001B5
000001AE
000001B6
000001B7
000001AE
000001AE
000001B8
000001B9
000001BA
000001AE
000001BB
000001AE
000001BC
000001BD
000001AE
000001AE
000001BE
000001BF
000001C0
000001C1
000001C2
000001AE
000001C3
000001C4
000001C5
000001AE
000001C6
000001C7
000001AE
000001C8
000001C9
000001AE
000001CA
000001AE
000001CB
000001AE
000001CC
000001CD
000001CE
000001CF
000001CF
000001CF
000001D0
000001D1
000001D2
000001D3
000001D4
000001D5
000001CF
000001D6
000001D7
000001CF
000001CF
000001D8
000001D9
000001DA
000001CF
000001DB
000001CF
000001DC
000001DD
000001CF
000001DE
000001DF
000001E0
000001E1
000001E2
000001E3
000001DE
000001E4
000001E5
000001E6
000001DE
000001E7
000001E8
000001DE
000001E9
000001EA
000001DE
000001EB
000001DE
000001EC
000001DE
000001ED
000001EE
000001EF
000001CF
000001CF
000001CF
000001D0
000001D1
000001D2
000001D3
000001D4
000001D5
000001CF
000001D6
000001D7
000001CF
000001CF
000001D8
000001D9
000001DA
000001CF
000001DB
000001CF
000001DC
000001DD
000001CF
000001DE
000001DF
000001E0
000001E1
000001E2
000001E3
000001DE
000001E4
000001E5
000001E6
000001DE
000001E7
000001E8
000001DE
000001E9
000001EA
000001DE
000001EB
000001DE
000001EC
000001DE
000001ED
000001EE
000001EF
000001CF
000001CF
000001CF
000001D0
000001D1
000001D2
000001D3
000001D4
000001D5
000001CF
000001D6
000001D7
000001CF
000001CF
000001D8
000001D9
000001DA
000001CF
000001DB
000001CF
000001DC
000001DD
000001CF
000001DE
000001DF
000001E0
000001E1
000001E2
000001E3
000001DE
000001E4
000001E5
000001E6
000001DE
000001E7
000001E8
000001DE
000001E9
000001EA
000001DE
000001EB
000001DE
000001EC
000001DE
000001ED
000001EE
000001EF
000001CF
000001CF
000001CF
000001D0
000001D1
000001D2
000001D3
000001D4
000001D5
000001CF
000001D6
000001D7
000001CF
000001CF
000001D8
000001D9
000001DA
000001CF
000001DB
000001CF
000001DC
000001DD
000001CF
000001DE
000001DF
000001E0
000001E1
000001E2
000001E3
000001DE
000001E4
000001E5
000001E6
000001DE
000001E7
000001E8
000001DE
000001E9
000001EA
000001DE
000001EB
000001DE
000001EC
000001DE
000001ED
000001EE
000001EF
000001CF
000001CF
000001CF
000001D0
000001D1
000001D2
000001D3
000001D4
000001D5
000001CF
000001D6
000001D7
000001CF
000001CF
000001D8
000001D9
000001DA
000001CF
000001DB
000001CF
000001DC
000001DD
000001CF
000001DE
000001DF
000001E0
000001E1
000001E2
000001E3
000001DE
000001E4
000001E5
000001E6
000001DE
000001E7
000001E8
000001DE
000001E9
000001EA
000001DE
000001EB
000001DE
000001EC
000001DE
000001ED
000001EE
000001EF
000001CF
000001CF
000001CF
000001D0
000001D1
000001D2
000001D3
000001D4
000001D5
000001CF
000001D6
000001D7
000001CF
000001CF
000001D8
000001D9
000001DA
000001CF
000001DB
000001CF
000001DC
000001DD
000001CF
000001DE
000001DF
000001E0
000001E1
000001E2
000001E3
000001DE
000001E4
000001E5
000001E6
000001DE
000001E7
000001E8
000001DE
000001E9
000001EA
000001DE
000001EB
000001DE
000001EC
000001DE
000001ED
000001EE
000001EF
000001CF
000001CF
000001CF
000001D0
000001D1
000001D2
000001D3
000001D4
000001D5
000001CF
000001D6
000001D7
000001CF
000001CF
000001D8
000001D9
000001DA
000001CF
000001DB
000001CF
000001DC
000001DD
000001CF
000001DE
000001DF
000001E0
000001E1
000001E2
000001E3
000001DE
000001E4
000001E5
000001E6
000001DE
000001E7
000001E8
000001DE
000001E9
000001EA
000001DE
000001EB
000001DE
000001EC
000001DE
000001ED
000001EE
000001EF
000001CF
000001CF
000001CF
000001D0
000001D1
000001D2
000001D3
000001D4
000001D5
000001CF
000001D6
000001D7
000001CF
000001CF
000001D8
000001D9
000001DA
000001CF
000001DB
000001CF
000001DC
000001DD
000001CF
000001DE
000001DF
000001E0
000001E1
000001E2
000001E3
000001DE
000001E4
000001E5
000001E6
000001DE
000001E7
000001E8
000001DE
000001E9
000001EA
000001DE
000001EB
000001DE
000001EC
000001DE
000001ED
000001EE
000001EF
000001CF
000001CF
000001CF
000001D0
000001D1
000001D2
000001D3
000001D4
000001D5
000001CF
000001D6
000001D7
000001CF
000001CF
000001D8
000001D9
000001DA
000001CF
000001DB
000001CF
000001DC
000001DD
000001CF
000001DE
000001DF
000001E0
000001E1
000001E2
000001E3
000001DE
000001E4
000001E5
000001E6
000001DE
000001E7
000001E8
000001DE
000001E9
000001EA
000001DE
000001EB
000001DE
000001EC
000001DE
000001ED
000001EE
000001EF
000001CF
000001CF
000001CF
000001D0
000001D1
000001D2
000001D3
000001D4
000001D5
000001CF
000001D6
000001D7
000001CF
000001CF
000001D8
000001D9
000001DA
000001CF
000001DB
000001CF
000001DC
000001DD
000001CF
000001DE
000001DF
000001E0
000001E1
000001E2
000001E3
000001DE
000001E4
000001E5
000001E6
000001DE
000001E7
000001E8
000001DE
000001E9
000001EA
000001DE
000001EB
000001DE
000001EC
000001DE
000001ED
000001EE
000001EF
000001CF
000001CF
000001CF
000001D0
000001D1
000001D2
000001D3
000001D4
000001D5
000001CF
000001D6
000001D7
000001CF
000001CF
000001D8
000001D9
000001DA
000001CF
000001DB
000001CF
000001DC
000001DD
000001CF
000001DE
000001DF
000001E0
000001E1
000001E2
000001E3
000001DE
000001E4
000001E5
000001E6
000001DE
000001E7
000001E8
000001DE
000001E9
000001EA
000001DE
000001EB
000001DE
000001EC
000001DE
000001ED
000001EE
000001EF
000001CF
000001CF
000001CF
000001D0
000001D1
000001D2
000001D3
000001D4
000001D5
000001CF
000001D6
000001D7
000001CF
000001CF
000001D8
000001D9
000001DA
000001CF
000001DB
000001CF
000001DC
000001DD
000001CF
000001DE
000001DF
000001E0
000001E1
000001E2
000001E3
000001DE
000001E4
000001E5
000001E6
000001DE
000001E7
000001E8
000001DE
000001E9
000001EA
000001DE
000001EB
000001DE
000001EC
000001DE
000001ED
000001EE
000001EF
000001CF
000001CF
000001CF
000001D0
000001D1
000001D2
000001D3
000001D4
000001D5
000001CF
000001D6
000001D7
000001CF
000001CF
000001D8
000001D9
000001DA
000001CF
000001DB
000001CF
000001DC
000001DD
000001CF
000001DE
000001DF
000001E0
000001E1
000001E2
000001E3
000001DE
000001E4
000001E5
000001E6
000001DE
000001E7
000001E8
000001DE
000001E9
000001EA
000001DE
000001EB
000001DE
000001EC
000001DE
000001ED
000001EE
000001EF
000001CF
000001CF
000001CF
000001D0
000001D1
000001D2
000001D3
000001D4
000001D5
000001CF
000001D6
000001D7
000001CF
000001CF
000001D8
000001D9
000001DA
000001CF
000001DB
000001CF
000001DC
000001DD
000001CF
000001DE
000001DF
000001E0
000001E1
000001E2
000001E3
000001DE
000001E4
000001E5
000001E6
000001DE
000001E7
000001E8
000001DE
000001E9
000001EA
000001DE
000001EB
000001DE
000001EC
000001DE
000001ED
000001EE
000001EF
000001CF
000001CF
000001CF
000001D0
000001D1
000001D2
000001D3
000001D4
000001D5
000001CF
000001D6
000001D7
000001CF
000001CF
000001D8
000001D9
000001DA
000001CF
000001DB
000001CF
000001DC
000001DD
000001CF
000001DE
000001DF
000001E0
000001E1
000001E2
000001E3
000001DE
000001E4
000001E5
000001E6
000001DE
000001E7
000001E8
000001DE
000001E9
000001EA
000001DE
000001EB
000001DE
000001EC
000001DE
000001ED
000001EE
000001EF
000001CF
000001CF
000001CF
000001D0
000001D1
000001D2
000001D3
000001D4
000001D5
000001CF
000001D6
000001D7
000001CF
000001CF
000001D8
000001D9
000001DA
000001CF
000001DB
000001CF
000001DC
000001DD
000001CF
000001DE
000001DF
000001E0
000001E1
000001E2
000001E3
000001DE
000001E4
000001E5
000001E6
000001DE
000001E7
000001E8
000001DE
000001E9
000001EA
000001DE
000001EB
000001DE
000001EC
000001DE
000001ED
000001EE
000001EF
000001CF
000001CF
000001CF
000001D0
000001D1
000001D2
000001D3
000001D4
000001D5
000001CF
000001D6
000001D7
000001CF
000001CF
000001D8
000001D9
000001DA
000001CF
000001DB
000001CF
000001DC
000001DD
000001CF
000001DE
000001DF
000001E0
000001E1
000001E2
000001E3
000001DE
000001E4
000001E5
000001E6
000001DE
000001E7
000001E8
000001DE
000001E9
000001EA
000001DE
000001EB
000001DE
000001EC
000001DE
000001ED
000001EE
000001EF
000001CF
000001CF
000001CF
000001D0
000001D1
000001D2
000001D3
000001D4
000001D5
000001CF
000001D6
000001D7
000001CF
000001CF
000001D8
000001D9
000001DA
000001CF
000001DB
000001CF
000001DC
000001DD
000001CF
000001DE
000001DF
000001E0
000001E1
000001E2
000001E3
000001DE
000001E4
000001E5
000001E6
000001DE
000001E7
000001E8
000001DE
000001E9
000001EA
000001DE
000001EB
000001DE
000001EC
000001DE
000001ED
000001EE
000001EF
000001CF
000001CF
000001CF
000001D0
000001D1
000001D2
000001D3
000001D4
000001D5
000001CF
000001D6
000001D7
000001CF
000001CF
000001D8
000001D9
000001DA
000001CF
000001DB
000001CF
000001DC
000001DD
000001CF
000001DE
000001DF
000001E0
000001E1
000001E2
000001E3
000001DE
000001E4
000001E5
000001E6
000001DE
000001E7
000001E8
000001DE
000001E9
000001EA
000001DE
000001EB
000001DE
000001EC
000001DE
000001ED
000001EE
000001EF
000001CF
000001CF
000001CF
000001D0
000001D1
000001D2
000001D3
000001D4
000001D5
000001CF
000001D6
000001D7
000001CF
000001CF
000001D8
000001D9
000001DA
000001CF
000001DB
000001CF
000001DC
000001DD
000001CF
000001DE
000001DF
000001E0
000001E1
000001E2
000001E3
000001DE
000001E4
000001E5
000001E6
000001DE
000001E7
000001E8
000001DE
000001E9
000001EA
000001DE
000001EB
000001DE
000001EC
000001DE
000001ED
000001EE
000001EF
000001CF
000001CF
000001CF
000001D0
000001D1
000001D2
000001D3
000001D4
000001D5
000001CF
000001D6
000001D7
000001CF
000001CF
000001D8
000001D9
000001DA
000001CF
000001DB
000001CF
000001DC
000001DD
000001CF
000001DE
000001DF
000001E0
000001E1
000001E2
000001E3
000001DE
000001E4
000001E5
000001E6
000001DE
000001E7
000001E8
000001DE
000001E9
000001EA
000001DE
000001EB
000001DE
000001EC
000001DE
000001ED
000001EE
000001EF
000001CF
000001CF
000001CF
000001D0
000001D1
000001D2
000001D3
000001D4
000001D5
000001CF
000001D6
000001D7
000001CF
000001CF
000001D8
000001D9
000001DA
000001CF
000001DB
000001CF
000001DC
000001DD
000001CF
000001DE
000001DF
000001E0
000001E1
000001E2
000001E3
000001DE
000001E4
000001E5
000001E6
000001DE
000001E7
000001E8
000001DE
000001E9
000001EA
000001DE
000001EB
000001DE
000001EC
000001DE
000001ED
000001EE
000001EF
000001CF
000001CF
000001CF
000001D0
000001D1
000001D2
000001D3
000001D4
000001D5
000001CF
000001D6
000001D7
000001CF
000001CF
000001D8
000001D9
000001DA
000001CF
000001DB
000001CF
000001DC
000001DD
000001CF
000001DE
000001DF
000001E0
000001E1
000001E2
000001E3
000001DE
000001E4
000001E5
000001E6
000001DE
000001E7
000001E8
000001DE
000001E9
000001EA
000001DE
000001EB
000001DE
000001EC
000001DE
000001ED
000001EE
000001EF
000001F0
000001F0
000001F0
000001F1
000001F2
000001F3
000001F4
000001F5
000001F6
000001F7
000001F8
000001F9
000001F0
000001F0
000001FA
000001FB
000001FC
000001FD
000001FE
000001F0
000001FF
00000200
000001F0
00000201
00000202
00000203
00000204
00000205
00000206
00000201
00000207
00000208
00000209
00000201
0000020A
0000020B
00000201
0000020C
0000020D
00000201
0000020E
00000201
0000020F
00000201
00000210
00000211
00000212
000001F0
000001F0
000001F0
000001F1
000001F2
000001F3
000001F4
000001F5
000001F6
000001F7
000001F8
000001F9
000001F0
000001F0
000001FA
000001FB
000001FC
000001FD
000001FE
000001F0
000001FF
00000200
000001F0
00000201
00000202
00000203
00000204
00000205
00000206
00000201
00000207
00000208
00000209
00000201
0000020A
0000020B
00000201
0000020C
0000020D
00000201
0000020E
00000201
0000020F
00000201
00000210
00000211
00000212
000001F0
000001F0
000001F0
000001F1
000001F2
000001F3
000001F4
000001F5
000001F6
000001F7
000001F8
000001F9
000001F0
000001F0
000001FA
000001FB
000001FC
000001FD
000001FE
000001F0
000001FF
00000200
000001F0
00000201
00000202
00000203
00000204
00000205
00000206
00000201
00000207
00000208
00000209
00000201
0000020A
0000020B
00000201
0000020C
0000020D
00000201
0000020E
00000201
0000020F
00000201
00000210
00000211
00000212
000001F0
000001F0
000001F0
000001F1
000001F2
000001F3
000001F4
000001F5
000001F6
000001F7
000001F8
000001F9
000001F0
000001F0
000001FA
000001FB
000001FC
000001FD
000001FE
000001F0
000001FF
00000200
000001F0
00000201
00000202
00000203
00000204
00000205
00000206
00000201
00000207
00000208
00000209
00000201
0000020A
0000020B
00000201
0000020C
0000020D
00000201
0000020E
00000201
0000020F
00000201
00000210
00000211
00000212
000001F0
000001F0
000001F0
000001F1
000001F2
000001F3
000001F4
000001F5
000001F6
000001F7
000001F8
000001F9
000001F0
000001F0
000001FA
000001FB
000001FC
000001FD
000001FE
000001F0
000001FF
00000200
000001F0
00000201
00000202
00000203
00000204
00000205
00000206
00000201
00000207
00000208
00000209
00000201
0000020A
0000020B
00000201
0000020C
0000020D
00000201
0000020E
00000201
0000020F
00000201
00000210
00000211
00000212
000001F0
000001F0
000001F0
000001F1
000001F2
000001F3
000001F4
000001F5
000001F6
000001F7
000001F8
000001F9
000001F0
000001F0
000001FA
000001FB
000001FC
000001FD
000001FE
000001F0
000001FF
00000200
000001F0
00000201
00000202
00000203
00000204
00000205
00000206
00000201
00000207
00000208
00000209
00000201
0000020A
0000020B
00000201
0000020C
0000020D
00000201
0000020E
00000201
0000020F
00000201
00000210
00000211
00000212
000001F0
000001F0
000001F0
000001F1
000001F2
000001F3
000001F4
000001F5
000001F6
000001F7
000001F8
000001F9
000001F0
000001F0
000001FA
000001FB
000001FC
000001FD
000001FE
000001F0
000001FF
00000200
000001F0
00000201
00000202
00000203
00000204
00000205
00000206
00000201
00000207
00000208
00000209
00000201
0000020A
0000020B
00000201
0000020C
0000020D
00000201
0000020E
00000201
0000020F
00000201
00000210
00000211
00000212
000001F0
000001F0
000001F0
000001F1
000001F2
000001F3
000001F4
000001F5
000001F6
000001F7
000001F8
000001F9
000001F0
000001F0
000001FA
000001FB
000001FC
000001FD
000001FE
000001F0
000001FF
00000200
000001F0
00000201
00000202
00000203
00000204
00000205
00000206
00000201
00000207
00000208
00000209
00000201
0000020A
0000020B
00000201
0000020C
0000020D
00000201
0000020E
00000201
0000020F
00000201
00000210
00000211
00000212
000001F0
000001F0
000001F0
000001F1
000001F2
000001F3
000001F4
000001F5
000001F6
000001F7
000001F8
000001F9
000001F0
000001F0
000001FA
000001FB
000001FC
000001FD
000001FE
000001F0
000001FF
00000200
000001F0
00000201
00000202
00000203
00000204
00000205
00000206
00000201
00000207
00000208
00000209
00000201
0000020A
0000020B
00000201
0000020C
0000020D
00000201
0000020E
00000201
0000020F
00000201
00000210
00000211
00000212
000001F0
000001F0
000001F0
000001F1
000001F2
000001F3
000001F4
000001F5
000001F6
000001F7
000001F8
000001F9
000001F0
000001F0
000001FA
000001FB
000001FC
000001FD
000001FE
000001F0
000001FF
00000200
000001F0
00000201
00000202
00000203
00000204
00000205
00000206
00000201
00000207
00000208
00000209
00000201
0000020A
0000020B
00000201
0000020C
0000020D
00000201
0000020E
00000201
0000020F
00000201
00000210
00000211
00000212
000001F0
000001F0
000001F0
000001F1
000001F2
000001F3
000001F4
000001F5
000001F6
000001F7
000001F8
000001F9
000001F0
000001F0
000001FA
000001FB
000001FC
000001FD
000001FE
000001F0
000001FF
00000200
000001F0
00000201
00000202
00000203
00000204
00000205
00000206
00000201
00000207
00000208
00000209
00000201
0000020A
0000020B
00000201
0000020C
0000020D
00000201
0000020E
00000201
0000020F
00000201
00000210
00000211
00000212
000001F0
000001F0
000001F0
000001F1
000001F2
000001F3
000001F4
000001F5
000001F6
000001F7
000001F8
000001F9
000001F0
000001F0
000001FA
000001FB
000001FC
000001FD
000001FE
000001F0
000001FF
00000200
000001F0
00000201
00000202
00000203
00000204
00000205
00000206
00000201
00000207
00000208
00000209
00000201
0000020A
0000020B
00000201
0000020C
0000020D
00000201
0000020E
00000201
0000020F
00000201
00000210
00000211
00000212
000001F0
000001F0
000001F0
000001F1
000001F2
000001F3
000001F4
000001F5
000001F6
000001F7
000001F8
000001F9
000001F0
000001F0
000001FA
000001FB
000001FC
000001FD
000001FE
000001F0
000001FF
00000200
000001F0
00000201
00000202
00000203
00000204
00000205
00000206
00000201
00000207
00000208
00000209
00000201
0000020A
0000020B
00000201
0000020C
0000020D
00000201
0000020E
00000201
0000020F
00000201
00000210
00000211
00000212
000001F0
000001F0
000001F0
000001F1
000001F2
000001F3
000001F4
000001F5
000001F6
000001F7
000001F8
000001F9
000001F0
000001F0
000001FA
000001FB
000001FC
000001FD
000001FE
000001F0
000001FF
00000200
000001F0
00000201
00000202
00000203
00000204
00000205
00000206
00000201
00000207
00000208
00000209
00000201
0000020A
0000020B
00000201
0000020C
0000020D
00000201
0000020E
00000201
0000020F
00000201
00000210
00000211
00000212
000001F0
000001F0
000001F0
000001F1
000001F2
000001F3
000001F4
000001F5
000001F6
000001F7
000001F8
000001F9
000001F0
000001F0
000001FA
000001FB
000001FC
000001FD
000001FE
000001F0
000001FF
00000200
000001F0
00000201
00000202
00000203
00000204
00000205
00000206
00000201
00000207
00000208
00000209
00000201
0000020A
0000020B
00000201
0000020C
0000020D
00000201
0000020E
00000201
0000020F
00000201
00000210
00000211
00000212
000001F0
000001F0
000001F0
000001F1
000001F2
000001F3
000001F4
000001F5
000001F6
000001F7
000001F8
000001F9
000001F0
000001F0
000001FA
000001FB
000001FC
000001FD
000001FE
000001F0
000001FF
00000200
000001F0
00000201
00000202
00000203
00000204
00000205
00000206
00000201
00000207
00000208
00000209
00000201
0000020A
0000020B
00000201
0000020C
0000020D
00000201
0000020E
00000201
0000020F
00000201
00000210
00000211
00000212
000001F0
000001F0
000001F0
000001F1
000001F2
000001F3
000001F4
000001F5
000001F6
000001F7
000001F8
000001F9
000001F0
000001F0
000001FA
000001FB
000001FC
000001FD
000001FE
000001F0
000001FF
00000200
000001F0
00000201
00000202
00000203
00000204
00000205
00000206
00000201
00000207
00000208
00000209
00000201
0000020A
0000020B
00000201
0000020C
0000020D
00000201
0000020E
00000201
0000020F
00000201
00000210
00000211
00000212
000001F0
000001F0
000001F0
000001F1
000001F2
000001F3
000001F4
000001F5
000001F6
000001F7
000001F8
000001F9
000001F0
000001F0
000001FA
000001FB
000001FC
000001FD
000001FE
000001F0
000001FF
00000200
000001F0
00000201
00000202
00000203
00000204
00000205
00000206
00000201
00000207
00000208
00000209
00000201
0000020A
0000020B
00000201
0000020C
0000020D
00000201
0000020E
00000201
0000020F
00000201
00000210
00000211
00000212
000001F0
000001F0
000001F0
000001F1
000001F2
000001F3
000001F4
000001F5
000001F6
000001F7
000001F8
000001F9
000001F0
000001F0
000001FA
000001FB
000001FC
000001FD
000001FE
000001F0
000001FF
00000200
000001F0
00000201
00000202
00000203
00000204
00000205
00000206
00000201
00000207
00000208
00000209
00000201
0000020A
0000020B
00000201
0000020C
0000020D
00000201
0000020E
00000201
0000020F
00000201
00000210
00000211
00000212
000001F0
000001F0
000001F0
000001F1
000001F2
000001F3
000001F4
000001F5
000001F6
000001F7
000001F8
000001F9
000001F0
000001F0
000001FA
000001FB
000001FC
000001FD
000001FE
000001F0
000001FF
00000200
000001F0
00000201
00000202
00000203
00000204
00000205
00000206
00000201
00000207
00000208
00000209
00000201
0000020A
0000020B
00000201
0000020C
0000020D
00000201
0000020E
00000201
0000020F
00000201
00000210
00000211
00000212
000001F0
000001F0
000001F0
000001F1
000001F2
000001F3
000001F4
000001F5
000001F6
000001F7
000001F8
000001F9
000001F0
000001F0
000001FA
000001FB
000001FC
000001FD
000001FE
000001F0
000001FF
00000200
000001F0
00000201
00000202
00000203
00000204
00000205
00000206
00000201
00000207
00000208
00000209
00000201
0000020A
0000020B
00000201
0000020C
0000020D
00000201
0000020E
00000201
0000020F
00000201
00000210
00000211
00000212
000001F0
000001F0
000001F0
000001F1
000001F2
000001F3
000001F4
000001F5
000001F6
000001F7
000001F8
000001F9
000001F0
000001F0
000001FA
000001FB
000001FC
000001FD
000001FE
000001F0
000001FF
00000200
000001F0
00000201
00000202
00000203
00000204
00000205
00000206
00000201
00000207
00000208
00000209
00000201
0000020A
0000020B
00000201
0000020C
0000020D
00000201
0000020E
00000201
0000020F
00000201
00000210
00000211
00000212
000001F0
000001F0
000001F0
000001F1
000001F2
000001F3
000001F4
000001F5
000001F6
000001F7
000001F8
000001F9
000001F0
000001F0
000001FA
000001FB
000001FC
000001FD
000001FE
000001F0
000001FF
00000200
000001F0
00000201
00000202
00000203
00000204
00000205
00000206
00000201
00000207
00000208
00000209
00000201
0000020A
0000020B
00000201
0000020C
0000020D
00000201
0000020E
00000201
0000020F
00000201
00000210
00000211
00000212
00000213
00000214
00000214
00000215
00000216
00000217
00000218
00000219
0000021A
00000213
0000021B
0000021C
00000213
00000213
0000021D
0000021E
0000021F
00000213
00000220
00000213
00000221
00000222
00000213
00000223
00000224
00000225
00000226
00000227
00000228
00000223
00000229
0000022A
0000022B
00000223
0000022C
0000022D
00000223
0000022E
0000022F
00000223
00000230
00000223
00000231
00000223
00000232
00000233
00000234
00000213
00000214
00000214
00000215
00000216
00000217
00000218
00000219
0000021A
00000213
0000021B
0000021C
00000213
00000213
0000021D
0000021E
0000021F
00000213
00000220
00000213
00000221
00000222
00000213
00000223
00000224
00000225
00000226
00000227
00000228
00000223
00000229
0000022A
0000022B
00000223
0000022C
0000022D
00000223
0000022E
0000022F
00000223
00000230
00000223
00000231
00000223
00000232
00000233
00000234
00000213
00000214
00000214
00000215
00000216
00000217
00000218
00000219
0000021A
00000213
0000021B
0000021C
00000213
00000213
0000021D
0000021E
0000021F
00000213
00000220
00000213
00000221
00000222
00000213
00000223
00000224
00000225
00000226
00000227
00000228
00000223
00000229
0000022A
0000022B
00000223
0000022C
0000022D
00000223
0000022E
0000022F
00000223
00000230
00000223
00000231
00000223
00000232
00000233
00000234
00000213
00000214
00000214
00000215
00000216
00000217
00000218
00000219
0000021A
00000213
0000021B
0000021C
00000213
00000213
0000021D
0000021E
0000021F
00000213
00000220
00000213
00000221
00000222
00000213
00000223
00000224
00000225
00000226
00000227
00000228
00000223
00000229
0000022A
0000022B
00000223
0000022C
0000022D
00000223
0000022E
0000022F
00000223
00000230
00000223
00000231
00000223
00000232
00000233
00000234
00000213
00000214
00000214
00000215
00000216
00000217
00000218
00000219
0000021A
00000213
0000021B
0000021C
00000213
00000213
0000021D
0000021E
0000021F
00000213
00000220
00000213
00000221
00000222
00000213
00000223
00000224
00000225
00000226
00000227
00000228
00000223
00000229
0000022A
0000022B
00000223
0000022C
0000022D
00000223
0000022E
0000022F
00000223
00000230
00000223
00000231
00000223
00000232
00000233
00000234
00000213
00000214
00000214
00000215
00000216
00000217
00000218
00000219
0000021A
00000213
0000021B
0000021C
00000213
00000213
0000021D
0000021E
0000021F
00000213
00000220
00000213
00000221
00000222
00000213
00000223
00000224
00000225
00000226
00000227
00000228
00000223
00000229
0000022A
0000022B
00000223
0000022C
0000022D
00000223
0000022E
0000022F
00000223
00000230
00000223
00000231
00000223
00000232
00000233
00000234
00000213
00000214
00000214
00000215
00000216
00000217
00000218
00000219
0000021A
00000213
0000021B
0000021C
00000213
00000213
0000021D
0000021E
0000021F
00000213
00000220
00000213
00000221
00000222
00000213
00000223
00000224
00000225
00000226
00000227
00000228
00000223
00000229
0000022A
0000022B
00000223
0000022C
0000022D
00000223
0000022E
0000022F
00000223
00000230
00000223
00000231
00000223
00000232
00000233
00000234
00000213
00000214
00000214
00000215
00000216
00000217
00000218
00000219
0000021A
00000213
0000021B
0000021C
00000213
00000213
0000021D
0000021E
0000021F
00000213
00000220
00000213
00000221
00000222
00000213
00000223
00000224
00000225
00000226
00000227
00000228
00000223
00000229
0000022A
0000022B
00000223
0000022C
0000022D
00000223
0000022E
0000022F
00000223
00000230
00000223
00000231
00000223
00000232
00000233
00000234
00000213
00000214
00000214
00000215
00000216
00000217
00000218
00000219
0000021A
00000213
0000021B
0000021C
00000213
00000213
0000021D
0000021E
0000021F
00000213
00000220
00000213
00000221
00000222
00000213
00000223
00000224
00000225
00000226
00000227
00000228
00000223
00000229
0000022A
0000022B
00000223
0000022C
0000022D
00000223
0000022E
0000022F
00000223
00000230
00000223
00000231
00000223
00000232
00000233
00000234
00000213
00000214
00000214
00000215
00000216
00000217
00000218
00000219
0000021A
00000213
0000021B
0000021C
00000213
00000213
0000021D
0000021E
0000021F
00000213
00000220
00000213
00000221
00000222
00000213
00000223
00000224
00000225
00000226
00000227
00000228
00000223
00000229
0000022A
0000022B
00000223
0000022C
0000022D
00000223
0000022E
0000022F
00000223
00000230
00000223
00000231
00000223
00000232
00000233
00000234
00000213
00000214
00000214
00000215
00000216
00000217
00000218
00000219
0000021A
00000213
0000021B
0000021C
00000213
00000213
0000021D
0000021E
0000021F
00000213
00000220
00000213
00000221
00000222
00000213
00000223
00000224
00000225
00000226
00000227
00000228
00000223
00000229
0000022A
0000022B
00000223
0000022C
0000022D
00000223
0000022E
0000022F
00000223
00000230
00000223
00000231
00000223
00000232
00000233
00000234
00000213
00000214
00000214
00000215
00000216
00000217
00000218
00000219
0000021A
00000213
0000021B
0000021C
00000213
00000213
0000021D
0000021E
0000021F
00000213
00000220
00000213
00000221
00000222
00000213
00000223
00000224
00000225
00000226
00000227
00000228
00000223
00000229
0000022A
0000022B
00000223
0000022C
0000022D
00000223
0000022E
0000022F
00000223
00000230
00000223
00000231
00000223
00000232
00000233
00000234
00000213
00000214
00000214
00000215
00000216
00000217
00000218
00000219
0000021A
00000213
0000021B
0000021C
00000213
00000213
0000021D
0000021E
0000021F
00000213
00000220
00000213
00000221
00000222
00000213
00000223
00000224
00000225
00000226
00000227
00000228
00000223
00000229
0000022A
0000022B
00000223
0000022C
0000022D
00000223
0000022E
0000022F
00000223
00000230
00000223
00000231
00000223
00000232
00000233
00000234
00000213
00000214
00000214
00000215
00000216
00000217
00000218
00000219
0000021A
00000213
0000021B
0000021C
00000213
00000213
0000021D
0000021E
0000021F
00000213
00000220
00000213
00000221
00000222
00000213
00000223
00000224
00000225
00000226
00000227
00000228
00000223
00000229
0000022A
0000022B
00000223
0000022C
0000022D
00000223
0000022E
0000022F
00000223
00000230
00000223
00000231
00000223
00000232
00000233
00000234
00000213
00000214
00000214
00000215
00000216
00000217
00000218
00000219
0000021A
00000213
0000021B
0000021C
00000213
00000213
0000021D
0000021E
0000021F
00000213
00000220
00000213
00000221
00000222
00000213
00000223
00000224
00000225
00000226
00000227
00000228
00000223
00000229
0000022A
0000022B
00000223
0000022C
0000022D
00000223
0000022E
0000022F
00000223
00000230
00000223
00000231
00000223
00000232
00000233
00000234
00000213
00000214
00000214
00000215
00000216
00000217
00000218
00000219
0000021A
00000213
0000021B
0000021C
00000213
00000213
0000021D
0000021E
0000021F
00000213
00000220
00000213
00000221
00000222
00000213
00000223
00000224
00000225
00000226
00000227
00000228
00000223
00000229
0000022A
0000022B
00000223
0000022C
0000022D
00000223
0000022E
0000022F
00000223
00000230
00000223
00000231
00000223
00000232
00000233
00000234
00000213
00000214
00000214
00000215
00000216
00000217
00000218
00000219
0000021A
00000213
0000021B
0000021C
00000213
00000213
0000021D
0000021E
0000021F
00000213
00000220
00000213
00000221
00000222
00000213
00000223
00000224
00000225
00000226
00000227
00000228
00000223
00000229
0000022A
0000022B
00000223
0000022C
0000022D
00000223
0000022E
0000022F
00000223
00000230
00000223
00000231
00000223
00000232
00000233
00000234
00000213
00000214
00000214
00000215
00000216
00000217
00000218
00000219
0000021A
00000213
0000021B
0000021C
00000213
00000213
0000021D
0000021E
0000021F
00000213
00000220
00000213
00000221
00000222
00000213
00000223
00000224
00000225
00000226
00000227
00000228
00000223
00000229
0000022A
0000022B
00000223
0000022C
0000022D
00000223
0000022E
0000022F
00000223
00000230
00000223
00000231
00000223
00000232
00000233
00000234
00000213
00000214
00000214
00000215
00000216
00000217
00000218
00000219
0000021A
00000213
0000021B
0000021C
00000213
00000213
0000021D
0000021E
0000021F
00000213
00000220
00000213
00000221
00000222
00000213
00000223
00000224
00000225
00000226
00000227
00000228
00000223
00000229
0000022A
0000022B
00000223
0000022C
0000022D
00000223
0000022E
0000022F
00000223
00000230
00000223
00000231
00000223
00000232
00000233
00000234
00000213
00000214
00000214
00000215
00000216
00000217
00000218
00000219
0000021A
00000213
0000021B
0000021C
00000213
00000213
0000021D
0000021E
0000021F
00000213
00000220
00000213
00000221
00000222
00000213
00000223
00000224
00000225
00000226
00000227
00000228
00000223
00000229
0000022A
0000022B
00000223
0000022C
0000022D
00000223
0000022E
0000022F
00000223
00000230
00000223
00000231
00000223
00000232
00000233
00000234
00000213
00000214
00000214
00000215
00000216
00000217
00000218
00000219
0000021A
00000213
0000021B
0000021C
00000213
00000213
0000021D
0000021E
0000021F
00000213
00000220
00000213
00000221
00000222
00000213
00000223
00000224
00000225
00000226
00000227
00000228
00000223
00000229
0000022A
0000022B
00000223
0000022C
0000022D
00000223
0000022E
0000022F
00000223
00000230
00000223
00000231
00000223
00000232
00000233
00000234
00000213
00000214
00000214
00000215
00000216
00000217
00000218
00000219
0000021A
00000213
0000021B
0000021C
00000213
00000213
0000021D
0000021E
0000021F
00000213
00000220
00000213
00000221
00000222
00000213
00000223
00000224
00000225
00000226
00000227
00000228
00000223
00000229
0000022A
0000022B
00000223
0000022C
0000022D
00000223
0000022E
0000022F
00000223
00000230
00000223
00000231
00000223
00000232
00000233
00000234
00000213
00000214
00000214
00000215
00000216
00000217
00000218
00000219
0000021A
00000213
0000021B
0000021C
00000213
00000213
0000021D
0000021E
0000021F
00000213
00000220
00000213
00000221
00000222
00000213
00000223
00000224
00000225
00000226
00000227
00000228
00000223
00000229
0000022A
0000022B
00000223
0000022C
0000022D
00000223
0000022E
0000022F
00000223
00000230
00000223
00000231
00000223
00000232
00000233
00000234
00000235
00000235
00000235
00000236
00000237
00000238
00000239
0000023A
0000023B
00000235
0000023C
0000023D
00000235
00000235
0000023E
0000023F
00000240
00000235
00000241
00000235
00000242
00000243
00000235
00000235
00000244
00000245
00000246
00000247
00000248
00000235
00000249
0000024A
0000024B
00000235
0000024C
0000024D
00000235
0000024E
0000024F
00000235
00000250
00000235
00000251
00000235
00000252
00000253
00000254
00000235
00000235
00000235
00000236
00000237
00000238
00000239
0000023A
0000023B
00000235
0000023C
0000023D
00000235
00000235
0000023E
0000023F
00000240
00000235
00000241
00000235
00000242
00000243
00000235
00000235
00000244
00000245
00000246
00000247
00000248
00000235
00000249
0000024A
0000024B
00000235
0000024C
0000024D
00000235
0000024E
0000024F
00000235
00000250
00000235
00000251
00000235
00000252
00000253
00000254
00000235
00000235
00000235
00000236
00000237
00000238
00000239
0000023A
0000023B
00000235
0000023C
0000023D
00000235
00000235
0000023E
0000023F
00000240
00000235
00000241
00000235
00000242
00000243
00000235
00000235
00000244
00000245
00000246
00000247
00000248
00000235
00000249
0000024A
0000024B
00000235
0000024C
0000024D
00000235
0000024E
0000024F
00000235
00000250
00000235
00000251
00000235
00000252
00000253
00000254
00000235
00000235
00000235
00000236
00000237
00000238
00000239
0000023A
0000023B
00000235
0000023C
0000023D
00000235
00000235
0000023E
0000023F
00000240
00000235
00000241
00000235
00000242
00000243
00000235
00000235
00000244
00000245
00000246
00000247
00000248
00000235
00000249
0000024A
0000024B
00000235
0000024C
0000024D
00000235
0000024E
0000024F
00000235
00000250
00000235
00000251
00000235
00000252
00000253
00000254
00000235
00000235
00000235
00000236
00000237
00000238
00000239
0000023A
0000023B
00000235
0000023C
0000023D
00000235
00000235
0000023E
0000023F
00000240
00000235
00000241
00000235
00000242
00000243
00000235
00000235
00000244
00000245
00000246
00000247
00000248
00000235
00000249
0000024A
0000024B
00000235
0000024C
0000024D
00000235
0000024E
0000024F
00000235
00000250
00000235
00000251
00000235
00000252
00000253
00000254
00000235
00000235
00000235
00000236
00000237
00000238
00000239
0000023A
0000023B
00000235
0000023C
0000023D
00000235
00000235
0000023E
0000023F
00000240
00000235
00000241
00000235
00000242
00000243
00000235
00000235
00000244
00000245
00000246
00000247
00000248
00000235
00000249
0000024A
0000024B
00000235
0000024C
0000024D
00000235
0000024E
0000024F
00000235
00000250
00000235
00000251
00000235
00000252
00000253
00000254
00000235
00000235
00000235
00000236
00000237
00000238
00000239
0000023A
0000023B
00000235
0000023C
0000023D
00000235
00000235
0000023E
0000023F
00000240
00000235
00000241
00000235
00000242
00000243
00000235
00000235
00000244
00000245
00000246
00000247
00000248
00000235
00000249
0000024A
0000024B
00000235
0000024C
0000024D
00000235
0000024E
0000024F
00000235
00000250
00000235
00000251
00000235
00000252
00000253
00000254
00000235
00000235
00000235
00000236
00000237
00000238
00000239
0000023A
0000023B
00000235
0000023C
0000023D
00000235
00000235
0000023E
0000023F
00000240
00000235
00000241
00000235
00000242
00000243
00000235
00000235
00000244
00000245
00000246
00000247
00000248
00000235
00000249
0000024A
0000024B
00000235
0000024C
0000024D
00000235
0000024E
0000024F
00000235
00000250
00000235
00000251
00000235
00000252
00000253
00000254
00000235
00000235
00000235
00000236
00000237
00000238
00000239
0000023A
0000023B
00000235
0000023C
0000023D
00000235
00000235
0000023E
0000023F
00000240
00000235
00000241
00000235
00000242
00000243
00000235
00000235
00000244
00000245
00000246
00000247
00000248
00000235
00000249
0000024A
0000024B
00000235
0000024C
0000024D
00000235
0000024E
0000024F
00000235
00000250
00000235
00000251
00000235
00000252
00000253
00000254
00000235
00000235
00000235
00000236
00000237
00000238
00000239
0000023A
0000023B
00000235
0000023C
0000023D
00000235
00000235
0000023E
0000023F
00000240
00000235
00000241
00000235
00000242
00000243
00000235
00000235
00000244
00000245
00000246
00000247
00000248
00000235
00000249
0000024A
0000024B
00000235
0000024C
0000024D
00000235
0000024E
0000024F
00000235
00000250
00000235
00000251
00000235
00000252
00000253
00000254
00000235
00000235
00000235
00000236
00000237
00000238
00000239
0000023A
0000023B
00000235
0000023C
0000023D
00000235
00000235
0000023E
0000023F
00000240
00000235
00000241
00000235
00000242
00000243
00000235
00000235
00000244
00000245
00000246
00000247
00000248
00000235
00000249
0000024A
0000024B
00000235
0000024C
0000024D
00000235
0000024E
0000024F
00000235
00000250
00000235
00000251
00000235
00000252
00000253
00000254
00000235
00000235
00000235
00000236
00000237
00000238
00000239
0000023A
0000023B
00000235
0000023C
0000023D
00000235
00000235
0000023E
0000023F
00000240
00000235
00000241
00000235
00000242
00000243
00000235
00000235
00000244
00000245
00000246
00000247
00000248
00000235
00000249
0000024A
0000024B
00000235
0000024C
0000024D
00000235
0000024E
0000024F
00000235
00000250
00000235
00000251
00000235
00000252
00000253
00000254
00000235
00000235
00000235
00000236
00000237
00000238
00000239
0000023A
0000023B
00000235
0000023C
0000023D
00000235
00000235
0000023E
0000023F
00000240
00000235
00000241
00000235
00000242
00000243
00000235
00000235
00000244
00000245
00000246
00000247
00000248
00000235
00000249
0000024A
0000024B
00000235
0000024C
0000024D
00000235
0000024E
0000024F
00000235
00000250
00000235
00000251
00000235
00000252
00000253
00000254
00000235
00000235
00000235
00000236
00000237
00000238
00000239
0000023A
0000023B
00000235
0000023C
0000023D
00000235
00000235
0000023E
0000023F
00000240
00000235
00000241
00000235
00000242
00000243
00000235
00000235
00000244
00000245
00000246
00000247
00000248
00000235
00000249
0000024A
0000024B
00000235
0000024C
0000024D
00000235
0000024E
0000024F
00000235
00000250
00000235
00000251
00000235
00000252
00000253
00000254
00000235
00000235
00000235
00000236
00000237
00000238
00000239
0000023A
0000023B
00000235
0000023C
0000023D
00000235
00000235
0000023E
0000023F
00000240
00000235
00000241
00000235
00000242
00000243
00000235
00000235
00000244
00000245
00000246
00000247
00000248
00000235
00000249
0000024A
0000024B
00000235
0000024C
0000024D
00000235
0000024E
0000024F
00000235
00000250
00000235
00000251
00000235
00000252
00000253
00000254
00000235
00000235
00000235
00000236
00000237
00000238
00000239
0000023A
0000023B
00000235
0000023C
0000023D
00000235
00000235
0000023E
0000023F
00000240
00000235
00000241
00000235
00000242
00000243
00000235
00000235
00000244
00000245
00000246
00000247
00000248
00000235
00000249
0000024A
0000024B
00000235
0000024C
0000024D
00000235
0000024E
0000024F
00000235
00000250
00000235
00000251
00000235
00000252
00000253
00000254
00000235
00000235
00000235
00000236
00000237
00000238
00000239
0000023A
0000023B
00000235
0000023C
0000023D
00000235
00000235
0000023E
0000023F
00000240
00000235
00000241
00000235
00000242
00000243
00000235
00000235
00000244
00000245
00000246
00000247
00000248
00000235
00000249
0000024A
0000024B
00000235
0000024C
0000024D
00000235
0000024E
0000024F
00000235
00000250
00000235
00000251
00000235
00000252
00000253
00000254
00000235
00000235
00000235
00000236
00000237
00000238
00000239
0000023A
0000023B
00000235
0000023C
0000023D
00000235
00000235
0000023E
0000023F
00000240
00000235
00000241
00000235
00000242
00000243
00000235
00000235
00000244
00000245
00000246
00000247
00000248
00000235
00000249
0000024A
0000024B
00000235
0000024C
0000024D
00000235
0000024E
0000024F
00000235
00000250
00000235
00000251
00000235
00000252
00000253
00000254
00000235
00000235
00000235
00000236
00000237
00000238
00000239
0000023A
0000023B
00000235
0000023C
0000023D
00000235
00000235
0000023E
0000023F
00000240
00000235
00000241
00000235
00000242
00000243
00000235
00000235
00000244
00000245
00000246
00000247
00000248
00000235
00000249
0000024A
0000024B
00000235
0000024C
0000024D
00000235
0000024E
0000024F
00000235
00000250
00000235
00000251
00000235
00000252
00000253
00000254
00000235
00000235
00000235
00000236
00000237
00000238
00000239
0000023A
0000023B
00000235
0000023C
0000023D
00000235
00000235
0000023E
0000023F
00000240
00000235
00000241
00000235
00000242
00000243
00000235
00000235
00000244
00000245
00000246
00000247
00000248
00000235
00000249
0000024A
0000024B
00000235
0000024C
0000024D
00000235
0000024E
0000024F
00000235
00000250
00000235
00000251
00000235
00000252
00000253
00000254
00000235
00000235
00000235
00000236
00000237
00000238
00000239
0000023A
0000023B
00000235
0000023C
0000023D
00000235
00000235
0000023E
0000023F
00000240
00000235
00000241
00000235
00000242
00000243
00000235
00000235
00000244
00000245
00000246
00000247
00000248
00000235
00000249
0000024A
0000024B
00000235
0000024C
0000024D
00000235
0000024E
0000024F
00000235
00000250
00000235
00000251
00000235
00000252
00000253
00000254
00000235
00000235
00000235
00000236
00000237
00000238
00000239
0000023A
0000023B
00000235
0000023C
0000023D
00000235
00000235
0000023E
0000023F
00000240
00000235
00000241
00000235
00000242
00000243
00000235
00000235
00000244
00000245
00000246
00000247
00000248
00000235
00000249
0000024A
0000024B
00000235
0000024C
0000024D
00000235
0000024E
0000024F
00000235
00000250
00000235
00000251
00000235
00000252
00000253
00000254
00000235
00000235
00000235
00000236
00000237
00000238
00000239
0000023A
0000023B
00000235
0000023C
0000023D
00000235
00000235
0000023E
0000023F
00000240
00000235
00000241
00000235
00000242
00000243
00000235
00000235
00000244
00000245
00000246
00000247
00000248
00000235
00000249
0000024A
0000024B
00000235
0000024C
0000024D
00000235
0000024E
0000024F
00000235
00000250
00000235
00000251
00000235
00000252
00000253
00000254
00000255
00000255
00000255
00000256
00000257
00000258
00000259
0000025A
0000025B
0000025C
0000025D
0000025E
00000255
00000255
0000025F
00000260
00000261
00000255
00000262
00000255
00000263
00000264
00000255
00000265
00000266
00000267
00000268
00000269
0000026A
00000265
0000026B
0000026C
0000026D
00000265
0000026E
0000026F
00000265
00000270
00000271
00000265
00000272
00000265
00000273
00000265
00000274
00000275
00000276
00000255
00000255
00000255
00000256
00000257
00000258
00000259
0000025A
0000025B
0000025C
0000025D
0000025E
00000255
00000255
0000025F
00000260
00000261
00000255
00000262
00000255
00000263
00000264
00000255
00000265
00000266
00000267
00000268
00000269
0000026A
00000265
0000026B
0000026C
0000026D
00000265
0000026E
0000026F
00000265
00000270
00000271
00000265
00000272
00000265
00000273
00000265
00000274
00000275
00000276
00000255
00000255
00000255
00000256
00000257
00000258
00000259
0000025A
0000025B
0000025C
0000025D
0000025E
00000255
00000255
0000025F
00000260
00000261
00000255
00000262
00000255
00000263
00000264
00000255
00000265
00000266
00000267
00000268
00000269
0000026A
00000265
0000026B
0000026C
0000026D
00000265
0000026E
0000026F
00000265
00000270
00000271
00000265
00000272
00000265
00000273
00000265
00000274
00000275
00000276
00000255
00000255
00000255
00000256
00000257
00000258
00000259
0000025A
0000025B
0000025C
0000025D
0000025E
00000255
00000255
0000025F
00000260
00000261
00000255
00000262
00000255
00000263
00000264
00000255
00000265
00000266
00000267
00000268
00000269
0000026A
00000265
0000026B
0000026C
0000026D
00000265
0000026E
0000026F
00000265
00000270
00000271
00000265
00000272
00000265
00000273
00000265
00000274
00000275
00000276
00000255
00000255
00000255
00000256
00000257
00000258
00000259
0000025A
0000025B
0000025C
0000025D
0000025E
00000255
00000255
0000025F
00000260
00000261
00000255
00000262
00000255
00000263
00000264
00000255
00000265
00000266
00000267
00000268
00000269
0000026A
00000265
0000026B
0000026C
0000026D
00000265
0000026E
0000026F
00000265
00000270
00000271
00000265
00000272
00000265
00000273
00000265
00000274
00000275
00000276
00000255
00000255
00000255
00000256
00000257
00000258
00000259
0000025A
0000025B
0000025C
0000025D
0000025E
00000255
00000255
0000025F
00000260
00000261
00000255
00000262
00000255
00000263
00000264
00000255
00000265
00000266
00000267
00000268
00000269
0000026A
00000265
0000026B
0000026C
0000026D
00000265
0000026E
0000026F
00000265
00000270
00000271
00000265
00000272
00000265
00000273
00000265
00000274
00000275
00000276
00000255
00000255
00000255
00000256
00000257
00000258
00000259
0000025A
0000025B
0000025C
0000025D
0000025E
00000255
00000255
0000025F
00000260
00000261
00000255
00000262
00000255
00000263
00000264
00000255
00000265
00000266
00000267
00000268
00000269
0000026A
00000265
0000026B
0000026C
0000026D
00000265
0000026E
0000026F
00000265
00000270
00000271
00000265
00000272
00000265
00000273
00000265
00000274
00000275
00000276
00000255
00000255
00000255
00000256
00000257
00000258
00000259
0000025A
0000025B
0000025C
0000025D
0000025E
00000255
00000255
0000025F
00000260
00000261
00000255
00000262
00000255
00000263
00000264
00000255
00000265
00000266
00000267
00000268
00000269
0000026A
00000265
0000026B
0000026C
0000026D
00000265
0000026E
0000026F
00000265
00000270
00000271
00000265
00000272
00000265
00000273
00000265
00000274
00000275
00000276
00000255
00000255
00000255
00000256
00000257
00000258
00000259
0000025A
0000025B
0000025C
0000025D
0000025E
00000255
00000255
0000025F
00000260
00000261
00000255
00000262
00000255
00000263
00000264
00000255
00000265
00000266
00000267
00000268
00000269
0000026A
00000265
0000026B
0000026C
0000026D
00000265
0000026E
0000026F
00000265
00000270
00000271
00000265
00000272
00000265
00000273
00000265
00000274
00000275
00000276
00000255
00000255
00000255
00000256
00000257
00000258
00000259
0000025A
0000025B
0000025C
0000025D
0000025E
00000255
00000255
0000025F
00000260
00000261
00000255
00000262
00000255
00000263
00000264
00000255
00000265
00000266
00000267
00000268
00000269
0000026A
00000265
0000026B
0000026C
0000026D
00000265
0000026E
0000026F
00000265
00000270
00000271
00000265
00000272
00000265
00000273
00000265
00000274
00000275
00000276
00000255
00000255
00000255
00000256
00000257
00000258
00000259
0000025A
0000025B
0000025C
0000025D
0000025E
00000255
00000255
0000025F
00000260
00000261
00000255
00000262
00000255
00000263
00000264
00000255
00000265
00000266
00000267
00000268
00000269
0000026A
00000265
0000026B
0000026C
0000026D
00000265
0000026E
0000026F
00000265
00000270
00000271
00000265
00000272
00000265
00000273
00000265
00000274
00000275
00000276
00000255
00000255
00000255
00000256
00000257
00000258
00000259
0000025A
0000025B
0000025C
0000025D
0000025E
00000255
00000255
0000025F
00000260
00000261
00000255
00000262
00000255
00000263
00000264
00000255
00000265
00000266
00000267
00000268
00000269
0000026A
00000265
0000026B
0000026C
0000026D
00000265
0000026E
0000026F
00000265
00000270
00000271
00000265
00000272
00000265
00000273
00000265
00000274
00000275
00000276
00000255
00000255
00000255
00000256
00000257
00000258
00000259
0000025A
0000025B
0000025C
0000025D
0000025E
00000255
00000255
0000025F
00000260
00000261
00000255
00000262
00000255
00000263
00000264
00000255
00000265
00000266
00000267
00000268
00000269
0000026A
00000265
0000026B
0000026C
0000026D
00000265
0000026E
0000026F
00000265
00000270
00000271
00000265
00000272
00000265
00000273
00000265
00000274
00000275
00000276
00000255
00000255
00000255
00000256
00000257
00000258
00000259
0000025A
0000025B
0000025C
0000025D
0000025E
00000255
00000255
0000025F
00000260
00000261
00000255
00000262
00000255
00000263
00000264
00000255
00000265
00000266
00000267
00000268
00000269
0000026A
00000265
0000026B
0000026C
0000026D
00000265
0000026E
0000026F
00000265
00000270
00000271
00000265
00000272
00000265
00000273
00000265
00000274
00000275
00000276
00000255
00000255
00000255
00000256
00000257
00000258
00000259
0000025A
0000025B
0000025C
0000025D
0000025E
00000255
00000255
0000025F
00000260
00000261
00000255
00000262
00000255
00000263
00000264
00000255
00000265
00000266
00000267
00000268
00000269
0000026A
00000265
0000026B
0000026C
0000026D
00000265
0000026E
0000026F
00000265
00000270
00000271
00000265
00000272
00000265
00000273
00000265
00000274
00000275
00000276
00000255
00000255
00000255
00000256
00000257
00000258
00000259
0000025A
0000025B
0000025C
0000025D
0000025E
00000255
00000255
0000025F
00000260
00000261
00000255
00000262
00000255
00000263
00000264
00000255
00000265
00000266
00000267
00000268
00000269
0000026A
00000265
0000026B
0000026C
0000026D
00000265
0000026E
0000026F
00000265
00000270
00000271
00000265
00000272
00000265
00000273
00000265
00000274
00000275
00000276
00000255
00000255
00000255
00000256
00000257
00000258
00000259
0000025A
0000025B
0000025C
0000025D
0000025E
00000255
00000255
0000025F
00000260
00000261
00000255
00000262
00000255
00000263
00000264
00000255
00000265
00000266
00000267
00000268
00000269
0000026A
00000265
0000026B
0000026C
0000026D
00000265
0000026E
0000026F
00000265
00000270
00000271
00000265
00000272
00000265
00000273
00000265
00000274
00000275
00000276
00000255
00000255
00000255
00000256
00000257
00000258
00000259
0000025A
0000025B
0000025C
0000025D
0000025E
00000255
00000255
0000025F
00000260
00000261
00000255
00000262
00000255
00000263
00000264
00000255
00000265
00000266
00000267
00000268
00000269
0000026A
00000265
0000026B
0000026C
0000026D
00000265
0000026E
0000026F
00000265
00000270
00000271
00000265
00000272
00000265
00000273
00000265
00000274
00000275
00000276
00000255
00000255
00000255
00000256
00000257
00000258
00000259
0000025A
0000025B
0000025C
0000025D
0000025E
00000255
00000255
0000025F
00000260
00000261
00000255
00000262
00000255
00000263
00000264
00000255
00000265
00000266
00000267
00000268
00000269
0000026A
00000265
0000026B
0000026C
0000026D
00000265
0000026E
0000026F
00000265
00000270
00000271
00000265
00000272
00000265
00000273
00000265
00000274
00000275
00000276
00000255
00000255
00000255
00000256
00000257
00000258
00000259
0000025A
0000025B
0000025C
0000025D
0000025E
00000255
00000255
0000025F
00000260
00000261
00000255
00000262
00000255
00000263
00000264
00000255
00000265
00000266
00000267
00000268
00000269
0000026A
00000265
0000026B
0000026C
0000026D
00000265
0000026E
0000026F
00000265
00000270
00000271
00000265
00000272
00000265
00000273
00000265
00000274
00000275
00000276
00000255
00000255
00000255
00000256
00000257
00000258
00000259
0000025A
0000025B
0000025C
0000025D
0000025E
00000255
00000255
0000025F
00000260
00000261
00000255
00000262
00000255
00000263
00000264
00000255
00000265
00000266
00000267
00000268
00000269
0000026A
00000265
0000026B
0000026C
0000026D
00000265
0000026E
0000026F
00000265
00000270
00000271
00000265
00000272
00000265
00000273
00000265
00000274
00000275
00000276
00000255
00000255
00000255
00000256
00000257
00000258
00000259
0000025A
0000025B
0000025C
0000025D
0000025E
00000255
00000255
0000025F
00000260
00000261
00000255
00000262
00000255
00000263
00000264
00000255
00000265
00000266
00000267
00000268
00000269
0000026A
00000265
0000026B
0000026C
0000026D
00000265
0000026E
0000026F
00000265
00000270
00000271
00000265
00000272
00000265
00000273
00000265
00000274
00000275
00000276
00000255
00000255
00000255
00000256
00000257
00000258
00000259
0000025A
0000025B
0000025C
0000025D
0000025E
00000255
00000255
0000025F
00000260
00000261
00000255
00000262
00000255
00000263
00000264
00000255
00000265
00000266
00000267
00000268
00000269
0000026A
00000265
0000026B
0000026C
0000026D
00000265
0000026E
0000026F
00000265
00000270
00000271
00000265
00000272
00000265
00000273
00000265
00000274
00000275
00000276
00000277
00000277
00000277
00000278
00000279
0000027A
0000027B
0000027C
0000027D
00000277
0000027E
0000027F
00000277
00000277
00000280
00000281
00000282
00000277
00000283
00000277
00000284
00000285
00000277
00000286
00000287
00000288
00000289
0000028A
0000028B
00000286
0000028C
0000028D
0000028E
00000286
0000028F
00000290
00000286
00000291
00000292
00000286
00000293
00000286
00000294
00000286
00000295
00000296
00000297
00000277
00000277
00000277
00000278
00000279
0000027A
0000027B
0000027C
0000027D
00000277
0000027E
0000027F
00000277
00000277
00000280
00000281
00000282
00000277
00000283
00000277
00000284
00000285
00000277
00000286
00000287
00000288
00000289
0000028A
0000028B
00000286
0000028C
0000028D
0000028E
00000286
0000028F
00000290
00000286
00000291
00000292
00000286
00000293
00000286
00000294
00000286
00000295
00000296
00000297
00000277
00000277
00000277
00000278
00000279
0000027A
0000027B
0000027C
0000027D
00000277
0000027E
0000027F
00000277
00000277
00000280
00000281
00000282
00000277
00000283
00000277
00000284
00000285
00000277
00000286
00000287
00000288
00000289
0000028A
0000028B
00000286
0000028C
0000028D
0000028E
00000286
0000028F
00000290
00000286
00000291
00000292
00000286
00000293
00000286
00000294
00000286
00000295
00000296
00000297
00000277
00000277
00000277
00000278
00000279
0000027A
0000027B
0000027C
0000027D
00000277
0000027E
0000027F
00000277
00000277
00000280
00000281
00000282
00000277
00000283
00000277
00000284
00000285
00000277
00000286
00000287
00000288
00000289
0000028A
0000028B
00000286
0000028C
0000028D
0000028E
00000286
0000028F
00000290
00000286
00000291
00000292
00000286
00000293
00000286
00000294
00000286
00000295
00000296
00000297
00000277
00000277
00000277
00000278
00000279
0000027A
0000027B
0000027C
0000027D
00000277
0000027E
0000027F
00000277
00000277
00000280
00000281
00000282
00000277
00000283
00000277
00000284
00000285
00000277
00000286
00000287
00000288
00000289
0000028A
0000028B
00000286
0000028C
0000028D
0000028E
00000286
0000028F
00000290
00000286
00000291
00000292
00000286
00000293
00000286
00000294
00000286
00000295
00000296
00000297
00000277
00000277
00000277
00000278
00000279
0000027A
0000027B
0000027C
0000027D
00000277
0000027E
0000027F
00000277
00000277
00000280
00000281
00000282
00000277
00000283
00000277
00000284
00000285
00000277
00000286
00000287
00000288
00000289
0000028A
0000028B
00000286
0000028C
0000028D
0000028E
00000286
0000028F
00000290
00000286
00000291
00000292
00000286
00000293
00000286
00000294
00000286
00000295
00000296
00000297
00000277
00000277
00000277
00000278
00000279
0000027A
0000027B
0000027C
0000027D
00000277
0000027E
0000027F
00000277
00000277
00000280
00000281
00000282
00000277
00000283
00000277
00000284
00000285
00000277
00000286
00000287
00000288
00000289
0000028A
0000028B
00000286
0000028C
0000028D
0000028E
00000286
0000028F
00000290
00000286
00000291
00000292
00000286
00000293
00000286
00000294
00000286
00000295
00000296
00000297
00000277
00000277
00000277
00000278
00000279
0000027A
0000027B
0000027C
0000027D
00000277
0000027E
0000027F
00000277
00000277
00000280
00000281
00000282
00000277
00000283
00000277
00000284
00000285
00000277
00000286
00000287
00000288
00000289
0000028A
0000028B
00000286
0000028C
0000028D
0000028E
00000286
0000028F
00000290
00000286
00000291
00000292
00000286
00000293
00000286
00000294
00000286
00000295
00000296
00000297
00000277
00000277
00000277
00000278
00000279
0000027A
0000027B
0000027C
0000027D
00000277
0000027E
0000027F
00000277
00000277
00000280
00000281
00000282
00000277
00000283
00000277
00000284
00000285
00000277
00000286
00000287
00000288
00000289
0000028A
0000028B
00000286
0000028C
0000028D
0000028E
00000286
0000028F
00000290
00000286
00000291
00000292
00000286
00000293
00000286
00000294
00000286
00000295
00000296
00000297
00000277
00000277
00000277
00000278
00000279
0000027A
0000027B
0000027C
0000027D
00000277
0000027E
0000027F
00000277
00000277
00000280
00000281
00000282
00000277
00000283
00000277
00000284
00000285
00000277
00000286
00000287
00000288
00000289
0000028A
0000028B
00000286
0000028C
0000028D
0000028E
00000286
0000028F
00000290
00000286
00000291
00000292
00000286
00000293
00000286
00000294
00000286
00000295
00000296
00000297
00000277
00000277
00000277
00000278
00000279
0000027A
0000027B
0000027C
0000027D
00000277
0000027E
0000027F
00000277
00000277
00000280
00000281
00000282
00000277
00000283
00000277
00000284
00000285
00000277
00000286
00000287
00000288
00000289
0000028A
0000028B
00000286
0000028C
0000028D
0000028E
00000286
0000028F
00000290
00000286
00000291
00000292
00000286
00000293
00000286
00000294
00000286
00000295
00000296
00000297
00000277
00000277
00000277
00000278
00000279
0000027A
0000027B
0000027C
0000027D
00000277
0000027E
0000027F
00000277
00000277
00000280
00000281
00000282
00000277
00000283
00000277
00000284
00000285
00000277
00000286
00000287
00000288
00000289
0000028A
0000028B
00000286
0000028C
0000028D
0000028E
00000286
0000028F
00000290
00000286
00000291
00000292
00000286
00000293
00000286
00000294
00000286
00000295
00000296
00000297
00000277
00000277
00000277
00000278
00000279
0000027A
0000027B
0000027C
0000027D
00000277
0000027E
0000027F
00000277
00000277
00000280
00000281
00000282
00000277
00000283
00000277
00000284
00000285
00000277
00000286
00000287
00000288
00000289
0000028A
0000028B
00000286
0000028C
0000028D
0000028E
00000286
0000028F
00000290
00000286
00000291
00000292
00000286
00000293
00000286
00000294
00000286
00000295
00000296
00000297
00000277
00000277
00000277
00000278
00000279
0000027A
0000027B
0000027C
0000027D
00000277
0000027E
0000027F
00000277
00000277
00000280
00000281
00000282
00000277
00000283
00000277
00000284
00000285
00000277
00000286
00000287
00000288
00000289
0000028A
0000028B
00000286
0000028C
0000028D
0000028E
00000286
0000028F
00000290
00000286
00000291
00000292
00000286
00000293
00000286
00000294
00000286
00000295
00000296
00000297
00000277
00000277
00000277
00000278
00000279
0000027A
0000027B
0000027C
0000027D
00000277
0000027E
0000027F
00000277
00000277
00000280
00000281
00000282
00000277
00000283
00000277
00000284
00000285
00000277
00000286
00000287
00000288
00000289
0000028A
0000028B
00000286
0000028C
0000028D
0000028E
00000286
0000028F
00000290
00000286
00000291
00000292
00000286
00000293
00000286
00000294
00000286
00000295
00000296
00000297
00000277
00000277
00000277
00000278
00000279
0000027A
0000027B
0000027C
0000027D
00000277
0000027E
0000027F
00000277
00000277
00000280
00000281
00000282
00000277
00000283
00000277
00000284
00000285
00000277
00000286
00000287
00000288
00000289
0000028A
0000028B
00000286
0000028C
0000028D
0000028E
00000286
0000028F
00000290
00000286
00000291
00000292
00000286
00000293
00000286
00000294
00000286
00000295
00000296
00000297
00000277
00000277
00000277
00000278
00000279
0000027A
0000027B
0000027C
0000027D
00000277
0000027E
0000027F
00000277
00000277
00000280
00000281
00000282
00000277
00000283
00000277
00000284
00000285
00000277
00000286
00000287
00000288
00000289
0000028A
0000028B
00000286
0000028C
0000028D
0000028E
00000286
0000028F
00000290
00000286
00000291
00000292
00000286
00000293
00000286
00000294
00000286
00000295
00000296
00000297
00000277
00000277
00000277
00000278
00000279
0000027A
0000027B
0000027C
0000027D
00000277
0000027E
0000027F
00000277
00000277
00000280
00000281
00000282
00000277
00000283
00000277
00000284
00000285
00000277
00000286
00000287
00000288
00000289
0000028A
0000028B
00000286
0000028C
0000028D
0000028E
00000286
0000028F
00000290
00000286
00000291
00000292
00000286
00000293
00000286
00000294
00000286
00000295
00000296
00000297
00000277
00000277
00000277
00000278
00000279
0000027A
0000027B
0000027C
0000027D
00000277
0000027E
0000027F
00000277
00000277
00000280
00000281
00000282
00000277
00000283
00000277
00000284
00000285
00000277
00000286
00000287
00000288
00000289
0000028A
0000028B
00000286
0000028C
0000028D
0000028E
00000286
0000028F
00000290
00000286
00000291
00000292
00000286
00000293
00000286
00000294
00000286
00000295
00000296
00000297
00000277
00000277
00000277
00000278
00000279
0000027A
0000027B
0000027C
0000027D
00000277
0000027E
0000027F
00000277
00000277
00000280
00000281
00000282
00000277
00000283
00000277
00000284
00000285
00000277
00000286
00000287
00000288
00000289
0000028A
0000028B
00000286
0000028C
0000028D
0000028E
00000286
0000028F
00000290
00000286
00000291
00000292
00000286
00000293
00000286
00000294
00000286
00000295
00000296
00000297
00000277
00000277
00000277
00000278
00000279
0000027A
0000027B
0000027C
0000027D
00000277
0000027E
0000027F
00000277
00000277
00000280
00000281
00000282
00000277
00000283
00000277
00000284
00000285
00000277
00000286
00000287
00000288
00000289
0000028A
0000028B
00000286
0000028C
0000028D
0000028E
00000286
0000028F
00000290
00000286
00000291
00000292
00000286
00000293
00000286
00000294
00000286
00000295
00000296
00000297
00000277
00000277
00000277
00000278
00000279
0000027A
0000027B
0000027C
0000027D
00000277
0000027E
0000027F
00000277
00000277
00000280
00000281
00000282
00000277
00000283
00000277
00000284
00000285
00000277
00000286
00000287
00000288
00000289
0000028A
0000028B
00000286
0000028C
0000028D
0000028E
00000286
0000028F
00000290
00000286
00000291
00000292
00000286
00000293
00000286
00000294
00000286
00000295
00000296
00000297
00000277
00000277
00000277
00000278
00000279
0000027A
0000027B
0000027C
0000027D
00000277
0000027E
0000027F
00000277
00000277
00000280
00000281
00000282
00000277
00000283
00000277
00000284
00000285
00000277
00000286
00000287
00000288
00000289
0000028A
0000028B
00000286
0000028C
0000028D
0000028E
00000286
0000028F
00000290
00000286
00000291
00000292
00000286
00000293
00000286
00000294
00000286
00000295
00000296
00000297
00000298
00000298
00000298
00000299
0000029A
0000029B
0000029C
0000029D
0000029E
00000298
0000029F
000002A0
00000298
00000298
000002A1
000002A2
000002A3
00000298
000002A4
00000298
000002A5
000002A6
00000298
00000298
000002A7
000002A8
000002A9
000002AA
000002AB
00000298
000002AC
000002AD
000002AE
00000298
000002AF
000002B0
00000298
000002B1
000002B2
00000298
000002B3
00000298
000002B4
00000298
000002B5
000002B6
000002B7
00000298
00000298
00000298
00000299
0000029A
0000029B
0000029C
0000029D
0000029E
00000298
0000029F
000002A0
00000298
00000298
000002A1
000002A2
000002A3
00000298
000002A4
00000298
000002A5
000002A6
00000298
00000298
000002A7
000002A8
000002A9
000002AA
000002AB
00000298
000002AC
000002AD
000002AE
00000298
000002AF
000002B0
00000298
000002B1
000002B2
00000298
000002B3
00000298
000002B4
00000298
000002B5
000002B6
000002B7
00000298
00000298
00000298
00000299
0000029A
0000029B
0000029C
0000029D
0000029E
00000298
0000029F
000002A0
00000298
00000298
000002A1
000002A2
000002A3
00000298
000002A4
00000298
000002A5
000002A6
00000298
00000298
000002A7
000002A8
000002A9
000002AA
000002AB
00000298
000002AC
000002AD
000002AE
00000298
000002AF
000002B0
00000298
000002B1
000002B2
00000298
000002B3
00000298
000002B4
00000298
000002B5
000002B6
000002B7
00000298
00000298
00000298
00000299
0000029A
0000029B
0000029C
0000029D
0000029E
00000298
0000029F
000002A0
00000298
00000298
000002A1
000002A2
000002A3
00000298
000002A4
00000298
000002A5
000002A6
00000298
00000298
000002A7
000002A8
000002A9
000002AA
000002AB
00000298
000002AC
000002AD
000002AE
00000298
000002AF
000002B0
00000298
000002B1
000002B2
00000298
000002B3
00000298
000002B4
00000298
000002B5
000002B6
000002B7
00000298
00000298
00000298
00000299
0000029A
0000029B
0000029C
0000029D
0000029E
00000298
0000029F
000002A0
00000298
00000298
000002A1
000002A2
000002A3
00000298
000002A4
00000298
000002A5
000002A6
00000298
00000298
000002A7
000002A8
000002A9
000002AA
000002AB
00000298
000002AC
000002AD
000002AE
00000298
000002AF
000002B0
00000298
000002B1
000002B2
00000298
000002B3
00000298
000002B4
00000298
000002B5
000002B6
000002B7
00000298
00000298
00000298
00000299
0000029A
0000029B
0000029C
0000029D
0000029E
00000298
0000029F
000002A0
00000298
00000298
000002A1
000002A2
000002A3
00000298
000002A4
00000298
000002A5
000002A6
00000298
00000298
000002A7
000002A8
000002A9
000002AA
000002AB
00000298
000002AC
000002AD
000002AE
00000298
000002AF
000002B0
00000298
000002B1
000002B2
00000298
000002B3
00000298
000002B4
00000298
000002B5
000002B6
000002B7
00000298
00000298
00000298
00000299
0000029A
0000029B
0000029C
0000029D
0000029E
00000298
0000029F
000002A0
00000298
00000298
000002A1
000002A2
000002A3
00000298
000002A4
00000298
000002A5
000002A6
00000298
00000298
000002A7
000002A8
000002A9
000002AA
000002AB
00000298
000002AC
000002AD
000002AE
00000298
000002AF
000002B0
00000298
000002B1
000002B2
00000298
000002B3
00000298
000002B4
00000298
000002B5
000002B6
000002B7
00000298
00000298
00000298
00000299
0000029A
0000029B
0000029C
0000029D
0000029E
00000298
0000029F
000002A0
00000298
00000298
000002A1
000002A2
000002A3
00000298
000002A4
00000298
000002A5
000002A6
00000298
00000298
000002A7
000002A8
000002A9
000002AA
000002AB
00000298
000002AC
000002AD
000002AE
00000298
000002AF
000002B0
00000298
000002B1
000002B2
00000298
000002B3
00000298
000002B4
00000298
000002B5
000002B6
000002B7
00000298
00000298
00000298
00000299
0000029A
0000029B
0000029C
0000029D
0000029E
00000298
0000029F
000002A0
00000298
00000298
000002A1
000002A2
000002A3
00000298
000002A4
00000298
000002A5
000002A6
00000298
00000298
000002A7
000002A8
000002A9
000002AA
000002AB
00000298
000002AC
000002AD
000002AE
00000298
000002AF
000002B0
00000298
000002B1
000002B2
00000298
000002B3
00000298
000002B4
00000298
000002B5
000002B6
000002B7
00000298
00000298
00000298
00000299
0000029A
0000029B
0000029C
0000029D
0000029E
00000298
0000029F
000002A0
00000298
00000298
000002A1
000002A2
000002A3
00000298
000002A4
00000298
000002A5
000002A6
00000298
00000298
000002A7
000002A8
000002A9
000002AA
000002AB
00000298
000002AC
000002AD
000002AE
00000298
000002AF
000002B0
00000298
000002B1
000002B2
00000298
000002B3
00000298
000002B4
00000298
000002B5
000002B6
000002B7
00000298
00000298
00000298
00000299
0000029A
0000029B
0000029C
0000029D
0000029E
00000298
0000029F
000002A0
00000298
00000298
000002A1
000002A2
000002A3
00000298
000002A4
00000298
000002A5
000002A6
00000298
00000298
000002A7
000002A8
000002A9
000002AA
000002AB
00000298
000002AC
000002AD
000002AE
00000298
000002AF
000002B0
00000298
000002B1
000002B2
00000298
000002B3
00000298
000002B4
00000298
000002B5
000002B6
000002B7
00000298
00000298
00000298
00000299
0000029A
0000029B
0000029C
0000029D
0000029E
00000298
0000029F
000002A0
00000298
00000298
000002A1
000002A2
000002A3
00000298
000002A4
00000298
000002A5
000002A6
00000298
00000298
000002A7
000002A8
000002A9
000002AA
000002AB
00000298
000002AC
000002AD
000002AE
00000298
000002AF
000002B0
00000298
000002B1
000002B2
00000298
000002B3
00000298
000002B4
00000298
000002B5
000002B6
000002B7
00000298
00000298
00000298
00000299
0000029A
0000029B
0000029C
0000029D
0000029E
00000298
0000029F
000002A0
00000298
00000298
000002A1
000002A2
000002A3
00000298
000002A4
00000298
000002A5
000002A6
00000298
00000298
000002A7
000002A8
000002A9
000002AA
000002AB
00000298
000002AC
000002AD
000002AE
00000298
000002AF
000002B0
00000298
000002B1
000002B2
00000298
000002B3
00000298
000002B4
00000298
000002B5
000002B6
000002B7
00000298
00000298
00000298
00000299
0000029A
0000029B
0000029C
0000029D
0000029E
00000298
0000029F
000002A0
00000298
00000298
000002A1
000002A2
000002A3
00000298
000002A4
00000298
000002A5
000002A6
00000298
00000298
000002A7
000002A8
000002A9
000002AA
000002AB
00000298
000002AC
000002AD
000002AE
00000298
000002AF
000002B0
00000298
000002B1
000002B2
00000298
000002B3
00000298
000002B4
00000298
000002B5
000002B6
000002B7
00000298
00000298
00000298
00000299
0000029A
0000029B
0000029C
0000029D
0000029E
00000298
0000029F
000002A0
00000298
00000298
000002A1
000002A2
000002A3
00000298
000002A4
00000298
000002A5
000002A6
00000298
00000298
000002A7
000002A8
000002A9
000002AA
000002AB
00000298
000002AC
000002AD
000002AE
00000298
000002AF
000002B0
00000298
000002B1
000002B2
00000298
000002B3
00000298
000002B4
00000298
000002B5
000002B6
000002B7
00000298
00000298
00000298
00000299
0000029A
0000029B
0000029C
0000029D
0000029E
00000298
0000029F
000002A0
00000298
00000298
000002A1
000002A2
000002A3
00000298
000002A4
00000298
000002A5
000002A6
00000298
00000298
000002A7
000002A8
000002A9
000002AA
000002AB
00000298
000002AC
000002AD
000002AE
00000298
000002AF
000002B0
00000298
000002B1
000002B2
00000298
000002B3
00000298
000002B4
00000298
000002B5
000002B6
000002B7
00000298
00000298
00000298
00000299
0000029A
0000029B
0000029C
0000029D
0000029E
00000298
0000029F
000002A0
00000298
00000298
000002A1
000002A2
000002A3
00000298
000002A4
00000298
000002A5
000002A6
00000298
00000298
000002A7
000002A8
000002A9
000002AA
000002AB
00000298
000002AC
000002AD
000002AE
00000298
000002AF
000002B0
00000298
000002B1
000002B2
00000298
000002B3
00000298
000002B4
00000298
000002B5
000002B6
000002B7
00000298
00000298
00000298
00000299
0000029A
0000029B
0000029C
0000029D
0000029E
00000298
0000029F
000002A0
00000298
00000298
000002A1
000002A2
000002A3
00000298
000002A4
00000298
000002A5
000002A6
00000298
00000298
000002A7
000002A8
000002A9
000002AA
000002AB
00000298
000002AC
000002AD
000002AE
00000298
000002AF
000002B0
00000298
000002B1
000002B2
00000298
000002B3
00000298
000002B4
00000298
000002B5
000002B6
000002B7
00000298
00000298
00000298
00000299
0000029A
0000029B
0000029C
0000029D
0000029E
00000298
0000029F
000002A0
00000298
00000298
000002A1
000002A2
000002A3
00000298
000002A4
00000298
000002A5
000002A6
00000298
00000298
000002A7
000002A8
000002A9
000002AA
000002AB
00000298
000002AC
000002AD
000002AE
00000298
000002AF
000002B0
00000298
000002B1
000002B2
00000298
000002B3
00000298
000002B4
00000298
000002B5
000002B6
000002B7
00000298
00000298
00000298
00000299
0000029A
0000029B
0000029C
0000029D
0000029E
00000298
0000029F
000002A0
00000298
00000298
000002A1
000002A2
000002A3
00000298
000002A4
00000298
000002A5
000002A6
00000298
00000298
000002A7
000002A8
000002A9
000002AA
000002AB
00000298
000002AC
000002AD
000002AE
00000298
000002AF
000002B0
00000298
000002B1
000002B2
00000298
000002B3
00000298
000002B4
00000298
000002B5
000002B6
000002B7
00000298
00000298
00000298
00000299
0000029A
0000029B
0000029C
0000029D
0000029E
00000298
0000029F
000002A0
00000298
00000298
000002A1
000002A2
000002A3
00000298
000002A4
00000298
000002A5
000002A6
00000298
00000298
000002A7
000002A8
000002A9
000002AA
000002AB
00000298
000002AC
000002AD
000002AE
00000298
000002AF
000002B0
00000298
000002B1
000002B2
00000298
000002B3
00000298
000002B4
00000298
000002B5
000002B6
000002B7
00000298
00000298
00000298
00000299
0000029A
0000029B
0000029C
0000029D
0000029E
00000298
0000029F
000002A0
00000298
00000298
000002A1
000002A2
000002A3
00000298
000002A4
00000298
000002A5
000002A6
00000298
00000298
000002A7
000002A8
000002A9
000002AA
000002AB
00000298
000002AC
000002AD
000002AE
00000298
000002AF
000002B0
00000298
000002B1
000002B2
00000298
000002B3
00000298
000002B4
00000298
000002B5
000002B6
000002B7
00000298
00000298
00000298
00000299
0000029A
0000029B
0000029C
0000029D
0000029E
00000298
0000029F
000002A0
00000298
00000298
000002A1
000002A2
000002A3
00000298
000002A4
00000298
000002A5
000002A6
00000298
00000298
000002A7
000002A8
000002A9
000002AA
000002AB
00000298
000002AC
000002AD
000002AE
00000298
000002AF
000002B0
00000298
000002B1
000002B2
00000298
000002B3
00000298
000002B4
00000298
000002B5
000002B6
000002B7
000002B8
000002B8
000002B8
000002B9
000002BA
000002BB
000002BC
000002BD
000002BE
000002B8
000002BF
000002C0
000002B8
000002B8
000002C1
000002C2
000002C3
000002B8
000002C4
000002B8
000002C5
000002C6
000002B8
000002B8
000002C7
000002C8
000002C9
000002CA
000002CB
000002B8
000002CC
000002CD
000002CE
000002B8
000002CF
000002D0
000002B8
000002D1
000002D2
000002B8
000002D3
000002B8
000002D4
000002B8
000002D5
000002D6
000002D7
000002B8
000002B8
000002B8
000002B9
000002BA
000002BB
000002BC
000002BD
000002BE
000002B8
000002BF
000002C0
000002B8
000002B8
000002C1
000002C2
000002C3
000002B8
000002C4
000002B8
000002C5
000002C6
000002B8
000002B8
000002C7
000002C8
000002C9
000002CA
000002CB
000002B8
000002CC
000002CD
000002CE
000002B8
000002CF
000002D0
000002B8
000002D1
000002D2
000002B8
000002D3
000002B8
000002D4
000002B8
000002D5
000002D6
000002D7
000002B8
000002B8
000002B8
000002B9
000002BA
000002BB
000002BC
000002BD
000002BE
000002B8
000002BF
000002C0
000002B8
000002B8
000002C1
000002C2
000002C3
000002B8
000002C4
000002B8
000002C5
000002C6
000002B8
000002B8
000002C7
000002C8
000002C9
000002CA
000002CB
000002B8
000002CC
000002CD
000002CE
000002B8
000002CF
000002D0
000002B8
000002D1
000002D2
000002B8
000002D3
000002B8
000002D4
000002B8
000002D5
000002D6
000002D7
000002B8
000002B8
000002B8
000002B9
000002BA
000002BB
000002BC
000002BD
000002BE
000002B8
000002BF
000002C0
000002B8
000002B8
000002C1
000002C2
000002C3
000002B8
000002C4
000002B8
000002C5
000002C6
000002B8
000002B8
000002C7
000002C8
000002C9
000002CA
000002CB
000002B8
000002CC
000002CD
000002CE
000002B8
000002CF
000002D0
000002B8
000002D1
000002D2
000002B8
000002D3
000002B8
000002D4
000002B8
000002D5
000002D6
000002D7
000002B8
000002B8
000002B8
000002B9
000002BA
000002BB
000002BC
000002BD
000002BE
000002B8
000002BF
000002C0
000002B8
000002B8
000002C1
000002C2
000002C3
000002B8
000002C4
000002B8
000002C5
000002C6
000002B8
000002B8
000002C7
000002C8
000002C9
000002CA
000002CB
000002B8
000002CC
000002CD
000002CE
000002B8
000002CF
000002D0
000002B8
000002D1
000002D2
000002B8
000002D3
000002B8
000002D4
000002B8
000002D5
000002D6
000002D7
000002B8
000002B8
000002B8
000002B9
000002BA
000002BB
000002BC
000002BD
000002BE
000002B8
000002BF
000002C0
000002B8
000002B8
000002C1
000002C2
000002C3
000002B8
000002C4
000002B8
000002C5
000002C6
000002B8
000002B8
000002C7
000002C8
000002C9
000002CA
000002CB
000002B8
000002CC
000002CD
000002CE
000002B8
000002CF
000002D0
000002B8
000002D1
000002D2
000002B8
000002D3
000002B8
000002D4
000002B8
000002D5
000002D6
000002D7
000002B8
000002B8
000002B8
000002B9
000002BA
000002BB
000002BC
000002BD
000002BE
000002B8
000002BF
000002C0
000002B8
000002B8
000002C1
000002C2
000002C3
000002B8
000002C4
000002B8
000002C5
000002C6
000002B8
000002B8
000002C7
000002C8
000002C9
000002CA
000002CB
000002B8
000002CC
000002CD
000002CE
000002B8
000002CF
000002D0
000002B8
000002D1
000002D2
000002B8
000002D3
000002B8
000002D4
000002B8
000002D5
000002D6
000002D7
000002B8
000002B8
000002B8
000002B9
000002BA
000002BB
000002BC
000002BD
000002BE
000002B8
000002BF
000002C0
000002B8
000002B8
000002C1
000002C2
000002C3
000002B8
000002C4
000002B8
000002C5
000002C6
000002B8
000002B8
000002C7
000002C8
000002C9
000002CA
000002CB
000002B8
000002CC
000002CD
000002CE
000002B8
000002CF
000002D0
000002B8
000002D1
000002D2
000002B8
000002D3
000002B8
000002D4
000002B8
000002D5
000002D6
000002D7
000002B8
000002B8
000002B8
000002B9
000002BA
000002BB
000002BC
000002BD
000002BE
000002B8
000002BF
000002C0
000002B8
000002B8
000002C1
000002C2
000002C3
000002B8
000002C4
000002B8
000002C5
000002C6
000002B8
000002B8
000002C7
000002C8
000002C9
000002CA
000002CB
000002B8
000002CC
000002CD
000002CE
000002B8
000002CF
000002D0
000002B8
000002D1
000002D2
000002B8
000002D3
000002B8
000002D4
000002B8
000002D5
000002D6
000002D7
000002B8
000002B8
000002B8
000002B9
000002BA
000002BB
000002BC
000002BD
000002BE
000002B8
000002BF
000002C0
000002B8
000002B8
000002C1
000002C2
000002C3
000002B8
000002C4
000002B8
000002C5
000002C6
000002B8
000002B8
000002C7
000002C8
000002C9
000002CA
000002CB
000002B8
000002CC
000002CD
000002CE
000002B8
000002CF
000002D0
000002B8
000002D1
000002D2
000002B8
000002D3
000002B8
000002D4
000002B8
000002D5
000002D6
000002D7
000002B8
000002B8
000002B8
000002B9
000002BA
000002BB
000002BC
000002BD
000002BE
000002B8
000002BF
000002C0
000002B8
000002B8
000002C1
000002C2
000002C3
000002B8
000002C4
000002B8
000002C5
000002C6
000002B8
000002B8
000002C7
000002C8
000002C9
000002CA
000002CB
000002B8
000002CC
000002CD
000002CE
000002B8
000002CF
000002D0
000002B8
000002D1
000002D2
000002B8
000002D3
000002B8
000002D4
000002B8
000002D5
000002D6
000002D7
000002B8
000002B8
000002B8
000002B9
000002BA
000002BB
000002BC
000002BD
000002BE
000002B8
000002BF
000002C0
000002B8
000002B8
000002C1
000002C2
000002C3
000002B8
000002C4
000002B8
000002C5
000002C6
000002B8
000002B8
000002C7
000002C8
000002C9
000002CA
000002CB
000002B8
000002CC
000002CD
000002CE
000002B8
000002CF
000002D0
000002B8
000002D1
000002D2
000002B8
000002D3
000002B8
000002D4
000002B8
000002D5
000002D6
000002D7
000002B8
000002B8
000002B8
000002B9
000002BA
000002BB
000002BC
000002BD
000002BE
000002B8
000002BF
000002C0
000002B8
000002B8
000002C1
000002C2
000002C3
000002B8
000002C4
000002B8
000002C5
000002C6
000002B8
000002B8
000002C7
000002C8
000002C9
000002CA
000002CB
000002B8
000002CC
000002CD
000002CE
000002B8
000002CF
000002D0
000002B8
000002D1
000002D2
000002B8
000002D3
000002B8
000002D4
000002B8
000002D5
000002D6
000002D7
000002B8
000002B8
000002B8
000002B9
000002BA
000002BB
000002BC
000002BD
000002BE
000002B8
000002BF
000002C0
000002B8
000002B8
000002C1
000002C2
000002C3
000002B8
000002C4
000002B8
000002C5
000002C6
000002B8
000002B8
000002C7
000002C8
000002C9
000002CA
000002CB
000002B8
000002CC
000002CD
000002CE
000002B8
000002CF
000002D0
000002B8
000002D1
000002D2
000002B8
000002D3
000002B8
000002D4
000002B8
000002D5
000002D6
000002D7
000002B8
000002B8
000002B8
000002B9
000002BA
000002BB
000002BC
000002BD
000002BE
000002B8
000002BF
000002C0
000002B8
000002B8
000002C1
000002C2
000002C3
000002B8
000002C4
000002B8
000002C5
000002C6
000002B8
000002B8
000002C7
000002C8
000002C9
000002CA
000002CB
000002B8
000002CC
000002CD
000002CE
000002B8
000002CF
000002D0
000002B8
000002D1
000002D2
000002B8
000002D3
000002B8
000002D4
000002B8
000002D5
000002D6
000002D7
000002B8
000002B8
000002B8
000002B9
000002BA
000002BB
000002BC
000002BD
000002BE
000002B8
000002BF
000002C0
000002B8
000002B8
000002C1
000002C2
000002C3
000002B8
000002C4
000002B8
000002C5
000002C6
000002B8
000002B8
000002C7
000002C8
000002C9
000002CA
000002CB
000002B8
000002CC
000002CD
000002CE
000002B8
000002CF
000002D0
000002B8
000002D1
000002D2
000002B8
000002D3
000002B8
000002D4
000002B8
000002D5
000002D6
000002D7
000002B8
000002B8
000002B8
000002B9
000002BA
000002BB
000002BC
000002BD
000002BE
000002B8
000002BF
000002C0
000002B8
000002B8
000002C1
000002C2
000002C3
000002B8
000002C4
000002B8
000002C5
000002C6
000002B8
000002B8
000002C7
000002C8
000002C9
000002CA
000002CB
000002B8
000002CC
000002CD
000002CE
000002B8
000002CF
000002D0
000002B8
000002D1
000002D2
000002B8
000002D3
000002B8
000002D4
000002B8
000002D5
000002D6
000002D7
000002B8
000002B8
000002B8
000002B9
000002BA
000002BB
000002BC
000002BD
000002BE
000002B8
000002BF
000002C0
000002B8
000002B8
000002C1
000002C2
000002C3
000002B8
000002C4
000002B8
000002C5
000002C6
000002B8
000002B8
000002C7
000002C8
000002C9
000002CA
000002CB
000002B8
000002CC
000002CD
000002CE
000002B8
000002CF
000002D0
000002B8
000002D1
000002D2
000002B8
000002D3
000002B8
000002D4
000002B8
000002D5
000002D6
000002D7
000002B8
000002B8
000002B8
000002B9
000002BA
000002BB
000002BC
000002BD
000002BE
000002B8
000002BF
000002C0
000002B8
000002B8
000002C1
000002C2
000002C3
000002B8
000002C4
000002B8
000002C5
000002C6
000002B8
000002B8
000002C7
000002C8
000002C9
000002CA
000002CB
000002B8
000002CC
000002CD
000002CE
000002B8
000002CF
000002D0
000002B8
000002D1
000002D2
000002B8
000002D3
000002B8
000002D4
000002B8
000002D5
000002D6
000002D7
000002B8
000002B8
000002B8
000002B9
000002BA
000002BB
000002BC
000002BD
000002BE
000002B8
000002BF
000002C0
000002B8
000002B8
000002C1
000002C2
000002C3
000002B8
000002C4
000002B8
000002C5
000002C6
000002B8
000002B8
000002C7
000002C8
000002C9
000002CA
000002CB
000002B8
000002CC
000002CD
000002CE
000002B8
000002CF
000002D0
000002B8
000002D1
000002D2
000002B8
000002D3
000002B8
000002D4
000002B8
000002D5
000002D6
000002D7
000002B8
000002B8
000002B8
000002B9
000002BA
000002BB
000002BC
000002BD
000002BE
000002B8
000002BF
000002C0
000002B8
000002B8
000002C1
000002C2
000002C3
000002B8
000002C4
000002B8
000002C5
000002C6
000002B8
000002B8
000002C7
000002C8
000002C9
000002CA
000002CB
000002B8
000002CC
000002CD
000002CE
000002B8
000002CF
000002D0
000002B8
000002D1
000002D2
000002B8
000002D3
000002B8
000002D4
000002B8
000002D5
000002D6
000002D7
000002B8
000002B8
000002B8
000002B9
000002BA
000002BB
000002BC
000002BD
000002BE
000002B8
000002BF
000002C0
000002B8
000002B8
000002C1
000002C2
000002C3
000002B8
000002C4
000002B8
000002C5
000002C6
000002B8
000002B8
000002C7
000002C8
000002C9
000002CA
000002CB
000002B8
000002CC
000002CD
000002CE
000002B8
000002CF
000002D0
000002B8
000002D1
000002D2
000002B8
000002D3
000002B8
000002D4
000002B8
000002D5
000002D6
000002D7
000002B8
000002B8
000002B8
000002B9
000002BA
000002BB
000002BC
000002BD
000002BE
000002B8
000002BF
000002C0
000002B8
000002B8
000002C1
000002C2
000002C3
000002B8
000002C4
000002B8
000002C5
000002C6
000002B8
000002B8
000002C7
000002C8
000002C9
000002CA
000002CB
000002B8
000002CC
000002CD
000002CE
000002B8
000002CF
000002D0
000002B8
000002D1
000002D2
000002B8
000002D3
000002B8
000002D4
000002B8
000002D5
000002D6
000002D7
000002D8
000002D8
000002D8
000002D9
000002DA
000002DB
000002DC
000002DD
000002DE
000002D8
000002DF
000002E0
000002D8
000002E1
000002E2
000002E3
000002E4
000002E5
000002E6
000002D8
000002E7
000002E8
000002D8
000002D8
000002D8
000002E9
000002EA
000002EB
000002EC
000002D8
000002ED
000002EE
000002EF
000002D8
000002F0
000002F1
000002F2
000002F3
000002F4
000002D8
000002F5
000002D8
000002F6
000002F7
000002F8
000002F9
000002FA
000002D8
000002D8
000002D8
000002D9
000002DA
000002DB
000002DC
000002DD
000002DE
000002D8
000002DF
000002E0
000002D8
000002E1
000002E2
000002E3
000002E4
000002E5
000002E6
000002D8
000002E7
000002E8
000002D8
000002D8
000002D8
000002E9
000002EA
000002EB
000002EC
000002D8
000002ED
000002EE
000002EF
000002D8
000002F0
000002F1
000002F2
000002F3
000002F4
000002D8
000002F5
000002D8
000002F6
000002F7
000002F8
000002F9
000002FA
000002D8
000002D8
000002D8
000002D9
000002DA
000002DB
000002DC
000002DD
000002DE
000002D8
000002DF
000002E0
000002D8
000002E1
000002E2
000002E3
000002E4
000002E5
000002E6
000002D8
000002E7
000002E8
000002D8
000002D8
000002D8
000002E9
000002EA
000002EB
000002EC
000002D8
000002ED
000002EE
000002EF
000002D8
000002F0
000002F1
000002F2
000002F3
000002F4
000002D8
000002F5
000002D8
000002F6
000002F7
000002F8
000002F9
000002FA
000002D8
000002D8
000002D8
000002D9
000002DA
000002DB
000002DC
000002DD
000002DE
000002D8
000002DF
000002E0
000002D8
000002E1
000002E2
000002E3
000002E4
000002E5
000002E6
000002D8
000002E7
000002E8
000002D8
000002D8
000002D8
000002E9
000002EA
000002EB
000002EC
000002D8
000002ED
000002EE
000002EF
000002D8
000002F0
000002F1
000002F2
000002F3
000002F4
000002D8
000002F5
000002D8
000002F6
000002F7
000002F8
000002F9
000002FA
000002D8
000002D8
000002D8
000002D9
000002DA
000002DB
000002DC
000002DD
000002DE
000002D8
000002DF
000002E0
000002D8
000002E1
000002E2
000002E3
000002E4
000002E5
000002E6
000002D8
000002E7
000002E8
000002D8
000002D8
000002D8
000002E9
000002EA
000002EB
000002EC
000002D8
000002ED
000002EE
000002EF
000002D8
000002F0
000002F1
000002F2
000002F3
000002F4
000002D8
000002F5
000002D8
000002F6
000002F7
000002F8
000002F9
000002FA
000002D8
000002D8
000002D8
000002D9
000002DA
000002DB
000002DC
000002DD
000002DE
000002D8
000002DF
000002E0
000002D8
000002E1
000002E2
000002E3
000002E4
000002E5
000002E6
000002D8
000002E7
000002E8
000002D8
000002D8
000002D8
000002E9
000002EA
000002EB
000002EC
000002D8
000002ED
000002EE
000002EF
000002D8
000002F0
000002F1
000002F2
000002F3
000002F4
000002D8
000002F5
000002D8
000002F6
000002F7
000002F8
000002F9
000002FA
000002D8
000002D8
000002D8
000002D9
000002DA
000002DB
000002DC
000002DD
000002DE
000002D8
000002DF
000002E0
000002D8
000002E1
000002E2
000002E3
000002E4
000002E5
000002E6
000002D8
000002E7
000002E8
000002D8
000002D8
000002D8
000002E9
000002EA
000002EB
000002EC
000002D8
000002ED
000002EE
000002EF
000002D8
000002F0
000002F1
000002F2
000002F3
000002F4
000002D8
000002F5
000002D8
000002F6
000002F7
000002F8
000002F9
000002FA
000002D8
000002D8
000002D8
000002D9
000002DA
000002DB
000002DC
000002DD
000002DE
000002D8
000002DF
000002E0
000002D8
000002E1
000002E2
000002E3
000002E4
000002E5
000002E6
000002D8
000002E7
000002E8
000002D8
000002D8
000002D8
000002E9
000002EA
000002EB
000002EC
000002D8
000002ED
000002EE
000002EF
000002D8
000002F0
000002F1
000002F2
000002F3
000002F4
000002D8
000002F5
000002D8
000002F6
000002F7
000002F8
000002F9
000002FA
000002D8
000002D8
000002D8
000002D9
000002DA
000002DB
000002DC
000002DD
000002DE
000002D8
000002DF
000002E0
000002D8
000002E1
000002E2
000002E3
000002E4
000002E5
000002E6
000002D8
000002E7
000002E8
000002D8
000002D8
000002D8
000002E9
000002EA
000002EB
000002EC
000002D8
000002ED
000002EE
000002EF
000002D8
000002F0
000002F1
000002F2
000002F3
000002F4
000002D8
000002F5
000002D8
000002F6
000002F7
000002F8
000002F9
000002FA
000002D8
000002D8
000002D8
000002D9
000002DA
000002DB
000002DC
000002DD
000002DE
000002D8
000002DF
000002E0
000002D8
000002E1
000002E2
000002E3
000002E4
000002E5
000002E6
000002D8
000002E7
000002E8
000002D8
000002D8
000002D8
000002E9
000002EA
000002EB
000002EC
000002D8
000002ED
000002EE
000002EF
000002D8
000002F0
000002F1
000002F2
000002F3
000002F4
000002D8
000002F5
000002D8
000002F6
000002F7
000002F8
000002F9
000002FA
000002D8
000002D8
000002D8
000002D9
000002DA
000002DB
000002DC
000002DD
000002DE
000002D8
000002DF
000002E0
000002D8
000002E1
000002E2
000002E3
000002E4
000002E5
000002E6
000002D8
000002E7
000002E8
000002D8
000002D8
000002D8
000002E9
000002EA
000002EB
000002EC
000002D8
000002ED
000002EE
000002EF
000002D8
000002F0
000002F1
000002F2
000002F3
000002F4
000002D8
000002F5
000002D8
000002F6
000002F7
000002F8
000002F9
000002FA
000002D8
000002D8
000002D8
000002D9
000002DA
000002DB
000002DC
000002DD
000002DE
000002D8
000002DF
000002E0
000002D8
000002E1
000002E2
000002E3
000002E4
000002E5
000002E6
000002D8
000002E7
000002E8
000002D8
000002D8
000002D8
000002E9
000002EA
000002EB
000002EC
000002D8
000002ED
000002EE
000002EF
000002D8
000002F0
000002F1
000002F2
000002F3
000002F4
000002D8
000002F5
000002D8
000002F6
000002F7
000002F8
000002F9
000002FA
000002D8
000002D8
000002D8
000002D9
000002DA
000002DB
000002DC
000002DD
000002DE
000002D8
000002DF
000002E0
000002D8
000002E1
000002E2
000002E3
000002E4
000002E5
000002E6
000002D8
000002E7
000002E8
000002D8
000002D8
000002D8
000002E9
000002EA
000002EB
000002EC
000002D8
000002ED
000002EE
000002EF
000002D8
000002F0
000002F1
000002F2
000002F3
000002F4
000002D8
000002F5
000002D8
000002F6
000002F7
000002F8
000002F9
000002FA
000002D8
000002D8
000002D8
000002D9
000002DA
000002DB
000002DC
000002DD
000002DE
000002D8
000002DF
000002E0
000002D8
000002E1
000002E2
000002E3
000002E4
000002E5
000002E6
000002D8
000002E7
000002E8
000002D8
000002D8
000002D8
000002E9
000002EA
000002EB
000002EC
000002D8
000002ED
000002EE
000002EF
000002D8
000002F0
000002F1
000002F2
000002F3
000002F4
000002D8
000002F5
000002D8
000002F6
000002F7
000002F8
000002F9
000002FA
000002D8
000002D8
000002D8
000002D9
000002DA
000002DB
000002DC
000002DD
000002DE
000002D8
000002DF
000002E0
000002D8
000002E1
000002E2
000002E3
000002E4
000002E5
000002E6
000002D8
000002E7
000002E8
000002D8
000002D8
000002D8
000002E9
000002EA
000002EB
000002EC
000002D8
000002ED
000002EE
000002EF
000002D8
000002F0
000002F1
000002F2
000002F3
000002F4
000002D8
000002F5
000002D8
000002F6
000002F7
000002F8
000002F9
000002FA
000002D8
000002D8
000002D8
000002D9
000002DA
000002DB
000002DC
000002DD
000002DE
000002D8
000002DF
000002E0
000002D8
000002E1
000002E2
000002E3
000002E4
000002E5
000002E6
000002D8
000002E7
000002E8
000002D8
000002D8
000002D8
000002E9
000002EA
000002EB
000002EC
000002D8
000002ED
000002EE
000002EF
000002D8
000002F0
000002F1
000002F2
000002F3
000002F4
000002D8
000002F5
000002D8
000002F6
000002F7
000002F8
000002F9
000002FA
000002D8
000002D8
000002D8
000002D9
000002DA
000002DB
000002DC
000002DD
000002DE
000002D8
000002DF
000002E0
000002D8
000002E1
000002E2
000002E3
000002E4
000002E5
000002E6
000002D8
000002E7
000002E8
000002D8
000002D8
000002D8
000002E9
000002EA
000002EB
000002EC
000002D8
000002ED
000002EE
000002EF
000002D8
000002F0
000002F1
000002F2
000002F3
000002F4
000002D8
000002F5
000002D8
000002F6
000002F7
000002F8
000002F9
000002FA
000002D8
000002D8
000002D8
000002D9
000002DA
000002DB
000002DC
000002DD
000002DE
000002D8
000002DF
000002E0
000002D8
000002E1
000002E2
000002E3
000002E4
000002E5
000002E6
000002D8
000002E7
000002E8
000002D8
000002D8
000002D8
000002E9
000002EA
000002EB
000002EC
000002D8
000002ED
000002EE
000002EF
000002D8
000002F0
000002F1
000002F2
000002F3
000002F4
000002D8
000002F5
000002D8
000002F6
000002F7
000002F8
000002F9
000002FA
000002D8
000002D8
000002D8
000002D9
000002DA
000002DB
000002DC
000002DD
000002DE
000002D8
000002DF
000002E0
000002D8
000002E1
000002E2
000002E3
000002E4
000002E5
000002E6
000002D8
000002E7
000002E8
000002D8
000002D8
000002D8
000002E9
000002EA
000002EB
000002EC
000002D8
000002ED
000002EE
000002EF
000002D8
000002F0
000002F1
000002F2
000002F3
000002F4
000002D8
000002F5
000002D8
000002F6
000002F7
000002F8
000002F9
000002FA
000002D8
000002D8
000002D8
000002D9
000002DA
000002DB
000002DC
000002DD
000002DE
000002D8
000002DF
000002E0
000002D8
000002E1
000002E2
000002E3
000002E4
000002E5
000002E6
000002D8
000002E7
000002E8
000002D8
000002D8
000002D8
000002E9
000002EA
000002EB
000002EC
000002D8
000002ED
000002EE
000002EF
000002D8
000002F0
000002F1
000002F2
000002F3
000002F4
000002D8
000002F5
000002D8
000002F6
000002F7
000002F8
000002F9
000002FA
000002D8
000002D8
000002D8
000002D9
000002DA
000002DB
000002DC
000002DD
000002DE
000002D8
000002DF
000002E0
000002D8
000002E1
000002E2
000002E3
000002E4
000002E5
000002E6
000002D8
000002E7
000002E8
000002D8
000002D8
000002D8
000002E9
000002EA
000002EB
000002EC
000002D8
000002ED
000002EE
000002EF
000002D8
000002F0
000002F1
000002F2
000002F3
000002F4
000002D8
000002F5
000002D8
000002F6
000002F7
000002F8
000002F9
000002FA
000002D8
000002D8
000002D8
000002D9
000002DA
000002DB
000002DC
000002DD
000002DE
000002D8
000002DF
000002E0
000002D8
000002E1
000002E2
000002E3
000002E4
000002E5
000002E6
000002D8
000002E7
000002E8
000002D8
000002D8
000002D8
000002E9
000002EA
000002EB
000002EC
000002D8
000002ED
000002EE
000002EF
000002D8
000002F0
000002F1
000002F2
000002F3
000002F4
000002D8
000002F5
000002D8
000002F6
000002F7
000002F8
000002F9
000002FA
000002D8
000002D8
000002D8
000002D9
000002DA
000002DB
000002DC
000002DD
000002DE
000002D8
000002DF
000002E0
000002D8
000002E1
000002E2
000002E3
000002E4
000002E5
000002E6
000002D8
000002E7
000002E8
000002D8
000002D8
000002D8
000002E9
000002EA
000002EB
000002EC
000002D8
000002ED
000002EE
000002EF
000002D8
000002F0
000002F1
000002F2
000002F3
000002F4
000002D8
000002F5
000002D8
000002F6
000002F7
000002F8
000002F9
000002FA
000002FB
000002FC
000002FC
000002FD
000002FE
000002FF
00000300
00000301
00000302
000002FB
00000303
00000304
000002FB
00000305
00000306
00000307
00000308
00000309
0000030A
000002FB
0000030B
0000030C
000002FB
000002FB
000002FB
0000030D
0000030E
0000030F
00000310
00000311
00000312
00000313
00000314
000002FB
00000315
00000316
00000317
00000318
00000319
000002FB
0000031A
000002FB
0000031B
0000031C
0000031D
0000031E
0000031F
000002FB
000002FC
000002FC
000002FD
000002FE
000002FF
00000300
00000301
00000302
000002FB
00000303
00000304
000002FB
00000305
00000306
00000307
00000308
00000309
0000030A
000002FB
0000030B
0000030C
000002FB
000002FB
000002FB
0000030D
0000030E
0000030F
00000310
00000311
00000312
00000313
00000314
000002FB
00000315
00000316
00000317
00000318
00000319
000002FB
0000031A
000002FB
0000031B
0000031C
0000031D
0000031E
0000031F
000002FB
000002FC
000002FC
000002FD
000002FE
000002FF
00000300
00000301
00000302
000002FB
00000303
00000304
000002FB
00000305
00000306
00000307
00000308
00000309
0000030A
000002FB
0000030B
0000030C
000002FB
000002FB
000002FB
0000030D
0000030E
0000030F
00000310
00000311
00000312
00000313
00000314
000002FB
00000315
00000316
00000317
00000318
00000319
000002FB
0000031A
000002FB
0000031B
0000031C
0000031D
0000031E
0000031F
000002FB
000002FC
000002FC
000002FD
000002FE
000002FF
00000300
00000301
00000302
000002FB
00000303
00000304
000002FB
00000305
00000306
00000307
00000308
00000309
0000030A
000002FB
0000030B
0000030C
000002FB
000002FB
000002FB
0000030D
0000030E
0000030F
00000310
00000311
00000312
00000313
00000314
000002FB
00000315
00000316
00000317
00000318
00000319
000002FB
0000031A
000002FB
0000031B
0000031C
0000031D
0000031E
0000031F
000002FB
000002FC
000002FC
000002FD
000002FE
000002FF
00000300
00000301
00000302
000002FB
00000303
00000304
000002FB
00000305
00000306
00000307
00000308
00000309
0000030A
000002FB
0000030B
0000030C
000002FB
000002FB
000002FB
0000030D
0000030E
0000030F
00000310
00000311
00000312
00000313
00000314
000002FB
00000315
00000316
00000317
00000318
00000319
000002FB
0000031A
000002FB
0000031B
0000031C
0000031D
0000031E
0000031F
000002FB
000002FC
000002FC
000002FD
000002FE
000002FF
00000300
00000301
00000302
000002FB
00000303
00000304
000002FB
00000305
00000306
00000307
00000308
00000309
0000030A
000002FB
0000030B
0000030C
000002FB
000002FB
000002FB
0000030D
0000030E
0000030F
00000310
00000311
00000312
00000313
00000314
000002FB
00000315
00000316
00000317
00000318
00000319
000002FB
0000031A
000002FB
0000031B
0000031C
0000031D
0000031E
0000031F
000002FB
000002FC
000002FC
000002FD
000002FE
000002FF
00000300
00000301
00000302
000002FB
00000303
00000304
000002FB
00000305
00000306
00000307
00000308
00000309
0000030A
000002FB
0000030B
0000030C
000002FB
000002FB
000002FB
0000030D
0000030E
0000030F
00000310
00000311
00000312
00000313
00000314
000002FB
00000315
00000316
00000317
00000318
00000319
000002FB
0000031A
000002FB
0000031B
0000031C
0000031D
0000031E
0000031F
000002FB
000002FC
000002FC
000002FD
000002FE
000002FF
00000300
00000301
00000302
000002FB
00000303
00000304
000002FB
00000305
00000306
00000307
00000308
00000309
0000030A
000002FB
0000030B
0000030C
000002FB
000002FB
000002FB
0000030D
0000030E
0000030F
00000310
00000311
00000312
00000313
00000314
000002FB
00000315
00000316
00000317
00000318
00000319
000002FB
0000031A
000002FB
0000031B
0000031C
0000031D
0000031E
0000031F
000002FB
000002FC
000002FC
000002FD
000002FE
000002FF
00000300
00000301
00000302
000002FB
00000303
00000304
000002FB
00000305
00000306
00000307
00000308
00000309
0000030A
000002FB
0000030B
0000030C
000002FB
000002FB
000002FB
0000030D
0000030E
0000030F
00000310
00000311
00000312
00000313
00000314
000002FB
00000315
00000316
00000317
00000318
00000319
000002FB
0000031A
000002FB
0000031B
0000031C
0000031D
0000031E
0000031F
000002FB
000002FC
000002FC
000002FD
000002FE
000002FF
00000300
00000301
00000302
000002FB
00000303
00000304
000002FB
00000305
00000306
00000307
00000308
00000309
0000030A
000002FB
0000030B
0000030C
000002FB
000002FB
000002FB
0000030D
0000030E
0000030F
00000310
00000311
00000312
00000313
00000314
000002FB
00000315
00000316
00000317
00000318
00000319
000002FB
0000031A
000002FB
0000031B
0000031C
0000031D
0000031E
0000031F
000002FB
000002FC
000002FC
000002FD
000002FE
000002FF
00000300
00000301
00000302
000002FB
00000303
00000304
000002FB
00000305
00000306
00000307
00000308
00000309
0000030A
000002FB
0000030B
0000030C
000002FB
000002FB
000002FB
0000030D
0000030E
0000030F
00000310
00000311
00000312
00000313
00000314
000002FB
00000315
00000316
00000317
00000318
00000319
000002FB
0000031A
000002FB
0000031B
0000031C
0000031D
0000031E
0000031F
000002FB
000002FC
000002FC
000002FD
000002FE
000002FF
00000300
00000301
00000302
000002FB
00000303
00000304
000002FB
00000305
00000306
00000307
00000308
00000309
0000030A
000002FB
0000030B
0000030C
000002FB
000002FB
000002FB
0000030D
0000030E
0000030F
00000310
00000311
00000312
00000313
00000314
000002FB
00000315
00000316
00000317
00000318
00000319
000002FB
0000031A
000002FB
0000031B
0000031C
0000031D
0000031E
0000031F
000002FB
000002FC
000002FC
000002FD
000002FE
000002FF
00000300
00000301
00000302
000002FB
00000303
00000304
000002FB
00000305
00000306
00000307
00000308
00000309
0000030A
000002FB
0000030B
0000030C
000002FB
000002FB
000002FB
0000030D
0000030E
0000030F
00000310
00000311
00000312
00000313
00000314
000002FB
00000315
00000316
00000317
00000318
00000319
000002FB
0000031A
000002FB
0000031B
0000031C
0000031D
0000031E
0000031F
000002FB
000002FC
000002FC
000002FD
000002FE
000002FF
00000300
00000301
00000302
000002FB
00000303
00000304
000002FB
00000305
00000306
00000307
00000308
00000309
0000030A
000002FB
0000030B
0000030C
000002FB
000002FB
000002FB
0000030D
0000030E
0000030F
00000310
00000311
00000312
00000313
00000314
000002FB
00000315
00000316
00000317
00000318
00000319
000002FB
0000031A
000002FB
0000031B
0000031C
0000031D
0000031E
0000031F
000002FB
000002FC
000002FC
000002FD
000002FE
000002FF
00000300
00000301
00000302
000002FB
00000303
00000304
000002FB
00000305
00000306
00000307
00000308
00000309
0000030A
000002FB
0000030B
0000030C
000002FB
000002FB
000002FB
0000030D
0000030E
0000030F
00000310
00000311
00000312
00000313
00000314
000002FB
00000315
00000316
00000317
00000318
00000319
000002FB
0000031A
000002FB
0000031B
0000031C
0000031D
0000031E
0000031F
000002FB
000002FC
000002FC
000002FD
000002FE
000002FF
00000300
00000301
00000302
000002FB
00000303
00000304
000002FB
00000305
00000306
00000307
00000308
00000309
0000030A
000002FB
0000030B
0000030C
000002FB
000002FB
000002FB
0000030D
0000030E
0000030F
00000310
00000311
00000312
00000313
00000314
000002FB
00000315
00000316
00000317
00000318
00000319
000002FB
0000031A
000002FB
0000031B
0000031C
0000031D
0000031E
0000031F
000002FB
000002FC
000002FC
000002FD
000002FE
000002FF
00000300
00000301
00000302
000002FB
00000303
00000304
000002FB
00000305
00000306
00000307
00000308
00000309
0000030A
000002FB
0000030B
0000030C
000002FB
000002FB
000002FB
0000030D
0000030E
0000030F
00000310
00000311
00000312
00000313
00000314
000002FB
00000315
00000316
00000317
00000318
00000319
000002FB
0000031A
000002FB
0000031B
0000031C
0000031D
0000031E
0000031F
000002FB
000002FC
000002FC
000002FD
000002FE
000002FF
00000300
00000301
00000302
000002FB
00000303
00000304
000002FB
00000305
00000306
00000307
00000308
00000309
0000030A
000002FB
0000030B
0000030C
000002FB
000002FB
000002FB
0000030D
0000030E
0000030F
00000310
00000311
00000312
00000313
00000314
000002FB
00000315
00000316
00000317
00000318
00000319
000002FB
0000031A
000002FB
0000031B
0000031C
0000031D
0000031E
0000031F
000002FB
000002FC
000002FC
000002FD
000002FE
000002FF
00000300
00000301
00000302
000002FB
00000303
00000304
000002FB
00000305
00000306
00000307
00000308
00000309
0000030A
000002FB
0000030B
0000030C
000002FB
000002FB
000002FB
0000030D
0000030E
0000030F
00000310
00000311
00000312
00000313
00000314
000002FB
00000315
00000316
00000317
00000318
00000319
000002FB
0000031A
000002FB
0000031B
0000031C
0000031D
0000031E
0000031F
000002FB
000002FC
000002FC
000002FD
000002FE
000002FF
00000300
00000301
00000302
000002FB
00000303
00000304
000002FB
00000305
00000306
00000307
00000308
00000309
0000030A
000002FB
0000030B
0000030C
000002FB
000002FB
000002FB
0000030D
0000030E
0000030F
00000310
00000311
00000312
00000313
00000314
000002FB
00000315
00000316
00000317
00000318
00000319
000002FB
0000031A
000002FB
0000031B
0000031C
0000031D
0000031E
0000031F
000002FB
000002FC
000002FC
000002FD
000002FE
000002FF
00000300
00000301
00000302
000002FB
00000303
00000304
000002FB
00000305
00000306
00000307
00000308
00000309
0000030A
000002FB
0000030B
0000030C
000002FB
000002FB
000002FB
0000030D
0000030E
0000030F
00000310
00000311
00000312
00000313
00000314
000002FB
00000315
00000316
00000317
00000318
00000319
000002FB
0000031A
000002FB
0000031B
0000031C
0000031D
0000031E
0000031F
000002FB
000002FC
000002FC
000002FD
000002FE
000002FF
00000300
00000301
00000302
000002FB
00000303
00000304
000002FB
00000305
00000306
00000307
00000308
00000309
0000030A
000002FB
0000030B
0000030C
000002FB
000002FB
000002FB
0000030D
0000030E
0000030F
00000310
00000311
00000312
00000313
00000314
000002FB
00000315
00000316
00000317
00000318
00000319
000002FB
0000031A
000002FB
0000031B
0000031C
0000031D
0000031E
0000031F
000002FB
000002FC
000002FC
000002FD
000002FE
000002FF
00000300
00000301
00000302
000002FB
00000303
00000304
000002FB
00000305
00000306
00000307
00000308
00000309
0000030A
000002FB
0000030B
0000030C
000002FB
000002FB
000002FB
0000030D
0000030E
0000030F
00000310
00000311
00000312
00000313
00000314
000002FB
00000315
00000316
00000317
00000318
00000319
000002FB
0000031A
000002FB
0000031B
0000031C
0000031D
0000031E
0000031F
00000320
00000320
00000320
00000321
00000322
00000323
00000324
00000325
00000326
00000327
00000328
00000329
00000320
0000032A
0000032B
0000032C
0000032D
0000032E
0000032F
00000320
00000330
00000331
00000320
00000332
00000332
00000333
00000334
00000335
00000336
00000332
00000337
00000338
00000339
00000332
0000033A
0000033B
0000033C
0000033D
0000033E
00000332
0000033F
00000332
00000340
00000341
00000342
00000343
00000344
00000320
00000320
00000320
00000321
00000322
00000323
00000324
00000325
00000326
00000327
00000328
00000329
00000320
0000032A
0000032B
0000032C
0000032D
0000032E
0000032F
00000320
00000330
00000331
00000320
00000332
00000332
00000333
00000334
00000335
00000336
00000332
00000337
00000338
00000339
00000332
0000033A
0000033B
0000033C
0000033D
0000033E
00000332
0000033F
00000332
00000340
00000341
00000342
00000343
00000344
00000320
00000320
00000320
00000321
00000322
00000323
00000324
00000325
00000326
00000327
00000328
00000329
00000320
0000032A
0000032B
0000032C
0000032D
0000032E
0000032F
00000320
00000330
00000331
00000320
00000332
00000332
00000333
00000334
00000335
00000336
00000332
00000337
00000338
00000339
00000332
0000033A
0000033B
0000033C
0000033D
0000033E
00000332
0000033F
00000332
00000340
00000341
00000342
00000343
00000344
00000320
00000320
00000320
00000321
00000322
00000323
00000324
00000325
00000326
00000327
00000328
00000329
00000320
0000032A
0000032B
0000032C
0000032D
0000032E
0000032F
00000320
00000330
00000331
00000320
00000332
00000332
00000333
00000334
00000335
00000336
00000332
00000337
00000338
00000339
00000332
0000033A
0000033B
0000033C
0000033D
0000033E
00000332
0000033F
00000332
00000340
00000341
00000342
00000343
00000344
00000320
00000320
00000320
00000321
00000322
00000323
00000324
00000325
00000326
00000327
00000328
00000329
00000320
0000032A
0000032B
0000032C
0000032D
0000032E
0000032F
00000320
00000330
00000331
00000320
00000332
00000332
00000333
00000334
00000335
00000336
00000332
00000337
00000338
00000339
00000332
0000033A
0000033B
0000033C
0000033D
0000033E
00000332
0000033F
00000332
00000340
00000341
00000342
00000343
00000344
00000320
00000320
00000320
00000321
00000322
00000323
00000324
00000325
00000326
00000327
00000328
00000329
00000320
0000032A
0000032B
0000032C
0000032D
0000032E
0000032F
00000320
00000330
00000331
00000320
00000332
00000332
00000333
00000334
00000335
00000336
00000332
00000337
00000338
00000339
00000332
0000033A
0000033B
0000033C
0000033D
0000033E
00000332
0000033F
00000332
00000340
00000341
00000342
00000343
00000344
00000320
00000320
00000320
00000321
00000322
00000323
00000324
00000325
00000326
00000327
00000328
00000329
00000320
0000032A
0000032B
0000032C
0000032D
0000032E
0000032F
00000320
00000330
00000331
00000320
00000332
00000332
00000333
00000334
00000335
00000336
00000332
00000337
00000338
00000339
00000332
0000033A
0000033B
0000033C
0000033D
0000033E
00000332
0000033F
00000332
00000340
00000341
00000342
00000343
00000344
00000320
00000320
00000320
00000321
00000322
00000323
00000324
00000325
00000326
00000327
00000328
00000329
00000320
0000032A
0000032B
0000032C
0000032D
0000032E
0000032F
00000320
00000330
00000331
00000320
00000332
00000332
00000333
00000334
00000335
00000336
00000332
00000337
00000338
00000339
00000332
0000033A
0000033B
0000033C
0000033D
0000033E
00000332
0000033F
00000332
00000340
00000341
00000342
00000343
00000344
00000320
00000320
00000320
00000321
00000322
00000323
00000324
00000325
00000326
00000327
00000328
00000329
00000320
0000032A
0000032B
0000032C
0000032D
0000032E
0000032F
00000320
00000330
00000331
00000320
00000332
00000332
00000333
00000334
00000335
00000336
00000332
00000337
00000338
00000339
00000332
0000033A
0000033B
0000033C
0000033D
0000033E
00000332
0000033F
00000332
00000340
00000341
00000342
00000343
00000344
00000320
00000320
00000320
00000321
00000322
00000323
00000324
00000325
00000326
00000327
00000328
00000329
00000320
0000032A
0000032B
0000032C
0000032D
0000032E
0000032F
00000320
00000330
00000331
00000320
00000332
00000332
00000333
00000334
00000335
00000336
00000332
00000337
00000338
00000339
00000332
0000033A
0000033B
0000033C
0000033D
0000033E
00000332
0000033F
00000332
00000340
00000341
00000342
00000343
00000344
00000320
00000320
00000320
00000321
00000322
00000323
00000324
00000325
00000326
00000327
00000328
00000329
00000320
0000032A
0000032B
0000032C
0000032D
0000032E
0000032F
00000320
00000330
00000331
00000320
00000332
00000332
00000333
00000334
00000335
00000336
00000332
00000337
00000338
00000339
00000332
0000033A
0000033B
0000033C
0000033D
0000033E
00000332
0000033F
00000332
00000340
00000341
00000342
00000343
00000344
00000320
00000320
00000320
00000321
00000322
00000323
00000324
00000325
00000326
00000327
00000328
00000329
00000320
0000032A
0000032B
0000032C
0000032D
0000032E
0000032F
00000320
00000330
00000331
00000320
00000332
00000332
00000333
00000334
00000335
00000336
00000332
00000337
00000338
00000339
00000332
0000033A
0000033B
0000033C
0000033D
0000033E
00000332
0000033F
00000332
00000340
00000341
00000342
00000343
00000344
00000320
00000320
00000320
00000321
00000322
00000323
00000324
00000325
00000326
00000327
00000328
00000329
00000320
0000032A
0000032B
0000032C
0000032D
0000032E
0000032F
00000320
00000330
00000331
00000320
00000332
00000332
00000333
00000334
00000335
00000336
00000332
00000337
00000338
00000339
00000332
0000033A
0000033B
0000033C
0000033D
0000033E
00000332
0000033F
00000332
00000340
00000341
00000342
00000343
00000344
00000320
00000320
00000320
00000321
00000322
00000323
00000324
00000325
00000326
00000327
00000328
00000329
00000320
0000032A
0000032B
0000032C
0000032D
0000032E
0000032F
00000320
00000330
00000331
00000320
00000332
00000332
00000333
00000334
00000335
00000336
00000332
00000337
00000338
00000339
00000332
0000033A
0000033B
0000033C
0000033D
0000033E
00000332
0000033F
00000332
00000340
00000341
00000342
00000343
00000344
00000320
00000320
00000320
00000321
00000322
00000323
00000324
00000325
00000326
00000327
00000328
00000329
00000320
0000032A
0000032B
0000032C
0000032D
0000032E
0000032F
00000320
00000330
00000331
00000320
00000332
00000332
00000333
00000334
00000335
00000336
00000332
00000337
00000338
00000339
00000332
0000033A
0000033B
0000033C
0000033D
0000033E
00000332
0000033F
00000332
00000340
00000341
00000342
00000343
00000344
00000320
00000320
00000320
00000321
00000322
00000323
00000324
00000325
00000326
00000327
00000328
00000329
00000320
0000032A
0000032B
0000032C
0000032D
0000032E
0000032F
00000320
00000330
00000331
00000320
00000332
00000332
00000333
00000334
00000335
00000336
00000332
00000337
00000338
00000339
00000332
0000033A
0000033B
0000033C
0000033D
0000033E
00000332
0000033F
00000332
00000340
00000341
00000342
00000343
00000344
00000320
00000320
00000320
00000321
00000322
00000323
00000324
00000325
00000326
00000327
00000328
00000329
00000320
0000032A
0000032B
0000032C
0000032D
0000032E
0000032F
00000320
00000330
00000331
00000320
00000332
00000332
00000333
00000334
00000335
00000336
00000332
00000337
00000338
00000339
00000332
0000033A
0000033B
0000033C
0000033D
0000033E
00000332
0000033F
00000332
00000340
00000341
00000342
00000343
00000344
00000320
00000320
00000320
00000321
00000322
00000323
00000324
00000325
00000326
00000327
00000328
00000329
00000320
0000032A
0000032B
0000032C
0000032D
0000032E
0000032F
00000320
00000330
00000331
00000320
00000332
00000332
00000333
00000334
00000335
00000336
00000332
00000337
00000338
00000339
00000332
0000033A
0000033B
0000033C
0000033D
0000033E
00000332
0000033F
00000332
00000340
00000341
00000342
00000343
00000344
00000320
00000320
00000320
00000321
00000322
00000323
00000324
00000325
00000326
00000327
00000328
00000329
00000320
0000032A
0000032B
0000032C
0000032D
0000032E
0000032F
00000320
00000330
00000331
00000320
00000332
00000332
00000333
00000334
00000335
00000336
00000332
00000337
00000338
00000339
00000332
0000033A
0000033B
0000033C
0000033D
0000033E
00000332
0000033F
00000332
00000340
00000341
00000342
00000343
00000344
00000320
00000320
00000320
00000321
00000322
00000323
00000324
00000325
00000326
00000327
00000328
00000329
00000320
0000032A
0000032B
0000032C
0000032D
0000032E
0000032F
00000320
00000330
00000331
00000320
00000332
00000332
00000333
00000334
00000335
00000336
00000332
00000337
00000338
00000339
00000332
0000033A
0000033B
0000033C
0000033D
0000033E
00000332
0000033F
00000332
00000340
00000341
00000342
00000343
00000344
00000320
00000320
00000320
00000321
00000322
00000323
00000324
00000325
00000326
00000327
00000328
00000329
00000320
0000032A
0000032B
0000032C
0000032D
0000032E
0000032F
00000320
00000330
00000331
00000320
00000332
00000332
00000333
00000334
00000335
00000336
00000332
00000337
00000338
00000339
00000332
0000033A
0000033B
0000033C
0000033D
0000033E
00000332
0000033F
00000332
00000340
00000341
00000342
00000343
00000344
00000320
00000320
00000320
00000321
00000322
00000323
00000324
00000325
00000326
00000327
00000328
00000329
00000320
0000032A
0000032B
0000032C
0000032D
0000032E
0000032F
00000320
00000330
00000331
00000320
00000332
00000332
00000333
00000334
00000335
00000336
00000332
00000337
00000338
00000339
00000332
0000033A
0000033B
0000033C
0000033D
0000033E
00000332
0000033F
00000332
00000340
00000341
00000342
00000343
00000344
00000320
00000320
00000320
00000321
00000322
00000323
00000324
00000325
00000326
00000327
00000328
00000329
00000320
0000032A
0000032B
0000032C
0000032D
0000032E
0000032F
00000320
00000330
00000331
00000320
00000332
00000332
00000333
00000334
00000335
00000336
00000332
00000337
00000338
00000339
00000332
0000033A
0000033B
0000033C
0000033D
0000033E
00000332
0000033F
00000332
00000340
00000341
00000342
00000343
00000344
00000345
00000345
00000345
00000346
00000347
00000348
00000349
0000034A
0000034B
00000345
0000034C
0000034D
00000345
0000034E
0000034F
00000350
00000351
00000352
00000353
00000345
00000354
00000355
00000345
00000356
00000356
00000357
00000358
00000359
0000035A
00000356
0000035B
0000035C
0000035D
00000356
0000035E
0000035F
00000360
00000361
00000362
00000356
00000363
00000356
00000364
00000365
00000366
00000367
00000368
00000345
00000345
00000345
00000346
00000347
00000348
00000349
0000034A
0000034B
00000345
0000034C
0000034D
00000345
0000034E
0000034F
00000350
00000351
00000352
00000353
00000345
00000354
00000355
00000345
00000356
00000356
00000357
00000358
00000359
0000035A
00000356
0000035B
0000035C
0000035D
00000356
0000035E
0000035F
00000360
00000361
00000362
00000356
00000363
00000356
00000364
00000365
00000366
00000367
00000368
00000345
00000345
00000345
00000346
00000347
00000348
00000349
0000034A
0000034B
00000345
0000034C
0000034D
00000345
0000034E
0000034F
00000350
00000351
00000352
00000353
00000345
00000354
00000355
00000345
00000356
00000356
00000357
00000358
00000359
0000035A
00000356
0000035B
0000035C
0000035D
00000356
0000035E
0000035F
00000360
00000361
00000362
00000356
00000363
00000356
00000364
00000365
00000366
00000367
00000368
00000345
00000345
00000345
00000346
00000347
00000348
00000349
0000034A
0000034B
00000345
0000034C
0000034D
00000345
0000034E
0000034F
00000350
00000351
00000352
00000353
00000345
00000354
00000355
00000345
00000356
00000356
00000357
00000358
00000359
0000035A
00000356
0000035B
0000035C
0000035D
00000356
0000035E
0000035F
00000360
00000361
00000362
00000356
00000363
00000356
00000364
00000365
00000366
00000367
00000368
00000345
00000345
00000345
00000346
00000347
00000348
00000349
0000034A
0000034B
00000345
0000034C
0000034D
00000345
0000034E
0000034F
00000350
00000351
00000352
00000353
00000345
00000354
00000355
00000345
00000356
00000356
00000357
00000358
00000359
0000035A
00000356
0000035B
0000035C
0000035D
00000356
0000035E
0000035F
00000360
00000361
00000362
00000356
00000363
00000356
00000364
00000365
00000366
00000367
00000368
00000345
00000345
00000345
00000346
00000347
00000348
00000349
0000034A
0000034B
00000345
0000034C
0000034D
00000345
0000034E
0000034F
00000350
00000351
00000352
00000353
00000345
00000354
00000355
00000345
00000356
00000356
00000357
00000358
00000359
0000035A
00000356
0000035B
0000035C
0000035D
00000356
0000035E
0000035F
00000360
00000361
00000362
00000356
00000363
00000356
00000364
00000365
00000366
00000367
00000368
00000345
00000345
00000345
00000346
00000347
00000348
00000349
0000034A
0000034B
00000345
0000034C
0000034D
00000345
0000034E
0000034F
00000350
00000351
00000352
00000353
00000345
00000354
00000355
00000345
00000356
00000356
00000357
00000358
00000359
0000035A
00000356
0000035B
0000035C
0000035D
00000356
0000035E
0000035F
00000360
00000361
00000362
00000356
00000363
00000356
00000364
00000365
00000366
00000367
00000368
00000345
00000345
00000345
00000346
00000347
00000348
00000349
0000034A
0000034B
00000345
0000034C
0000034D
00000345
0000034E
0000034F
00000350
00000351
00000352
00000353
00000345
00000354
00000355
00000345
00000356
00000356
00000357
00000358
00000359
0000035A
00000356
0000035B
0000035C
0000035D
00000356
0000035E
0000035F
00000360
00000361
00000362
00000356
00000363
00000356
00000364
00000365
00000366
00000367
00000368
00000345
00000345
00000345
00000346
00000347
00000348
00000349
0000034A
0000034B
00000345
0000034C
0000034D
00000345
0000034E
0000034F
00000350
00000351
00000352
00000353
00000345
00000354
00000355
00000345
00000356
00000356
00000357
00000358
00000359
0000035A
00000356
0000035B
0000035C
0000035D
00000356
0000035E
0000035F
00000360
00000361
00000362
00000356
00000363
00000356
00000364
00000365
00000366
00000367
00000368
00000345
00000345
00000345
00000346
00000347
00000348
00000349
0000034A
0000034B
00000345
0000034C
0000034D
00000345
0000034E
0000034F
00000350
00000351
00000352
00000353
00000345
00000354
00000355
00000345
00000356
00000356
00000357
00000358
00000359
0000035A
00000356
0000035B
0000035C
0000035D
00000356
0000035E
0000035F
00000360
00000361
00000362
00000356
00000363
00000356
00000364
00000365
00000366
00000367
00000368
00000345
00000345
00000345
00000346
00000347
00000348
00000349
0000034A
0000034B
00000345
0000034C
0000034D
00000345
0000034E
0000034F
00000350
00000351
00000352
00000353
00000345
00000354
00000355
00000345
00000356
00000356
00000357
00000358
00000359
0000035A
00000356
0000035B
0000035C
0000035D
00000356
0000035E
0000035F
00000360
00000361
00000362
00000356
00000363
00000356
00000364
00000365
00000366
00000367
00000368
00000345
00000345
00000345
00000346
00000347
00000348
00000349
0000034A
0000034B
00000345
0000034C
0000034D
00000345
0000034E
0000034F
00000350
00000351
00000352
00000353
00000345
00000354
00000355
00000345
00000356
00000356
00000357
00000358
00000359
0000035A
00000356
0000035B
0000035C
0000035D
00000356
0000035E
0000035F
00000360
00000361
00000362
00000356
00000363
00000356
00000364
00000365
00000366
00000367
00000368
00000345
00000345
00000345
00000346
00000347
00000348
00000349
0000034A
0000034B
00000345
0000034C
0000034D
00000345
0000034E
0000034F
00000350
00000351
00000352
00000353
00000345
00000354
00000355
00000345
00000356
00000356
00000357
00000358
00000359
0000035A
00000356
0000035B
0000035C
0000035D
00000356
0000035E
0000035F
00000360
00000361
00000362
00000356
00000363
00000356
00000364
00000365
00000366
00000367
00000368
00000345
00000345
00000345
00000346
00000347
00000348
00000349
0000034A
0000034B
00000345
0000034C
0000034D
00000345
0000034E
0000034F
00000350
00000351
00000352
00000353
00000345
00000354
00000355
00000345
00000356
00000356
00000357
00000358
00000359
0000035A
00000356
0000035B
0000035C
0000035D
00000356
0000035E
0000035F
00000360
00000361
00000362
00000356
00000363
00000356
00000364
00000365
00000366
00000367
00000368
00000345
00000345
00000345
00000346
00000347
00000348
00000349
0000034A
0000034B
00000345
0000034C
0000034D
00000345
0000034E
0000034F
00000350
00000351
00000352
00000353
00000345
00000354
00000355
00000345
00000356
00000356
00000357
00000358
00000359
0000035A
00000356
0000035B
0000035C
0000035D
00000356
0000035E
0000035F
00000360
00000361
00000362
00000356
00000363
00000356
00000364
00000365
00000366
00000367
00000368
00000345
00000345
00000345
00000346
00000347
00000348
00000349
0000034A
0000034B
00000345
0000034C
0000034D
00000345
0000034E
0000034F
00000350
00000351
00000352
00000353
00000345
00000354
00000355
00000345
00000356
00000356
00000357
00000358
00000359
0000035A
00000356
0000035B
0000035C
0000035D
00000356
0000035E
0000035F
00000360
00000361
00000362
00000356
00000363
00000356
00000364
00000365
00000366
00000367
00000368
00000345
00000345
00000345
00000346
00000347
00000348
00000349
0000034A
0000034B
00000345
0000034C
0000034D
00000345
0000034E
0000034F
00000350
00000351
00000352
00000353
00000345
00000354
00000355
00000345
00000356
00000356
00000357
00000358
00000359
0000035A
00000356
0000035B
0000035C
0000035D
00000356
0000035E
0000035F
00000360
00000361
00000362
00000356
00000363
00000356
00000364
00000365
00000366
00000367
00000368
00000345
00000345
00000345
00000346
00000347
00000348
00000349
0000034A
0000034B
00000345
0000034C
0000034D
00000345
0000034E
0000034F
00000350
00000351
00000352
00000353
00000345
00000354
00000355
00000345
00000356
00000356
00000357
00000358
00000359
0000035A
00000356
0000035B
0000035C
0000035D
00000356
0000035E
0000035F
00000360
00000361
00000362
00000356
00000363
00000356
00000364
00000365
00000366
00000367
00000368
00000345
00000345
00000345
00000346
00000347
00000348
00000349
0000034A
0000034B
00000345
0000034C
0000034D
00000345
0000034E
0000034F
00000350
00000351
00000352
00000353
00000345
00000354
00000355
00000345
00000356
00000356
00000357
00000358
00000359
0000035A
00000356
0000035B
0000035C
0000035D
00000356
0000035E
0000035F
00000360
00000361
00000362
00000356
00000363
00000356
00000364
00000365
00000366
00000367
00000368
00000345
00000345
00000345
00000346
00000347
00000348
00000349
0000034A
0000034B
00000345
0000034C
0000034D
00000345
0000034E
0000034F
00000350
00000351
00000352
00000353
00000345
00000354
00000355
00000345
00000356
00000356
00000357
00000358
00000359
0000035A
00000356
0000035B
0000035C
0000035D
00000356
0000035E
0000035F
00000360
00000361
00000362
00000356
00000363
00000356
00000364
00000365
00000366
00000367
00000368
00000345
00000345
00000345
00000346
00000347
00000348
00000349
0000034A
0000034B
00000345
0000034C
0000034D
00000345
0000034E
0000034F
00000350
00000351
00000352
00000353
00000345
00000354
00000355
00000345
00000356
00000356
00000357
00000358
00000359
0000035A
00000356
0000035B
0000035C
0000035D
00000356
0000035E
0000035F
00000360
00000361
00000362
00000356
00000363
00000356
00000364
00000365
00000366
00000367
00000368
00000345
00000345
00000345
00000346
00000347
00000348
00000349
0000034A
0000034B
00000345
0000034C
0000034D
00000345
0000034E
0000034F
00000350
00000351
00000352
00000353
00000345
00000354
00000355
00000345
00000356
00000356
00000357
00000358
00000359
0000035A
00000356
0000035B
0000035C
0000035D
00000356
0000035E
0000035F
00000360
00000361
00000362
00000356
00000363
00000356
00000364
00000365
00000366
00000367
00000368
00000345
00000345
00000345
00000346
00000347
00000348
00000349
0000034A
0000034B
00000345
0000034C
0000034D
00000345
0000034E
0000034F
00000350
00000351
00000352
00000353
00000345
00000354
00000355
00000345
00000356
00000356
00000357
00000358
00000359
0000035A
00000356
0000035B
0000035C
0000035D
00000356
0000035E
0000035F
00000360
00000361
00000362
00000356
00000363
00000356
00000364
00000365
00000366
00000367
00000368
00000369
0000036A
0000036A
0000036B
0000036C
0000036D
0000036E
0000036F
00000370
00000369
00000371
00000372
00000369
00000373
00000374
00000375
00000376
00000377
00000378
00000369
00000379
0000037A
00000369
0000037B
0000037B
0000037C
0000037D
0000037E
0000037F
0000037B
00000380
00000381
00000382
0000037B
00000383
00000384
00000385
00000386
00000387
0000037B
00000388
0000037B
00000389
0000038A
0000038B
0000038C
0000038D
00000369
0000036A
0000036A
0000036B
0000036C
0000036D
0000036E
0000036F
00000370
00000369
00000371
00000372
00000369
00000373
00000374
00000375
00000376
00000377
00000378
00000369
00000379
0000037A
00000369
0000037B
0000037B
0000037C
0000037D
0000037E
0000037F
0000037B
00000380
00000381
00000382
0000037B
00000383
00000384
00000385
00000386
00000387
0000037B
00000388
0000037B
00000389
0000038A
0000038B
0000038C
0000038D
00000369
0000036A
0000036A
0000036B
0000036C
0000036D
0000036E
0000036F
00000370
00000369
00000371
00000372
00000369
00000373
00000374
00000375
00000376
00000377
00000378
00000369
00000379
0000037A
00000369
0000037B
0000037B
0000037C
0000037D
0000037E
0000037F
0000037B
00000380
00000381
00000382
0000037B
00000383
00000384
00000385
00000386
00000387
0000037B
00000388
0000037B
00000389
0000038A
0000038B
0000038C
0000038D
00000369
0000036A
0000036A
0000036B
0000036C
0000036D
0000036E
0000036F
00000370
00000369
00000371
00000372
00000369
00000373
00000374
00000375
00000376
00000377
00000378
00000369
00000379
0000037A
00000369
0000037B
0000037B
0000037C
0000037D
0000037E
0000037F
0000037B
00000380
00000381
00000382
0000037B
00000383
00000384
00000385
00000386
00000387
0000037B
00000388
0000037B
00000389
0000038A
0000038B
0000038C
0000038D
00000369
0000036A
0000036A
0000036B
0000036C
0000036D
0000036E
0000036F
00000370
00000369
00000371
00000372
00000369
00000373
00000374
00000375
00000376
00000377
00000378
00000369
00000379
0000037A
00000369
0000037B
0000037B
0000037C
0000037D
0000037E
0000037F
0000037B
00000380
00000381
00000382
0000037B
00000383
00000384
00000385
00000386
00000387
0000037B
00000388
0000037B
00000389
0000038A
0000038B
0000038C
0000038D
00000369
0000036A
0000036A
0000036B
0000036C
0000036D
0000036E
0000036F
00000370
00000369
00000371
00000372
00000369
00000373
00000374
00000375
00000376
00000377
00000378
00000369
00000379
0000037A
00000369
0000037B
0000037B
0000037C
0000037D
0000037E
0000037F
0000037B
00000380
00000381
00000382
0000037B
00000383
00000384
00000385
00000386
00000387
0000037B
00000388
0000037B
00000389
0000038A
0000038B
0000038C
0000038D
00000369
0000036A
0000036A
0000036B
0000036C
0000036D
0000036E
0000036F
00000370
00000369
00000371
00000372
00000369
00000373
00000374
00000375
00000376
00000377
00000378
00000369
00000379
0000037A
00000369
0000037B
0000037B
0000037C
0000037D
0000037E
0000037F
0000037B
00000380
00000381
00000382
0000037B
00000383
00000384
00000385
00000386
00000387
0000037B
00000388
0000037B
00000389
0000038A
0000038B
0000038C
0000038D
0000038E
0000038F
0000038F
00000390
00000391
00000392
00000393
00000394
00000395
0000038E
00000396
00000397
0000038E
00000398
00000399
0000039A
0000039B
0000039C
0000039D
0000038E
0000039E
0000039F
0000038E
000003A0
000003A0
000003A1
000003A2
000003A3
000003A4
000003A0
000003A5
000003A6
000003A7
000003A0
000003A8
000003A9
000003AA
000003AB
000003AC
000003A0
000003AD
000003A0
000003AE
000003AF
000003B0
000003B1
000003B2
0000038E
0000038F
0000038F
00000390
00000391
00000392
00000393
00000394
00000395
0000038E
00000396
00000397
0000038E
00000398
00000399
0000039A
0000039B
0000039C
0000039D
0000038E
0000039E
0000039F
0000038E
000003A0
000003A0
000003A1
000003A2
000003A3
000003A4
000003A0
000003A5
000003A6
000003A7
000003A0
000003A8
000003A9
000003AA
000003AB
000003AC
000003A0
000003AD
000003A0
000003AE
000003AF
000003B0
000003B1
000003B2
0000038E
0000038F
0000038F
00000390
00000391
00000392
00000393
00000394
00000395
0000038E
00000396
00000397
0000038E
00000398
00000399
0000039A
0000039B
0000039C
0000039D
0000038E
0000039E
0000039F
0000038E
000003A0
000003A0
000003A1
000003A2
000003A3
000003A4
000003A0
000003A5
000003A6
000003A7
000003A0
000003A8
000003A9
000003AA
000003AB
000003AC
000003A0
000003AD
000003A0
000003AE
000003AF
000003B0
000003B1
000003B2
0000038E
0000038F
0000038F
00000390
00000391
00000392
00000393
00000394
00000395
0000038E
00000396
00000397
0000038E
00000398
00000399
0000039A
0000039B
0000039C
0000039D
0000038E
0000039E
0000039F
0000038E
000003A0
000003A0
000003A1
000003A2
000003A3
000003A4
000003A0
000003A5
000003A6
000003A7
000003A0
000003A8
000003A9
000003AA
000003AB
000003AC
000003A0
000003AD
000003A0
000003AE
000003AF
000003B0
000003B1
000003B2
0000038E
0000038F
0000038F
00000390
00000391
00000392
00000393
00000394
00000395
0000038E
00000396
00000397
0000038E
00000398
00000399
0000039A
0000039B
0000039C
0000039D
0000038E
0000039E
0000039F
0000038E
000003A0
000003A0
000003A1
000003A2
000003A3
000003A4
000003A0
000003A5
000003A6
000003A7
000003A0
000003A8
000003A9
000003AA
000003AB
000003AC
000003A0
000003AD
000003A0
000003AE
000003AF
000003B0
000003B1
000003B2
0000038E
0000038F
0000038F
00000390
00000391
00000392
00000393
00000394
00000395
0000038E
00000396
00000397
0000038E
00000398
00000399
0000039A
0000039B
0000039C
0000039D
0000038E
0000039E
0000039F
0000038E
000003A0
000003A0
000003A1
000003A2
000003A3
000003A4
000003A0
000003A5
000003A6
000003A7
000003A0
000003A8
000003A9
000003AA
000003AB
000003AC
000003A0
000003AD
000003A0
000003AE
000003AF
000003B0
000003B1
000003B2
000003B3
000003B3
000003B3
000003B4
000003B5
000003B6
000003B7
000003B8
000003B9
000003B3
000003BA
000003BB
000003B3
000003BC
000003BD
000003BE
000003BF
000003C0
000003C1
000003B3
000003C2
000003C3
000003B3
000003C4
000003C4
000003C5
000003C6
000003C7
000003C8
000003C4
000003C9
000003CA
000003CB
000003C4
000003CC
000003CD
000003CE
000003CF
000003D0
000003C4
000003D1
000003C4
000003D2
000003D3
000003D4
000003D5
000003D6
000003D7
000003D7
000003D7
000003D8
000003D9
000003DA
000003DB
000003DC
000003DD
000003D7
000003DE
000003DF
000003D7
000003E0
000003E1
000003E2
000003E3
000003E4
000003E5
000003D7
000003E6
000003E7
000003D7
000003E8
000003E8
000003E9
000003EA
000003EB
000003EC
000003E8
000003ED
000003EE
000003EF
000003E8
000003F0
000003F1
000003F2
000003F3
000003F4
000003E8
000003F5
000003E8
000003F6
000003F7
000003F8
000003F9
000003FA
000003FB
000003FB
000003FB
000003FC
000003FD
000003FE
000003FF
00000400
00000401
000003FB
00000402
00000403
000003FB
00000404
00000405
00000406
00000407
00000408
00000409
000003FB
0000040A
0000040B
000003FB
000003FB
000003FB
0000040C
0000040D
0000040E
0000040F
000003FB
00000410
00000411
00000412
000003FB
00000413
00000414
00000415
00000416
00000417
000003FB
00000418
000003FB
00000419
0000041A
0000041B
0000041C
0000041D
0000041E
0000041E
0000041E
0000041F
00000420
00000421
00000422
00000423
00000424
0000041E
00000425
00000426
0000041E
00000427
00000428
00000429
0000042A
0000042B
0000042C
0000041E
0000042D
0000042E
0000041E
0000042F
0000042F
00000430
00000431
00000432
00000433
0000042F
00000434
00000435
00000436
0000042F
00000437
00000438
00000439
0000043A
0000043B
0000042F
0000043C
0000042F
0000043D
0000043E
0000043F
00000440
00000441
00000442
00000442
00000443
00000444
00000445
00000446
00000447
00000448
00000449
00000442
0000044A
0000044B
00000442
0000044C
0000044D
0000044E
0000044F
00000450
00000451
00000442
00000452
00000453
00000442
00000454
00000454
00000455
00000456
00000457
00000458
00000454
00000459
0000045A
0000045B
00000454
0000045C
0000045D
0000045E
0000045F
00000460
00000454
00000461
00000454
00000462
00000463
00000464
00000465
00000466
00000467
00000467
00000467
00000468
00000469
0000046A
0000046B
0000046C
0000046D
00000467
0000046E
0000046F
00000467
00000470
00000471
00000472
00000473
00000474
00000475
00000467
00000476
00000477
00000467
00000478
00000478
00000479
0000047A
0000047B
0000047C
00000478
0000047D
0000047E
0000047F
00000478
00000480
00000481
00000482
00000483
00000484
00000478
00000485
00000478
00000486
00000487
00000488
00000489
0000048A
00000467
00000467
00000467
00000468
00000469
0000046A
0000046B
0000046C
0000046D
00000467
0000046E
0000046F
00000467
00000470
00000471
00000472
00000473
00000474
00000475
00000467
00000476
00000477
00000467
00000478
00000478
00000479
0000047A
0000047B
0000047C
00000478
0000047D
0000047E
0000047F
00000478
00000480
00000481
00000482
00000483
00000484
00000478
00000485
00000478
00000486
00000487
00000488
00000489
0000048A
00000467
00000467
00000467
00000468
00000469
0000046A
0000046B
0000046C
0000046D
00000467
0000046E
0000046F
00000467
00000470
00000471
00000472
00000473
00000474
00000475
00000467
00000476
00000477
00000467
00000478
00000478
00000479
0000047A
0000047B
0000047C
00000478
0000047D
0000047E
0000047F
00000478
00000480
00000481
00000482
00000483
00000484
00000478
00000485
00000478
00000486
00000487
00000488
00000489
0000048A
00000467
00000467
00000467
00000468
00000469
0000046A
0000046B
0000046C
0000046D
00000467
0000046E
0000046F
00000467
00000470
00000471
00000472
00000473
00000474
00000475
00000467
00000476
00000477
00000467
00000478
00000478
00000479
0000047A
0000047B
0000047C
00000478
0000047D
0000047E
0000047F
00000478
00000480
00000481
00000482
00000483
00000484
00000478
00000485
00000478
00000486
00000487
00000488
00000489
0000048A
00000467
00000467
00000467
00000468
00000469
0000046A
0000046B
0000046C
0000046D
00000467
0000046E
0000046F
00000467
00000470
00000471
00000472
00000473
00000474
00000475
00000467
00000476
00000477
00000467
00000478
00000478
00000479
0000047A
0000047B
0000047C
00000478
0000047D
0000047E
0000047F
00000478
00000480
00000481
00000482
00000483
00000484
00000478
00000485
00000478
00000486
00000487
00000488
00000489
0000048A
0000048B
0000048B
0000048B
0000048C
0000048D
0000048E
0000048F
00000490
00000491
0000048B
00000492
00000493
0000048B
00000494
00000495
00000496
00000497
00000498
00000499
0000048B
0000049A
0000049B
0000048B
0000049C
0000049C
0000049D
0000049E
0000049F
000004A0
0000049C
000004A1
000004A2
000004A3
0000049C
000004A4
000004A5
000004A6
000004A7
000004A8
0000049C
000004A9
0000049C
000004AA
000004AB
000004AC
000004AD
000004AE
0000048B
0000048B
0000048B
0000048C
0000048D
0000048E
0000048F
00000490
00000491
0000048B
00000492
00000493
0000048B
00000494
00000495
00000496
00000497
00000498
00000499
0000048B
0000049A
0000049B
0000048B
0000049C
0000049C
0000049D
0000049E
0000049F
000004A0
0000049C
000004A1
000004A2
000004A3
0000049C
000004A4
000004A5
000004A6
000004A7
000004A8
0000049C
000004A9
0000049C
000004AA
000004AB
000004AC
000004AD
000004AE
0000048B
0000048B
0000048B
0000048C
0000048D
0000048E
0000048F
00000490
00000491
0000048B
00000492
00000493
0000048B
00000494
00000495
00000496
00000497
00000498
00000499
0000048B
0000049A
0000049B
0000048B
0000049C
0000049C
0000049D
0000049E
0000049F
000004A0
0000049C
000004A1
000004A2
000004A3
0000049C
000004A4
000004A5
000004A6
000004A7
000004A8
0000049C
000004A9
0000049C
000004AA
000004AB
000004AC
000004AD
000004AE
0000048B
0000048B
0000048B
0000048C
0000048D
0000048E
0000048F
00000490
00000491
0000048B
00000492
00000493
0000048B
00000494
00000495
00000496
00000497
00000498
00000499
0000048B
0000049A
0000049B
0000048B
0000049C
0000049C
0000049D
0000049E
0000049F
000004A0
0000049C
000004A1
000004A2
000004A3
0000049C
000004A4
000004A5
000004A6
000004A7
000004A8
0000049C
000004A9
0000049C
000004AA
000004AB
000004AC
000004AD
000004AE
0000048B
0000048B
0000048B
0000048C
0000048D
0000048E
0000048F
00000490
00000491
0000048B
00000492
00000493
0000048B
00000494
00000495
00000496
00000497
00000498
00000499
0000048B
0000049A
0000049B
0000048B
0000049C
0000049C
0000049D
0000049E
0000049F
000004A0
0000049C
000004A1
000004A2
000004A3
0000049C
000004A4
000004A5
000004A6
000004A7
000004A8
0000049C
000004A9
0000049C
000004AA
000004AB
000004AC
000004AD
000004AE
0000048B
0000048B
0000048B
0000048C
0000048D
0000048E
0000048F
00000490
00000491
0000048B
00000492
00000493
0000048B
00000494
00000495
00000496
00000497
00000498
00000499
0000048B
0000049A
0000049B
0000048B
0000049C
0000049C
0000049D
0000049E
0000049F
000004A0
0000049C
000004A1
000004A2
000004A3
0000049C
000004A4
000004A5
000004A6
000004A7
000004A8
0000049C
000004A9
0000049C
000004AA
000004AB
000004AC
000004AD
000004AE
0000048B
0000048B
0000048B
0000048C
0000048D
0000048E
0000048F
00000490
00000491
0000048B
00000492
00000493
0000048B
00000494
00000495
00000496
00000497
00000498
00000499
0000048B
0000049A
0000049B
0000048B
0000049C
0000049C
0000049D
0000049E
0000049F
000004A0
0000049C
000004A1
000004A2
000004A3
0000049C
000004A4
000004A5
000004A6
000004A7
000004A8
0000049C
000004A9
0000049C
000004AA
000004AB
000004AC
000004AD
000004AE
0000048B
0000048B
0000048B
0000048C
0000048D
0000048E
0000048F
00000490
00000491
0000048B
00000492
00000493
0000048B
00000494
00000495
00000496
00000497
00000498
00000499
0000048B
0000049A
0000049B
0000048B
0000049C
0000049C
0000049D
0000049E
0000049F
000004A0
0000049C
000004A1
000004A2
000004A3
0000049C
000004A4
000004A5
000004A6
000004A7
000004A8
0000049C
000004A9
0000049C
000004AA
000004AB
000004AC
000004AD
000004AE
0000048B
0000048B
0000048B
0000048C
0000048D
0000048E
0000048F
00000490
00000491
0000048B
00000492
00000493
0000048B
00000494
00000495
00000496
00000497
00000498
00000499
0000048B
0000049A
0000049B
0000048B
0000049C
0000049C
0000049D
0000049E
0000049F
000004A0
0000049C
000004A1
000004A2
000004A3
0000049C
000004A4
000004A5
000004A6
000004A7
000004A8
0000049C
000004A9
0000049C
000004AA
000004AB
000004AC
000004AD
000004AE
0000048B
0000048B
0000048B
0000048C
0000048D
0000048E
0000048F
00000490
00000491
0000048B
00000492
00000493
0000048B
00000494
00000495
00000496
00000497
00000498
00000499
0000048B
0000049A
0000049B
0000048B
0000049C
0000049C
0000049D
0000049E
0000049F
000004A0
0000049C
000004A1
000004A2
000004A3
0000049C
000004A4
000004A5
000004A6
000004A7
000004A8
0000049C
000004A9
0000049C
000004AA
000004AB
000004AC
000004AD
000004AE
0000048B
0000048B
0000048B
0000048C
0000048D
0000048E
0000048F
00000490
00000491
0000048B
00000492
00000493
0000048B
00000494
00000495
00000496
00000497
00000498
00000499
0000048B
0000049A
0000049B
0000048B
0000049C
0000049C
0000049D
0000049E
0000049F
000004A0
0000049C
000004A1
000004A2
000004A3
0000049C
000004A4
000004A5
000004A6
000004A7
000004A8
0000049C
000004A9
0000049C
000004AA
000004AB
000004AC
000004AD
000004AE
0000048B
0000048B
0000048B
0000048C
0000048D
0000048E
0000048F
00000490
00000491
0000048B
00000492
00000493
0000048B
00000494
00000495
00000496
00000497
00000498
00000499
0000048B
0000049A
0000049B
0000048B
0000049C
0000049C
0000049D
0000049E
0000049F
000004A0
0000049C
000004A1
000004A2
000004A3
0000049C
000004A4
000004A5
000004A6
000004A7
000004A8
0000049C
000004A9
0000049C
000004AA
000004AB
000004AC
000004AD
000004AE
0000048B
0000048B
0000048B
0000048C
0000048D
0000048E
0000048F
00000490
00000491
0000048B
00000492
00000493
0000048B
00000494
00000495
00000496
00000497
00000498
00000499
0000048B
0000049A
0000049B
0000048B
0000049C
0000049C
0000049D
0000049E
0000049F
000004A0
0000049C
000004A1
000004A2
000004A3
0000049C
000004A4
000004A5
000004A6
000004A7
000004A8
0000049C
000004A9
0000049C
000004AA
000004AB
000004AC
000004AD
000004AE
0000048B
0000048B
0000048B
0000048C
0000048D
0000048E
0000048F
00000490
00000491
0000048B
00000492
00000493
0000048B
00000494
00000495
00000496
00000497
00000498
00000499
0000048B
0000049A
0000049B
0000048B
0000049C
0000049C
0000049D
0000049E
0000049F
000004A0
0000049C
000004A1
000004A2
000004A3
0000049C
000004A4
000004A5
000004A6
000004A7
000004A8
0000049C
000004A9
0000049C
000004AA
000004AB
000004AC
000004AD
000004AE
0000048B
0000048B
0000048B
0000048C
0000048D
0000048E
0000048F
00000490
00000491
0000048B
00000492
00000493
0000048B
00000494
00000495
00000496
00000497
00000498
00000499
0000048B
0000049A
0000049B
0000048B
0000049C
0000049C
0000049D
0000049E
0000049F
000004A0
0000049C
000004A1
000004A2
000004A3
0000049C
000004A4
000004A5
000004A6
000004A7
000004A8
0000049C
000004A9
0000049C
000004AA
000004AB
000004AC
000004AD
000004AE
0000048B
0000048B
0000048B
0000048C
0000048D
0000048E
0000048F
00000490
00000491
0000048B
00000492
00000493
0000048B
00000494
00000495
00000496
00000497
00000498
00000499
0000048B
0000049A
0000049B
0000048B
0000049C
0000049C
0000049D
0000049E
0000049F
000004A0
0000049C
000004A1
000004A2
000004A3
0000049C
000004A4
000004A5
000004A6
000004A7
000004A8
0000049C
000004A9
0000049C
000004AA
000004AB
000004AC
000004AD
000004AE
0000048B
0000048B
0000048B
0000048C
0000048D
0000048E
0000048F
00000490
00000491
0000048B
00000492
00000493
0000048B
00000494
00000495
00000496
00000497
00000498
00000499
0000048B
0000049A
0000049B
0000048B
0000049C
0000049C
0000049D
0000049E
0000049F
000004A0
0000049C
000004A1
000004A2
000004A3
0000049C
000004A4
000004A5
000004A6
000004A7
000004A8
0000049C
000004A9
0000049C
000004AA
000004AB
000004AC
000004AD
000004AE
0000048B
0000048B
0000048B
0000048C
0000048D
0000048E
0000048F
00000490
00000491
0000048B
00000492
00000493
0000048B
00000494
00000495
00000496
00000497
00000498
00000499
0000048B
0000049A
0000049B
0000048B
0000049C
0000049C
0000049D
0000049E
0000049F
000004A0
0000049C
000004A1
000004A2
000004A3
0000049C
000004A4
000004A5
000004A6
000004A7
000004A8
0000049C
000004A9
0000049C
000004AA
000004AB
000004AC
000004AD
000004AE
0000048B
0000048B
0000048B
0000048C
0000048D
0000048E
0000048F
00000490
00000491
0000048B
00000492
00000493
0000048B
00000494
00000495
00000496
00000497
00000498
00000499
0000048B
0000049A
0000049B
0000048B
0000049C
0000049C
0000049D
0000049E
0000049F
000004A0
0000049C
000004A1
000004A2
000004A3
0000049C
000004A4
000004A5
000004A6
000004A7
000004A8
0000049C
000004A9
0000049C
000004AA
000004AB
000004AC
000004AD
000004AE
0000048B
0000048B
0000048B
0000048C
0000048D
0000048E
0000048F
00000490
00000491
0000048B
00000492
00000493
0000048B
00000494
00000495
00000496
00000497
00000498
00000499
0000048B
0000049A
0000049B
0000048B
0000049C
0000049C
0000049D
0000049E
0000049F
000004A0
0000049C
000004A1
000004A2
000004A3
0000049C
000004A4
000004A5
000004A6
000004A7
000004A8
0000049C
000004A9
0000049C
000004AA
000004AB
000004AC
000004AD
000004AE
0000048B
0000048B
0000048B
0000048C
0000048D
0000048E
0000048F
00000490
00000491
0000048B
00000492
00000493
0000048B
00000494
00000495
00000496
00000497
00000498
00000499
0000048B
0000049A
0000049B
0000048B
0000049C
0000049C
0000049D
0000049E
0000049F
000004A0
0000049C
000004A1
000004A2
000004A3
0000049C
000004A4
000004A5
000004A6
000004A7
000004A8
0000049C
000004A9
0000049C
000004AA
000004AB
000004AC
000004AD
000004AE
0000048B
0000048B
0000048B
0000048C
0000048D
0000048E
0000048F
00000490
00000491
0000048B
00000492
00000493
0000048B
00000494
00000495
00000496
00000497
00000498
00000499
0000048B
0000049A
0000049B
0000048B
0000049C
0000049C
0000049D
0000049E
0000049F
000004A0
0000049C
000004A1
000004A2
000004A3
0000049C
000004A4
000004A5
000004A6
000004A7
000004A8
0000049C
000004A9
0000049C
000004AA
000004AB
000004AC
000004AD
000004AE
0000048B
0000048B
0000048B
0000048C
0000048D
0000048E
0000048F
00000490
00000491
0000048B
00000492
00000493
0000048B
00000494
00000495
00000496
00000497
00000498
00000499
0000048B
0000049A
0000049B
0000048B
0000049C
0000049C
0000049D
0000049E
0000049F
000004A0
0000049C
000004A1
000004A2
000004A3
0000049C
000004A4
000004A5
000004A6
000004A7
000004A8
0000049C
000004A9
0000049C
000004AA
000004AB
000004AC
000004AD
000004AE
000004AF
000004AF
000004AF
000004B0
000004B1
000004B2
000004B3
000004B4
000004B5
000004AF
000004B6
000004B7
000004AF
000004B8
000004B9
000004BA
000004BB
000004BC
000004BD
000004AF
000004BE
000004BF
000004AF
000004C0
000004C0
000004C1
000004C2
000004C3
000004C4
000004C0
000004C5
000004C6
000004C7
000004C0
000004C8
000004C9
000004CA
000004CB
000004CC
000004C0
000004CD
000004C0
000004CE
000004CF
000004D0
000004D1
000004D2
000004AF
000004AF
000004AF
000004B0
000004B1
000004B2
000004B3
000004B4
000004B5
000004AF
000004B6
000004B7
000004AF
000004B8
000004B9
000004BA
000004BB
000004BC
000004BD
000004AF
000004BE
000004BF
000004AF
000004C0
000004C0
000004C1
000004C2
000004C3
000004C4
000004C0
000004C5
000004C6
000004C7
000004C0
000004C8
000004C9
000004CA
000004CB
000004CC
000004C0
000004CD
000004C0
000004CE
000004CF
000004D0
000004D1
000004D2
000004AF
000004AF
000004AF
000004B0
000004B1
000004B2
000004B3
000004B4
000004B5
000004AF
000004B6
000004B7
000004AF
000004B8
000004B9
000004BA
000004BB
000004BC
000004BD
000004AF
000004BE
000004BF
000004AF
000004C0
000004C0
000004C1
000004C2
000004C3
000004C4
000004C0
000004C5
000004C6
000004C7
000004C0
000004C8
000004C9
000004CA
000004CB
000004CC
000004C0
000004CD
000004C0
000004CE
000004CF
000004D0
000004D1
000004D2
000004AF
000004AF
000004AF
000004B0
000004B1
000004B2
000004B3
000004B4
000004B5
000004AF
000004B6
000004B7
000004AF
000004B8
000004B9
000004BA
000004BB
000004BC
000004BD
000004AF
000004BE
000004BF
000004AF
000004C0
000004C0
000004C1
000004C2
000004C3
000004C4
000004C0
000004C5
000004C6
000004C7
000004C0
000004C8
000004C9
000004CA
000004CB
000004CC
000004C0
000004CD
000004C0
000004CE
000004CF
000004D0
000004D1
000004D2
000004AF
000004AF
000004AF
000004B0
000004B1
000004B2
000004B3
000004B4
000004B5
000004AF
000004B6
000004B7
000004AF
000004B8
000004B9
000004BA
000004BB
000004BC
000004BD
000004AF
000004BE
000004BF
000004AF
000004C0
000004C0
000004C1
000004C2
000004C3
000004C4
000004C0
000004C5
000004C6
000004C7
000004C0
000004C8
000004C9
000004CA
000004CB
000004CC
000004C0
000004CD
000004C0
000004CE
000004CF
000004D0
000004D1
000004D2
000004AF
000004AF
000004AF
000004B0
000004B1
000004B2
000004B3
000004B4
000004B5
000004AF
000004B6
000004B7
000004AF
000004B8
000004B9
000004BA
000004BB
000004BC
000004BD
000004AF
000004BE
000004BF
000004AF
000004C0
000004C0
000004C1
000004C2
000004C3
000004C4
000004C0
000004C5
000004C6
000004C7
000004C0
000004C8
000004C9
000004CA
000004CB
000004CC
000004C0
000004CD
000004C0
000004CE
000004CF
000004D0
000004D1
000004D2
000004AF
000004AF
000004AF
000004B0
000004B1
000004B2
000004B3
000004B4
000004B5
000004AF
000004B6
000004B7
000004AF
000004B8
000004B9
000004BA
000004BB
000004BC
000004BD
000004AF
000004BE
000004BF
000004AF
000004C0
000004C0
000004C1
000004C2
000004C3
000004C4
000004C0
000004C5
000004C6
000004C7
000004C0
000004C8
000004C9
000004CA
000004CB
000004CC
000004C0
000004CD
000004C0
000004CE
000004CF
000004D0
000004D1
000004D2
000004AF
000004AF
000004AF
000004B0
000004B1
000004B2
000004B3
000004B4
000004B5
000004AF
000004B6
000004B7
000004AF
000004B8
000004B9
000004BA
000004BB
000004BC
000004BD
000004AF
000004BE
000004BF
000004AF
000004C0
000004C0
000004C1
000004C2
000004C3
000004C4
000004C0
000004C5
000004C6
000004C7
000004C0
000004C8
000004C9
000004CA
000004CB
000004CC
000004C0
000004CD
000004C0
000004CE
000004CF
000004D0
000004D1
000004D2
000004AF
000004AF
000004AF
000004B0
000004B1
000004B2
000004B3
000004B4
000004B5
000004AF
000004B6
000004B7
000004AF
000004B8
000004B9
000004BA
000004BB
000004BC
000004BD
000004AF
000004BE
000004BF
000004AF
000004C0
000004C0
000004C1
000004C2
000004C3
000004C4
000004C0
000004C5
000004C6
000004C7
000004C0
000004C8
000004C9
000004CA
000004CB
000004CC
000004C0
000004CD
000004C0
000004CE
000004CF
000004D0
000004D1
000004D2
000004AF
000004AF
000004AF
000004B0
000004B1
000004B2
000004B3
000004B4
000004B5
000004AF
000004B6
000004B7
000004AF
000004B8
000004B9
000004BA
000004BB
000004BC
000004BD
000004AF
000004BE
000004BF
000004AF
000004C0
000004C0
000004C1
000004C2
000004C3
000004C4
000004C0
000004C5
000004C6
000004C7
000004C0
000004C8
000004C9
000004CA
000004CB
000004CC
000004C0
000004CD
000004C0
000004CE
000004CF
000004D0
000004D1
000004D2
000004AF
000004AF
000004AF
000004B0
000004B1
000004B2
000004B3
000004B4
000004B5
000004AF
000004B6
000004B7
000004AF
000004B8
000004B9
000004BA
000004BB
000004BC
000004BD
000004AF
000004BE
000004BF
000004AF
000004C0
000004C0
000004C1
000004C2
000004C3
000004C4
000004C0
000004C5
000004C6
000004C7
000004C0
000004C8
000004C9
000004CA
000004CB
000004CC
000004C0
000004CD
000004C0
000004CE
000004CF
000004D0
000004D1
000004D2
000004AF
000004AF
000004AF
000004B0
000004B1
000004B2
000004B3
000004B4
000004B5
000004AF
000004B6
000004B7
000004AF
000004B8
000004B9
000004BA
000004BB
000004BC
000004BD
000004AF
000004BE
000004BF
000004AF
000004C0
000004C0
000004C1
000004C2
000004C3
000004C4
000004C0
000004C5
000004C6
000004C7
000004C0
000004C8
000004C9
000004CA
000004CB
000004CC
000004C0
000004CD
000004C0
000004CE
000004CF
000004D0
000004D1
000004D2
000004AF
000004AF
000004AF
000004B0
000004B1
000004B2
000004B3
000004B4
000004B5
000004AF
000004B6
000004B7
000004AF
000004B8
000004B9
000004BA
000004BB
000004BC
000004BD
000004AF
000004BE
000004BF
000004AF
000004C0
000004C0
000004C1
000004C2
000004C3
000004C4
000004C0
000004C5
000004C6
000004C7
000004C0
000004C8
000004C9
000004CA
000004CB
000004CC
000004C0
000004CD
000004C0
000004CE
000004CF
000004D0
000004D1
000004D2
000004AF
000004AF
000004AF
000004B0
000004B1
000004B2
000004B3
000004B4
000004B5
000004AF
000004B6
000004B7
000004AF
000004B8
000004B9
000004BA
000004BB
000004BC
000004BD
000004AF
000004BE
000004BF
000004AF
000004C0
000004C0
000004C1
000004C2
000004C3
000004C4
000004C0
000004C5
000004C6
000004C7
000004C0
000004C8
000004C9
000004CA
000004CB
000004CC
000004C0
000004CD
000004C0
000004CE
000004CF
000004D0
000004D1
000004D2
000004AF
000004AF
000004AF
000004B0
000004B1
000004B2
000004B3
000004B4
000004B5
000004AF
000004B6
000004B7
000004AF
000004B8
000004B9
000004BA
000004BB
000004BC
000004BD
000004AF
000004BE
000004BF
000004AF
000004C0
000004C0
000004C1
000004C2
000004C3
000004C4
000004C0
000004C5
000004C6
000004C7
000004C0
000004C8
000004C9
000004CA
000004CB
000004CC
000004C0
000004CD
000004C0
000004CE
000004CF
000004D0
000004D1
000004D2
000004AF
000004AF
000004AF
000004B0
000004B1
000004B2
000004B3
000004B4
000004B5
000004AF
000004B6
000004B7
000004AF
000004B8
000004B9
000004BA
000004BB
000004BC
000004BD
000004AF
000004BE
000004BF
000004AF
000004C0
000004C0
000004C1
000004C2
000004C3
000004C4
000004C0
000004C5
000004C6
000004C7
000004C0
000004C8
000004C9
000004CA
000004CB
000004CC
000004C0
000004CD
000004C0
000004CE
000004CF
000004D0
000004D1
000004D2
000004AF
000004AF
000004AF
000004B0
000004B1
000004B2
000004B3
000004B4
000004B5
000004AF
000004B6
000004B7
000004AF
000004B8
000004B9
000004BA
000004BB
000004BC
000004BD
000004AF
000004BE
000004BF
000004AF
000004C0
000004C0
000004C1
000004C2
000004C3
000004C4
000004C0
000004C5
000004C6
000004C7
000004C0
000004C8
000004C9
000004CA
000004CB
000004CC
000004C0
000004CD
000004C0
000004CE
000004CF
000004D0
000004D1
000004D2
000004AF
000004AF
000004AF
000004B0
000004B1
000004B2
000004B3
000004B4
000004B5
000004AF
000004B6
000004B7
000004AF
000004B8
000004B9
000004BA
000004BB
000004BC
000004BD
000004AF
000004BE
000004BF
000004AF
000004C0
000004C0
000004C1
000004C2
000004C3
000004C4
000004C0
000004C5
000004C6
000004C7
000004C0
000004C8
000004C9
000004CA
000004CB
000004CC
000004C0
000004CD
000004C0
000004CE
000004CF
000004D0
000004D1
000004D2
000004AF
000004AF
000004AF
000004B0
000004B1
000004B2
000004B3
000004B4
000004B5
000004AF
000004B6
000004B7
000004AF
000004B8
000004B9
000004BA
000004BB
000004BC
000004BD
000004AF
000004BE
000004BF
000004AF
000004C0
000004C0
000004C1
000004C2
000004C3
000004C4
000004C0
000004C5
000004C6
000004C7
000004C0
000004C8
000004C9
000004CA
000004CB
000004CC
000004C0
000004CD
000004C0
000004CE
000004CF
000004D0
000004D1
000004D2
000004AF
000004AF
000004AF
000004B0
000004B1
000004B2
000004B3
000004B4
000004B5
000004AF
000004B6
000004B7
000004AF
000004B8
000004B9
000004BA
000004BB
000004BC
000004BD
000004AF
000004BE
000004BF
000004AF
000004C0
000004C0
000004C1
000004C2
000004C3
000004C4
000004C0
000004C5
000004C6
000004C7
000004C0
000004C8
000004C9
000004CA
000004CB
000004CC
000004C0
000004CD
000004C0
000004CE
000004CF
000004D0
000004D1
000004D2
000004AF
000004AF
000004AF
000004B0
000004B1
000004B2
000004B3
000004B4
000004B5
000004AF
000004B6
000004B7
000004AF
000004B8
000004B9
000004BA
000004BB
000004BC
000004BD
000004AF
000004BE
000004BF
000004AF
000004C0
000004C0
000004C1
000004C2
000004C3
000004C4
000004C0
000004C5
000004C6
000004C7
000004C0
000004C8
000004C9
000004CA
000004CB
000004CC
000004C0
000004CD
000004C0
000004CE
000004CF
000004D0
000004D1
000004D2
000004AF
000004AF
000004AF
000004B0
000004B1
000004B2
000004B3
000004B4
000004B5
000004AF
000004B6
000004B7
000004AF
000004B8
000004B9
000004BA
000004BB
000004BC
000004BD
000004AF
000004BE
000004BF
000004AF
000004C0
000004C0
000004C1
000004C2
000004C3
000004C4
000004C0
000004C5
000004C6
000004C7
000004C0
000004C8
000004C9
000004CA
000004CB
000004CC
000004C0
000004CD
000004C0
000004CE
000004CF
000004D0
000004D1
000004D2
000004AF
000004AF
000004AF
000004B0
000004B1
000004B2
000004B3
000004B4
000004B5
000004AF
000004B6
000004B7
000004AF
000004B8
000004B9
000004BA
000004BB
000004BC
000004BD
000004AF
000004BE
000004BF
000004AF
000004C0
000004C0
000004C1
000004C2
000004C3
000004C4
000004C0
000004C5
000004C6
000004C7
000004C0
000004C8
000004C9
000004CA
000004CB
000004CC
000004C0
000004CD
000004C0
000004CE
000004CF
000004D0
000004D1
000004D2
000004D3
000004D4
000004D4
000004D5
000004D6
000004D7
000004D8
000004D9
000004DA
000004D3
000004DB
000004DC
000004D3
000004DD
000004DE
000004DF
000004E0
000004E1
000004E2
000004D3
000004E3
000004E4
000004D3
000004E5
000004E5
000004E6
000004E7
000004E8
000004E9
000004EA
000004EB
000004EC
000004ED
000004E5
000004EE
000004EF
000004F0
000004F1
000004F2
000004E5
000004F3
000004E5
000004F4
000004F5
000004F6
000004F7
000004F8
000004D3
000004D4
000004D4
000004D5
000004D6
000004D7
000004D8
000004D9
000004DA
000004D3
000004DB
000004DC
000004D3
000004DD
000004DE
000004DF
000004E0
000004E1
000004E2
000004D3
000004E3
000004E4
000004D3
000004E5
000004E5
000004E6
000004E7
000004E8
000004E9
000004EA
000004EB
000004EC
000004ED
000004E5
000004EE
000004EF
000004F0
000004F1
000004F2
000004E5
000004F3
000004E5
000004F4
000004F5
000004F6
000004F7
000004F8
000004D3
000004D4
000004D4
000004D5
000004D6
000004D7
000004D8
000004D9
000004DA
000004D3
000004DB
000004DC
000004D3
000004DD
000004DE
000004DF
000004E0
000004E1
000004E2
000004D3
000004E3
000004E4
000004D3
000004E5
000004E5
000004E6
000004E7
000004E8
000004E9
000004EA
000004EB
000004EC
000004ED
000004E5
000004EE
000004EF
000004F0
000004F1
000004F2
000004E5
000004F3
000004E5
000004F4
000004F5
000004F6
000004F7
000004F8
000004D3
000004D4
000004D4
000004D5
000004D6
000004D7
000004D8
000004D9
000004DA
000004D3
000004DB
000004DC
000004D3
000004DD
000004DE
000004DF
000004E0
000004E1
000004E2
000004D3
000004E3
000004E4
000004D3
000004E5
000004E5
000004E6
000004E7
000004E8
000004E9
000004EA
000004EB
000004EC
000004ED
000004E5
000004EE
000004EF
000004F0
000004F1
000004F2
000004E5
000004F3
000004E5
000004F4
000004F5
000004F6
000004F7
000004F8
000004D3
000004D4
000004D4
000004D5
000004D6
000004D7
000004D8
000004D9
000004DA
000004D3
000004DB
000004DC
000004D3
000004DD
000004DE
000004DF
000004E0
000004E1
000004E2
000004D3
000004E3
000004E4
000004D3
000004E5
000004E5
000004E6
000004E7
000004E8
000004E9
000004EA
000004EB
000004EC
000004ED
000004E5
000004EE
000004EF
000004F0
000004F1
000004F2
000004E5
000004F3
000004E5
000004F4
000004F5
000004F6
000004F7
000004F8
000004D3
000004D4
000004D4
000004D5
000004D6
000004D7
000004D8
000004D9
000004DA
000004D3
000004DB
000004DC
000004D3
000004DD
000004DE
000004DF
000004E0
000004E1
000004E2
000004D3
000004E3
000004E4
000004D3
000004E5
000004E5
000004E6
000004E7
000004E8
000004E9
000004EA
000004EB
000004EC
000004ED
000004E5
000004EE
000004EF
000004F0
000004F1
000004F2
000004E5
000004F3
000004E5
000004F4
000004F5
000004F6
000004F7
000004F8
000004D3
000004D4
000004D4
000004D5
000004D6
000004D7
000004D8
000004D9
000004DA
000004D3
000004DB
000004DC
000004D3
000004DD
000004DE
000004DF
000004E0
000004E1
000004E2
000004D3
000004E3
000004E4
000004D3
000004E5
000004E5
000004E6
000004E7
000004E8
000004E9
000004EA
000004EB
000004EC
000004ED
000004E5
000004EE
000004EF
000004F0
000004F1
000004F2
000004E5
000004F3
000004E5
000004F4
000004F5
000004F6
000004F7
000004F8
000004D3
000004D4
000004D4
000004D5
000004D6
000004D7
000004D8
000004D9
000004DA
000004D3
000004DB
000004DC
000004D3
000004DD
000004DE
000004DF
000004E0
000004E1
000004E2
000004D3
000004E3
000004E4
000004D3
000004E5
000004E5
000004E6
000004E7
000004E8
000004E9
000004EA
000004EB
000004EC
000004ED
000004E5
000004EE
000004EF
000004F0
000004F1
000004F2
000004E5
000004F3
000004E5
000004F4
000004F5
000004F6
000004F7
000004F8
000004D3
000004D4
000004D4
000004D5
000004D6
000004D7
000004D8
000004D9
000004DA
000004D3
000004DB
000004DC
000004D3
000004DD
000004DE
000004DF
000004E0
000004E1
000004E2
000004D3
000004E3
000004E4
000004D3
000004E5
000004E5
000004E6
000004E7
000004E8
000004E9
000004EA
000004EB
000004EC
000004ED
000004E5
000004EE
000004EF
000004F0
000004F1
000004F2
000004E5
000004F3
000004E5
000004F4
000004F5
000004F6
000004F7
000004F8
000004D3
000004D4
000004D4
000004D5
000004D6
000004D7
000004D8
000004D9
000004DA
000004D3
000004DB
000004DC
000004D3
000004DD
000004DE
000004DF
000004E0
000004E1
000004E2
000004D3
000004E3
000004E4
000004D3
000004E5
000004E5
000004E6
000004E7
000004E8
000004E9
000004EA
000004EB
000004EC
000004ED
000004E5
000004EE
000004EF
000004F0
000004F1
000004F2
000004E5
000004F3
000004E5
000004F4
000004F5
000004F6
000004F7
000004F8
000004D3
000004D4
000004D4
000004D5
000004D6
000004D7
000004D8
000004D9
000004DA
000004D3
000004DB
000004DC
000004D3
000004DD
000004DE
000004DF
000004E0
000004E1
000004E2
000004D3
000004E3
000004E4
000004D3
000004E5
000004E5
000004E6
000004E7
000004E8
000004E9
000004EA
000004EB
000004EC
000004ED
000004E5
000004EE
000004EF
000004F0
000004F1
000004F2
000004E5
000004F3
000004E5
000004F4
000004F5
000004F6
000004F7
000004F8
000004D3
000004D4
000004D4
000004D5
000004D6
000004D7
000004D8
000004D9
000004DA
000004D3
000004DB
000004DC
000004D3
000004DD
000004DE
000004DF
000004E0
000004E1
000004E2
000004D3
000004E3
000004E4
000004D3
000004E5
000004E5
000004E6
000004E7
000004E8
000004E9
000004EA
000004EB
000004EC
000004ED
000004E5
000004EE
000004EF
000004F0
000004F1
000004F2
000004E5
000004F3
000004E5
000004F4
000004F5
000004F6
000004F7
000004F8
000004D3
000004D4
000004D4
000004D5
000004D6
000004D7
000004D8
000004D9
000004DA
000004D3
000004DB
000004DC
000004D3
000004DD
000004DE
000004DF
000004E0
000004E1
000004E2
000004D3
000004E3
000004E4
000004D3
000004E5
000004E5
000004E6
000004E7
000004E8
000004E9
000004EA
000004EB
000004EC
000004ED
000004E5
000004EE
000004EF
000004F0
000004F1
000004F2
000004E5
000004F3
000004E5
000004F4
000004F5
000004F6
000004F7
000004F8
000004D3
000004D4
000004D4
000004D5
000004D6
000004D7
000004D8
000004D9
000004DA
000004D3
000004DB
000004DC
000004D3
000004DD
000004DE
000004DF
000004E0
000004E1
000004E2
000004D3
000004E3
000004E4
000004D3
000004E5
000004E5
000004E6
000004E7
000004E8
000004E9
000004EA
000004EB
000004EC
000004ED
000004E5
000004EE
000004EF
000004F0
000004F1
000004F2
000004E5
000004F3
000004E5
000004F4
000004F5
000004F6
000004F7
000004F8
000004D3
000004D4
000004D4
000004D5
000004D6
000004D7
000004D8
000004D9
000004DA
000004D3
000004DB
000004DC
000004D3
000004DD
000004DE
000004DF
000004E0
000004E1
000004E2
000004D3
000004E3
000004E4
000004D3
000004E5
000004E5
000004E6
000004E7
000004E8
000004E9
000004EA
000004EB
000004EC
000004ED
000004E5
000004EE
000004EF
000004F0
000004F1
000004F2
000004E5
000004F3
000004E5
000004F4
000004F5
000004F6
000004F7
000004F8
000004D3
000004D4
000004D4
000004D5
000004D6
000004D7
000004D8
000004D9
000004DA
000004D3
000004DB
000004DC
000004D3
000004DD
000004DE
000004DF
000004E0
000004E1
000004E2
000004D3
000004E3
000004E4
000004D3
000004E5
000004E5
000004E6
000004E7
000004E8
000004E9
000004EA
000004EB
000004EC
000004ED
000004E5
000004EE
000004EF
000004F0
000004F1
000004F2
000004E5
000004F3
000004E5
000004F4
000004F5
000004F6
000004F7
000004F8
000004D3
000004D4
000004D4
000004D5
000004D6
000004D7
000004D8
000004D9
000004DA
000004D3
000004DB
000004DC
000004D3
000004DD
000004DE
000004DF
000004E0
000004E1
000004E2
000004D3
000004E3
000004E4
000004D3
000004E5
000004E5
000004E6
000004E7
000004E8
000004E9
000004EA
000004EB
000004EC
000004ED
000004E5
000004EE
000004EF
000004F0
000004F1
000004F2
000004E5
000004F3
000004E5
000004F4
000004F5
000004F6
000004F7
000004F8
000004D3
000004D4
000004D4
000004D5
000004D6
000004D7
000004D8
000004D9
000004DA
000004D3
000004DB
000004DC
000004D3
000004DD
000004DE
000004DF
000004E0
000004E1
000004E2
000004D3
000004E3
000004E4
000004D3
000004E5
000004E5
000004E6
000004E7
000004E8
000004E9
000004EA
000004EB
000004EC
000004ED
000004E5
000004EE
000004EF
000004F0
000004F1
000004F2
000004E5
000004F3
000004E5
000004F4
000004F5
000004F6
000004F7
000004F8
000004D3
000004D4
000004D4
000004D5
000004D6
000004D7
000004D8
000004D9
000004DA
000004D3
000004DB
000004DC
000004D3
000004DD
000004DE
000004DF
000004E0
000004E1
000004E2
000004D3
000004E3
000004E4
000004D3
000004E5
000004E5
000004E6
000004E7
000004E8
000004E9
000004EA
000004EB
000004EC
000004ED
000004E5
000004EE
000004EF
000004F0
000004F1
000004F2
000004E5
000004F3
000004E5
000004F4
000004F5
000004F6
000004F7
000004F8
000004D3
000004D4
000004D4
000004D5
000004D6
000004D7
000004D8
000004D9
000004DA
000004D3
000004DB
000004DC
000004D3
000004DD
000004DE
000004DF
000004E0
000004E1
000004E2
000004D3
000004E3
000004E4
000004D3
000004E5
000004E5
000004E6
000004E7
000004E8
000004E9
000004EA
000004EB
000004EC
000004ED
000004E5
000004EE
000004EF
000004F0
000004F1
000004F2
000004E5
000004F3
000004E5
000004F4
000004F5
000004F6
000004F7
000004F8
000004D3
000004D4
000004D4
000004D5
000004D6
000004D7
000004D8
000004D9
000004DA
000004D3
000004DB
000004DC
000004D3
000004DD
000004DE
000004DF
000004E0
000004E1
000004E2
000004D3
000004E3
000004E4
000004D3
000004E5
000004E5
000004E6
000004E7
000004E8
000004E9
000004EA
000004EB
000004EC
000004ED
000004E5
000004EE
000004EF
000004F0
000004F1
000004F2
000004E5
000004F3
000004E5
000004F4
000004F5
000004F6
000004F7
000004F8
000004D3
000004D4
000004D4
000004D5
000004D6
000004D7
000004D8
000004D9
000004DA
000004D3
000004DB
000004DC
000004D3
000004DD
000004DE
000004DF
000004E0
000004E1
000004E2
000004D3
000004E3
000004E4
000004D3
000004E5
000004E5
000004E6
000004E7
000004E8
000004E9
000004EA
000004EB
000004EC
000004ED
000004E5
000004EE
000004EF
000004F0
000004F1
000004F2
000004E5
000004F3
000004E5
000004F4
000004F5
000004F6
000004F7
000004F8
000004D3
000004D4
000004D4
000004D5
000004D6
000004D7
000004D8
000004D9
000004DA
000004D3
000004DB
000004DC
000004D3
000004DD
000004DE
000004DF
000004E0
000004E1
000004E2
000004D3
000004E3
000004E4
000004D3
000004E5
000004E5
000004E6
000004E7
000004E8
000004E9
000004EA
000004EB
000004EC
000004ED
000004E5
000004EE
000004EF
000004F0
000004F1
000004F2
000004E5
000004F3
000004E5
000004F4
000004F5
000004F6
000004F7
000004F8
000004F9
000004FA
000004FA
000004FB
000004FC
000004FD
000004FE
000004FF
00000500
000004F9
00000501
00000502
000004F9
00000503
00000504
00000505
00000506
00000507
00000508
000004F9
00000509
0000050A
000004F9
0000050B
0000050B
0000050C
0000050D
0000050E
0000050F
0000050B
00000510
00000511
00000512
0000050B
00000513
00000514
00000515
00000516
00000517
0000050B
00000518
00000519
0000051A
0000051B
0000051C
0000051D
0000051E
000004F9
000004FA
000004FA
000004FB
000004FC
000004FD
000004FE
000004FF
00000500
000004F9
00000501
00000502
000004F9
00000503
00000504
00000505
00000506
00000507
00000508
000004F9
00000509
0000050A
000004F9
0000050B
0000050B
0000050C
0000050D
0000050E
0000050F
0000050B
00000510
00000511
00000512
0000050B
00000513
00000514
00000515
00000516
00000517
0000050B
00000518
00000519
0000051A
0000051B
0000051C
0000051D
0000051E
000004F9
000004FA
000004FA
000004FB
000004FC
000004FD
000004FE
000004FF
00000500
000004F9
00000501
00000502
000004F9
00000503
00000504
00000505
00000506
00000507
00000508
000004F9
00000509
0000050A
000004F9
0000050B
0000050B
0000050C
0000050D
0000050E
0000050F
0000050B
00000510
00000511
00000512
0000050B
00000513
00000514
00000515
00000516
00000517
0000050B
00000518
00000519
0000051A
0000051B
0000051C
0000051D
0000051E
000004F9
000004FA
000004FA
000004FB
000004FC
000004FD
000004FE
000004FF
00000500
000004F9
00000501
00000502
000004F9
00000503
00000504
00000505
00000506
00000507
00000508
000004F9
00000509
0000050A
000004F9
0000050B
0000050B
0000050C
0000050D
0000050E
0000050F
0000050B
00000510
00000511
00000512
0000050B
00000513
00000514
00000515
00000516
00000517
0000050B
00000518
00000519
0000051A
0000051B
0000051C
0000051D
0000051E
000004F9
000004FA
000004FA
000004FB
000004FC
000004FD
000004FE
000004FF
00000500
000004F9
00000501
00000502
000004F9
00000503
00000504
00000505
00000506
00000507
00000508
000004F9
00000509
0000050A
000004F9
0000050B
0000050B
0000050C
0000050D
0000050E
0000050F
0000050B
00000510
00000511
00000512
0000050B
00000513
00000514
00000515
00000516
00000517
0000050B
00000518
00000519
0000051A
0000051B
0000051C
0000051D
0000051E
000004F9
000004FA
000004FA
000004FB
000004FC
000004FD
000004FE
000004FF
00000500
000004F9
00000501
00000502
000004F9
00000503
00000504
00000505
00000506
00000507
00000508
000004F9
00000509
0000050A
000004F9
0000050B
0000050B
0000050C
0000050D
0000050E
0000050F
0000050B
00000510
00000511
00000512
0000050B
00000513
00000514
00000515
00000516
00000517
0000050B
00000518
00000519
0000051A
0000051B
0000051C
0000051D
0000051E
000004F9
000004FA
000004FA
000004FB
000004FC
000004FD
000004FE
000004FF
00000500
000004F9
00000501
00000502
000004F9
00000503
00000504
00000505
00000506
00000507
00000508
000004F9
00000509
0000050A
000004F9
0000050B
0000050B
0000050C
0000050D
0000050E
0000050F
0000050B
00000510
00000511
00000512
0000050B
00000513
00000514
00000515
00000516
00000517
0000050B
00000518
00000519
0000051A
0000051B
0000051C
0000051D
0000051E
000004F9
000004FA
000004FA
000004FB
000004FC
000004FD
000004FE
000004FF
00000500
000004F9
00000501
00000502
000004F9
00000503
00000504
00000505
00000506
00000507
00000508
000004F9
00000509
0000050A
000004F9
0000050B
0000050B
0000050C
0000050D
0000050E
0000050F
0000050B
00000510
00000511
00000512
0000050B
00000513
00000514
00000515
00000516
00000517
0000050B
00000518
00000519
0000051A
0000051B
0000051C
0000051D
0000051E
000004F9
000004FA
000004FA
000004FB
000004FC
000004FD
000004FE
000004FF
00000500
000004F9
00000501
00000502
000004F9
00000503
00000504
00000505
00000506
00000507
00000508
000004F9
00000509
0000050A
000004F9
0000050B
0000050B
0000050C
0000050D
0000050E
0000050F
0000050B
00000510
00000511
00000512
0000050B
00000513
00000514
00000515
00000516
00000517
0000050B
00000518
00000519
0000051A
0000051B
0000051C
0000051D
0000051E
000004F9
000004FA
000004FA
000004FB
000004FC
000004FD
000004FE
000004FF
00000500
000004F9
00000501
00000502
000004F9
00000503
00000504
00000505
00000506
00000507
00000508
000004F9
00000509
0000050A
000004F9
0000050B
0000050B
0000050C
0000050D
0000050E
0000050F
0000050B
00000510
00000511
00000512
0000050B
00000513
00000514
00000515
00000516
00000517
0000050B
00000518
00000519
0000051A
0000051B
0000051C
0000051D
0000051E
000004F9
000004FA
000004FA
000004FB
000004FC
000004FD
000004FE
000004FF
00000500
000004F9
00000501
00000502
000004F9
00000503
00000504
00000505
00000506
00000507
00000508
000004F9
00000509
0000050A
000004F9
0000050B
0000050B
0000050C
0000050D
0000050E
0000050F
0000050B
00000510
00000511
00000512
0000050B
00000513
00000514
00000515
00000516
00000517
0000050B
00000518
00000519
0000051A
0000051B
0000051C
0000051D
0000051E
000004F9
000004FA
000004FA
000004FB
000004FC
000004FD
000004FE
000004FF
00000500
000004F9
00000501
00000502
000004F9
00000503
00000504
00000505
00000506
00000507
00000508
000004F9
00000509
0000050A
000004F9
0000050B
0000050B
0000050C
0000050D
0000050E
0000050F
0000050B
00000510
00000511
00000512
0000050B
00000513
00000514
00000515
00000516
00000517
0000050B
00000518
00000519
0000051A
0000051B
0000051C
0000051D
0000051E
000004F9
000004FA
000004FA
000004FB
000004FC
000004FD
000004FE
000004FF
00000500
000004F9
00000501
00000502
000004F9
00000503
00000504
00000505
00000506
00000507
00000508
000004F9
00000509
0000050A
000004F9
0000050B
0000050B
0000050C
0000050D
0000050E
0000050F
0000050B
00000510
00000511
00000512
0000050B
00000513
00000514
00000515
00000516
00000517
0000050B
00000518
00000519
0000051A
0000051B
0000051C
0000051D
0000051E
000004F9
000004FA
000004FA
000004FB
000004FC
000004FD
000004FE
000004FF
00000500
000004F9
00000501
00000502
000004F9
00000503
00000504
00000505
00000506
00000507
00000508
000004F9
00000509
0000050A
000004F9
0000050B
0000050B
0000050C
0000050D
0000050E
0000050F
0000050B
00000510
00000511
00000512
0000050B
00000513
00000514
00000515
00000516
00000517
0000050B
00000518
00000519
0000051A
0000051B
0000051C
0000051D
0000051E
000004F9
000004FA
000004FA
000004FB
000004FC
000004FD
000004FE
000004FF
00000500
000004F9
00000501
00000502
000004F9
00000503
00000504
00000505
00000506
00000507
00000508
000004F9
00000509
0000050A
000004F9
0000050B
0000050B
0000050C
0000050D
0000050E
0000050F
0000050B
00000510
00000511
00000512
0000050B
00000513
00000514
00000515
00000516
00000517
0000050B
00000518
00000519
0000051A
0000051B
0000051C
0000051D
0000051E
000004F9
000004FA
000004FA
000004FB
000004FC
000004FD
000004FE
000004FF
00000500
000004F9
00000501
00000502
000004F9
00000503
00000504
00000505
00000506
00000507
00000508
000004F9
00000509
0000050A
000004F9
0000050B
0000050B
0000050C
0000050D
0000050E
0000050F
0000050B
00000510
00000511
00000512
0000050B
00000513
00000514
00000515
00000516
00000517
0000050B
00000518
00000519
0000051A
0000051B
0000051C
0000051D
0000051E
000004F9
000004FA
000004FA
000004FB
000004FC
000004FD
000004FE
000004FF
00000500
000004F9
00000501
00000502
000004F9
00000503
00000504
00000505
00000506
00000507
00000508
000004F9
00000509
0000050A
000004F9
0000050B
0000050B
0000050C
0000050D
0000050E
0000050F
0000050B
00000510
00000511
00000512
0000050B
00000513
00000514
00000515
00000516
00000517
0000050B
00000518
00000519
0000051A
0000051B
0000051C
0000051D
0000051E
000004F9
000004FA
000004FA
000004FB
000004FC
000004FD
000004FE
000004FF
00000500
000004F9
00000501
00000502
000004F9
00000503
00000504
00000505
00000506
00000507
00000508
000004F9
00000509
0000050A
000004F9
0000050B
0000050B
0000050C
0000050D
0000050E
0000050F
0000050B
00000510
00000511
00000512
0000050B
00000513
00000514
00000515
00000516
00000517
0000050B
00000518
00000519
0000051A
0000051B
0000051C
0000051D
0000051E
000004F9
000004FA
000004FA
000004FB
000004FC
000004FD
000004FE
000004FF
00000500
000004F9
00000501
00000502
000004F9
00000503
00000504
00000505
00000506
00000507
00000508
000004F9
00000509
0000050A
000004F9
0000050B
0000050B
0000050C
0000050D
0000050E
0000050F
0000050B
00000510
00000511
00000512
0000050B
00000513
00000514
00000515
00000516
00000517
0000050B
00000518
00000519
0000051A
0000051B
0000051C
0000051D
0000051E
000004F9
000004FA
000004FA
000004FB
000004FC
000004FD
000004FE
000004FF
00000500
000004F9
00000501
00000502
000004F9
00000503
00000504
00000505
00000506
00000507
00000508
000004F9
00000509
0000050A
000004F9
0000050B
0000050B
0000050C
0000050D
0000050E
0000050F
0000050B
00000510
00000511
00000512
0000050B
00000513
00000514
00000515
00000516
00000517
0000050B
00000518
00000519
0000051A
0000051B
0000051C
0000051D
0000051E
000004F9
000004FA
000004FA
000004FB
000004FC
000004FD
000004FE
000004FF
00000500
000004F9
00000501
00000502
000004F9
00000503
00000504
00000505
00000506
00000507
00000508
000004F9
00000509
0000050A
000004F9
0000050B
0000050B
0000050C
0000050D
0000050E
0000050F
0000050B
00000510
00000511
00000512
0000050B
00000513
00000514
00000515
00000516
00000517
0000050B
00000518
00000519
0000051A
0000051B
0000051C
0000051D
0000051E
000004F9
000004FA
000004FA
000004FB
000004FC
000004FD
000004FE
000004FF
00000500
000004F9
00000501
00000502
000004F9
00000503
00000504
00000505
00000506
00000507
00000508
000004F9
00000509
0000050A
000004F9
0000050B
0000050B
0000050C
0000050D
0000050E
0000050F
0000050B
00000510
00000511
00000512
0000050B
00000513
00000514
00000515
00000516
00000517
0000050B
00000518
00000519
0000051A
0000051B
0000051C
0000051D
0000051E
000004F9
000004FA
000004FA
000004FB
000004FC
000004FD
000004FE
000004FF
00000500
000004F9
00000501
00000502
000004F9
00000503
00000504
00000505
00000506
00000507
00000508
000004F9
00000509
0000050A
000004F9
0000050B
0000050B
0000050C
0000050D
0000050E
0000050F
0000050B
00000510
00000511
00000512
0000050B
00000513
00000514
00000515
00000516
00000517
0000050B
00000518
00000519
0000051A
0000051B
0000051C
0000051D
0000051E
0000051F
0000051F
0000051F
00000520
00000521
00000522
00000523
00000524
00000525
0000051F
00000526
00000527
0000051F
00000528
00000529
0000052A
0000052B
0000052C
0000052D
0000051F
0000052E
0000052F
00000530
00000531
00000532
00000533
00000534
00000535
00000536
00000537
00000538
00000539
0000053A
00000531
0000053B
0000053C
0000053D
0000053E
0000053F
00000531
00000540
00000531
00000541
00000542
00000543
00000544
00000545
0000051F
0000051F
0000051F
00000520
00000521
00000522
00000523
00000524
00000525
0000051F
00000526
00000527
0000051F
00000528
00000529
0000052A
0000052B
0000052C
0000052D
0000051F
0000052E
0000052F
00000530
00000531
00000532
00000533
00000534
00000535
00000536
00000537
00000538
00000539
0000053A
00000531
0000053B
0000053C
0000053D
0000053E
0000053F
00000531
00000540
00000531
00000541
00000542
00000543
00000544
00000545
0000051F
0000051F
0000051F
00000520
00000521
00000522
00000523
00000524
00000525
0000051F
00000526
00000527
0000051F
00000528
00000529
0000052A
0000052B
0000052C
0000052D
0000051F
0000052E
0000052F
00000530
00000531
00000532
00000533
00000534
00000535
00000536
00000537
00000538
00000539
0000053A
00000531
0000053B
0000053C
0000053D
0000053E
0000053F
00000531
00000540
00000531
00000541
00000542
00000543
00000544
00000545
0000051F
0000051F
0000051F
00000520
00000521
00000522
00000523
00000524
00000525
0000051F
00000526
00000527
0000051F
00000528
00000529
0000052A
0000052B
0000052C
0000052D
0000051F
0000052E
0000052F
00000530
00000531
00000532
00000533
00000534
00000535
00000536
00000537
00000538
00000539
0000053A
00000531
0000053B
0000053C
0000053D
0000053E
0000053F
00000531
00000540
00000531
00000541
00000542
00000543
00000544
00000545
0000051F
0000051F
0000051F
00000520
00000521
00000522
00000523
00000524
00000525
0000051F
00000526
00000527
0000051F
00000528
00000529
0000052A
0000052B
0000052C
0000052D
0000051F
0000052E
0000052F
00000530
00000531
00000532
00000533
00000534
00000535
00000536
00000537
00000538
00000539
0000053A
00000531
0000053B
0000053C
0000053D
0000053E
0000053F
00000531
00000540
00000531
00000541
00000542
00000543
00000544
00000545
0000051F
0000051F
0000051F
00000520
00000521
00000522
00000523
00000524
00000525
0000051F
00000526
00000527
0000051F
00000528
00000529
0000052A
0000052B
0000052C
0000052D
0000051F
0000052E
0000052F
00000530
00000531
00000532
00000533
00000534
00000535
00000536
00000537
00000538
00000539
0000053A
00000531
0000053B
0000053C
0000053D
0000053E
0000053F
00000531
00000540
00000531
00000541
00000542
00000543
00000544
00000545
0000051F
0000051F
0000051F
00000520
00000521
00000522
00000523
00000524
00000525
0000051F
00000526
00000527
0000051F
00000528
00000529
0000052A
0000052B
0000052C
0000052D
0000051F
0000052E
0000052F
00000530
00000531
00000532
00000533
00000534
00000535
00000536
00000537
00000538
00000539
0000053A
00000531
0000053B
0000053C
0000053D
0000053E
0000053F
00000531
00000540
00000531
00000541
00000542
00000543
00000544
00000545
0000051F
0000051F
0000051F
00000520
00000521
00000522
00000523
00000524
00000525
0000051F
00000526
00000527
0000051F
00000528
00000529
0000052A
0000052B
0000052C
0000052D
0000051F
0000052E
0000052F
00000530
00000531
00000532
00000533
00000534
00000535
00000536
00000537
00000538
00000539
0000053A
00000531
0000053B
0000053C
0000053D
0000053E
0000053F
00000531
00000540
00000531
00000541
00000542
00000543
00000544
00000545
0000051F
0000051F
0000051F
00000520
00000521
00000522
00000523
00000524
00000525
0000051F
00000526
00000527
0000051F
00000528
00000529
0000052A
0000052B
0000052C
0000052D
0000051F
0000052E
0000052F
00000530
00000531
00000532
00000533
00000534
00000535
00000536
00000537
00000538
00000539
0000053A
00000531
0000053B
0000053C
0000053D
0000053E
0000053F
00000531
00000540
00000531
00000541
00000542
00000543
00000544
00000545
0000051F
0000051F
0000051F
00000520
00000521
00000522
00000523
00000524
00000525
0000051F
00000526
00000527
0000051F
00000528
00000529
0000052A
0000052B
0000052C
0000052D
0000051F
0000052E
0000052F
00000530
00000531
00000532
00000533
00000534
00000535
00000536
00000537
00000538
00000539
0000053A
00000531
0000053B
0000053C
0000053D
0000053E
0000053F
00000531
00000540
00000531
00000541
00000542
00000543
00000544
00000545
0000051F
0000051F
0000051F
00000520
00000521
00000522
00000523
00000524
00000525
0000051F
00000526
00000527
0000051F
00000528
00000529
0000052A
0000052B
0000052C
0000052D
0000051F
0000052E
0000052F
00000530
00000531
00000532
00000533
00000534
00000535
00000536
00000537
00000538
00000539
0000053A
00000531
0000053B
0000053C
0000053D
0000053E
0000053F
00000531
00000540
00000531
00000541
00000542
00000543
00000544
00000545
0000051F
0000051F
0000051F
00000520
00000521
00000522
00000523
00000524
00000525
0000051F
00000526
00000527
0000051F
00000528
00000529
0000052A
0000052B
0000052C
0000052D
0000051F
0000052E
0000052F
00000530
00000531
00000532
00000533
00000534
00000535
00000536
00000537
00000538
00000539
0000053A
00000531
0000053B
0000053C
0000053D
0000053E
0000053F
00000531
00000540
00000531
00000541
00000542
00000543
00000544
00000545
0000051F
0000051F
0000051F
00000520
00000521
00000522
00000523
00000524
00000525
0000051F
00000526
00000527
0000051F
00000528
00000529
0000052A
0000052B
0000052C
0000052D
0000051F
0000052E
0000052F
00000530
00000531
00000532
00000533
00000534
00000535
00000536
00000537
00000538
00000539
0000053A
00000531
0000053B
0000053C
0000053D
0000053E
0000053F
00000531
00000540
00000531
00000541
00000542
00000543
00000544
00000545
0000051F
0000051F
0000051F
00000520
00000521
00000522
00000523
00000524
00000525
0000051F
00000526
00000527
0000051F
00000528
00000529
0000052A
0000052B
0000052C
0000052D
0000051F
0000052E
0000052F
00000530
00000531
00000532
00000533
00000534
00000535
00000536
00000537
00000538
00000539
0000053A
00000531
0000053B
0000053C
0000053D
0000053E
0000053F
00000531
00000540
00000531
00000541
00000542
00000543
00000544
00000545
0000051F
0000051F
0000051F
00000520
00000521
00000522
00000523
00000524
00000525
0000051F
00000526
00000527
0000051F
00000528
00000529
0000052A
0000052B
0000052C
0000052D
0000051F
0000052E
0000052F
00000530
00000531
00000532
00000533
00000534
00000535
00000536
00000537
00000538
00000539
0000053A
00000531
0000053B
0000053C
0000053D
0000053E
0000053F
00000531
00000540
00000531
00000541
00000542
00000543
00000544
00000545
0000051F
0000051F
0000051F
00000520
00000521
00000522
00000523
00000524
00000525
0000051F
00000526
00000527
0000051F
00000528
00000529
0000052A
0000052B
0000052C
0000052D
0000051F
0000052E
0000052F
00000530
00000531
00000532
00000533
00000534
00000535
00000536
00000537
00000538
00000539
0000053A
00000531
0000053B
0000053C
0000053D
0000053E
0000053F
00000531
00000540
00000531
00000541
00000542
00000543
00000544
00000545
0000051F
0000051F
0000051F
00000520
00000521
00000522
00000523
00000524
00000525
0000051F
00000526
00000527
0000051F
00000528
00000529
0000052A
0000052B
0000052C
0000052D
0000051F
0000052E
0000052F
00000530
00000531
00000532
00000533
00000534
00000535
00000536
00000537
00000538
00000539
0000053A
00000531
0000053B
0000053C
0000053D
0000053E
0000053F
00000531
00000540
00000531
00000541
00000542
00000543
00000544
00000545
0000051F
0000051F
0000051F
00000520
00000521
00000522
00000523
00000524
00000525
0000051F
00000526
00000527
0000051F
00000528
00000529
0000052A
0000052B
0000052C
0000052D
0000051F
0000052E
0000052F
00000530
00000531
00000532
00000533
00000534
00000535
00000536
00000537
00000538
00000539
0000053A
00000531
0000053B
0000053C
0000053D
0000053E
0000053F
00000531
00000540
00000531
00000541
00000542
00000543
00000544
00000545
0000051F
0000051F
0000051F
00000520
00000521
00000522
00000523
00000524
00000525
0000051F
00000526
00000527
0000051F
00000528
00000529
0000052A
0000052B
0000052C
0000052D
0000051F
0000052E
0000052F
00000530
00000531
00000532
00000533
00000534
00000535
00000536
00000537
00000538
00000539
0000053A
00000531
0000053B
0000053C
0000053D
0000053E
0000053F
00000531
00000540
00000531
00000541
00000542
00000543
00000544
00000545
0000051F
0000051F
0000051F
00000520
00000521
00000522
00000523
00000524
00000525
0000051F
00000526
00000527
0000051F
00000528
00000529
0000052A
0000052B
0000052C
0000052D
0000051F
0000052E
0000052F
00000530
00000531
00000532
00000533
00000534
00000535
00000536
00000537
00000538
00000539
0000053A
00000531
0000053B
0000053C
0000053D
0000053E
0000053F
00000531
00000540
00000531
00000541
00000542
00000543
00000544
00000545
0000051F
0000051F
0000051F
00000520
00000521
00000522
00000523
00000524
00000525
0000051F
00000526
00000527
0000051F
00000528
00000529
0000052A
0000052B
0000052C
0000052D
0000051F
0000052E
0000052F
00000530
00000531
00000532
00000533
00000534
00000535
00000536
00000537
00000538
00000539
0000053A
00000531
0000053B
0000053C
0000053D
0000053E
0000053F
00000531
00000540
00000531
00000541
00000542
00000543
00000544
00000545
0000051F
0000051F
0000051F
00000520
00000521
00000522
00000523
00000524
00000525
0000051F
00000526
00000527
0000051F
00000528
00000529
0000052A
0000052B
0000052C
0000052D
0000051F
0000052E
0000052F
00000530
00000531
00000532
00000533
00000534
00000535
00000536
00000537
00000538
00000539
0000053A
00000531
0000053B
0000053C
0000053D
0000053E
0000053F
00000531
00000540
00000531
00000541
00000542
00000543
00000544
00000545
0000051F
0000051F
0000051F
00000520
00000521
00000522
00000523
00000524
00000525
0000051F
00000526
00000527
0000051F
00000528
00000529
0000052A
0000052B
0000052C
0000052D
0000051F
0000052E
0000052F
00000530
00000531
00000532
00000533
00000534
00000535
00000536
00000537
00000538
00000539
0000053A
00000531
0000053B
0000053C
0000053D
0000053E
0000053F
00000531
00000540
00000531
00000541
00000542
00000543
00000544
00000545
00000546
00000547
00000547
00000548
00000549
0000054A
0000054B
0000054C
0000054D
00000546
0000054E
0000054F
00000546
00000550
00000551
00000552
00000553
00000554
00000555
00000546
00000556
00000557
00000546
00000558
00000558
00000559
0000055A
0000055B
0000055C
00000558
0000055D
0000055E
0000055F
00000558
00000560
00000561
00000562
00000563
00000564
00000558
00000565
00000566
00000567
00000568
00000569
0000056A
0000056B
00000546
00000547
00000547
00000548
00000549
0000054A
0000054B
0000054C
0000054D
00000546
0000054E
0000054F
00000546
00000550
00000551
00000552
00000553
00000554
00000555
00000546
00000556
00000557
00000546
00000558
00000558
00000559
0000055A
0000055B
0000055C
00000558
0000055D
0000055E
0000055F
00000558
00000560
00000561
00000562
00000563
00000564
00000558
00000565
00000566
00000567
00000568
00000569
0000056A
0000056B
00000546
00000547
00000547
00000548
00000549
0000054A
0000054B
0000054C
0000054D
00000546
0000054E
0000054F
00000546
00000550
00000551
00000552
00000553
00000554
00000555
00000546
00000556
00000557
00000546
00000558
00000558
00000559
0000055A
0000055B
0000055C
00000558
0000055D
0000055E
0000055F
00000558
00000560
00000561
00000562
00000563
00000564
00000558
00000565
00000566
00000567
00000568
00000569
0000056A
0000056B
00000546
00000547
00000547
00000548
00000549
0000054A
0000054B
0000054C
0000054D
00000546
0000054E
0000054F
00000546
00000550
00000551
00000552
00000553
00000554
00000555
00000546
00000556
00000557
00000546
00000558
00000558
00000559
0000055A
0000055B
0000055C
00000558
0000055D
0000055E
0000055F
00000558
00000560
00000561
00000562
00000563
00000564
00000558
00000565
00000566
00000567
00000568
00000569
0000056A
0000056B
00000546
00000547
00000547
00000548
00000549
0000054A
0000054B
0000054C
0000054D
00000546
0000054E
0000054F
00000546
00000550
00000551
00000552
00000553
00000554
00000555
00000546
00000556
00000557
00000546
00000558
00000558
00000559
0000055A
0000055B
0000055C
00000558
0000055D
0000055E
0000055F
00000558
00000560
00000561
00000562
00000563
00000564
00000558
00000565
00000566
00000567
00000568
00000569
0000056A
0000056B
00000546
00000547
00000547
00000548
00000549
0000054A
0000054B
0000054C
0000054D
00000546
0000054E
0000054F
00000546
00000550
00000551
00000552
00000553
00000554
00000555
00000546
00000556
00000557
00000546
00000558
00000558
00000559
0000055A
0000055B
0000055C
00000558
0000055D
0000055E
0000055F
00000558
00000560
00000561
00000562
00000563
00000564
00000558
00000565
00000566
00000567
00000568
00000569
0000056A
0000056B
00000546
00000547
00000547
00000548
00000549
0000054A
0000054B
0000054C
0000054D
00000546
0000054E
0000054F
00000546
00000550
00000551
00000552
00000553
00000554
00000555
00000546
00000556
00000557
00000546
00000558
00000558
00000559
0000055A
0000055B
0000055C
00000558
0000055D
0000055E
0000055F
00000558
00000560
00000561
00000562
00000563
00000564
00000558
00000565
00000566
00000567
00000568
00000569
0000056A
0000056B
00000546
00000547
00000547
00000548
00000549
0000054A
0000054B
0000054C
0000054D
00000546
0000054E
0000054F
00000546
00000550
00000551
00000552
00000553
00000554
00000555
00000546
00000556
00000557
00000546
00000558
00000558
00000559
0000055A
0000055B
0000055C
00000558
0000055D
0000055E
0000055F
00000558
00000560
00000561
00000562
00000563
00000564
00000558
00000565
00000566
00000567
00000568
00000569
0000056A
0000056B
00000546
00000547
00000547
00000548
00000549
0000054A
0000054B
0000054C
0000054D
00000546
0000054E
0000054F
00000546
00000550
00000551
00000552
00000553
00000554
00000555
00000546
00000556
00000557
00000546
00000558
00000558
00000559
0000055A
0000055B
0000055C
00000558
0000055D
0000055E
0000055F
00000558
00000560
00000561
00000562
00000563
00000564
00000558
00000565
00000566
00000567
00000568
00000569
0000056A
0000056B
00000546
00000547
00000547
00000548
00000549
0000054A
0000054B
0000054C
0000054D
00000546
0000054E
0000054F
00000546
00000550
00000551
00000552
00000553
00000554
00000555
00000546
00000556
00000557
00000546
00000558
00000558
00000559
0000055A
0000055B
0000055C
00000558
0000055D
0000055E
0000055F
00000558
00000560
00000561
00000562
00000563
00000564
00000558
00000565
00000566
00000567
00000568
00000569
0000056A
0000056B
00000546
00000547
00000547
00000548
00000549
0000054A
0000054B
0000054C
0000054D
00000546
0000054E
0000054F
00000546
00000550
00000551
00000552
00000553
00000554
00000555
00000546
00000556
00000557
00000546
00000558
00000558
00000559
0000055A
0000055B
0000055C
00000558
0000055D
0000055E
0000055F
00000558
00000560
00000561
00000562
00000563
00000564
00000558
00000565
00000566
00000567
00000568
00000569
0000056A
0000056B
00000546
00000547
00000547
00000548
00000549
0000054A
0000054B
0000054C
0000054D
00000546
0000054E
0000054F
00000546
00000550
00000551
00000552
00000553
00000554
00000555
00000546
00000556
00000557
00000546
00000558
00000558
00000559
0000055A
0000055B
0000055C
00000558
0000055D
0000055E
0000055F
00000558
00000560
00000561
00000562
00000563
00000564
00000558
00000565
00000566
00000567
00000568
00000569
0000056A
0000056B
00000546
00000547
00000547
00000548
00000549
0000054A
0000054B
0000054C
0000054D
00000546
0000054E
0000054F
00000546
00000550
00000551
00000552
00000553
00000554
00000555
00000546
00000556
00000557
00000546
00000558
00000558
00000559
0000055A
0000055B
0000055C
00000558
0000055D
0000055E
0000055F
00000558
00000560
00000561
00000562
00000563
00000564
00000558
00000565
00000566
00000567
00000568
00000569
0000056A
0000056B
00000546
00000547
00000547
00000548
00000549
0000054A
0000054B
0000054C
0000054D
00000546
0000054E
0000054F
00000546
00000550
00000551
00000552
00000553
00000554
00000555
00000546
00000556
00000557
00000546
00000558
00000558
00000559
0000055A
0000055B
0000055C
00000558
0000055D
0000055E
0000055F
00000558
00000560
00000561
00000562
00000563
00000564
00000558
00000565
00000566
00000567
00000568
00000569
0000056A
0000056B
00000546
00000547
00000547
00000548
00000549
0000054A
0000054B
0000054C
0000054D
00000546
0000054E
0000054F
00000546
00000550
00000551
00000552
00000553
00000554
00000555
00000546
00000556
00000557
00000546
00000558
00000558
00000559
0000055A
0000055B
0000055C
00000558
0000055D
0000055E
0000055F
00000558
00000560
00000561
00000562
00000563
00000564
00000558
00000565
00000566
00000567
00000568
00000569
0000056A
0000056B
00000546
00000547
00000547
00000548
00000549
0000054A
0000054B
0000054C
0000054D
00000546
0000054E
0000054F
00000546
00000550
00000551
00000552
00000553
00000554
00000555
00000546
00000556
00000557
00000546
00000558
00000558
00000559
0000055A
0000055B
0000055C
00000558
0000055D
0000055E
0000055F
00000558
00000560
00000561
00000562
00000563
00000564
00000558
00000565
00000566
00000567
00000568
00000569
0000056A
0000056B
00000546
00000547
00000547
00000548
00000549
0000054A
0000054B
0000054C
0000054D
00000546
0000054E
0000054F
00000546
00000550
00000551
00000552
00000553
00000554
00000555
00000546
00000556
00000557
00000546
00000558
00000558
00000559
0000055A
0000055B
0000055C
00000558
0000055D
0000055E
0000055F
00000558
00000560
00000561
00000562
00000563
00000564
00000558
00000565
00000566
00000567
00000568
00000569
0000056A
0000056B
00000546
00000547
00000547
00000548
00000549
0000054A
0000054B
0000054C
0000054D
00000546
0000054E
0000054F
00000546
00000550
00000551
00000552
00000553
00000554
00000555
00000546
00000556
00000557
00000546
00000558
00000558
00000559
0000055A
0000055B
0000055C
00000558
0000055D
0000055E
0000055F
00000558
00000560
00000561
00000562
00000563
00000564
00000558
00000565
00000566
00000567
00000568
00000569
0000056A
0000056B
00000546
00000547
00000547
00000548
00000549
0000054A
0000054B
0000054C
0000054D
00000546
0000054E
0000054F
00000546
00000550
00000551
00000552
00000553
00000554
00000555
00000546
00000556
00000557
00000546
00000558
00000558
00000559
0000055A
0000055B
0000055C
00000558
0000055D
0000055E
0000055F
00000558
00000560
00000561
00000562
00000563
00000564
00000558
00000565
00000566
00000567
00000568
00000569
0000056A
0000056B
00000546
00000547
00000547
00000548
00000549
0000054A
0000054B
0000054C
0000054D
00000546
0000054E
0000054F
00000546
00000550
00000551
00000552
00000553
00000554
00000555
00000546
00000556
00000557
00000546
00000558
00000558
00000559
0000055A
0000055B
0000055C
00000558
0000055D
0000055E
0000055F
00000558
00000560
00000561
00000562
00000563
00000564
00000558
00000565
00000566
00000567
00000568
00000569
0000056A
0000056B
00000546
00000547
00000547
00000548
00000549
0000054A
0000054B
0000054C
0000054D
00000546
0000054E
0000054F
00000546
00000550
00000551
00000552
00000553
00000554
00000555
00000546
00000556
00000557
00000546
00000558
00000558
00000559
0000055A
0000055B
0000055C
00000558
0000055D
0000055E
0000055F
00000558
00000560
00000561
00000562
00000563
00000564
00000558
00000565
00000566
00000567
00000568
00000569
0000056A
0000056B
00000546
00000547
00000547
00000548
00000549
0000054A
0000054B
0000054C
0000054D
00000546
0000054E
0000054F
00000546
00000550
00000551
00000552
00000553
00000554
00000555
00000546
00000556
00000557
00000546
00000558
00000558
00000559
0000055A
0000055B
0000055C
00000558
0000055D
0000055E
0000055F
00000558
00000560
00000561
00000562
00000563
00000564
00000558
00000565
00000566
00000567
00000568
00000569
0000056A
0000056B
00000546
00000547
00000547
00000548
00000549
0000054A
0000054B
0000054C
0000054D
00000546
0000054E
0000054F
00000546
00000550
00000551
00000552
00000553
00000554
00000555
00000546
00000556
00000557
00000546
00000558
00000558
00000559
0000055A
0000055B
0000055C
00000558
0000055D
0000055E
0000055F
00000558
00000560
00000561
00000562
00000563
00000564
00000558
00000565
00000566
00000567
00000568
00000569
0000056A
0000056B
0000056C
0000056C
0000056C
0000056D
0000056E
0000056F
00000570
00000571
00000572
0000056C
00000573
00000574
0000056C
00000575
00000576
00000577
00000578
00000579
0000057A
0000057B
0000057C
0000057D
0000056C
0000057E
0000057E
0000057F
00000580
00000581
00000582
0000057E
00000583
00000584
00000585
0000057E
00000586
00000587
00000588
00000589
0000058A
0000058B
0000058C
0000057E
0000058D
0000058E
0000058F
00000590
00000591
0000056C
0000056C
0000056C
0000056D
0000056E
0000056F
00000570
00000571
00000572
0000056C
00000573
00000574
0000056C
00000575
00000576
00000577
00000578
00000579
0000057A
0000057B
0000057C
0000057D
0000056C
0000057E
0000057E
0000057F
00000580
00000581
00000582
0000057E
00000583
00000584
00000585
0000057E
00000586
00000587
00000588
00000589
0000058A
0000058B
0000058C
0000057E
0000058D
0000058E
0000058F
00000590
00000591
0000056C
0000056C
0000056C
0000056D
0000056E
0000056F
00000570
00000571
00000572
0000056C
00000573
00000574
0000056C
00000575
00000576
00000577
00000578
00000579
0000057A
0000057B
0000057C
0000057D
0000056C
0000057E
0000057E
0000057F
00000580
00000581
00000582
0000057E
00000583
00000584
00000585
0000057E
00000586
00000587
00000588
00000589
0000058A
0000058B
0000058C
0000057E
0000058D
0000058E
0000058F
00000590
00000591
0000056C
0000056C
0000056C
0000056D
0000056E
0000056F
00000570
00000571
00000572
0000056C
00000573
00000574
0000056C
00000575
00000576
00000577
00000578
00000579
0000057A
0000057B
0000057C
0000057D
0000056C
0000057E
0000057E
0000057F
00000580
00000581
00000582
0000057E
00000583
00000584
00000585
0000057E
00000586
00000587
00000588
00000589
0000058A
0000058B
0000058C
0000057E
0000058D
0000058E
0000058F
00000590
00000591
0000056C
0000056C
0000056C
0000056D
0000056E
0000056F
00000570
00000571
00000572
0000056C
00000573
00000574
0000056C
00000575
00000576
00000577
00000578
00000579
0000057A
0000057B
0000057C
0000057D
0000056C
0000057E
0000057E
0000057F
00000580
00000581
00000582
0000057E
00000583
00000584
00000585
0000057E
00000586
00000587
00000588
00000589
0000058A
0000058B
0000058C
0000057E
0000058D
0000058E
0000058F
00000590
00000591
0000056C
0000056C
0000056C
0000056D
0000056E
0000056F
00000570
00000571
00000572
0000056C
00000573
00000574
0000056C
00000575
00000576
00000577
00000578
00000579
0000057A
0000057B
0000057C
0000057D
0000056C
0000057E
0000057E
0000057F
00000580
00000581
00000582
0000057E
00000583
00000584
00000585
0000057E
00000586
00000587
00000588
00000589
0000058A
0000058B
0000058C
0000057E
0000058D
0000058E
0000058F
00000590
00000591
0000056C
0000056C
0000056C
0000056D
0000056E
0000056F
00000570
00000571
00000572
0000056C
00000573
00000574
0000056C
00000575
00000576
00000577
00000578
00000579
0000057A
0000057B
0000057C
0000057D
0000056C
0000057E
0000057E
0000057F
00000580
00000581
00000582
0000057E
00000583
00000584
00000585
0000057E
00000586
00000587
00000588
00000589
0000058A
0000058B
0000058C
0000057E
0000058D
0000058E
0000058F
00000590
00000591
0000056C
0000056C
0000056C
0000056D
0000056E
0000056F
00000570
00000571
00000572
0000056C
00000573
00000574
0000056C
00000575
00000576
00000577
00000578
00000579
0000057A
0000057B
0000057C
0000057D
0000056C
0000057E
0000057E
0000057F
00000580
00000581
00000582
0000057E
00000583
00000584
00000585
0000057E
00000586
00000587
00000588
00000589
0000058A
0000058B
0000058C
0000057E
0000058D
0000058E
0000058F
00000590
00000591
0000056C
0000056C
0000056C
0000056D
0000056E
0000056F
00000570
00000571
00000572
0000056C
00000573
00000574
0000056C
00000575
00000576
00000577
00000578
00000579
0000057A
0000057B
0000057C
0000057D
0000056C
0000057E
0000057E
0000057F
00000580
00000581
00000582
0000057E
00000583
00000584
00000585
0000057E
00000586
00000587
00000588
00000589
0000058A
0000058B
0000058C
0000057E
0000058D
0000058E
0000058F
00000590
00000591
0000056C
0000056C
0000056C
0000056D
0000056E
0000056F
00000570
00000571
00000572
0000056C
00000573
00000574
0000056C
00000575
00000576
00000577
00000578
00000579
0000057A
0000057B
0000057C
0000057D
0000056C
0000057E
0000057E
0000057F
00000580
00000581
00000582
0000057E
00000583
00000584
00000585
0000057E
00000586
00000587
00000588
00000589
0000058A
0000058B
0000058C
0000057E
0000058D
0000058E
0000058F
00000590
00000591
0000056C
0000056C
0000056C
0000056D
0000056E
0000056F
00000570
00000571
00000572
0000056C
00000573
00000574
0000056C
00000575
00000576
00000577
00000578
00000579
0000057A
0000057B
0000057C
0000057D
0000056C
0000057E
0000057E
0000057F
00000580
00000581
00000582
0000057E
00000583
00000584
00000585
0000057E
00000586
00000587
00000588
00000589
0000058A
0000058B
0000058C
0000057E
0000058D
0000058E
0000058F
00000590
00000591
0000056C
0000056C
0000056C
0000056D
0000056E
0000056F
00000570
00000571
00000572
0000056C
00000573
00000574
0000056C
00000575
00000576
00000577
00000578
00000579
0000057A
0000057B
0000057C
0000057D
0000056C
0000057E
0000057E
0000057F
00000580
00000581
00000582
0000057E
00000583
00000584
00000585
0000057E
00000586
00000587
00000588
00000589
0000058A
0000058B
0000058C
0000057E
0000058D
0000058E
0000058F
00000590
00000591
0000056C
0000056C
0000056C
0000056D
0000056E
0000056F
00000570
00000571
00000572
0000056C
00000573
00000574
0000056C
00000575
00000576
00000577
00000578
00000579
0000057A
0000057B
0000057C
0000057D
0000056C
0000057E
0000057E
0000057F
00000580
00000581
00000582
0000057E
00000583
00000584
00000585
0000057E
00000586
00000587
00000588
00000589
0000058A
0000058B
0000058C
0000057E
0000058D
0000058E
0000058F
00000590
00000591
0000056C
0000056C
0000056C
0000056D
0000056E
0000056F
00000570
00000571
00000572
0000056C
00000573
00000574
0000056C
00000575
00000576
00000577
00000578
00000579
0000057A
0000057B
0000057C
0000057D
0000056C
0000057E
0000057E
0000057F
00000580
00000581
00000582
0000057E
00000583
00000584
00000585
0000057E
00000586
00000587
00000588
00000589
0000058A
0000058B
0000058C
0000057E
0000058D
0000058E
0000058F
00000590
00000591
0000056C
0000056C
0000056C
0000056D
0000056E
0000056F
00000570
00000571
00000572
0000056C
00000573
00000574
0000056C
00000575
00000576
00000577
00000578
00000579
0000057A
0000057B
0000057C
0000057D
0000056C
0000057E
0000057E
0000057F
00000580
00000581
00000582
0000057E
00000583
00000584
00000585
0000057E
00000586
00000587
00000588
00000589
0000058A
0000058B
0000058C
0000057E
0000058D
0000058E
0000058F
00000590
00000591
0000056C
0000056C
0000056C
0000056D
0000056E
0000056F
00000570
00000571
00000572
0000056C
00000573
00000574
0000056C
00000575
00000576
00000577
00000578
00000579
0000057A
0000057B
0000057C
0000057D
0000056C
0000057E
0000057E
0000057F
00000580
00000581
00000582
0000057E
00000583
00000584
00000585
0000057E
00000586
00000587
00000588
00000589
0000058A
0000058B
0000058C
0000057E
0000058D
0000058E
0000058F
00000590
00000591
0000056C
0000056C
0000056C
0000056D
0000056E
0000056F
00000570
00000571
00000572
0000056C
00000573
00000574
0000056C
00000575
00000576
00000577
00000578
00000579
0000057A
0000057B
0000057C
0000057D
0000056C
0000057E
0000057E
0000057F
00000580
00000581
00000582
0000057E
00000583
00000584
00000585
0000057E
00000586
00000587
00000588
00000589
0000058A
0000058B
0000058C
0000057E
0000058D
0000058E
0000058F
00000590
00000591
0000056C
0000056C
0000056C
0000056D
0000056E
0000056F
00000570
00000571
00000572
0000056C
00000573
00000574
0000056C
00000575
00000576
00000577
00000578
00000579
0000057A
0000057B
0000057C
0000057D
0000056C
0000057E
0000057E
0000057F
00000580
00000581
00000582
0000057E
00000583
00000584
00000585
0000057E
00000586
00000587
00000588
00000589
0000058A
0000058B
0000058C
0000057E
0000058D
0000058E
0000058F
00000590
00000591
0000056C
0000056C
0000056C
0000056D
0000056E
0000056F
00000570
00000571
00000572
0000056C
00000573
00000574
0000056C
00000575
00000576
00000577
00000578
00000579
0000057A
0000057B
0000057C
0000057D
0000056C
0000057E
0000057E
0000057F
00000580
00000581
00000582
0000057E
00000583
00000584
00000585
0000057E
00000586
00000587
00000588
00000589
0000058A
0000058B
0000058C
0000057E
0000058D
0000058E
0000058F
00000590
00000591
0000056C
0000056C
0000056C
0000056D
0000056E
0000056F
00000570
00000571
00000572
0000056C
00000573
00000574
0000056C
00000575
00000576
00000577
00000578
00000579
0000057A
0000057B
0000057C
0000057D
0000056C
0000057E
0000057E
0000057F
00000580
00000581
00000582
0000057E
00000583
00000584
00000585
0000057E
00000586
00000587
00000588
00000589
0000058A
0000058B
0000058C
0000057E
0000058D
0000058E
0000058F
00000590
00000591
0000056C
0000056C
0000056C
0000056D
0000056E
0000056F
00000570
00000571
00000572
0000056C
00000573
00000574
0000056C
00000575
00000576
00000577
00000578
00000579
0000057A
0000057B
0000057C
0000057D
0000056C
0000057E
0000057E
0000057F
00000580
00000581
00000582
0000057E
00000583
00000584
00000585
0000057E
00000586
00000587
00000588
00000589
0000058A
0000058B
0000058C
0000057E
0000058D
0000058E
0000058F
00000590
00000591
0000056C
0000056C
0000056C
0000056D
0000056E
0000056F
00000570
00000571
00000572
0000056C
00000573
00000574
0000056C
00000575
00000576
00000577
00000578
00000579
0000057A
0000057B
0000057C
0000057D
0000056C
0000057E
0000057E
0000057F
00000580
00000581
00000582
0000057E
00000583
00000584
00000585
0000057E
00000586
00000587
00000588
00000589
0000058A
0000058B
0000058C
0000057E
0000058D
0000058E
0000058F
00000590
00000591
0000056C
0000056C
0000056C
0000056D
0000056E
0000056F
00000570
00000571
00000572
0000056C
00000573
00000574
0000056C
00000575
00000576
00000577
00000578
00000579
0000057A
0000057B
0000057C
0000057D
0000056C
0000057E
0000057E
0000057F
00000580
00000581
00000582
0000057E
00000583
00000584
00000585
0000057E
00000586
00000587
00000588
00000589
0000058A
0000058B
0000058C
0000057E
0000058D
0000058E
0000058F
00000590
00000591
00000592
00000592
00000592
00000593
00000594
00000595
00000596
00000597
00000598
00000592
00000599
0000059A
00000592
0000059B
0000059C
0000059D
0000059E
0000059F
000005A0
00000592
000005A1
000005A2
00000592
000005A3
000005A4
000005A5
000005A6
000005A7
000005A8
000005A3
000005A9
000005AA
000005AB
000005AC
000005AD
000005AE
000005AF
000005B0
000005B1
000005A3
000005B2
000005A3
000005B3
000005B4
000005B5
000005B6
000005B7
00000592
00000592
00000592
00000593
00000594
00000595
00000596
00000597
00000598
00000592
00000599
0000059A
00000592
0000059B
0000059C
0000059D
0000059E
0000059F
000005A0
00000592
000005A1
000005A2
00000592
000005A3
000005A4
000005A5
000005A6
000005A7
000005A8
000005A3
000005A9
000005AA
000005AB
000005AC
000005AD
000005AE
000005AF
000005B0
000005B1
000005A3
000005B2
000005A3
000005B3
000005B4
000005B5
000005B6
000005B7
00000592
00000592
00000592
00000593
00000594
00000595
00000596
00000597
00000598
00000592
00000599
0000059A
00000592
0000059B
0000059C
0000059D
0000059E
0000059F
000005A0
00000592
000005A1
000005A2
00000592
000005A3
000005A4
000005A5
000005A6
000005A7
000005A8
000005A3
000005A9
000005AA
000005AB
000005AC
000005AD
000005AE
000005AF
000005B0
000005B1
000005A3
000005B2
000005A3
000005B3
000005B4
000005B5
000005B6
000005B7
00000592
00000592
00000592
00000593
00000594
00000595
00000596
00000597
00000598
00000592
00000599
0000059A
00000592
0000059B
0000059C
0000059D
0000059E
0000059F
000005A0
00000592
000005A1
000005A2
00000592
000005A3
000005A4
000005A5
000005A6
000005A7
000005A8
000005A3
000005A9
000005AA
000005AB
000005AC
000005AD
000005AE
000005AF
000005B0
000005B1
000005A3
000005B2
000005A3
000005B3
000005B4
000005B5
000005B6
000005B7
00000592
00000592
00000592
00000593
00000594
00000595
00000596
00000597
00000598
00000592
00000599
0000059A
00000592
0000059B
0000059C
0000059D
0000059E
0000059F
000005A0
00000592
000005A1
000005A2
00000592
000005A3
000005A4
000005A5
000005A6
000005A7
000005A8
000005A3
000005A9
000005AA
000005AB
000005AC
000005AD
000005AE
000005AF
000005B0
000005B1
000005A3
000005B2
000005A3
000005B3
000005B4
000005B5
000005B6
000005B7
00000592
00000592
00000592
00000593
00000594
00000595
00000596
00000597
00000598
00000592
00000599
0000059A
00000592
0000059B
0000059C
0000059D
0000059E
0000059F
000005A0
00000592
000005A1
000005A2
00000592
000005A3
000005A4
000005A5
000005A6
000005A7
000005A8
000005A3
000005A9
000005AA
000005AB
000005AC
000005AD
000005AE
000005AF
000005B0
000005B1
000005A3
000005B2
000005A3
000005B3
000005B4
000005B5
000005B6
000005B7
00000592
00000592
00000592
00000593
00000594
00000595
00000596
00000597
00000598
00000592
00000599
0000059A
00000592
0000059B
0000059C
0000059D
0000059E
0000059F
000005A0
00000592
000005A1
000005A2
00000592
000005A3
000005A4
000005A5
000005A6
000005A7
000005A8
000005A3
000005A9
000005AA
000005AB
000005AC
000005AD
000005AE
000005AF
000005B0
000005B1
000005A3
000005B2
000005A3
000005B3
000005B4
000005B5
000005B6
000005B7
00000592
00000592
00000592
00000593
00000594
00000595
00000596
00000597
00000598
00000592
00000599
0000059A
00000592
0000059B
0000059C
0000059D
0000059E
0000059F
000005A0
00000592
000005A1
000005A2
00000592
000005A3
000005A4
000005A5
000005A6
000005A7
000005A8
000005A3
000005A9
000005AA
000005AB
000005AC
000005AD
000005AE
000005AF
000005B0
000005B1
000005A3
000005B2
000005A3
000005B3
000005B4
000005B5
000005B6
000005B7
00000592
00000592
00000592
00000593
00000594
00000595
00000596
00000597
00000598
00000592
00000599
0000059A
00000592
0000059B
0000059C
0000059D
0000059E
0000059F
000005A0
00000592
000005A1
000005A2
00000592
000005A3
000005A4
000005A5
000005A6
000005A7
000005A8
000005A3
000005A9
000005AA
000005AB
000005AC
000005AD
000005AE
000005AF
000005B0
000005B1
000005A3
000005B2
000005A3
000005B3
000005B4
000005B5
000005B6
000005B7
00000592
00000592
00000592
00000593
00000594
00000595
00000596
00000597
00000598
00000592
00000599
0000059A
00000592
0000059B
0000059C
0000059D
0000059E
0000059F
000005A0
00000592
000005A1
000005A2
00000592
000005A3
000005A4
000005A5
000005A6
000005A7
000005A8
000005A3
000005A9
000005AA
000005AB
000005AC
000005AD
000005AE
000005AF
000005B0
000005B1
000005A3
000005B2
000005A3
000005B3
000005B4
000005B5
000005B6
000005B7
00000592
00000592
00000592
00000593
00000594
00000595
00000596
00000597
00000598
00000592
00000599
0000059A
00000592
0000059B
0000059C
0000059D
0000059E
0000059F
000005A0
00000592
000005A1
000005A2
00000592
000005A3
000005A4
000005A5
000005A6
000005A7
000005A8
000005A3
000005A9
000005AA
000005AB
000005AC
000005AD
000005AE
000005AF
000005B0
000005B1
000005A3
000005B2
000005A3
000005B3
000005B4
000005B5
000005B6
000005B7
00000592
00000592
00000592
00000593
00000594
00000595
00000596
00000597
00000598
00000592
00000599
0000059A
00000592
0000059B
0000059C
0000059D
0000059E
0000059F
000005A0
00000592
000005A1
000005A2
00000592
000005A3
000005A4
000005A5
000005A6
000005A7
000005A8
000005A3
000005A9
000005AA
000005AB
000005AC
000005AD
000005AE
000005AF
000005B0
000005B1
000005A3
000005B2
000005A3
000005B3
000005B4
000005B5
000005B6
000005B7
00000592
00000592
00000592
00000593
00000594
00000595
00000596
00000597
00000598
00000592
00000599
0000059A
00000592
0000059B
0000059C
0000059D
0000059E
0000059F
000005A0
00000592
000005A1
000005A2
00000592
000005A3
000005A4
000005A5
000005A6
000005A7
000005A8
000005A3
000005A9
000005AA
000005AB
000005AC
000005AD
000005AE
000005AF
000005B0
000005B1
000005A3
000005B2
000005A3
000005B3
000005B4
000005B5
000005B6
000005B7
00000592
00000592
00000592
00000593
00000594
00000595
00000596
00000597
00000598
00000592
00000599
0000059A
00000592
0000059B
0000059C
0000059D
0000059E
0000059F
000005A0
00000592
000005A1
000005A2
00000592
000005A3
000005A4
000005A5
000005A6
000005A7
000005A8
000005A3
000005A9
000005AA
000005AB
000005AC
000005AD
000005AE
000005AF
000005B0
000005B1
000005A3
000005B2
000005A3
000005B3
000005B4
000005B5
000005B6
000005B7
00000592
00000592
00000592
00000593
00000594
00000595
00000596
00000597
00000598
00000592
00000599
0000059A
00000592
0000059B
0000059C
0000059D
0000059E
0000059F
000005A0
00000592
000005A1
000005A2
00000592
000005A3
000005A4
000005A5
000005A6
000005A7
000005A8
000005A3
000005A9
000005AA
000005AB
000005AC
000005AD
000005AE
000005AF
000005B0
000005B1
000005A3
000005B2
000005A3
000005B3
000005B4
000005B5
000005B6
000005B7
00000592
00000592
00000592
00000593
00000594
00000595
00000596
00000597
00000598
00000592
00000599
0000059A
00000592
0000059B
0000059C
0000059D
0000059E
0000059F
000005A0
00000592
000005A1
000005A2
00000592
000005A3
000005A4
000005A5
000005A6
000005A7
000005A8
000005A3
000005A9
000005AA
000005AB
000005AC
000005AD
000005AE
000005AF
000005B0
000005B1
000005A3
000005B2
000005A3
000005B3
000005B4
000005B5
000005B6
000005B7
00000592
00000592
00000592
00000593
00000594
00000595
00000596
00000597
00000598
00000592
00000599
0000059A
00000592
0000059B
0000059C
0000059D
0000059E
0000059F
000005A0
00000592
000005A1
000005A2
00000592
000005A3
000005A4
000005A5
000005A6
000005A7
000005A8
000005A3
000005A9
000005AA
000005AB
000005AC
000005AD
000005AE
000005AF
000005B0
000005B1
000005A3
000005B2
000005A3
000005B3
000005B4
000005B5
000005B6
000005B7
00000592
00000592
00000592
00000593
00000594
00000595
00000596
00000597
00000598
00000592
00000599
0000059A
00000592
0000059B
0000059C
0000059D
0000059E
0000059F
000005A0
00000592
000005A1
000005A2
00000592
000005A3
000005A4
000005A5
000005A6
000005A7
000005A8
000005A3
000005A9
000005AA
000005AB
000005AC
000005AD
000005AE
000005AF
000005B0
000005B1
000005A3
000005B2
000005A3
000005B3
000005B4
000005B5
000005B6
000005B7
00000592
00000592
00000592
00000593
00000594
00000595
00000596
00000597
00000598
00000592
00000599
0000059A
00000592
0000059B
0000059C
0000059D
0000059E
0000059F
000005A0
00000592
000005A1
000005A2
00000592
000005A3
000005A4
000005A5
000005A6
000005A7
000005A8
000005A3
000005A9
000005AA
000005AB
000005AC
000005AD
000005AE
000005AF
000005B0
000005B1
000005A3
000005B2
000005A3
000005B3
000005B4
000005B5
000005B6
000005B7
00000592
00000592
00000592
00000593
00000594
00000595
00000596
00000597
00000598
00000592
00000599
0000059A
00000592
0000059B
0000059C
0000059D
0000059E
0000059F
000005A0
00000592
000005A1
000005A2
00000592
000005A3
000005A4
000005A5
000005A6
000005A7
000005A8
000005A3
000005A9
000005AA
000005AB
000005AC
000005AD
000005AE
000005AF
000005B0
000005B1
000005A3
000005B2
000005A3
000005B3
000005B4
000005B5
000005B6
000005B7
00000592
00000592
00000592
00000593
00000594
00000595
00000596
00000597
00000598
00000592
00000599
0000059A
00000592
0000059B
0000059C
0000059D
0000059E
0000059F
000005A0
00000592
000005A1
000005A2
00000592
000005A3
000005A4
000005A5
000005A6
000005A7
000005A8
000005A3
000005A9
000005AA
000005AB
000005AC
000005AD
000005AE
000005AF
000005B0
000005B1
000005A3
000005B2
000005A3
000005B3
000005B4
000005B5
000005B6
000005B7
00000592
00000592
00000592
00000593
00000594
00000595
00000596
00000597
00000598
00000592
00000599
0000059A
00000592
0000059B
0000059C
0000059D
0000059E
0000059F
000005A0
00000592
000005A1
000005A2
00000592
000005A3
000005A4
000005A5
000005A6
000005A7
000005A8
000005A3
000005A9
000005AA
000005AB
000005AC
000005AD
000005AE
000005AF
000005B0
000005B1
000005A3
000005B2
000005A3
000005B3
000005B4
000005B5
000005B6
000005B7
00000592
00000592
00000592
00000593
00000594
00000595
00000596
00000597
00000598
00000592
00000599
0000059A
00000592
0000059B
0000059C
0000059D
0000059E
0000059F
000005A0
00000592
000005A1
000005A2
00000592
000005A3
000005A4
000005A5
000005A6
000005A7
000005A8
000005A3
000005A9
000005AA
000005AB
000005AC
000005AD
000005AE
000005AF
000005B0
000005B1
000005A3
000005B2
000005A3
000005B3
000005B4
000005B5
000005B6
000005B7
000005B8
000005B8
000005B8
000005B9
000005BA
000005BB
000005BC
000005BD
000005BE
000005BF
000005C0
000005C1
000005B8
000005C2
000005C3
000005C4
000005C5
000005C6
000005C7
000005B8
000005C8
000005C9
000005B8
000005CA
000005CB
000005CC
000005CD
000005CE
000005CF
000005CA
000005D0
000005D1
000005D2
000005CA
000005D3
000005D4
000005D5
000005D6
000005D7
000005CA
000005D8
000005CA
000005D9
000005DA
000005DB
000005DC
000005DD
000005B8
000005B8
000005B8
000005B9
000005BA
000005BB
000005BC
000005BD
000005BE
000005BF
000005C0
000005C1
000005B8
000005C2
000005C3
000005C4
000005C5
000005C6
000005C7
000005B8
000005C8
000005C9
000005B8
000005CA
000005CB
000005CC
000005CD
000005CE
000005CF
000005CA
000005D0
000005D1
000005D2
000005CA
000005D3
000005D4
000005D5
000005D6
000005D7
000005CA
000005D8
000005CA
000005D9
000005DA
000005DB
000005DC
000005DD
000005B8
000005B8
000005B8
000005B9
000005BA
000005BB
000005BC
000005BD
000005BE
000005BF
000005C0
000005C1
000005B8
000005C2
000005C3
000005C4
000005C5
000005C6
000005C7
000005B8
000005C8
000005C9
000005B8
000005CA
000005CB
000005CC
000005CD
000005CE
000005CF
000005CA
000005D0
000005D1
000005D2
000005CA
000005D3
000005D4
000005D5
000005D6
000005D7
000005CA
000005D8
000005CA
000005D9
000005DA
000005DB
000005DC
000005DD
000005B8
000005B8
000005B8
000005B9
000005BA
000005BB
000005BC
000005BD
000005BE
000005BF
000005C0
000005C1
000005B8
000005C2
000005C3
000005C4
000005C5
000005C6
000005C7
000005B8
000005C8
000005C9
000005B8
000005CA
000005CB
000005CC
000005CD
000005CE
000005CF
000005CA
000005D0
000005D1
000005D2
000005CA
000005D3
000005D4
000005D5
000005D6
000005D7
000005CA
000005D8
000005CA
000005D9
000005DA
000005DB
000005DC
000005DD
000005B8
000005B8
000005B8
000005B9
000005BA
000005BB
000005BC
000005BD
000005BE
000005BF
000005C0
000005C1
000005B8
000005C2
000005C3
000005C4
000005C5
000005C6
000005C7
000005B8
000005C8
000005C9
000005B8
000005CA
000005CB
000005CC
000005CD
000005CE
000005CF
000005CA
000005D0
000005D1
000005D2
000005CA
000005D3
000005D4
000005D5
000005D6
000005D7
000005CA
000005D8
000005CA
000005D9
000005DA
000005DB
000005DC
000005DD
000005B8
000005B8
000005B8
000005B9
000005BA
000005BB
000005BC
000005BD
000005BE
000005BF
000005C0
000005C1
000005B8
000005C2
000005C3
000005C4
000005C5
000005C6
000005C7
000005B8
000005C8
000005C9
000005B8
000005CA
000005CB
000005CC
000005CD
000005CE
000005CF
000005CA
000005D0
000005D1
000005D2
000005CA
000005D3
000005D4
000005D5
000005D6
000005D7
000005CA
000005D8
000005CA
000005D9
000005DA
000005DB
000005DC
000005DD
000005B8
000005B8
000005B8
000005B9
000005BA
000005BB
000005BC
000005BD
000005BE
000005BF
000005C0
000005C1
000005B8
000005C2
000005C3
000005C4
000005C5
000005C6
000005C7
000005B8
000005C8
000005C9
000005B8
000005CA
000005CB
000005CC
000005CD
000005CE
000005CF
000005CA
000005D0
000005D1
000005D2
000005CA
000005D3
000005D4
000005D5
000005D6
000005D7
000005CA
000005D8
000005CA
000005D9
000005DA
000005DB
000005DC
000005DD
000005B8
000005B8
000005B8
000005B9
000005BA
000005BB
000005BC
000005BD
000005BE
000005BF
000005C0
000005C1
000005B8
000005C2
000005C3
000005C4
000005C5
000005C6
000005C7
000005B8
000005C8
000005C9
000005B8
000005CA
000005CB
000005CC
000005CD
000005CE
000005CF
000005CA
000005D0
000005D1
000005D2
000005CA
000005D3
000005D4
000005D5
000005D6
000005D7
000005CA
000005D8
000005CA
000005D9
000005DA
000005DB
000005DC
000005DD
000005B8
000005B8
000005B8
000005B9
000005BA
000005BB
000005BC
000005BD
000005BE
000005BF
000005C0
000005C1
000005B8
000005C2
000005C3
000005C4
000005C5
000005C6
000005C7
000005B8
000005C8
000005C9
000005B8
000005CA
000005CB
000005CC
000005CD
000005CE
000005CF
000005CA
000005D0
000005D1
000005D2
000005CA
000005D3
000005D4
000005D5
000005D6
000005D7
000005CA
000005D8
000005CA
000005D9
000005DA
000005DB
000005DC
000005DD
000005B8
000005B8
000005B8
000005B9
000005BA
000005BB
000005BC
000005BD
000005BE
000005BF
000005C0
000005C1
000005B8
000005C2
000005C3
000005C4
000005C5
000005C6
000005C7
000005B8
000005C8
000005C9
000005B8
000005CA
000005CB
000005CC
000005CD
000005CE
000005CF
000005CA
000005D0
000005D1
000005D2
000005CA
000005D3
000005D4
000005D5
000005D6
000005D7
000005CA
000005D8
000005CA
000005D9
000005DA
000005DB
000005DC
000005DD
000005B8
000005B8
000005B8
000005B9
000005BA
000005BB
000005BC
000005BD
000005BE
000005BF
000005C0
000005C1
000005B8
000005C2
000005C3
000005C4
000005C5
000005C6
000005C7
000005B8
000005C8
000005C9
000005B8
000005CA
000005CB
000005CC
000005CD
000005CE
000005CF
000005CA
000005D0
000005D1
000005D2
000005CA
000005D3
000005D4
000005D5
000005D6
000005D7
000005CA
000005D8
000005CA
000005D9
000005DA
000005DB
000005DC
000005DD
000005B8
000005B8
000005B8
000005B9
000005BA
000005BB
000005BC
000005BD
000005BE
000005BF
000005C0
000005C1
000005B8
000005C2
000005C3
000005C4
000005C5
000005C6
000005C7
000005B8
000005C8
000005C9
000005B8
000005CA
000005CB
000005CC
000005CD
000005CE
000005CF
000005CA
000005D0
000005D1
000005D2
000005CA
000005D3
000005D4
000005D5
000005D6
000005D7
000005CA
000005D8
000005CA
000005D9
000005DA
000005DB
000005DC
000005DD
000005B8
000005B8
000005B8
000005B9
000005BA
000005BB
000005BC
000005BD
000005BE
000005BF
000005C0
000005C1
000005B8
000005C2
000005C3
000005C4
000005C5
000005C6
000005C7
000005B8
000005C8
000005C9
000005B8
000005CA
000005CB
000005CC
000005CD
000005CE
000005CF
000005CA
000005D0
000005D1
000005D2
000005CA
000005D3
000005D4
000005D5
000005D6
000005D7
000005CA
000005D8
000005CA
000005D9
000005DA
000005DB
000005DC
000005DD
000005B8
000005B8
000005B8
000005B9
000005BA
000005BB
000005BC
000005BD
000005BE
000005BF
000005C0
000005C1
000005B8
000005C2
000005C3
000005C4
000005C5
000005C6
000005C7
000005B8
000005C8
000005C9
000005B8
000005CA
000005CB
000005CC
000005CD
000005CE
000005CF
000005CA
000005D0
000005D1
000005D2
000005CA
000005D3
000005D4
000005D5
000005D6
000005D7
000005CA
000005D8
000005CA
000005D9
000005DA
000005DB
000005DC
000005DD
000005B8
000005B8
000005B8
000005B9
000005BA
000005BB
000005BC
000005BD
000005BE
000005BF
000005C0
000005C1
000005B8
000005C2
000005C3
000005C4
000005C5
000005C6
000005C7
000005B8
000005C8
000005C9
000005B8
000005CA
000005CB
000005CC
000005CD
000005CE
000005CF
000005CA
000005D0
000005D1
000005D2
000005CA
000005D3
000005D4
000005D5
000005D6
000005D7
000005CA
000005D8
000005CA
000005D9
000005DA
000005DB
000005DC
000005DD
000005B8
000005B8
000005B8
000005B9
000005BA
000005BB
000005BC
000005BD
000005BE
000005BF
000005C0
000005C1
000005B8
000005C2
000005C3
000005C4
000005C5
000005C6
000005C7
000005B8
000005C8
000005C9
000005B8
000005CA
000005CB
000005CC
000005CD
000005CE
000005CF
000005CA
000005D0
000005D1
000005D2
000005CA
000005D3
000005D4
000005D5
000005D6
000005D7
000005CA
000005D8
000005CA
000005D9
000005DA
000005DB
000005DC
000005DD
000005B8
000005B8
000005B8
000005B9
000005BA
000005BB
000005BC
000005BD
000005BE
000005BF
000005C0
000005C1
000005B8
000005C2
000005C3
000005C4
000005C5
000005C6
000005C7
000005B8
000005C8
000005C9
000005B8
000005CA
000005CB
000005CC
000005CD
000005CE
000005CF
000005CA
000005D0
000005D1
000005D2
000005CA
000005D3
000005D4
000005D5
000005D6
000005D7
000005CA
000005D8
000005CA
000005D9
000005DA
000005DB
000005DC
000005DD
000005B8
000005B8
000005B8
000005B9
000005BA
000005BB
000005BC
000005BD
000005BE
000005BF
000005C0
000005C1
000005B8
000005C2
000005C3
000005C4
000005C5
000005C6
000005C7
000005B8
000005C8
000005C9
000005B8
000005CA
000005CB
000005CC
000005CD
000005CE
000005CF
000005CA
000005D0
000005D1
000005D2
000005CA
000005D3
000005D4
000005D5
000005D6
000005D7
000005CA
000005D8
000005CA
000005D9
000005DA
000005DB
000005DC
000005DD
000005B8
000005B8
000005B8
000005B9
000005BA
000005BB
000005BC
000005BD
000005BE
000005BF
000005C0
000005C1
000005B8
000005C2
000005C3
000005C4
000005C5
000005C6
000005C7
000005B8
000005C8
000005C9
000005B8
000005CA
000005CB
000005CC
000005CD
000005CE
000005CF
000005CA
000005D0
000005D1
000005D2
000005CA
000005D3
000005D4
000005D5
000005D6
000005D7
000005CA
000005D8
000005CA
000005D9
000005DA
000005DB
000005DC
000005DD
000005B8
000005B8
000005B8
000005B9
000005BA
000005BB
000005BC
000005BD
000005BE
000005BF
000005C0
000005C1
000005B8
000005C2
000005C3
000005C4
000005C5
000005C6
000005C7
000005B8
000005C8
000005C9
000005B8
000005CA
000005CB
000005CC
000005CD
000005CE
000005CF
000005CA
000005D0
000005D1
000005D2
000005CA
000005D3
000005D4
000005D5
000005D6
000005D7
000005CA
000005D8
000005CA
000005D9
000005DA
000005DB
000005DC
000005DD
000005B8
000005B8
000005B8
000005B9
000005BA
000005BB
000005BC
000005BD
000005BE
000005BF
000005C0
000005C1
000005B8
000005C2
000005C3
000005C4
000005C5
000005C6
000005C7
000005B8
000005C8
000005C9
000005B8
000005CA
000005CB
000005CC
000005CD
000005CE
000005CF
000005CA
000005D0
000005D1
000005D2
000005CA
000005D3
000005D4
000005D5
000005D6
000005D7
000005CA
000005D8
000005CA
000005D9
000005DA
000005DB
000005DC
000005DD
000005B8
000005B8
000005B8
000005B9
000005BA
000005BB
000005BC
000005BD
000005BE
000005BF
000005C0
000005C1
000005B8
000005C2
000005C3
000005C4
000005C5
000005C6
000005C7
000005B8
000005C8
000005C9
000005B8
000005CA
000005CB
000005CC
000005CD
000005CE
000005CF
000005CA
000005D0
000005D1
000005D2
000005CA
000005D3
000005D4
000005D5
000005D6
000005D7
000005CA
000005D8
000005CA
000005D9
000005DA
000005DB
000005DC
000005DD
000005B8
000005B8
000005B8
000005B9
000005BA
000005BB
000005BC
000005BD
000005BE
000005BF
000005C0
000005C1
000005B8
000005C2
000005C3
000005C4
000005C5
000005C6
000005C7
000005B8
000005C8
000005C9
000005B8
000005CA
000005CB
000005CC
000005CD
000005CE
000005CF
000005CA
000005D0
000005D1
000005D2
000005CA
000005D3
000005D4
000005D5
000005D6
000005D7
000005CA
000005D8
000005CA
000005D9
000005DA
000005DB
000005DC
000005DD
000005DE
000005DE
000005DE
000005DF
000005E0
000005E1
000005E2
000005E3
000005E4
000005DE
000005E5
000005E6
000005DE
000005E7
000005E8
000005E9
000005EA
000005EB
000005EC
000005DE
000005ED
000005EE
000005DE
000005DE
000005DE
000005EF
000005F0
000005F1
000005F2
000005DE
000005F3
000005F4
000005F5
000005DE
000005F6
000005F7
000005F8
000005F9
000005FA
000005DE
000005FB
000005DE
000005FC
000005FD
000005FE
000005FF
00000600
000005DE
000005DE
000005DE
000005DF
000005E0
000005E1
000005E2
000005E3
000005E4
000005DE
000005E5
000005E6
000005DE
000005E7
000005E8
000005E9
000005EA
000005EB
000005EC
000005DE
000005ED
000005EE
000005DE
000005DE
000005DE
000005EF
000005F0
000005F1
000005F2
000005DE
000005F3
000005F4
000005F5
000005DE
000005F6
000005F7
000005F8
000005F9
000005FA
000005DE
000005FB
000005DE
000005FC
000005FD
000005FE
000005FF
00000600
000005DE
000005DE
000005DE
000005DF
000005E0
000005E1
000005E2
000005E3
000005E4
000005DE
000005E5
000005E6
000005DE
000005E7
000005E8
000005E9
000005EA
000005EB
000005EC
000005DE
000005ED
000005EE
000005DE
000005DE
000005DE
000005EF
000005F0
000005F1
000005F2
000005DE
000005F3
000005F4
000005F5
000005DE
000005F6
000005F7
000005F8
000005F9
000005FA
000005DE
000005FB
000005DE
000005FC
000005FD
000005FE
000005FF
00000600
000005DE
000005DE
000005DE
000005DF
000005E0
000005E1
000005E2
000005E3
000005E4
000005DE
000005E5
000005E6
000005DE
000005E7
000005E8
000005E9
000005EA
000005EB
000005EC
000005DE
000005ED
000005EE
000005DE
000005DE
000005DE
000005EF
000005F0
000005F1
000005F2
000005DE
000005F3
000005F4
000005F5
000005DE
000005F6
000005F7
000005F8
000005F9
000005FA
000005DE
000005FB
000005DE
000005FC
000005FD
000005FE
000005FF
00000600
000005DE
000005DE
000005DE
000005DF
000005E0
000005E1
000005E2
000005E3
000005E4
000005DE
000005E5
000005E6
000005DE
000005E7
000005E8
000005E9
000005EA
000005EB
000005EC
000005DE
000005ED
000005EE
000005DE
000005DE
000005DE
000005EF
000005F0
000005F1
000005F2
000005DE
000005F3
000005F4
000005F5
000005DE
000005F6
000005F7
000005F8
000005F9
000005FA
000005DE
000005FB
000005DE
000005FC
000005FD
000005FE
000005FF
00000600
000005DE
000005DE
000005DE
000005DF
000005E0
000005E1
000005E2
000005E3
000005E4
000005DE
000005E5
000005E6
000005DE
000005E7
000005E8
000005E9
000005EA
000005EB
000005EC
000005DE
000005ED
000005EE
000005DE
000005DE
000005DE
000005EF
000005F0
000005F1
000005F2
000005DE
000005F3
000005F4
000005F5
000005DE
000005F6
000005F7
000005F8
000005F9
000005FA
000005DE
000005FB
000005DE
000005FC
000005FD
000005FE
000005FF
00000600
000005DE
000005DE
000005DE
000005DF
000005E0
000005E1
000005E2
000005E3
000005E4
000005DE
000005E5
000005E6
000005DE
000005E7
000005E8
000005E9
000005EA
000005EB
000005EC
000005DE
000005ED
000005EE
000005DE
000005DE
000005DE
000005EF
000005F0
000005F1
000005F2
000005DE
000005F3
000005F4
000005F5
000005DE
000005F6
000005F7
000005F8
000005F9
000005FA
000005DE
000005FB
000005DE
000005FC
000005FD
000005FE
000005FF
00000600
000005DE
000005DE
000005DE
000005DF
000005E0
000005E1
000005E2
000005E3
000005E4
000005DE
000005E5
000005E6
000005DE
000005E7
000005E8
000005E9
000005EA
000005EB
000005EC
000005DE
000005ED
000005EE
000005DE
000005DE
000005DE
000005EF
000005F0
000005F1
000005F2
000005DE
000005F3
000005F4
000005F5
000005DE
000005F6
000005F7
000005F8
000005F9
000005FA
000005DE
000005FB
000005DE
000005FC
000005FD
000005FE
000005FF
00000600
000005DE
000005DE
000005DE
000005DF
000005E0
000005E1
000005E2
000005E3
000005E4
000005DE
000005E5
000005E6
000005DE
000005E7
000005E8
000005E9
000005EA
000005EB
000005EC
000005DE
000005ED
000005EE
000005DE
000005DE
000005DE
000005EF
000005F0
000005F1
000005F2
000005DE
000005F3
000005F4
000005F5
000005DE
000005F6
000005F7
000005F8
000005F9
000005FA
000005DE
000005FB
000005DE
000005FC
000005FD
000005FE
000005FF
00000600
000005DE
000005DE
000005DE
000005DF
000005E0
000005E1
000005E2
000005E3
000005E4
000005DE
000005E5
000005E6
000005DE
000005E7
000005E8
000005E9
000005EA
000005EB
000005EC
000005DE
000005ED
000005EE
000005DE
000005DE
000005DE
000005EF
000005F0
000005F1
000005F2
000005DE
000005F3
000005F4
000005F5
000005DE
000005F6
000005F7
000005F8
000005F9
000005FA
000005DE
000005FB
000005DE
000005FC
000005FD
000005FE
000005FF
00000600
000005DE
000005DE
000005DE
000005DF
000005E0
000005E1
000005E2
000005E3
000005E4
000005DE
000005E5
000005E6
000005DE
000005E7
000005E8
000005E9
000005EA
000005EB
000005EC
000005DE
000005ED
000005EE
000005DE
000005DE
000005DE
000005EF
000005F0
000005F1
000005F2
000005DE
000005F3
000005F4
000005F5
000005DE
000005F6
000005F7
000005F8
000005F9
000005FA
000005DE
000005FB
000005DE
000005FC
000005FD
000005FE
000005FF
00000600
000005DE
000005DE
000005DE
000005DF
000005E0
000005E1
000005E2
000005E3
000005E4
000005DE
000005E5
000005E6
000005DE
000005E7
000005E8
000005E9
000005EA
000005EB
000005EC
000005DE
000005ED
000005EE
000005DE
000005DE
000005DE
000005EF
000005F0
000005F1
000005F2
000005DE
000005F3
000005F4
000005F5
000005DE
000005F6
000005F7
000005F8
000005F9
000005FA
000005DE
000005FB
000005DE
000005FC
000005FD
000005FE
000005FF
00000600
000005DE
000005DE
000005DE
000005DF
000005E0
000005E1
000005E2
000005E3
000005E4
000005DE
000005E5
000005E6
000005DE
000005E7
000005E8
000005E9
000005EA
000005EB
000005EC
000005DE
000005ED
000005EE
000005DE
000005DE
000005DE
000005EF
000005F0
000005F1
000005F2
000005DE
000005F3
000005F4
000005F5
000005DE
000005F6
000005F7
000005F8
000005F9
000005FA
000005DE
000005FB
000005DE
000005FC
000005FD
000005FE
000005FF
00000600
000005DE
000005DE
000005DE
000005DF
000005E0
000005E1
000005E2
000005E3
000005E4
000005DE
000005E5
000005E6
000005DE
000005E7
000005E8
000005E9
000005EA
000005EB
000005EC
000005DE
000005ED
000005EE
000005DE
000005DE
000005DE
000005EF
000005F0
000005F1
000005F2
000005DE
000005F3
000005F4
000005F5
000005DE
000005F6
000005F7
000005F8
000005F9
000005FA
000005DE
000005FB
000005DE
000005FC
000005FD
000005FE
000005FF
00000600
000005DE
000005DE
000005DE
000005DF
000005E0
000005E1
000005E2
000005E3
000005E4
000005DE
000005E5
000005E6
000005DE
000005E7
000005E8
000005E9
000005EA
000005EB
000005EC
000005DE
000005ED
000005EE
000005DE
000005DE
000005DE
000005EF
000005F0
000005F1
000005F2
000005DE
000005F3
000005F4
000005F5
000005DE
000005F6
000005F7
000005F8
000005F9
000005FA
000005DE
000005FB
000005DE
000005FC
000005FD
000005FE
000005FF
00000600
000005DE
000005DE
000005DE
000005DF
000005E0
000005E1
000005E2
000005E3
000005E4
000005DE
000005E5
000005E6
000005DE
000005E7
000005E8
000005E9
000005EA
000005EB
000005EC
000005DE
000005ED
000005EE
000005DE
000005DE
000005DE
000005EF
000005F0
000005F1
000005F2
000005DE
000005F3
000005F4
000005F5
000005DE
000005F6
000005F7
000005F8
000005F9
000005FA
000005DE
000005FB
000005DE
000005FC
000005FD
000005FE
000005FF
00000600
000005DE
000005DE
000005DE
000005DF
000005E0
000005E1
000005E2
000005E3
000005E4
000005DE
000005E5
000005E6
000005DE
000005E7
000005E8
000005E9
000005EA
000005EB
000005EC
000005DE
000005ED
000005EE
000005DE
000005DE
000005DE
000005EF
000005F0
000005F1
000005F2
000005DE
000005F3
000005F4
000005F5
000005DE
000005F6
000005F7
000005F8
000005F9
000005FA
000005DE
000005FB
000005DE
000005FC
000005FD
000005FE
000005FF
00000600
000005DE
000005DE
000005DE
000005DF
000005E0
000005E1
000005E2
000005E3
000005E4
000005DE
000005E5
000005E6
000005DE
000005E7
000005E8
000005E9
000005EA
000005EB
000005EC
000005DE
000005ED
000005EE
000005DE
000005DE
000005DE
000005EF
000005F0
000005F1
000005F2
000005DE
000005F3
000005F4
000005F5
000005DE
000005F6
000005F7
000005F8
000005F9
000005FA
000005DE
000005FB
000005DE
000005FC
000005FD
000005FE
000005FF
00000600
000005DE
000005DE
000005DE
000005DF
000005E0
000005E1
000005E2
000005E3
000005E4
000005DE
000005E5
000005E6
000005DE
000005E7
000005E8
000005E9
000005EA
000005EB
000005EC
000005DE
000005ED
000005EE
000005DE
000005DE
000005DE
000005EF
000005F0
000005F1
000005F2
000005DE
000005F3
000005F4
000005F5
000005DE
000005F6
000005F7
000005F8
000005F9
000005FA
000005DE
000005FB
000005DE
000005FC
000005FD
000005FE
000005FF
00000600
000005DE
000005DE
000005DE
000005DF
000005E0
000005E1
000005E2
000005E3
000005E4
000005DE
000005E5
000005E6
000005DE
000005E7
000005E8
000005E9
000005EA
000005EB
000005EC
000005DE
000005ED
000005EE
000005DE
000005DE
000005DE
000005EF
000005F0
000005F1
000005F2
000005DE
000005F3
000005F4
000005F5
000005DE
000005F6
000005F7
000005F8
000005F9
000005FA
000005DE
000005FB
000005DE
000005FC
000005FD
000005FE
000005FF
00000600
000005DE
000005DE
000005DE
000005DF
000005E0
000005E1
000005E2
000005E3
000005E4
000005DE
000005E5
000005E6
000005DE
000005E7
000005E8
000005E9
000005EA
000005EB
000005EC
000005DE
000005ED
000005EE
000005DE
000005DE
000005DE
000005EF
000005F0
000005F1
000005F2
000005DE
000005F3
000005F4
000005F5
000005DE
000005F6
000005F7
000005F8
000005F9
000005FA
000005DE
000005FB
000005DE
000005FC
000005FD
000005FE
000005FF
00000600
000005DE
000005DE
000005DE
000005DF
000005E0
000005E1
000005E2
000005E3
000005E4
000005DE
000005E5
000005E6
000005DE
000005E7
000005E8
000005E9
000005EA
000005EB
000005EC
000005DE
000005ED
000005EE
000005DE
000005DE
000005DE
000005EF
000005F0
000005F1
000005F2
000005DE
000005F3
000005F4
000005F5
000005DE
000005F6
000005F7
000005F8
000005F9
000005FA
000005DE
000005FB
000005DE
000005FC
000005FD
000005FE
000005FF
00000600
000005DE
000005DE
000005DE
000005DF
000005E0
000005E1
000005E2
000005E3
000005E4
000005DE
000005E5
000005E6
000005DE
000005E7
000005E8
000005E9
000005EA
000005EB
000005EC
000005DE
000005ED
000005EE
000005DE
000005DE
000005DE
000005EF
000005F0
000005F1
000005F2
000005DE
000005F3
000005F4
000005F5
000005DE
000005F6
000005F7
000005F8
000005F9
000005FA
000005DE
000005FB
000005DE
000005FC
000005FD
000005FE
000005FF
00000600
00000601
00000601
00000601
00000602
00000603
00000604
00000605
00000606
00000607
00000601
00000608
00000609
00000601
0000060A
0000060B
0000060C
0000060D
00000601
0000060E
00000601
00000601
0000060F
00000601
00000610
00000610
00000611
00000612
00000613
00000614
00000615
00000616
00000617
00000618
00000619
0000061A
00000610
0000061B
0000061C
0000061D
00000610
0000061E
00000610
0000061F
00000610
00000620
00000621
00000622
00000601
00000601
00000601
00000602
00000603
00000604
00000605
00000606
00000607
00000601
00000608
00000609
00000601
0000060A
0000060B
0000060C
0000060D
00000601
0000060E
00000601
00000601
0000060F
00000601
00000610
00000610
00000611
00000612
00000613
00000614
00000615
00000616
00000617
00000618
00000619
0000061A
00000610
0000061B
0000061C
0000061D
00000610
0000061E
00000610
0000061F
00000610
00000620
00000621
00000622
00000601
00000601
00000601
00000602
00000603
00000604
00000605
00000606
00000607
00000601
00000608
00000609
00000601
0000060A
0000060B
0000060C
0000060D
00000601
0000060E
00000601
00000601
0000060F
00000601
00000610
00000610
00000611
00000612
00000613
00000614
00000615
00000616
00000617
00000618
00000619
0000061A
00000610
0000061B
0000061C
0000061D
00000610
0000061E
00000610
0000061F
00000610
00000620
00000621
00000622
00000601
00000601
00000601
00000602
00000603
00000604
00000605
00000606
00000607
00000601
00000608
00000609
00000601
0000060A
0000060B
0000060C
0000060D
00000601
0000060E
00000601
00000601
0000060F
00000601
00000610
00000610
00000611
00000612
00000613
00000614
00000615
00000616
00000617
00000618
00000619
0000061A
00000610
0000061B
0000061C
0000061D
00000610
0000061E
00000610
0000061F
00000610
00000620
00000621
00000622
00000601
00000601
00000601
00000602
00000603
00000604
00000605
00000606
00000607
00000601
00000608
00000609
00000601
0000060A
0000060B
0000060C
0000060D
00000601
0000060E
00000601
00000601
0000060F
00000601
00000610
00000610
00000611
00000612
00000613
00000614
00000615
00000616
00000617
00000618
00000619
0000061A
00000610
0000061B
0000061C
0000061D
00000610
0000061E
00000610
0000061F
00000610
00000620
00000621
00000622
00000601
00000601
00000601
00000602
00000603
00000604
00000605
00000606
00000607
00000601
00000608
00000609
00000601
0000060A
0000060B
0000060C
0000060D
00000601
0000060E
00000601
00000601
0000060F
00000601
00000610
00000610
00000611
00000612
00000613
00000614
00000615
00000616
00000617
00000618
00000619
0000061A
00000610
0000061B
0000061C
0000061D
00000610
0000061E
00000610
0000061F
00000610
00000620
00000621
00000622
00000601
00000601
00000601
00000602
00000603
00000604
00000605
00000606
00000607
00000601
00000608
00000609
00000601
0000060A
0000060B
0000060C
0000060D
00000601
0000060E
00000601
00000601
0000060F
00000601
00000610
00000610
00000611
00000612
00000613
00000614
00000615
00000616
00000617
00000618
00000619
0000061A
00000610
0000061B
0000061C
0000061D
00000610
0000061E
00000610
0000061F
00000610
00000620
00000621
00000622
00000601
00000601
00000601
00000602
00000603
00000604
00000605
00000606
00000607
00000601
00000608
00000609
00000601
0000060A
0000060B
0000060C
0000060D
00000601
0000060E
00000601
00000601
0000060F
00000601
00000610
00000610
00000611
00000612
00000613
00000614
00000615
00000616
00000617
00000618
00000619
0000061A
00000610
0000061B
0000061C
0000061D
00000610
0000061E
00000610
0000061F
00000610
00000620
00000621
00000622
00000601
00000601
00000601
00000602
00000603
00000604
00000605
00000606
00000607
00000601
00000608
00000609
00000601
0000060A
0000060B
0000060C
0000060D
00000601
0000060E
00000601
00000601
0000060F
00000601
00000610
00000610
00000611
00000612
00000613
00000614
00000615
00000616
00000617
00000618
00000619
0000061A
00000610
0000061B
0000061C
0000061D
00000610
0000061E
00000610
0000061F
00000610
00000620
00000621
00000622
00000601
00000601
00000601
00000602
00000603
00000604
00000605
00000606
00000607
00000601
00000608
00000609
00000601
0000060A
0000060B
0000060C
0000060D
00000601
0000060E
00000601
00000601
0000060F
00000601
00000610
00000610
00000611
00000612
00000613
00000614
00000615
00000616
00000617
00000618
00000619
0000061A
00000610
0000061B
0000061C
0000061D
00000610
0000061E
00000610
0000061F
00000610
00000620
00000621
00000622
00000601
00000601
00000601
00000602
00000603
00000604
00000605
00000606
00000607
00000601
00000608
00000609
00000601
0000060A
0000060B
0000060C
0000060D
00000601
0000060E
00000601
00000601
0000060F
00000601
00000610
00000610
00000611
00000612
00000613
00000614
00000615
00000616
00000617
00000618
00000619
0000061A
00000610
0000061B
0000061C
0000061D
00000610
0000061E
00000610
0000061F
00000610
00000620
00000621
00000622
00000601
00000601
00000601
00000602
00000603
00000604
00000605
00000606
00000607
00000601
00000608
00000609
00000601
0000060A
0000060B
0000060C
0000060D
00000601
0000060E
00000601
00000601
0000060F
00000601
00000610
00000610
00000611
00000612
00000613
00000614
00000615
00000616
00000617
00000618
00000619
0000061A
00000610
0000061B
0000061C
0000061D
00000610
0000061E
00000610
0000061F
00000610
00000620
00000621
00000622
00000601
00000601
00000601
00000602
00000603
00000604
00000605
00000606
00000607
00000601
00000608
00000609
00000601
0000060A
0000060B
0000060C
0000060D
00000601
0000060E
00000601
00000601
0000060F
00000601
00000610
00000610
00000611
00000612
00000613
00000614
00000615
00000616
00000617
00000618
00000619
0000061A
00000610
0000061B
0000061C
0000061D
00000610
0000061E
00000610
0000061F
00000610
00000620
00000621
00000622
00000601
00000601
00000601
00000602
00000603
00000604
00000605
00000606
00000607
00000601
00000608
00000609
00000601
0000060A
0000060B
0000060C
0000060D
00000601
0000060E
00000601
00000601
0000060F
00000601
00000610
00000610
00000611
00000612
00000613
00000614
00000615
00000616
00000617
00000618
00000619
0000061A
00000610
0000061B
0000061C
0000061D
00000610
0000061E
00000610
0000061F
00000610
00000620
00000621
00000622
00000601
00000601
00000601
00000602
00000603
00000604
00000605
00000606
00000607
00000601
00000608
00000609
00000601
0000060A
0000060B
0000060C
0000060D
00000601
0000060E
00000601
00000601
0000060F
00000601
00000610
00000610
00000611
00000612
00000613
00000614
00000615
00000616
00000617
00000618
00000619
0000061A
00000610
0000061B
0000061C
0000061D
00000610
0000061E
00000610
0000061F
00000610
00000620
00000621
00000622
00000601
00000601
00000601
00000602
00000603
00000604
00000605
00000606
00000607
00000601
00000608
00000609
00000601
0000060A
0000060B
0000060C
0000060D
00000601
0000060E
00000601
00000601
0000060F
00000601
00000610
00000610
00000611
00000612
00000613
00000614
00000615
00000616
00000617
00000618
00000619
0000061A
00000610
0000061B
0000061C
0000061D
00000610
0000061E
00000610
0000061F
00000610
00000620
00000621
00000622
00000601
00000601
00000601
00000602
00000603
00000604
00000605
00000606
00000607
00000601
00000608
00000609
00000601
0000060A
0000060B
0000060C
0000060D
00000601
0000060E
00000601
00000601
0000060F
00000601
00000610
00000610
00000611
00000612
00000613
00000614
00000615
00000616
00000617
00000618
00000619
0000061A
00000610
0000061B
0000061C
0000061D
00000610
0000061E
00000610
0000061F
00000610
00000620
00000621
00000622
00000601
00000601
00000601
00000602
00000603
00000604
00000605
00000606
00000607
00000601
00000608
00000609
00000601
0000060A
0000060B
0000060C
0000060D
00000601
0000060E
00000601
00000601
0000060F
00000601
00000610
00000610
00000611
00000612
00000613
00000614
00000615
00000616
00000617
00000618
00000619
0000061A
00000610
0000061B
0000061C
0000061D
00000610
0000061E
00000610
0000061F
00000610
00000620
00000621
00000622
00000601
00000601
00000601
00000602
00000603
00000604
00000605
00000606
00000607
00000601
00000608
00000609
00000601
0000060A
0000060B
0000060C
0000060D
00000601
0000060E
00000601
00000601
0000060F
00000601
00000610
00000610
00000611
00000612
00000613
00000614
00000615
00000616
00000617
00000618
00000619
0000061A
00000610
0000061B
0000061C
0000061D
00000610
0000061E
00000610
0000061F
00000610
00000620
00000621
00000622
00000601
00000601
00000601
00000602
00000603
00000604
00000605
00000606
00000607
00000601
00000608
00000609
00000601
0000060A
0000060B
0000060C
0000060D
00000601
0000060E
00000601
00000601
0000060F
00000601
00000610
00000610
00000611
00000612
00000613
00000614
00000615
00000616
00000617
00000618
00000619
0000061A
00000610
0000061B
0000061C
0000061D
00000610
0000061E
00000610
0000061F
00000610
00000620
00000621
00000622
00000601
00000601
00000601
00000602
00000603
00000604
00000605
00000606
00000607
00000601
00000608
00000609
00000601
0000060A
0000060B
0000060C
0000060D
00000601
0000060E
00000601
00000601
0000060F
00000601
00000610
00000610
00000611
00000612
00000613
00000614
00000615
00000616
00000617
00000618
00000619
0000061A
00000610
0000061B
0000061C
0000061D
00000610
0000061E
00000610
0000061F
00000610
00000620
00000621
00000622
00000601
00000601
00000601
00000602
00000603
00000604
00000605
00000606
00000607
00000601
00000608
00000609
00000601
0000060A
0000060B
0000060C
0000060D
00000601
0000060E
00000601
00000601
0000060F
00000601
00000610
00000610
00000611
00000612
00000613
00000614
00000615
00000616
00000617
00000618
00000619
0000061A
00000610
0000061B
0000061C
0000061D
00000610
0000061E
00000610
0000061F
00000610
00000620
00000621
00000622
00000601
00000601
00000601
00000602
00000603
00000604
00000605
00000606
00000607
00000601
00000608
00000609
00000601
0000060A
0000060B
0000060C
0000060D
00000601
0000060E
00000601
00000601
0000060F
00000601
00000610
00000610
00000611
00000612
00000613
00000614
00000615
00000616
00000617
00000618
00000619
0000061A
00000610
0000061B
0000061C
0000061D
00000610
0000061E
00000610
0000061F
00000610
00000620
00000621
00000622
00000623
00000624
00000624
00000625
00000626
00000627
00000628
00000629
0000062A
0000062B
0000062C
0000062D
00000623
0000062E
0000062F
00000630
00000631
00000623
00000632
00000623
00000623
00000633
00000623
00000634
00000634
00000635
00000636
00000637
00000638
00000639
0000063A
0000063B
0000063C
0000063D
0000063E
00000634
0000063F
00000640
00000641
00000634
00000642
00000634
00000643
00000634
00000644
00000645
00000646
00000623
00000624
00000624
00000625
00000626
00000627
00000628
00000629
0000062A
0000062B
0000062C
0000062D
00000623
0000062E
0000062F
00000630
00000631
00000623
00000632
00000623
00000623
00000633
00000623
00000634
00000634
00000635
00000636
00000637
00000638
00000639
0000063A
0000063B
0000063C
0000063D
0000063E
00000634
0000063F
00000640
00000641
00000634
00000642
00000634
00000643
00000634
00000644
00000645
00000646
00000623
00000624
00000624
00000625
00000626
00000627
00000628
00000629
0000062A
0000062B
0000062C
0000062D
00000623
0000062E
0000062F
00000630
00000631
00000623
00000632
00000623
00000623
00000633
00000623
00000634
00000634
00000635
00000636
00000637
00000638
00000639
0000063A
0000063B
0000063C
0000063D
0000063E
00000634
0000063F
00000640
00000641
00000634
00000642
00000634
00000643
00000634
00000644
00000645
00000646
00000623
00000624
00000624
00000625
00000626
00000627
00000628
00000629
0000062A
0000062B
0000062C
0000062D
00000623
0000062E
0000062F
00000630
00000631
00000623
00000632
00000623
00000623
00000633
00000623
00000634
00000634
00000635
00000636
00000637
00000638
00000639
0000063A
0000063B
0000063C
0000063D
0000063E
00000634
0000063F
00000640
00000641
00000634
00000642
00000634
00000643
00000634
00000644
00000645
00000646
00000623
00000624
00000624
00000625
00000626
00000627
00000628
00000629
0000062A
0000062B
0000062C
0000062D
00000623
0000062E
0000062F
00000630
00000631
00000623
00000632
00000623
00000623
00000633
00000623
00000634
00000634
00000635
00000636
00000637
00000638
00000639
0000063A
0000063B
0000063C
0000063D
0000063E
00000634
0000063F
00000640
00000641
00000634
00000642
00000634
00000643
00000634
00000644
00000645
00000646
00000623
00000624
00000624
00000625
00000626
00000627
00000628
00000629
0000062A
0000062B
0000062C
0000062D
00000623
0000062E
0000062F
00000630
00000631
00000623
00000632
00000623
00000623
00000633
00000623
00000634
00000634
00000635
00000636
00000637
00000638
00000639
0000063A
0000063B
0000063C
0000063D
0000063E
00000634
0000063F
00000640
00000641
00000634
00000642
00000634
00000643
00000634
00000644
00000645
00000646
00000623
00000624
00000624
00000625
00000626
00000627
00000628
00000629
0000062A
0000062B
0000062C
0000062D
00000623
0000062E
0000062F
00000630
00000631
00000623
00000632
00000623
00000623
00000633
00000623
00000634
00000634
00000635
00000636
00000637
00000638
00000639
0000063A
0000063B
0000063C
0000063D
0000063E
00000634
0000063F
00000640
00000641
00000634
00000642
00000634
00000643
00000634
00000644
00000645
00000646
00000623
00000624
00000624
00000625
00000626
00000627
00000628
00000629
0000062A
0000062B
0000062C
0000062D
00000623
0000062E
0000062F
00000630
00000631
00000623
00000632
00000623
00000623
00000633
00000623
00000634
00000634
00000635
00000636
00000637
00000638
00000639
0000063A
0000063B
0000063C
0000063D
0000063E
00000634
0000063F
00000640
00000641
00000634
00000642
00000634
00000643
00000634
00000644
00000645
00000646
00000623
00000624
00000624
00000625
00000626
00000627
00000628
00000629
0000062A
0000062B
0000062C
0000062D
00000623
0000062E
0000062F
00000630
00000631
00000623
00000632
00000623
00000623
00000633
00000623
00000634
00000634
00000635
00000636
00000637
00000638
00000639
0000063A
0000063B
0000063C
0000063D
0000063E
00000634
0000063F
00000640
00000641
00000634
00000642
00000634
00000643
00000634
00000644
00000645
00000646
00000623
00000624
00000624
00000625
00000626
00000627
00000628
00000629
0000062A
0000062B
0000062C
0000062D
00000623
0000062E
0000062F
00000630
00000631
00000623
00000632
00000623
00000623
00000633
00000623
00000634
00000634
00000635
00000636
00000637
00000638
00000639
0000063A
0000063B
0000063C
0000063D
0000063E
00000634
0000063F
00000640
00000641
00000634
00000642
00000634
00000643
00000634
00000644
00000645
00000646
00000623
00000624
00000624
00000625
00000626
00000627
00000628
00000629
0000062A
0000062B
0000062C
0000062D
00000623
0000062E
0000062F
00000630
00000631
00000623
00000632
00000623
00000623
00000633
00000623
00000634
00000634
00000635
00000636
00000637
00000638
00000639
0000063A
0000063B
0000063C
0000063D
0000063E
00000634
0000063F
00000640
00000641
00000634
00000642
00000634
00000643
00000634
00000644
00000645
00000646
00000623
00000624
00000624
00000625
00000626
00000627
00000628
00000629
0000062A
0000062B
0000062C
0000062D
00000623
0000062E
0000062F
00000630
00000631
00000623
00000632
00000623
00000623
00000633
00000623
00000634
00000634
00000635
00000636
00000637
00000638
00000639
0000063A
0000063B
0000063C
0000063D
0000063E
00000634
0000063F
00000640
00000641
00000634
00000642
00000634
00000643
00000634
00000644
00000645
00000646
00000623
00000624
00000624
00000625
00000626
00000627
00000628
00000629
0000062A
0000062B
0000062C
0000062D
00000623
0000062E
0000062F
00000630
00000631
00000623
00000632
00000623
00000623
00000633
00000623
00000634
00000634
00000635
00000636
00000637
00000638
00000639
0000063A
0000063B
0000063C
0000063D
0000063E
00000634
0000063F
00000640
00000641
00000634
00000642
00000634
00000643
00000634
00000644
00000645
00000646
00000623
00000624
00000624
00000625
00000626
00000627
00000628
00000629
0000062A
0000062B
0000062C
0000062D
00000623
0000062E
0000062F
00000630
00000631
00000623
00000632
00000623
00000623
00000633
00000623
00000634
00000634
00000635
00000636
00000637
00000638
00000639
0000063A
0000063B
0000063C
0000063D
0000063E
00000634
0000063F
00000640
00000641
00000634
00000642
00000634
00000643
00000634
00000644
00000645
00000646
00000623
00000624
00000624
00000625
00000626
00000627
00000628
00000629
0000062A
0000062B
0000062C
0000062D
00000623
0000062E
0000062F
00000630
00000631
00000623
00000632
00000623
00000623
00000633
00000623
00000634
00000634
00000635
00000636
00000637
00000638
00000639
0000063A
0000063B
0000063C
0000063D
0000063E
00000634
0000063F
00000640
00000641
00000634
00000642
00000634
00000643
00000634
00000644
00000645
00000646
00000623
00000624
00000624
00000625
00000626
00000627
00000628
00000629
0000062A
0000062B
0000062C
0000062D
00000623
0000062E
0000062F
00000630
00000631
00000623
00000632
00000623
00000623
00000633
00000623
00000634
00000634
00000635
00000636
00000637
00000638
00000639
0000063A
0000063B
0000063C
0000063D
0000063E
00000634
0000063F
00000640
00000641
00000634
00000642
00000634
00000643
00000634
00000644
00000645
00000646
00000623
00000624
00000624
00000625
00000626
00000627
00000628
00000629
0000062A
0000062B
0000062C
0000062D
00000623
0000062E
0000062F
00000630
00000631
00000623
00000632
00000623
00000623
00000633
00000623
00000634
00000634
00000635
00000636
00000637
00000638
00000639
0000063A
0000063B
0000063C
0000063D
0000063E
00000634
0000063F
00000640
00000641
00000634
00000642
00000634
00000643
00000634
00000644
00000645
00000646
00000623
00000624
00000624
00000625
00000626
00000627
00000628
00000629
0000062A
0000062B
0000062C
0000062D
00000623
0000062E
0000062F
00000630
00000631
00000623
00000632
00000623
00000623
00000633
00000623
00000634
00000634
00000635
00000636
00000637
00000638
00000639
0000063A
0000063B
0000063C
0000063D
0000063E
00000634
0000063F
00000640
00000641
00000634
00000642
00000634
00000643
00000634
00000644
00000645
00000646
00000623
00000624
00000624
00000625
00000626
00000627
00000628
00000629
0000062A
0000062B
0000062C
0000062D
00000623
0000062E
0000062F
00000630
00000631
00000623
00000632
00000623
00000623
00000633
00000623
00000634
00000634
00000635
00000636
00000637
00000638
00000639
0000063A
0000063B
0000063C
0000063D
0000063E
00000634
0000063F
00000640
00000641
00000634
00000642
00000634
00000643
00000634
00000644
00000645
00000646
00000623
00000624
00000624
00000625
00000626
00000627
00000628
00000629
0000062A
0000062B
0000062C
0000062D
00000623
0000062E
0000062F
00000630
00000631
00000623
00000632
00000623
00000623
00000633
00000623
00000634
00000634
00000635
00000636
00000637
00000638
00000639
0000063A
0000063B
0000063C
0000063D
0000063E
00000634
0000063F
00000640
00000641
00000634
00000642
00000634
00000643
00000634
00000644
00000645
00000646
00000623
00000624
00000624
00000625
00000626
00000627
00000628
00000629
0000062A
0000062B
0000062C
0000062D
00000623
0000062E
0000062F
00000630
00000631
00000623
00000632
00000623
00000623
00000633
00000623
00000634
00000634
00000635
00000636
00000637
00000638
00000639
0000063A
0000063B
0000063C
0000063D
0000063E
00000634
0000063F
00000640
00000641
00000634
00000642
00000634
00000643
00000634
00000644
00000645
00000646
00000623
00000624
00000624
00000625
00000626
00000627
00000628
00000629
0000062A
0000062B
0000062C
0000062D
00000623
0000062E
0000062F
00000630
00000631
00000623
00000632
00000623
00000623
00000633
00000623
00000634
00000634
00000635
00000636
00000637
00000638
00000639
0000063A
0000063B
0000063C
0000063D
0000063E
00000634
0000063F
00000640
00000641
00000634
00000642
00000634
00000643
00000634
00000644
00000645
00000646
00000623
00000624
00000624
00000625
00000626
00000627
00000628
00000629
0000062A
0000062B
0000062C
0000062D
00000623
0000062E
0000062F
00000630
00000631
00000623
00000632
00000623
00000623
00000633
00000623
00000634
00000634
00000635
00000636
00000637
00000638
00000639
0000063A
0000063B
0000063C
0000063D
0000063E
00000634
0000063F
00000640
00000641
00000634
00000642
00000634
00000643
00000634
00000644
00000645
00000646
00000647
00000647
00000647
00000648
00000649
0000064A
0000064B
0000064C
0000064D
00000647
0000064E
0000064F
00000647
00000650
00000651
00000652
00000653
00000654
00000655
00000647
00000647
00000656
00000647
00000657
00000657
00000658
00000659
0000065A
0000065B
0000065C
0000065D
0000065E
0000065F
00000660
00000661
00000657
00000662
00000663
00000664
00000657
00000665
00000657
00000666
00000657
00000667
00000668
00000669
00000647
00000647
00000647
00000648
00000649
0000064A
0000064B
0000064C
0000064D
00000647
0000064E
0000064F
00000647
00000650
00000651
00000652
00000653
00000654
00000655
00000647
00000647
00000656
00000647
00000657
00000657
00000658
00000659
0000065A
0000065B
0000065C
0000065D
0000065E
0000065F
00000660
00000661
00000657
00000662
00000663
00000664
00000657
00000665
00000657
00000666
00000657
00000667
00000668
00000669
00000647
00000647
00000647
00000648
00000649
0000064A
0000064B
0000064C
0000064D
00000647
0000064E
0000064F
00000647
00000650
00000651
00000652
00000653
00000654
00000655
00000647
00000647
00000656
00000647
00000657
00000657
00000658
00000659
0000065A
0000065B
0000065C
0000065D
0000065E
0000065F
00000660
00000661
00000657
00000662
00000663
00000664
00000657
00000665
00000657
00000666
00000657
00000667
00000668
00000669
00000647
00000647
00000647
00000648
00000649
0000064A
0000064B
0000064C
0000064D
00000647
0000064E
0000064F
00000647
00000650
00000651
00000652
00000653
00000654
00000655
00000647
00000647
00000656
00000647
00000657
00000657
00000658
00000659
0000065A
0000065B
0000065C
0000065D
0000065E
0000065F
00000660
00000661
00000657
00000662
00000663
00000664
00000657
00000665
00000657
00000666
00000657
00000667
00000668
00000669
00000647
00000647
00000647
00000648
00000649
0000064A
0000064B
0000064C
0000064D
00000647
0000064E
0000064F
00000647
00000650
00000651
00000652
00000653
00000654
00000655
00000647
00000647
00000656
00000647
00000657
00000657
00000658
00000659
0000065A
0000065B
0000065C
0000065D
0000065E
0000065F
00000660
00000661
00000657
00000662
00000663
00000664
00000657
00000665
00000657
00000666
00000657
00000667
00000668
00000669
00000647
00000647
00000647
00000648
00000649
0000064A
0000064B
0000064C
0000064D
00000647
0000064E
0000064F
00000647
00000650
00000651
00000652
00000653
00000654
00000655
00000647
00000647
00000656
00000647
00000657
00000657
00000658
00000659
0000065A
0000065B
0000065C
0000065D
0000065E
0000065F
00000660
00000661
00000657
00000662
00000663
00000664
00000657
00000665
00000657
00000666
00000657
00000667
00000668
00000669
00000647
00000647
00000647
00000648
00000649
0000064A
0000064B
0000064C
0000064D
00000647
0000064E
0000064F
00000647
00000650
00000651
00000652
00000653
00000654
00000655
00000647
00000647
00000656
00000647
00000657
00000657
00000658
00000659
0000065A
0000065B
0000065C
0000065D
0000065E
0000065F
00000660
00000661
00000657
00000662
00000663
00000664
00000657
00000665
00000657
00000666
00000657
00000667
00000668
00000669
00000647
00000647
00000647
00000648
00000649
0000064A
0000064B
0000064C
0000064D
00000647
0000064E
0000064F
00000647
00000650
00000651
00000652
00000653
00000654
00000655
00000647
00000647
00000656
00000647
00000657
00000657
00000658
00000659
0000065A
0000065B
0000065C
0000065D
0000065E
0000065F
00000660
00000661
00000657
00000662
00000663
00000664
00000657
00000665
00000657
00000666
00000657
00000667
00000668
00000669
00000647
00000647
00000647
00000648
00000649
0000064A
0000064B
0000064C
0000064D
00000647
0000064E
0000064F
00000647
00000650
00000651
00000652
00000653
00000654
00000655
00000647
00000647
00000656
00000647
00000657
00000657
00000658
00000659
0000065A
0000065B
0000065C
0000065D
0000065E
0000065F
00000660
00000661
00000657
00000662
00000663
00000664
00000657
00000665
00000657
00000666
00000657
00000667
00000668
00000669
00000647
00000647
00000647
00000648
00000649
0000064A
0000064B
0000064C
0000064D
00000647
0000064E
0000064F
00000647
00000650
00000651
00000652
00000653
00000654
00000655
00000647
00000647
00000656
00000647
00000657
00000657
00000658
00000659
0000065A
0000065B
0000065C
0000065D
0000065E
0000065F
00000660
00000661
00000657
00000662
00000663
00000664
00000657
00000665
00000657
00000666
00000657
00000667
00000668
00000669
00000647
00000647
00000647
00000648
00000649
0000064A
0000064B
0000064C
0000064D
00000647
0000064E
0000064F
00000647
00000650
00000651
00000652
00000653
00000654
00000655
00000647
00000647
00000656
00000647
00000657
00000657
00000658
00000659
0000065A
0000065B
0000065C
0000065D
0000065E
0000065F
00000660
00000661
00000657
00000662
00000663
00000664
00000657
00000665
00000657
00000666
00000657
00000667
00000668
00000669
00000647
00000647
00000647
00000648
00000649
0000064A
0000064B
0000064C
0000064D
00000647
0000064E
0000064F
00000647
00000650
00000651
00000652
00000653
00000654
00000655
00000647
00000647
00000656
00000647
00000657
00000657
00000658
00000659
0000065A
0000065B
0000065C
0000065D
0000065E
0000065F
00000660
00000661
00000657
00000662
00000663
00000664
00000657
00000665
00000657
00000666
00000657
00000667
00000668
00000669
00000647
00000647
00000647
00000648
00000649
0000064A
0000064B
0000064C
0000064D
00000647
0000064E
0000064F
00000647
00000650
00000651
00000652
00000653
00000654
00000655
00000647
00000647
00000656
00000647
00000657
00000657
00000658
00000659
0000065A
0000065B
0000065C
0000065D
0000065E
0000065F
00000660
00000661
00000657
00000662
00000663
00000664
00000657
00000665
00000657
00000666
00000657
00000667
00000668
00000669
00000647
00000647
00000647
00000648
00000649
0000064A
0000064B
0000064C
0000064D
00000647
0000064E
0000064F
00000647
00000650
00000651
00000652
00000653
00000654
00000655
00000647
00000647
00000656
00000647
00000657
00000657
00000658
00000659
0000065A
0000065B
0000065C
0000065D
0000065E
0000065F
00000660
00000661
00000657
00000662
00000663
00000664
00000657
00000665
00000657
00000666
00000657
00000667
00000668
00000669
00000647
00000647
00000647
00000648
00000649
0000064A
0000064B
0000064C
0000064D
00000647
0000064E
0000064F
00000647
00000650
00000651
00000652
00000653
00000654
00000655
00000647
00000647
00000656
00000647
00000657
00000657
00000658
00000659
0000065A
0000065B
0000065C
0000065D
0000065E
0000065F
00000660
00000661
00000657
00000662
00000663
00000664
00000657
00000665
00000657
00000666
00000657
00000667
00000668
00000669
00000647
00000647
00000647
00000648
00000649
0000064A
0000064B
0000064C
0000064D
00000647
0000064E
0000064F
00000647
00000650
00000651
00000652
00000653
00000654
00000655
00000647
00000647
00000656
00000647
00000657
00000657
00000658
00000659
0000065A
0000065B
0000065C
0000065D
0000065E
0000065F
00000660
00000661
00000657
00000662
00000663
00000664
00000657
00000665
00000657
00000666
00000657
00000667
00000668
00000669
00000647
00000647
00000647
00000648
00000649
0000064A
0000064B
0000064C
0000064D
00000647
0000064E
0000064F
00000647
00000650
00000651
00000652
00000653
00000654
00000655
00000647
00000647
00000656
00000647
00000657
00000657
00000658
00000659
0000065A
0000065B
0000065C
0000065D
0000065E
0000065F
00000660
00000661
00000657
00000662
00000663
00000664
00000657
00000665
00000657
00000666
00000657
00000667
00000668
00000669
00000647
00000647
00000647
00000648
00000649
0000064A
0000064B
0000064C
0000064D
00000647
0000064E
0000064F
00000647
00000650
00000651
00000652
00000653
00000654
00000655
00000647
00000647
00000656
00000647
00000657
00000657
00000658
00000659
0000065A
0000065B
0000065C
0000065D
0000065E
0000065F
00000660
00000661
00000657
00000662
00000663
00000664
00000657
00000665
00000657
00000666
00000657
00000667
00000668
00000669
00000647
00000647
00000647
00000648
00000649
0000064A
0000064B
0000064C
0000064D
00000647
0000064E
0000064F
00000647
00000650
00000651
00000652
00000653
00000654
00000655
00000647
00000647
00000656
00000647
00000657
00000657
00000658
00000659
0000065A
0000065B
0000065C
0000065D
0000065E
0000065F
00000660
00000661
00000657
00000662
00000663
00000664
00000657
00000665
00000657
00000666
00000657
00000667
00000668
00000669
00000647
00000647
00000647
00000648
00000649
0000064A
0000064B
0000064C
0000064D
00000647
0000064E
0000064F
00000647
00000650
00000651
00000652
00000653
00000654
00000655
00000647
00000647
00000656
00000647
00000657
00000657
00000658
00000659
0000065A
0000065B
0000065C
0000065D
0000065E
0000065F
00000660
00000661
00000657
00000662
00000663
00000664
00000657
00000665
00000657
00000666
00000657
00000667
00000668
00000669
00000647
00000647
00000647
00000648
00000649
0000064A
0000064B
0000064C
0000064D
00000647
0000064E
0000064F
00000647
00000650
00000651
00000652
00000653
00000654
00000655
00000647
00000647
00000656
00000647
00000657
00000657
00000658
00000659
0000065A
0000065B
0000065C
0000065D
0000065E
0000065F
00000660
00000661
00000657
00000662
00000663
00000664
00000657
00000665
00000657
00000666
00000657
00000667
00000668
00000669
00000647
00000647
00000647
00000648
00000649
0000064A
0000064B
0000064C
0000064D
00000647
0000064E
0000064F
00000647
00000650
00000651
00000652
00000653
00000654
00000655
00000647
00000647
00000656
00000647
00000657
00000657
00000658
00000659
0000065A
0000065B
0000065C
0000065D
0000065E
0000065F
00000660
00000661
00000657
00000662
00000663
00000664
00000657
00000665
00000657
00000666
00000657
00000667
00000668
00000669
00000647
00000647
00000647
00000648
00000649
0000064A
0000064B
0000064C
0000064D
00000647
0000064E
0000064F
00000647
00000650
00000651
00000652
00000653
00000654
00000655
00000647
00000647
00000656
00000647
00000657
00000657
00000658
00000659
0000065A
0000065B
0000065C
0000065D
0000065E
0000065F
00000660
00000661
00000657
00000662
00000663
00000664
00000657
00000665
00000657
00000666
00000657
00000667
00000668
00000669
0000066A
0000066A
0000066A
0000066B
0000066C
0000066D
0000066E
0000066F
00000670
0000066A
00000671
00000672
0000066A
00000673
00000674
00000675
00000676
0000066A
00000677
0000066A
0000066A
00000678
0000066A
0000066A
0000066A
00000679
0000067A
0000067B
0000067C
0000067D
0000067E
0000067F
00000680
00000681
00000682
0000066A
00000683
00000684
00000685
0000066A
00000686
0000066A
00000687
00000688
00000689
0000068A
0000068B
0000066A
0000066A
0000066A
0000066B
0000066C
0000066D
0000066E
0000066F
00000670
0000066A
00000671
00000672
0000066A
00000673
00000674
00000675
00000676
0000066A
00000677
0000066A
0000066A
00000678
0000066A
0000066A
0000066A
00000679
0000067A
0000067B
0000067C
0000067D
0000067E
0000067F
00000680
00000681
00000682
0000066A
00000683
00000684
00000685
0000066A
00000686
0000066A
00000687
00000688
00000689
0000068A
0000068B
0000066A
0000066A
0000066A
0000066B
0000066C
0000066D
0000066E
0000066F
00000670
0000066A
00000671
00000672
0000066A
00000673
00000674
00000675
00000676
0000066A
00000677
0000066A
0000066A
00000678
0000066A
0000066A
0000066A
00000679
0000067A
0000067B
0000067C
0000067D
0000067E
0000067F
00000680
00000681
00000682
0000066A
00000683
00000684
00000685
0000066A
00000686
0000066A
00000687
00000688
00000689
0000068A
0000068B
0000066A
0000066A
0000066A
0000066B
0000066C
0000066D
0000066E
0000066F
00000670
0000066A
00000671
00000672
0000066A
00000673
00000674
00000675
00000676
0000066A
00000677
0000066A
0000066A
00000678
0000066A
0000066A
0000066A
00000679
0000067A
0000067B
0000067C
0000067D
0000067E
0000067F
00000680
00000681
00000682
0000066A
00000683
00000684
00000685
0000066A
00000686
0000066A
00000687
00000688
00000689
0000068A
0000068B
0000066A
0000066A
0000066A
0000066B
0000066C
0000066D
0000066E
0000066F
00000670
0000066A
00000671
00000672
0000066A
00000673
00000674
00000675
00000676
0000066A
00000677
0000066A
0000066A
00000678
0000066A
0000066A
0000066A
00000679
0000067A
0000067B
0000067C
0000067D
0000067E
0000067F
00000680
00000681
00000682
0000066A
00000683
00000684
00000685
0000066A
00000686
0000066A
00000687
00000688
00000689
0000068A
0000068B
0000066A
0000066A
0000066A
0000066B
0000066C
0000066D
0000066E
0000066F
00000670
0000066A
00000671
00000672
0000066A
00000673
00000674
00000675
00000676
0000066A
00000677
0000066A
0000066A
00000678
0000066A
0000066A
0000066A
00000679
0000067A
0000067B
0000067C
0000067D
0000067E
0000067F
00000680
00000681
00000682
0000066A
00000683
00000684
00000685
0000066A
00000686
0000066A
00000687
00000688
00000689
0000068A
0000068B
0000066A
0000066A
0000066A
0000066B
0000066C
0000066D
0000066E
0000066F
00000670
0000066A
00000671
00000672
0000066A
00000673
00000674
00000675
00000676
0000066A
00000677
0000066A
0000066A
00000678
0000066A
0000066A
0000066A
00000679
0000067A
0000067B
0000067C
0000067D
0000067E
0000067F
00000680
00000681
00000682
0000066A
00000683
00000684
00000685
0000066A
00000686
0000066A
00000687
00000688
00000689
0000068A
0000068B
0000068C
0000068C
0000068C
0000068D
0000068E
0000068F
00000690
00000691
00000692
0000068C
00000693
00000694
0000068C
00000695
00000696
00000697
00000698
0000068C
00000699
0000068C
0000068C
0000069A
0000068C
0000069B
0000069B
0000069C
0000069D
0000069E
0000069F
000006A0
000006A1
000006A2
000006A3
000006A4
000006A5
0000069B
000006A6
000006A7
000006A8
0000069B
000006A9
0000069B
000006AA
0000069B
000006AB
000006AC
000006AD
0000068C
0000068C
0000068C
0000068D
0000068E
0000068F
00000690
00000691
00000692
0000068C
00000693
00000694
0000068C
00000695
00000696
00000697
00000698
0000068C
00000699
0000068C
0000068C
0000069A
0000068C
0000069B
0000069B
0000069C
0000069D
0000069E
0000069F
000006A0
000006A1
000006A2
000006A3
000006A4
000006A5
0000069B
000006A6
000006A7
000006A8
0000069B
000006A9
0000069B
000006AA
0000069B
000006AB
000006AC
000006AD
0000068C
0000068C
0000068C
0000068D
0000068E
0000068F
00000690
00000691
00000692
0000068C
00000693
00000694
0000068C
00000695
00000696
00000697
00000698
0000068C
00000699
0000068C
0000068C
0000069A
0000068C
0000069B
0000069B
0000069C
0000069D
0000069E
0000069F
000006A0
000006A1
000006A2
000006A3
000006A4
000006A5
0000069B
000006A6
000006A7
000006A8
0000069B
000006A9
0000069B
000006AA
0000069B
000006AB
000006AC
000006AD
0000068C
0000068C
0000068C
0000068D
0000068E
0000068F
00000690
00000691
00000692
0000068C
00000693
00000694
0000068C
00000695
00000696
00000697
00000698
0000068C
00000699
0000068C
0000068C
0000069A
0000068C
0000069B
0000069B
0000069C
0000069D
0000069E
0000069F
000006A0
000006A1
000006A2
000006A3
000006A4
000006A5
0000069B
000006A6
000006A7
000006A8
0000069B
000006A9
0000069B
000006AA
0000069B
000006AB
000006AC
000006AD
0000068C
0000068C
0000068C
0000068D
0000068E
0000068F
00000690
00000691
00000692
0000068C
00000693
00000694
0000068C
00000695
00000696
00000697
00000698
0000068C
00000699
0000068C
0000068C
0000069A
0000068C
0000069B
0000069B
0000069C
0000069D
0000069E
0000069F
000006A0
000006A1
000006A2
000006A3
000006A4
000006A5
0000069B
000006A6
000006A7
000006A8
0000069B
000006A9
0000069B
000006AA
0000069B
000006AB
000006AC
000006AD
0000068C
0000068C
0000068C
0000068D
0000068E
0000068F
00000690
00000691
00000692
0000068C
00000693
00000694
0000068C
00000695
00000696
00000697
00000698
0000068C
00000699
0000068C
0000068C
0000069A
0000068C
0000069B
0000069B
0000069C
0000069D
0000069E
0000069F
000006A0
000006A1
000006A2
000006A3
000006A4
000006A5
0000069B
000006A6
000006A7
000006A8
0000069B
000006A9
0000069B
000006AA
0000069B
000006AB
000006AC
000006AD
000006AE
000006AE
000006AE
000006AF
000006B0
000006B1
000006B2
000006B3
000006B4
000006AE
000006B5
000006B6
000006AE
000006B7
000006B8
000006B9
000006BA
000006AE
000006BB
000006AE
000006AE
000006BC
000006AE
000006BD
000006BD
000006BE
000006BF
000006C0
000006C1
000006C2
000006C3
000006C4
000006C5
000006C6
000006C7
000006BD
000006C8
000006C9
000006CA
000006BD
000006CB
000006BD
000006CC
000006BD
000006CD
000006CE
000006CF
000006AE
000006AE
000006AE
000006AF
000006B0
000006B1
000006B2
000006B3
000006B4
000006AE
000006B5
000006B6
000006AE
000006B7
000006B8
000006B9
000006BA
000006AE
000006BB
000006AE
000006AE
000006BC
000006AE
000006BD
000006BD
000006BE
000006BF
000006C0
000006C1
000006C2
000006C3
000006C4
000006C5
000006C6
000006C7
000006BD
000006C8
000006C9
000006CA
000006BD
000006CB
000006BD
000006CC
000006BD
000006CD
000006CE
000006CF
000006AE
000006AE
000006AE
000006AF
000006B0
000006B1
000006B2
000006B3
000006B4
000006AE
000006B5
000006B6
000006AE
000006B7
000006B8
000006B9
000006BA
000006AE
000006BB
000006AE
000006AE
000006BC
000006AE
000006BD
000006BD
000006BE
000006BF
000006C0
000006C1
000006C2
000006C3
000006C4
000006C5
000006C6
000006C7
000006BD
000006C8
000006C9
000006CA
000006BD
000006CB
000006BD
000006CC
000006BD
000006CD
000006CE
000006CF
000006AE
000006AE
000006AE
000006AF
000006B0
000006B1
000006B2
000006B3
000006B4
000006AE
000006B5
000006B6
000006AE
000006B7
000006B8
000006B9
000006BA
000006AE
000006BB
000006AE
000006AE
000006BC
000006AE
000006BD
000006BD
000006BE
000006BF
000006C0
000006C1
000006C2
000006C3
000006C4
000006C5
000006C6
000006C7
000006BD
000006C8
000006C9
000006CA
000006BD
000006CB
000006BD
000006CC
000006BD
000006CD
000006CE
000006CF
000006AE
000006AE
000006AE
000006AF
000006B0
000006B1
000006B2
000006B3
000006B4
000006AE
000006B5
000006B6
000006AE
000006B7
000006B8
000006B9
000006BA
000006AE
000006BB
000006AE
000006AE
000006BC
000006AE
000006BD
000006BD
000006BE
000006BF
000006C0
000006C1
000006C2
000006C3
000006C4
000006C5
000006C6
000006C7
000006BD
000006C8
000006C9
000006CA
000006BD
000006CB
000006BD
000006CC
000006BD
000006CD
000006CE
000006CF
000006D0
000006D0
000006D0
000006D1
000006D2
000006D3
000006D4
000006D5
000006D6
000006D0
000006D7
000006D8
000006D0
000006D9
000006DA
000006DB
000006DC
000006D0
000006DD
000006D0
000006D0
000006DE
000006D0
000006D0
000006D0
000006DF
000006E0
000006E1
000006E2
000006E3
000006E4
000006E5
000006E6
000006E7
000006E8
000006D0
000006E9
000006EA
000006EB
000006D0
000006EC
000006D0
000006ED
000006D0
000006EE
000006EF
000006F0
000006F1
000006F1
000006F1
000006F2
000006F3
000006F4
000006F5
000006F6
000006F7
000006F1
000006F8
000006F9
000006F1
000006FA
000006FB
000006FC
000006FD
000006F1
000006FE
000006F1
000006F1
000006FF
000006F1
000006F1
000006F1
00000700
00000701
00000702
00000703
00000704
00000705
00000706
00000707
00000708
00000709
000006F1
0000070A
0000070B
0000070C
000006F1
0000070D
000006F1
0000070E
000006F1
0000070F
00000710
00000711
00000712
00000712
00000712
00000713
00000714
00000715
00000716
00000717
00000718
00000712
00000719
0000071A
00000712
0000071B
0000071C
0000071D
0000071E
00000712
0000071F
00000712
00000712
00000720
00000712
00000721
00000721
00000722
00000723
00000724
00000725
00000726
00000727
00000728
00000729
0000072A
0000072B
00000721
0000072C
0000072D
0000072E
00000721
0000072F
00000721
00000730
00000721
00000731
00000732
00000733
00000734
00000734
00000734
00000735
00000736
00000737
00000738
00000739
0000073A
00000734
0000073B
0000073C
00000734
0000073D
0000073E
0000073F
00000740
00000734
00000741
00000734
00000734
00000742
00000734
00000743
00000743
00000744
00000745
00000746
00000747
00000748
00000749
0000074A
0000074B
0000074C
0000074D
00000743
0000074E
0000074F
00000750
00000743
00000751
00000743
00000752
00000743
00000753
00000754
00000755
00000756
00000756
00000756
00000757
00000758
00000759
0000075A
0000075B
0000075C
00000756
0000075D
0000075E
00000756
0000075F
00000760
00000761
00000762
00000756
00000763
00000756
00000756
00000764
00000756
00000756
00000756
00000765
00000766
00000767
00000768
00000769
0000076A
0000076B
0000076C
0000076D
0000076E
00000756
0000076F
00000770
00000771
00000756
00000772
00000756
00000773
00000756
00000774
00000775
00000776
00000777
00000777
00000777
00000778
00000779
0000077A
0000077B
0000077C
0000077D
00000777
0000077E
0000077F
00000777
00000780
00000781
00000782
00000783
00000777
00000784
00000777
00000777
00000785
00000777
00000777
00000777
00000786
00000787
00000788
00000789
0000078A
0000078B
0000078C
0000078D
0000078E
0000078F
00000777
00000790
00000791
00000792
00000777
00000793
00000794
00000795
00000777
00000796
00000797
00000798
00000777
00000777
00000777
00000778
00000779
0000077A
0000077B
0000077C
0000077D
00000777
0000077E
0000077F
00000777
00000780
00000781
00000782
00000783
00000777
00000784
00000777
00000777
00000785
00000777
00000777
00000777
00000786
00000787
00000788
00000789
0000078A
0000078B
0000078C
0000078D
0000078E
0000078F
00000777
00000790
00000791
00000792
00000777
00000793
00000794
00000795
00000777
00000796
00000797
00000798
00000777
00000777
00000777
00000778
00000779
0000077A
0000077B
0000077C
0000077D
00000777
0000077E
0000077F
00000777
00000780
00000781
00000782
00000783
00000777
00000784
00000777
00000777
00000785
00000777
00000777
00000777
00000786
00000787
00000788
00000789
0000078A
0000078B
0000078C
0000078D
0000078E
0000078F
00000777
00000790
00000791
00000792
00000777
00000793
00000794
00000795
00000777
00000796
00000797
00000798
00000777
00000777
00000777
00000778
00000779
0000077A
0000077B
0000077C
0000077D
00000777
0000077E
0000077F
00000777
00000780
00000781
00000782
00000783
00000777
00000784
00000777
00000777
00000785
00000777
00000777
00000777
00000786
00000787
00000788
00000789
0000078A
0000078B
0000078C
0000078D
0000078E
0000078F
00000777
00000790
00000791
00000792
00000777
00000793
00000794
00000795
00000777
00000796
00000797
00000798
00000777
00000777
00000777
00000778
00000779
0000077A
0000077B
0000077C
0000077D
00000777
0000077E
0000077F
00000777
00000780
00000781
00000782
00000783
00000777
00000784
00000777
00000777
00000785
00000777
00000777
00000777
00000786
00000787
00000788
00000789
0000078A
0000078B
0000078C
0000078D
0000078E
0000078F
00000777
00000790
00000791
00000792
00000777
00000793
00000794
00000795
00000777
00000796
00000797
00000798
00000777
00000777
00000777
00000778
00000779
0000077A
0000077B
0000077C
0000077D
00000777
0000077E
0000077F
00000777
00000780
00000781
00000782
00000783
00000777
00000784
00000777
00000777
00000785
00000777
00000777
00000777
00000786
00000787
00000788
00000789
0000078A
0000078B
0000078C
0000078D
0000078E
0000078F
00000777
00000790
00000791
00000792
00000777
00000793
00000794
00000795
00000777
00000796
00000797
00000798
00000777
00000777
00000777
00000778
00000779
0000077A
0000077B
0000077C
0000077D
00000777
0000077E
0000077F
00000777
00000780
00000781
00000782
00000783
00000777
00000784
00000777
00000777
00000785
00000777
00000777
00000777
00000786
00000787
00000788
00000789
0000078A
0000078B
0000078C
0000078D
0000078E
0000078F
00000777
00000790
00000791
00000792
00000777
00000793
00000794
00000795
00000777
00000796
00000797
00000798
00000777
00000777
00000777
00000778
00000779
0000077A
0000077B
0000077C
0000077D
00000777
0000077E
0000077F
00000777
00000780
00000781
00000782
00000783
00000777
00000784
00000777
00000777
00000785
00000777
00000777
00000777
00000786
00000787
00000788
00000789
0000078A
0000078B
0000078C
0000078D
0000078E
0000078F
00000777
00000790
00000791
00000792
00000777
00000793
00000794
00000795
00000777
00000796
00000797
00000798
00000777
00000777
00000777
00000778
00000779
0000077A
0000077B
0000077C
0000077D
00000777
0000077E
0000077F
00000777
00000780
00000781
00000782
00000783
00000777
00000784
00000777
00000777
00000785
00000777
00000777
00000777
00000786
00000787
00000788
00000789
0000078A
0000078B
0000078C
0000078D
0000078E
0000078F
00000777
00000790
00000791
00000792
00000777
00000793
00000794
00000795
00000777
00000796
00000797
00000798
00000777
00000777
00000777
00000778
00000779
0000077A
0000077B
0000077C
0000077D
00000777
0000077E
0000077F
00000777
00000780
00000781
00000782
00000783
00000777
00000784
00000777
00000777
00000785
00000777
00000777
00000777
00000786
00000787
00000788
00000789
0000078A
0000078B
0000078C
0000078D
0000078E
0000078F
00000777
00000790
00000791
00000792
00000777
00000793
00000794
00000795
00000777
00000796
00000797
00000798
00000777
00000777
00000777
00000778
00000779
0000077A
0000077B
0000077C
0000077D
00000777
0000077E
0000077F
00000777
00000780
00000781
00000782
00000783
00000777
00000784
00000777
00000777
00000785
00000777
00000777
00000777
00000786
00000787
00000788
00000789
0000078A
0000078B
0000078C
0000078D
0000078E
0000078F
00000777
00000790
00000791
00000792
00000777
00000793
00000794
00000795
00000777
00000796
00000797
00000798
00000777
00000777
00000777
00000778
00000779
0000077A
0000077B
0000077C
0000077D
00000777
0000077E
0000077F
00000777
00000780
00000781
00000782
00000783
00000777
00000784
00000777
00000777
00000785
00000777
00000777
00000777
00000786
00000787
00000788
00000789
0000078A
0000078B
0000078C
0000078D
0000078E
0000078F
00000777
00000790
00000791
00000792
00000777
00000793
00000794
00000795
00000777
00000796
00000797
00000798
00000777
00000777
00000777
00000778
00000779
0000077A
0000077B
0000077C
0000077D
00000777
0000077E
0000077F
00000777
00000780
00000781
00000782
00000783
00000777
00000784
00000777
00000777
00000785
00000777
00000777
00000777
00000786
00000787
00000788
00000789
0000078A
0000078B
0000078C
0000078D
0000078E
0000078F
00000777
00000790
00000791
00000792
00000777
00000793
00000794
00000795
00000777
00000796
00000797
00000798
00000777
00000777
00000777
00000778
00000779
0000077A
0000077B
0000077C
0000077D
00000777
0000077E
0000077F
00000777
00000780
00000781
00000782
00000783
00000777
00000784
00000777
00000777
00000785
00000777
00000777
00000777
00000786
00000787
00000788
00000789
0000078A
0000078B
0000078C
0000078D
0000078E
0000078F
00000777
00000790
00000791
00000792
00000777
00000793
00000794
00000795
00000777
00000796
00000797
00000798
00000777
00000777
00000777
00000778
00000779
0000077A
0000077B
0000077C
0000077D
00000777
0000077E
0000077F
00000777
00000780
00000781
00000782
00000783
00000777
00000784
00000777
00000777
00000785
00000777
00000777
00000777
00000786
00000787
00000788
00000789
0000078A
0000078B
0000078C
0000078D
0000078E
0000078F
00000777
00000790
00000791
00000792
00000777
00000793
00000794
00000795
00000777
00000796
00000797
00000798
00000777
00000777
00000777
00000778
00000779
0000077A
0000077B
0000077C
0000077D
00000777
0000077E
0000077F
00000777
00000780
00000781
00000782
00000783
00000777
00000784
00000777
00000777
00000785
00000777
00000777
00000777
00000786
00000787
00000788
00000789
0000078A
0000078B
0000078C
0000078D
0000078E
0000078F
00000777
00000790
00000791
00000792
00000777
00000793
00000794
00000795
00000777
00000796
00000797
00000798
00000777
00000777
00000777
00000778
00000779
0000077A
0000077B
0000077C
0000077D
00000777
0000077E
0000077F
00000777
00000780
00000781
00000782
00000783
00000777
00000784
00000777
00000777
00000785
00000777
00000777
00000777
00000786
00000787
00000788
00000789
0000078A
0000078B
0000078C
0000078D
0000078E
0000078F
00000777
00000790
00000791
00000792
00000777
00000793
00000794
00000795
00000777
00000796
00000797
00000798
00000777
00000777
00000777
00000778
00000779
0000077A
0000077B
0000077C
0000077D
00000777
0000077E
0000077F
00000777
00000780
00000781
00000782
00000783
00000777
00000784
00000777
00000777
00000785
00000777
00000777
00000777
00000786
00000787
00000788
00000789
0000078A
0000078B
0000078C
0000078D
0000078E
0000078F
00000777
00000790
00000791
00000792
00000777
00000793
00000794
00000795
00000777
00000796
00000797
00000798
00000777
00000777
00000777
00000778
00000779
0000077A
0000077B
0000077C
0000077D
00000777
0000077E
0000077F
00000777
00000780
00000781
00000782
00000783
00000777
00000784
00000777
00000777
00000785
00000777
00000777
00000777
00000786
00000787
00000788
00000789
0000078A
0000078B
0000078C
0000078D
0000078E
0000078F
00000777
00000790
00000791
00000792
00000777
00000793
00000794
00000795
00000777
00000796
00000797
00000798
00000777
00000777
00000777
00000778
00000779
0000077A
0000077B
0000077C
0000077D
00000777
0000077E
0000077F
00000777
00000780
00000781
00000782
00000783
00000777
00000784
00000777
00000777
00000785
00000777
00000777
00000777
00000786
00000787
00000788
00000789
0000078A
0000078B
0000078C
0000078D
0000078E
0000078F
00000777
00000790
00000791
00000792
00000777
00000793
00000794
00000795
00000777
00000796
00000797
00000798
00000777
00000777
00000777
00000778
00000779
0000077A
0000077B
0000077C
0000077D
00000777
0000077E
0000077F
00000777
00000780
00000781
00000782
00000783
00000777
00000784
00000777
00000777
00000785
00000777
00000777
00000777
00000786
00000787
00000788
00000789
0000078A
0000078B
0000078C
0000078D
0000078E
0000078F
00000777
00000790
00000791
00000792
00000777
00000793
00000794
00000795
00000777
00000796
00000797
00000798
00000777
00000777
00000777
00000778
00000779
0000077A
0000077B
0000077C
0000077D
00000777
0000077E
0000077F
00000777
00000780
00000781
00000782
00000783
00000777
00000784
00000777
00000777
00000785
00000777
00000777
00000777
00000786
00000787
00000788
00000789
0000078A
0000078B
0000078C
0000078D
0000078E
0000078F
00000777
00000790
00000791
00000792
00000777
00000793
00000794
00000795
00000777
00000796
00000797
00000798
00000777
00000777
00000777
00000778
00000779
0000077A
0000077B
0000077C
0000077D
00000777
0000077E
0000077F
00000777
00000780
00000781
00000782
00000783
00000777
00000784
00000777
00000777
00000785
00000777
00000777
00000777
00000786
00000787
00000788
00000789
0000078A
0000078B
0000078C
0000078D
0000078E
0000078F
00000777
00000790
00000791
00000792
00000777
00000793
00000794
00000795
00000777
00000796
00000797
00000798
00000799
00000799
0000079A
0000079B
0000079C
0000079D
0000079E
0000079F
000007A0
00000799
000007A1
000007A2
00000799
000007A3
000007A4
000007A5
000007A6
00000799
000007A7
00000799
00000799
000007A8
00000799
000007A9
000007A9
000007AA
000007AB
000007AC
000007AD
000007AE
000007AF
000007B0
000007B1
000007B2
000007B3
000007A9
000007B4
000007B5
000007B6
000007A9
000007B7
000007A9
000007B8
000007A9
000007B9
000007BA
000007BB
00000799
00000799
0000079A
0000079B
0000079C
0000079D
0000079E
0000079F
000007A0
00000799
000007A1
000007A2
00000799
000007A3
000007A4
000007A5
000007A6
00000799
000007A7
00000799
00000799
000007A8
00000799
000007A9
000007A9
000007AA
000007AB
000007AC
000007AD
000007AE
000007AF
000007B0
000007B1
000007B2
000007B3
000007A9
000007B4
000007B5
000007B6
000007A9
000007B7
000007A9
000007B8
000007A9
000007B9
000007BA
000007BB
00000799
00000799
0000079A
0000079B
0000079C
0000079D
0000079E
0000079F
000007A0
00000799
000007A1
000007A2
00000799
000007A3
000007A4
000007A5
000007A6
00000799
000007A7
00000799
00000799
000007A8
00000799
000007A9
000007A9
000007AA
000007AB
000007AC
000007AD
000007AE
000007AF
000007B0
000007B1
000007B2
000007B3
000007A9
000007B4
000007B5
000007B6
000007A9
000007B7
000007A9
000007B8
000007A9
000007B9
000007BA
000007BB
00000799
00000799
0000079A
0000079B
0000079C
0000079D
0000079E
0000079F
000007A0
00000799
000007A1
000007A2
00000799
000007A3
000007A4
000007A5
000007A6
00000799
000007A7
00000799
00000799
000007A8
00000799
000007A9
000007A9
000007AA
000007AB
000007AC
000007AD
000007AE
000007AF
000007B0
000007B1
000007B2
000007B3
000007A9
000007B4
000007B5
000007B6
000007A9
000007B7
000007A9
000007B8
000007A9
000007B9
000007BA
000007BB
00000799
00000799
0000079A
0000079B
0000079C
0000079D
0000079E
0000079F
000007A0
00000799
000007A1
000007A2
00000799
000007A3
000007A4
000007A5
000007A6
00000799
000007A7
00000799
00000799
000007A8
00000799
000007A9
000007A9
000007AA
000007AB
000007AC
000007AD
000007AE
000007AF
000007B0
000007B1
000007B2
000007B3
000007A9
000007B4
000007B5
000007B6
000007A9
000007B7
000007A9
000007B8
000007A9
000007B9
000007BA
000007BB
00000799
00000799
0000079A
0000079B
0000079C
0000079D
0000079E
0000079F
000007A0
00000799
000007A1
000007A2
00000799
000007A3
000007A4
000007A5
000007A6
00000799
000007A7
00000799
00000799
000007A8
00000799
000007A9
000007A9
000007AA
000007AB
000007AC
000007AD
000007AE
000007AF
000007B0
000007B1
000007B2
000007B3
000007A9
000007B4
000007B5
000007B6
000007A9
000007B7
000007A9
000007B8
000007A9
000007B9
000007BA
000007BB
00000799
00000799
0000079A
0000079B
0000079C
0000079D
0000079E
0000079F
000007A0
00000799
000007A1
000007A2
00000799
000007A3
000007A4
000007A5
000007A6
00000799
000007A7
00000799
00000799
000007A8
00000799
000007A9
000007A9
000007AA
000007AB
000007AC
000007AD
000007AE
000007AF
000007B0
000007B1
000007B2
000007B3
000007A9
000007B4
000007B5
000007B6
000007A9
000007B7
000007A9
000007B8
000007A9
000007B9
000007BA
000007BB
00000799
00000799
0000079A
0000079B
0000079C
0000079D
0000079E
0000079F
000007A0
00000799
000007A1
000007A2
00000799
000007A3
000007A4
000007A5
000007A6
00000799
000007A7
00000799
00000799
000007A8
00000799
000007A9
000007A9
000007AA
000007AB
000007AC
000007AD
000007AE
000007AF
000007B0
000007B1
000007B2
000007B3
000007A9
000007B4
000007B5
000007B6
000007A9
000007B7
000007A9
000007B8
000007A9
000007B9
000007BA
000007BB
00000799
00000799
0000079A
0000079B
0000079C
0000079D
0000079E
0000079F
000007A0
00000799
000007A1
000007A2
00000799
000007A3
000007A4
000007A5
000007A6
00000799
000007A7
00000799
00000799
000007A8
00000799
000007A9
000007A9
000007AA
000007AB
000007AC
000007AD
000007AE
000007AF
000007B0
000007B1
000007B2
000007B3
000007A9
000007B4
000007B5
000007B6
000007A9
000007B7
000007A9
000007B8
000007A9
000007B9
000007BA
000007BB
00000799
00000799
0000079A
0000079B
0000079C
0000079D
0000079E
0000079F
000007A0
00000799
000007A1
000007A2
00000799
000007A3
000007A4
000007A5
000007A6
00000799
000007A7
00000799
00000799
000007A8
00000799
000007A9
000007A9
000007AA
000007AB
000007AC
000007AD
000007AE
000007AF
000007B0
000007B1
000007B2
000007B3
000007A9
000007B4
000007B5
000007B6
000007A9
000007B7
000007A9
000007B8
000007A9
000007B9
000007BA
000007BB
00000799
00000799
0000079A
0000079B
0000079C
0000079D
0000079E
0000079F
000007A0
00000799
000007A1
000007A2
00000799
000007A3
000007A4
000007A5
000007A6
00000799
000007A7
00000799
00000799
000007A8
00000799
000007A9
000007A9
000007AA
000007AB
000007AC
000007AD
000007AE
000007AF
000007B0
000007B1
000007B2
000007B3
000007A9
000007B4
000007B5
000007B6
000007A9
000007B7
000007A9
000007B8
000007A9
000007B9
000007BA
000007BB
00000799
00000799
0000079A
0000079B
0000079C
0000079D
0000079E
0000079F
000007A0
00000799
000007A1
000007A2
00000799
000007A3
000007A4
000007A5
000007A6
00000799
000007A7
00000799
00000799
000007A8
00000799
000007A9
000007A9
000007AA
000007AB
000007AC
000007AD
000007AE
000007AF
000007B0
000007B1
000007B2
000007B3
000007A9
000007B4
000007B5
000007B6
000007A9
000007B7
000007A9
000007B8
000007A9
000007B9
000007BA
000007BB
00000799
00000799
0000079A
0000079B
0000079C
0000079D
0000079E
0000079F
000007A0
00000799
000007A1
000007A2
00000799
000007A3
000007A4
000007A5
000007A6
00000799
000007A7
00000799
00000799
000007A8
00000799
000007A9
000007A9
000007AA
000007AB
000007AC
000007AD
000007AE
000007AF
000007B0
000007B1
000007B2
000007B3
000007A9
000007B4
000007B5
000007B6
000007A9
000007B7
000007A9
000007B8
000007A9
000007B9
000007BA
000007BB
00000799
00000799
0000079A
0000079B
0000079C
0000079D
0000079E
0000079F
000007A0
00000799
000007A1
000007A2
00000799
000007A3
000007A4
000007A5
000007A6
00000799
000007A7
00000799
00000799
000007A8
00000799
000007A9
000007A9
000007AA
000007AB
000007AC
000007AD
000007AE
000007AF
000007B0
000007B1
000007B2
000007B3
000007A9
000007B4
000007B5
000007B6
000007A9
000007B7
000007A9
000007B8
000007A9
000007B9
000007BA
000007BB
00000799
00000799
0000079A
0000079B
0000079C
0000079D
0000079E
0000079F
000007A0
00000799
000007A1
000007A2
00000799
000007A3
000007A4
000007A5
000007A6
00000799
000007A7
00000799
00000799
000007A8
00000799
000007A9
000007A9
000007AA
000007AB
000007AC
000007AD
000007AE
000007AF
000007B0
000007B1
000007B2
000007B3
000007A9
000007B4
000007B5
000007B6
000007A9
000007B7
000007A9
000007B8
000007A9
000007B9
000007BA
000007BB
00000799
00000799
0000079A
0000079B
0000079C
0000079D
0000079E
0000079F
000007A0
00000799
000007A1
000007A2
00000799
000007A3
000007A4
000007A5
000007A6
00000799
000007A7
00000799
00000799
000007A8
00000799
000007A9
000007A9
000007AA
000007AB
000007AC
000007AD
000007AE
000007AF
000007B0
000007B1
000007B2
000007B3
000007A9
000007B4
000007B5
000007B6
000007A9
000007B7
000007A9
000007B8
000007A9
000007B9
000007BA
000007BB
00000799
00000799
0000079A
0000079B
0000079C
0000079D
0000079E
0000079F
000007A0
00000799
000007A1
000007A2
00000799
000007A3
000007A4
000007A5
000007A6
00000799
000007A7
00000799
00000799
000007A8
00000799
000007A9
000007A9
000007AA
000007AB
000007AC
000007AD
000007AE
000007AF
000007B0
000007B1
000007B2
000007B3
000007A9
000007B4
000007B5
000007B6
000007A9
000007B7
000007A9
000007B8
000007A9
000007B9
000007BA
000007BB
00000799
00000799
0000079A
0000079B
0000079C
0000079D
0000079E
0000079F
000007A0
00000799
000007A1
000007A2
00000799
000007A3
000007A4
000007A5
000007A6
00000799
000007A7
00000799
00000799
000007A8
00000799
000007A9
000007A9
000007AA
000007AB
000007AC
000007AD
000007AE
000007AF
000007B0
000007B1
000007B2
000007B3
000007A9
000007B4
000007B5
000007B6
000007A9
000007B7
000007A9
000007B8
000007A9
000007B9
000007BA
000007BB
00000799
00000799
0000079A
0000079B
0000079C
0000079D
0000079E
0000079F
000007A0
00000799
000007A1
000007A2
00000799
000007A3
000007A4
000007A5
000007A6
00000799
000007A7
00000799
00000799
000007A8
00000799
000007A9
000007A9
000007AA
000007AB
000007AC
000007AD
000007AE
000007AF
000007B0
000007B1
000007B2
000007B3
000007A9
000007B4
000007B5
000007B6
000007A9
000007B7
000007A9
000007B8
000007A9
000007B9
000007BA
000007BB
00000799
00000799
0000079A
0000079B
0000079C
0000079D
0000079E
0000079F
000007A0
00000799
000007A1
000007A2
00000799
000007A3
000007A4
000007A5
000007A6
00000799
000007A7
00000799
00000799
000007A8
00000799
000007A9
000007A9
000007AA
000007AB
000007AC
000007AD
000007AE
000007AF
000007B0
000007B1
000007B2
000007B3
000007A9
000007B4
000007B5
000007B6
000007A9
000007B7
000007A9
000007B8
000007A9
000007B9
000007BA
000007BB
00000799
00000799
0000079A
0000079B
0000079C
0000079D
0000079E
0000079F
000007A0
00000799
000007A1
000007A2
00000799
000007A3
000007A4
000007A5
000007A6
00000799
000007A7
00000799
00000799
000007A8
00000799
000007A9
000007A9
000007AA
000007AB
000007AC
000007AD
000007AE
000007AF
000007B0
000007B1
000007B2
000007B3
000007A9
000007B4
000007B5
000007B6
000007A9
000007B7
000007A9
000007B8
000007A9
000007B9
000007BA
000007BB
00000799
00000799
0000079A
0000079B
0000079C
0000079D
0000079E
0000079F
000007A0
00000799
000007A1
000007A2
00000799
000007A3
000007A4
000007A5
000007A6
00000799
000007A7
00000799
00000799
000007A8
00000799
000007A9
000007A9
000007AA
000007AB
000007AC
000007AD
000007AE
000007AF
000007B0
000007B1
000007B2
000007B3
000007A9
000007B4
000007B5
000007B6
000007A9
000007B7
000007A9
000007B8
000007A9
000007B9
000007BA
000007BB
00000799
00000799
0000079A
0000079B
0000079C
0000079D
0000079E
0000079F
000007A0
00000799
000007A1
000007A2
00000799
000007A3
000007A4
000007A5
000007A6
00000799
000007A7
00000799
00000799
000007A8
00000799
000007A9
000007A9
000007AA
000007AB
000007AC
000007AD
000007AE
000007AF
000007B0
000007B1
000007B2
000007B3
000007A9
000007B4
000007B5
000007B6
000007A9
000007B7
000007A9
000007B8
000007A9
000007B9
000007BA
000007BB
000007BC
000007BC
000007BC
000007BD
000007BE
000007BF
000007C0
000007C1
000007C2
000007BC
000007C3
000007C4
000007BC
000007C5
000007C6
000007C7
000007C8
000007C9
000007CA
000007BC
000007BC
000007CB
000007BC
000007BC
000007BC
000007CC
000007CD
000007CE
000007CF
000007D0
000007D1
000007D2
000007D3
000007D4
000007D5
000007BC
000007D6
000007D7
000007D8
000007BC
000007D9
000007BC
000007DA
000007BC
000007DB
000007DC
000007DD
000007BC
000007BC
000007BC
000007BD
000007BE
000007BF
000007C0
000007C1
000007C2
000007BC
000007C3
000007C4
000007BC
000007C5
000007C6
000007C7
000007C8
000007C9
000007CA
000007BC
000007BC
000007CB
000007BC
000007BC
000007BC
000007CC
000007CD
000007CE
000007CF
000007D0
000007D1
000007D2
000007D3
000007D4
000007D5
000007BC
000007D6
000007D7
000007D8
000007BC
000007D9
000007BC
000007DA
000007BC
000007DB
000007DC
000007DD
000007BC
000007BC
000007BC
000007BD
000007BE
000007BF
000007C0
000007C1
000007C2
000007BC
000007C3
000007C4
000007BC
000007C5
000007C6
000007C7
000007C8
000007C9
000007CA
000007BC
000007BC
000007CB
000007BC
000007BC
000007BC
000007CC
000007CD
000007CE
000007CF
000007D0
000007D1
000007D2
000007D3
000007D4
000007D5
000007BC
000007D6
000007D7
000007D8
000007BC
000007D9
000007BC
000007DA
000007BC
000007DB
000007DC
000007DD
000007BC
000007BC
000007BC
000007BD
000007BE
000007BF
000007C0
000007C1
000007C2
000007BC
000007C3
000007C4
000007BC
000007C5
000007C6
000007C7
000007C8
000007C9
000007CA
000007BC
000007BC
000007CB
000007BC
000007BC
000007BC
000007CC
000007CD
000007CE
000007CF
000007D0
000007D1
000007D2
000007D3
000007D4
000007D5
000007BC
000007D6
000007D7
000007D8
000007BC
000007D9
000007BC
000007DA
000007BC
000007DB
000007DC
000007DD
000007BC
000007BC
000007BC
000007BD
000007BE
000007BF
000007C0
000007C1
000007C2
000007BC
000007C3
000007C4
000007BC
000007C5
000007C6
000007C7
000007C8
000007C9
000007CA
000007BC
000007BC
000007CB
000007BC
000007BC
000007BC
000007CC
000007CD
000007CE
000007CF
000007D0
000007D1
000007D2
000007D3
000007D4
000007D5
000007BC
000007D6
000007D7
000007D8
000007BC
000007D9
000007BC
000007DA
000007BC
000007DB
000007DC
000007DD
000007BC
000007BC
000007BC
000007BD
000007BE
000007BF
000007C0
000007C1
000007C2
000007BC
000007C3
000007C4
000007BC
000007C5
000007C6
000007C7
000007C8
000007C9
000007CA
000007BC
000007BC
000007CB
000007BC
000007BC
000007BC
000007CC
000007CD
000007CE
000007CF
000007D0
000007D1
000007D2
000007D3
000007D4
000007D5
000007BC
000007D6
000007D7
000007D8
000007BC
000007D9
000007BC
000007DA
000007BC
000007DB
000007DC
000007DD
000007BC
000007BC
000007BC
000007BD
000007BE
000007BF
000007C0
000007C1
000007C2
000007BC
000007C3
000007C4
000007BC
000007C5
000007C6
000007C7
000007C8
000007C9
000007CA
000007BC
000007BC
000007CB
000007BC
000007BC
000007BC
000007CC
000007CD
000007CE
000007CF
000007D0
000007D1
000007D2
000007D3
000007D4
000007D5
000007BC
000007D6
000007D7
000007D8
000007BC
000007D9
000007BC
000007DA
000007BC
000007DB
000007DC
000007DD
000007BC
000007BC
000007BC
000007BD
000007BE
000007BF
000007C0
000007C1
000007C2
000007BC
000007C3
000007C4
000007BC
000007C5
000007C6
000007C7
000007C8
000007C9
000007CA
000007BC
000007BC
000007CB
000007BC
000007BC
000007BC
000007CC
000007CD
000007CE
000007CF
000007D0
000007D1
000007D2
000007D3
000007D4
000007D5
000007BC
000007D6
000007D7
000007D8
000007BC
000007D9
000007BC
000007DA
000007BC
000007DB
000007DC
000007DD
000007BC
000007BC
000007BC
000007BD
000007BE
000007BF
000007C0
000007C1
000007C2
000007BC
000007C3
000007C4
000007BC
000007C5
000007C6
000007C7
000007C8
000007C9
000007CA
000007BC
000007BC
000007CB
000007BC
000007BC
000007BC
000007CC
000007CD
000007CE
000007CF
000007D0
000007D1
000007D2
000007D3
000007D4
000007D5
000007BC
000007D6
000007D7
000007D8
000007BC
000007D9
000007BC
000007DA
000007BC
000007DB
000007DC
000007DD
000007BC
000007BC
000007BC
000007BD
000007BE
000007BF
000007C0
000007C1
000007C2
000007BC
000007C3
000007C4
000007BC
000007C5
000007C6
000007C7
000007C8
000007C9
000007CA
000007BC
000007BC
000007CB
000007BC
000007BC
000007BC
000007CC
000007CD
000007CE
000007CF
000007D0
000007D1
000007D2
000007D3
000007D4
000007D5
000007BC
000007D6
000007D7
000007D8
000007BC
000007D9
000007BC
000007DA
000007BC
000007DB
000007DC
000007DD
000007BC
000007BC
000007BC
000007BD
000007BE
000007BF
000007C0
000007C1
000007C2
000007BC
000007C3
000007C4
000007BC
000007C5
000007C6
000007C7
000007C8
000007C9
000007CA
000007BC
000007BC
000007CB
000007BC
000007BC
000007BC
000007CC
000007CD
000007CE
000007CF
000007D0
000007D1
000007D2
000007D3
000007D4
000007D5
000007BC
000007D6
000007D7
000007D8
000007BC
000007D9
000007BC
000007DA
000007BC
000007DB
000007DC
000007DD
000007BC
000007BC
000007BC
000007BD
000007BE
000007BF
000007C0
000007C1
000007C2
000007BC
000007C3
000007C4
000007BC
000007C5
000007C6
000007C7
000007C8
000007C9
000007CA
000007BC
000007BC
000007CB
000007BC
000007BC
000007BC
000007CC
000007CD
000007CE
000007CF
000007D0
000007D1
000007D2
000007D3
000007D4
000007D5
000007BC
000007D6
000007D7
000007D8
000007BC
000007D9
000007BC
000007DA
000007BC
000007DB
000007DC
000007DD
000007BC
000007BC
000007BC
000007BD
000007BE
000007BF
000007C0
000007C1
000007C2
000007BC
000007C3
000007C4
000007BC
000007C5
000007C6
000007C7
000007C8
000007C9
000007CA
000007BC
000007BC
000007CB
000007BC
000007BC
000007BC
000007CC
000007CD
000007CE
000007CF
000007D0
000007D1
000007D2
000007D3
000007D4
000007D5
000007BC
000007D6
000007D7
000007D8
000007BC
000007D9
000007BC
000007DA
000007BC
000007DB
000007DC
000007DD
000007BC
000007BC
000007BC
000007BD
000007BE
000007BF
000007C0
000007C1
000007C2
000007BC
000007C3
000007C4
000007BC
000007C5
000007C6
000007C7
000007C8
000007C9
000007CA
000007BC
000007BC
000007CB
000007BC
000007BC
000007BC
000007CC
000007CD
000007CE
000007CF
000007D0
000007D1
000007D2
000007D3
000007D4
000007D5
000007BC
000007D6
000007D7
000007D8
000007BC
000007D9
000007BC
000007DA
000007BC
000007DB
000007DC
000007DD
000007BC
000007BC
000007BC
000007BD
000007BE
000007BF
000007C0
000007C1
000007C2
000007BC
000007C3
000007C4
000007BC
000007C5
000007C6
000007C7
000007C8
000007C9
000007CA
000007BC
000007BC
000007CB
000007BC
000007BC
000007BC
000007CC
000007CD
000007CE
000007CF
000007D0
000007D1
000007D2
000007D3
000007D4
000007D5
000007BC
000007D6
000007D7
000007D8
000007BC
000007D9
000007BC
000007DA
000007BC
000007DB
000007DC
000007DD
000007BC
000007BC
000007BC
000007BD
000007BE
000007BF
000007C0
000007C1
000007C2
000007BC
000007C3
000007C4
000007BC
000007C5
000007C6
000007C7
000007C8
000007C9
000007CA
000007BC
000007BC
000007CB
000007BC
000007BC
000007BC
000007CC
000007CD
000007CE
000007CF
000007D0
000007D1
000007D2
000007D3
000007D4
000007D5
000007BC
000007D6
000007D7
000007D8
000007BC
000007D9
000007BC
000007DA
000007BC
000007DB
000007DC
000007DD
000007BC
000007BC
000007BC
000007BD
000007BE
000007BF
000007C0
000007C1
000007C2
000007BC
000007C3
000007C4
000007BC
000007C5
000007C6
000007C7
000007C8
000007C9
000007CA
000007BC
000007BC
000007CB
000007BC
000007BC
000007BC
000007CC
000007CD
000007CE
000007CF
000007D0
000007D1
000007D2
000007D3
000007D4
000007D5
000007BC
000007D6
000007D7
000007D8
000007BC
000007D9
000007BC
000007DA
000007BC
000007DB
000007DC
000007DD
000007BC
000007BC
000007BC
000007BD
000007BE
000007BF
000007C0
000007C1
000007C2
000007BC
000007C3
000007C4
000007BC
000007C5
000007C6
000007C7
000007C8
000007C9
000007CA
000007BC
000007BC
000007CB
000007BC
000007BC
000007BC
000007CC
000007CD
000007CE
000007CF
000007D0
000007D1
000007D2
000007D3
000007D4
000007D5
000007BC
000007D6
000007D7
000007D8
000007BC
000007D9
000007BC
000007DA
000007BC
000007DB
000007DC
000007DD
000007BC
000007BC
000007BC
000007BD
000007BE
000007BF
000007C0
000007C1
000007C2
000007BC
000007C3
000007C4
000007BC
000007C5
000007C6
000007C7
000007C8
000007C9
000007CA
000007BC
000007BC
000007CB
000007BC
000007BC
000007BC
000007CC
000007CD
000007CE
000007CF
000007D0
000007D1
000007D2
000007D3
000007D4
000007D5
000007BC
000007D6
000007D7
000007D8
000007BC
000007D9
000007BC
000007DA
000007BC
000007DB
000007DC
000007DD
000007BC
000007BC
000007BC
000007BD
000007BE
000007BF
000007C0
000007C1
000007C2
000007BC
000007C3
000007C4
000007BC
000007C5
000007C6
000007C7
000007C8
000007C9
000007CA
000007BC
000007BC
000007CB
000007BC
000007BC
000007BC
000007CC
000007CD
000007CE
000007CF
000007D0
000007D1
000007D2
000007D3
000007D4
000007D5
000007BC
000007D6
000007D7
000007D8
000007BC
000007D9
000007BC
000007DA
000007BC
000007DB
000007DC
000007DD
000007BC
000007BC
000007BC
000007BD
000007BE
000007BF
000007C0
000007C1
000007C2
000007BC
000007C3
000007C4
000007BC
000007C5
000007C6
000007C7
000007C8
000007C9
000007CA
000007BC
000007BC
000007CB
000007BC
000007BC
000007BC
000007CC
000007CD
000007CE
000007CF
000007D0
000007D1
000007D2
000007D3
000007D4
000007D5
000007BC
000007D6
000007D7
000007D8
000007BC
000007D9
000007BC
000007DA
000007BC
000007DB
000007DC
000007DD
000007BC
000007BC
000007BC
000007BD
000007BE
000007BF
000007C0
000007C1
000007C2
000007BC
000007C3
000007C4
000007BC
000007C5
000007C6
000007C7
000007C8
000007C9
000007CA
000007BC
000007BC
000007CB
000007BC
000007BC
000007BC
000007CC
000007CD
000007CE
000007CF
000007D0
000007D1
000007D2
000007D3
000007D4
000007D5
000007BC
000007D6
000007D7
000007D8
000007BC
000007D9
000007BC
000007DA
000007BC
000007DB
000007DC
000007DD
000007BC
000007BC
000007BC
000007BD
000007BE
000007BF
000007C0
000007C1
000007C2
000007BC
000007C3
000007C4
000007BC
000007C5
000007C6
000007C7
000007C8
000007C9
000007CA
000007BC
000007BC
000007CB
000007BC
000007BC
000007BC
000007CC
000007CD
000007CE
000007CF
000007D0
000007D1
000007D2
000007D3
000007D4
000007D5
000007BC
000007D6
000007D7
000007D8
000007BC
000007D9
000007BC
000007DA
000007BC
000007DB
000007DC
000007DD
000007DE
000007DE
000007DE
000007DF
000007E0
000007E1
000007E2
000007E3
000007E4
000007DE
000007E5
000007E6
000007DE
000007E7
000007E8
000007E9
000007EA
000007DE
000007EB
000007DE
000007DE
000007EC
000007DE
000007ED
000007ED
000007EE
000007EF
000007F0
000007F1
000007F2
000007F3
000007F4
000007F5
000007F6
000007F7
000007ED
000007F8
000007F9
000007FA
000007ED
000007FB
000007ED
000007FC
000007ED
000007FD
000007FE
000007FF
000007DE
000007DE
000007DE
000007DF
000007E0
000007E1
000007E2
000007E3
000007E4
000007DE
000007E5
000007E6
000007DE
000007E7
000007E8
000007E9
000007EA
000007DE
000007EB
000007DE
000007DE
000007EC
000007DE
000007ED
000007ED
000007EE
000007EF
000007F0
000007F1
000007F2
000007F3
000007F4
000007F5
000007F6
000007F7
000007ED
000007F8
000007F9
000007FA
000007ED
000007FB
000007ED
000007FC
000007ED
000007FD
000007FE
000007FF
000007DE
000007DE
000007DE
000007DF
000007E0
000007E1
000007E2
000007E3
000007E4
000007DE
000007E5
000007E6
000007DE
000007E7
000007E8
000007E9
000007EA
000007DE
000007EB
000007DE
000007DE
000007EC
000007DE
000007ED
000007ED
000007EE
000007EF
000007F0
000007F1
000007F2
000007F3
000007F4
000007F5
000007F6
000007F7
000007ED
000007F8
000007F9
000007FA
000007ED
000007FB
000007ED
000007FC
000007ED
000007FD
000007FE
000007FF
000007DE
000007DE
000007DE
000007DF
000007E0
000007E1
000007E2
000007E3
000007E4
000007DE
000007E5
000007E6
000007DE
000007E7
000007E8
000007E9
000007EA
000007DE
000007EB
000007DE
000007DE
000007EC
000007DE
000007ED
000007ED
000007EE
000007EF
000007F0
000007F1
000007F2
000007F3
000007F4
000007F5
000007F6
000007F7
000007ED
000007F8
000007F9
000007FA
000007ED
000007FB
000007ED
000007FC
000007ED
000007FD
000007FE
000007FF
000007DE
000007DE
000007DE
000007DF
000007E0
000007E1
000007E2
000007E3
000007E4
000007DE
000007E5
000007E6
000007DE
000007E7
000007E8
000007E9
000007EA
000007DE
000007EB
000007DE
000007DE
000007EC
000007DE
000007ED
000007ED
000007EE
000007EF
000007F0
000007F1
000007F2
000007F3
000007F4
000007F5
000007F6
000007F7
000007ED
000007F8
000007F9
000007FA
000007ED
000007FB
000007ED
000007FC
000007ED
000007FD
000007FE
000007FF
000007DE
000007DE
000007DE
000007DF
000007E0
000007E1
000007E2
000007E3
000007E4
000007DE
000007E5
000007E6
000007DE
000007E7
000007E8
000007E9
000007EA
000007DE
000007EB
000007DE
000007DE
000007EC
000007DE
000007ED
000007ED
000007EE
000007EF
000007F0
000007F1
000007F2
000007F3
000007F4
000007F5
000007F6
000007F7
000007ED
000007F8
000007F9
000007FA
000007ED
000007FB
000007ED
000007FC
000007ED
000007FD
000007FE
000007FF
000007DE
000007DE
000007DE
000007DF
000007E0
000007E1
000007E2
000007E3
000007E4
000007DE
000007E5
000007E6
000007DE
000007E7
000007E8
000007E9
000007EA
000007DE
000007EB
000007DE
000007DE
000007EC
000007DE
000007ED
000007ED
000007EE
000007EF
000007F0
000007F1
000007F2
000007F3
000007F4
000007F5
000007F6
000007F7
000007ED
000007F8
000007F9
000007FA
000007ED
000007FB
000007ED
000007FC
000007ED
000007FD
000007FE
000007FF
000007DE
000007DE
000007DE
000007DF
000007E0
000007E1
000007E2
000007E3
000007E4
000007DE
000007E5
000007E6
000007DE
000007E7
000007E8
000007E9
000007EA
000007DE
000007EB
000007DE
000007DE
000007EC
000007DE
000007ED
000007ED
000007EE
000007EF
000007F0
000007F1
000007F2
000007F3
000007F4
000007F5
000007F6
000007F7
000007ED
000007F8
000007F9
000007FA
000007ED
000007FB
000007ED
000007FC
000007ED
000007FD
000007FE
000007FF
000007DE
000007DE
000007DE
000007DF
000007E0
000007E1
000007E2
000007E3
000007E4
000007DE
000007E5
000007E6
000007DE
000007E7
000007E8
000007E9
000007EA
000007DE
000007EB
000007DE
000007DE
000007EC
000007DE
000007ED
000007ED
000007EE
000007EF
000007F0
000007F1
000007F2
000007F3
000007F4
000007F5
000007F6
000007F7
000007ED
000007F8
000007F9
000007FA
000007ED
000007FB
000007ED
000007FC
000007ED
000007FD
000007FE
000007FF
000007DE
000007DE
000007DE
000007DF
000007E0
000007E1
000007E2
000007E3
000007E4
000007DE
000007E5
000007E6
000007DE
000007E7
000007E8
000007E9
000007EA
000007DE
000007EB
000007DE
000007DE
000007EC
000007DE
000007ED
000007ED
000007EE
000007EF
000007F0
000007F1
000007F2
000007F3
000007F4
000007F5
000007F6
000007F7
000007ED
000007F8
000007F9
000007FA
000007ED
000007FB
000007ED
000007FC
000007ED
000007FD
000007FE
000007FF
000007DE
000007DE
000007DE
000007DF
000007E0
000007E1
000007E2
000007E3
000007E4
000007DE
000007E5
000007E6
000007DE
000007E7
000007E8
000007E9
000007EA
000007DE
000007EB
000007DE
000007DE
000007EC
000007DE
000007ED
000007ED
000007EE
000007EF
000007F0
000007F1
000007F2
000007F3
000007F4
000007F5
000007F6
000007F7
000007ED
000007F8
000007F9
000007FA
000007ED
000007FB
000007ED
000007FC
000007ED
000007FD
000007FE
000007FF
000007DE
000007DE
000007DE
000007DF
000007E0
000007E1
000007E2
000007E3
000007E4
000007DE
000007E5
000007E6
000007DE
000007E7
000007E8
000007E9
000007EA
000007DE
000007EB
000007DE
000007DE
000007EC
000007DE
000007ED
000007ED
000007EE
000007EF
000007F0
000007F1
000007F2
000007F3
000007F4
000007F5
000007F6
000007F7
000007ED
000007F8
000007F9
000007FA
000007ED
000007FB
000007ED
000007FC
000007ED
000007FD
000007FE
000007FF
000007DE
000007DE
000007DE
000007DF
000007E0
000007E1
000007E2
000007E3
000007E4
000007DE
000007E5
000007E6
000007DE
000007E7
000007E8
000007E9
000007EA
000007DE
000007EB
000007DE
000007DE
000007EC
000007DE
000007ED
000007ED
000007EE
000007EF
000007F0
000007F1
000007F2
000007F3
000007F4
000007F5
000007F6
000007F7
000007ED
000007F8
000007F9
000007FA
000007ED
000007FB
000007ED
000007FC
000007ED
000007FD
000007FE
000007FF
000007DE
000007DE
000007DE
000007DF
000007E0
000007E1
000007E2
000007E3
000007E4
000007DE
000007E5
000007E6
000007DE
000007E7
000007E8
000007E9
000007EA
000007DE
000007EB
000007DE
000007DE
000007EC
000007DE
000007ED
000007ED
000007EE
000007EF
000007F0
000007F1
000007F2
000007F3
000007F4
000007F5
000007F6
000007F7
000007ED
000007F8
000007F9
000007FA
000007ED
000007FB
000007ED
000007FC
000007ED
000007FD
000007FE
000007FF
000007DE
000007DE
000007DE
000007DF
000007E0
000007E1
000007E2
000007E3
000007E4
000007DE
000007E5
000007E6
000007DE
000007E7
000007E8
000007E9
000007EA
000007DE
000007EB
000007DE
000007DE
000007EC
000007DE
000007ED
000007ED
000007EE
000007EF
000007F0
000007F1
000007F2
000007F3
000007F4
000007F5
000007F6
000007F7
000007ED
000007F8
000007F9
000007FA
000007ED
000007FB
000007ED
000007FC
000007ED
000007FD
000007FE
000007FF
000007DE
000007DE
000007DE
000007DF
000007E0
000007E1
000007E2
000007E3
000007E4
000007DE
000007E5
000007E6
000007DE
000007E7
000007E8
000007E9
000007EA
000007DE
000007EB
000007DE
000007DE
000007EC
000007DE
000007ED
000007ED
000007EE
000007EF
000007F0
000007F1
000007F2
000007F3
000007F4
000007F5
000007F6
000007F7
000007ED
000007F8
000007F9
000007FA
000007ED
000007FB
000007ED
000007FC
000007ED
000007FD
000007FE
000007FF
000007DE
000007DE
000007DE
000007DF
000007E0
000007E1
000007E2
000007E3
000007E4
000007DE
000007E5
000007E6
000007DE
000007E7
000007E8
000007E9
000007EA
000007DE
000007EB
000007DE
000007DE
000007EC
000007DE
000007ED
000007ED
000007EE
000007EF
000007F0
000007F1
000007F2
000007F3
000007F4
000007F5
000007F6
000007F7
000007ED
000007F8
000007F9
000007FA
000007ED
000007FB
000007ED
000007FC
000007ED
000007FD
000007FE
000007FF
000007DE
000007DE
000007DE
000007DF
000007E0
000007E1
000007E2
000007E3
000007E4
000007DE
000007E5
000007E6
000007DE
000007E7
000007E8
000007E9
000007EA
000007DE
000007EB
000007DE
000007DE
000007EC
000007DE
000007ED
000007ED
000007EE
000007EF
000007F0
000007F1
000007F2
000007F3
000007F4
000007F5
000007F6
000007F7
000007ED
000007F8
000007F9
000007FA
000007ED
000007FB
000007ED
000007FC
000007ED
000007FD
000007FE
000007FF
000007DE
000007DE
000007DE
000007DF
000007E0
000007E1
000007E2
000007E3
000007E4
000007DE
000007E5
000007E6
000007DE
000007E7
000007E8
000007E9
000007EA
000007DE
000007EB
000007DE
000007DE
000007EC
000007DE
000007ED
000007ED
000007EE
000007EF
000007F0
000007F1
000007F2
000007F3
000007F4
000007F5
000007F6
000007F7
000007ED
000007F8
000007F9
000007FA
000007ED
000007FB
000007ED
000007FC
000007ED
000007FD
000007FE
000007FF
000007DE
000007DE
000007DE
000007DF
000007E0
000007E1
000007E2
000007E3
000007E4
000007DE
000007E5
000007E6
000007DE
000007E7
000007E8
000007E9
000007EA
000007DE
000007EB
000007DE
000007DE
000007EC
000007DE
000007ED
000007ED
000007EE
000007EF
000007F0
000007F1
000007F2
000007F3
000007F4
000007F5
000007F6
000007F7
000007ED
000007F8
000007F9
000007FA
000007ED
000007FB
000007ED
000007FC
000007ED
000007FD
000007FE
000007FF
000007DE
000007DE
000007DE
000007DF
000007E0
000007E1
000007E2
000007E3
000007E4
000007DE
000007E5
000007E6
000007DE
000007E7
000007E8
000007E9
000007EA
000007DE
000007EB
000007DE
000007DE
000007EC
000007DE
000007ED
000007ED
000007EE
000007EF
000007F0
000007F1
000007F2
000007F3
000007F4
000007F5
000007F6
000007F7
000007ED
000007F8
000007F9
000007FA
000007ED
000007FB
000007ED
000007FC
000007ED
000007FD
000007FE
000007FF
000007DE
000007DE
000007DE
000007DF
000007E0
000007E1
000007E2
000007E3
000007E4
000007DE
000007E5
000007E6
000007DE
000007E7
000007E8
000007E9
000007EA
000007DE
000007EB
000007DE
000007DE
000007EC
000007DE
000007ED
000007ED
000007EE
000007EF
000007F0
000007F1
000007F2
000007F3
000007F4
000007F5
000007F6
000007F7
000007ED
000007F8
000007F9
000007FA
000007ED
000007FB
000007ED
000007FC
000007ED
000007FD
000007FE
000007FF
000007DE
000007DE
000007DE
000007DF
000007E0
000007E1
000007E2
000007E3
000007E4
000007DE
000007E5
000007E6
000007DE
000007E7
000007E8
000007E9
000007EA
000007DE
000007EB
000007DE
000007DE
000007EC
000007DE
000007ED
000007ED
000007EE
000007EF
000007F0
000007F1
000007F2
000007F3
000007F4
000007F5
000007F6
000007F7
000007ED
000007F8
000007F9
000007FA
000007ED
000007FB
000007ED
000007FC
000007ED
000007FD
000007FE
000007FF
00000800
00000800
00000800
00000801
00000802
00000803
00000804
00000805
00000806
00000800
00000807
00000808
00000800
00000809
0000080A
0000080B
0000080C
00000800
0000080D
00000800
00000800
0000080E
00000800
00000800
00000800
0000080F
00000810
00000811
00000812
00000813
00000814
00000815
00000816
00000817
00000818
00000800
00000819
0000081A
0000081B
00000800
0000081C
00000800
0000081D
00000800
0000081E
0000081F
00000820
00000800
00000800
00000800
00000801
00000802
00000803
00000804
00000805
00000806
00000800
00000807
00000808
00000800
00000809
0000080A
0000080B
0000080C
00000800
0000080D
00000800
00000800
0000080E
00000800
00000800
00000800
0000080F
00000810
00000811
00000812
00000813
00000814
00000815
00000816
00000817
00000818
00000800
00000819
0000081A
0000081B
00000800
0000081C
00000800
0000081D
00000800
0000081E
0000081F
00000820
00000800
00000800
00000800
00000801
00000802
00000803
00000804
00000805
00000806
00000800
00000807
00000808
00000800
00000809
0000080A
0000080B
0000080C
00000800
0000080D
00000800
00000800
0000080E
00000800
00000800
00000800
0000080F
00000810
00000811
00000812
00000813
00000814
00000815
00000816
00000817
00000818
00000800
00000819
0000081A
0000081B
00000800
0000081C
00000800
0000081D
00000800
0000081E
0000081F
00000820
00000800
00000800
00000800
00000801
00000802
00000803
00000804
00000805
00000806
00000800
00000807
00000808
00000800
00000809
0000080A
0000080B
0000080C
00000800
0000080D
00000800
00000800
0000080E
00000800
00000800
00000800
0000080F
00000810
00000811
00000812
00000813
00000814
00000815
00000816
00000817
00000818
00000800
00000819
0000081A
0000081B
00000800
0000081C
00000800
0000081D
00000800
0000081E
0000081F
00000820
00000800
00000800
00000800
00000801
00000802
00000803
00000804
00000805
00000806
00000800
00000807
00000808
00000800
00000809
0000080A
0000080B
0000080C
00000800
0000080D
00000800
00000800
0000080E
00000800
00000800
00000800
0000080F
00000810
00000811
00000812
00000813
00000814
00000815
00000816
00000817
00000818
00000800
00000819
0000081A
0000081B
00000800
0000081C
00000800
0000081D
00000800
0000081E
0000081F
00000820
00000800
00000800
00000800
00000801
00000802
00000803
00000804
00000805
00000806
00000800
00000807
00000808
00000800
00000809
0000080A
0000080B
0000080C
00000800
0000080D
00000800
00000800
0000080E
00000800
00000800
00000800
0000080F
00000810
00000811
00000812
00000813
00000814
00000815
00000816
00000817
00000818
00000800
00000819
0000081A
0000081B
00000800
0000081C
00000800
0000081D
00000800
0000081E
0000081F
00000820
00000800
00000800
00000800
00000801
00000802
00000803
00000804
00000805
00000806
00000800
00000807
00000808
00000800
00000809
0000080A
0000080B
0000080C
00000800
0000080D
00000800
00000800
0000080E
00000800
00000800
00000800
0000080F
00000810
00000811
00000812
00000813
00000814
00000815
00000816
00000817
00000818
00000800
00000819
0000081A
0000081B
00000800
0000081C
00000800
0000081D
00000800
0000081E
0000081F
00000820
00000800
00000800
00000800
00000801
00000802
00000803
00000804
00000805
00000806
00000800
00000807
00000808
00000800
00000809
0000080A
0000080B
0000080C
00000800
0000080D
00000800
00000800
0000080E
00000800
00000800
00000800
0000080F
00000810
00000811
00000812
00000813
00000814
00000815
00000816
00000817
00000818
00000800
00000819
0000081A
0000081B
00000800
0000081C
00000800
0000081D
00000800
0000081E
0000081F
00000820
00000800
00000800
00000800
00000801
00000802
00000803
00000804
00000805
00000806
00000800
00000807
00000808
00000800
00000809
0000080A
0000080B
0000080C
00000800
0000080D
00000800
00000800
0000080E
00000800
00000800
00000800
0000080F
00000810
00000811
00000812
00000813
00000814
00000815
00000816
00000817
00000818
00000800
00000819
0000081A
0000081B
00000800
0000081C
00000800
0000081D
00000800
0000081E
0000081F
00000820
00000800
00000800
00000800
00000801
00000802
00000803
00000804
00000805
00000806
00000800
00000807
00000808
00000800
00000809
0000080A
0000080B
0000080C
00000800
0000080D
00000800
00000800
0000080E
00000800
00000800
00000800
0000080F
00000810
00000811
00000812
00000813
00000814
00000815
00000816
00000817
00000818
00000800
00000819
0000081A
0000081B
00000800
0000081C
00000800
0000081D
00000800
0000081E
0000081F
00000820
00000800
00000800
00000800
00000801
00000802
00000803
00000804
00000805
00000806
00000800
00000807
00000808
00000800
00000809
0000080A
0000080B
0000080C
00000800
0000080D
00000800
00000800
0000080E
00000800
00000800
00000800
0000080F
00000810
00000811
00000812
00000813
00000814
00000815
00000816
00000817
00000818
00000800
00000819
0000081A
0000081B
00000800
0000081C
00000800
0000081D
00000800
0000081E
0000081F
00000820
00000800
00000800
00000800
00000801
00000802
00000803
00000804
00000805
00000806
00000800
00000807
00000808
00000800
00000809
0000080A
0000080B
0000080C
00000800
0000080D
00000800
00000800
0000080E
00000800
00000800
00000800
0000080F
00000810
00000811
00000812
00000813
00000814
00000815
00000816
00000817
00000818
00000800
00000819
0000081A
0000081B
00000800
0000081C
00000800
0000081D
00000800
0000081E
0000081F
00000820
00000800
00000800
00000800
00000801
00000802
00000803
00000804
00000805
00000806
00000800
00000807
00000808
00000800
00000809
0000080A
0000080B
0000080C
00000800
0000080D
00000800
00000800
0000080E
00000800
00000800
00000800
0000080F
00000810
00000811
00000812
00000813
00000814
00000815
00000816
00000817
00000818
00000800
00000819
0000081A
0000081B
00000800
0000081C
00000800
0000081D
00000800
0000081E
0000081F
00000820
00000800
00000800
00000800
00000801
00000802
00000803
00000804
00000805
00000806
00000800
00000807
00000808
00000800
00000809
0000080A
0000080B
0000080C
00000800
0000080D
00000800
00000800
0000080E
00000800
00000800
00000800
0000080F
00000810
00000811
00000812
00000813
00000814
00000815
00000816
00000817
00000818
00000800
00000819
0000081A
0000081B
00000800
0000081C
00000800
0000081D
00000800
0000081E
0000081F
00000820
00000800
00000800
00000800
00000801
00000802
00000803
00000804
00000805
00000806
00000800
00000807
00000808
00000800
00000809
0000080A
0000080B
0000080C
00000800
0000080D
00000800
00000800
0000080E
00000800
00000800
00000800
0000080F
00000810
00000811
00000812
00000813
00000814
00000815
00000816
00000817
00000818
00000800
00000819
0000081A
0000081B
00000800
0000081C
00000800
0000081D
00000800
0000081E
0000081F
00000820
00000800
00000800
00000800
00000801
00000802
00000803
00000804
00000805
00000806
00000800
00000807
00000808
00000800
00000809
0000080A
0000080B
0000080C
00000800
0000080D
00000800
00000800
0000080E
00000800
00000800
00000800
0000080F
00000810
00000811
00000812
00000813
00000814
00000815
00000816
00000817
00000818
00000800
00000819
0000081A
0000081B
00000800
0000081C
00000800
0000081D
00000800
0000081E
0000081F
00000820
00000800
00000800
00000800
00000801
00000802
00000803
00000804
00000805
00000806
00000800
00000807
00000808
00000800
00000809
0000080A
0000080B
0000080C
00000800
0000080D
00000800
00000800
0000080E
00000800
00000800
00000800
0000080F
00000810
00000811
00000812
00000813
00000814
00000815
00000816
00000817
00000818
00000800
00000819
0000081A
0000081B
00000800
0000081C
00000800
0000081D
00000800
0000081E
0000081F
00000820
00000800
00000800
00000800
00000801
00000802
00000803
00000804
00000805
00000806
00000800
00000807
00000808
00000800
00000809
0000080A
0000080B
0000080C
00000800
0000080D
00000800
00000800
0000080E
00000800
00000800
00000800
0000080F
00000810
00000811
00000812
00000813
00000814
00000815
00000816
00000817
00000818
00000800
00000819
0000081A
0000081B
00000800
0000081C
00000800
0000081D
00000800
0000081E
0000081F
00000820
00000800
00000800
00000800
00000801
00000802
00000803
00000804
00000805
00000806
00000800
00000807
00000808
00000800
00000809
0000080A
0000080B
0000080C
00000800
0000080D
00000800
00000800
0000080E
00000800
00000800
00000800
0000080F
00000810
00000811
00000812
00000813
00000814
00000815
00000816
00000817
00000818
00000800
00000819
0000081A
0000081B
00000800
0000081C
00000800
0000081D
00000800
0000081E
0000081F
00000820
00000800
00000800
00000800
00000801
00000802
00000803
00000804
00000805
00000806
00000800
00000807
00000808
00000800
00000809
0000080A
0000080B
0000080C
00000800
0000080D
00000800
00000800
0000080E
00000800
00000800
00000800
0000080F
00000810
00000811
00000812
00000813
00000814
00000815
00000816
00000817
00000818
00000800
00000819
0000081A
0000081B
00000800
0000081C
00000800
0000081D
00000800
0000081E
0000081F
00000820
00000800
00000800
00000800
00000801
00000802
00000803
00000804
00000805
00000806
00000800
00000807
00000808
00000800
00000809
0000080A
0000080B
0000080C
00000800
0000080D
00000800
00000800
0000080E
00000800
00000800
00000800
0000080F
00000810
00000811
00000812
00000813
00000814
00000815
00000816
00000817
00000818
00000800
00000819
0000081A
0000081B
00000800
0000081C
00000800
0000081D
00000800
0000081E
0000081F
00000820
00000800
00000800
00000800
00000801
00000802
00000803
00000804
00000805
00000806
00000800
00000807
00000808
00000800
00000809
0000080A
0000080B
0000080C
00000800
0000080D
00000800
00000800
0000080E
00000800
00000800
00000800
0000080F
00000810
00000811
00000812
00000813
00000814
00000815
00000816
00000817
00000818
00000800
00000819
0000081A
0000081B
00000800
0000081C
00000800
0000081D
00000800
0000081E
0000081F
00000820
00000800
00000800
00000800
00000801
00000802
00000803
00000804
00000805
00000806
00000800
00000807
00000808
00000800
00000809
0000080A
0000080B
0000080C
00000800
0000080D
00000800
00000800
0000080E
00000800
00000800
00000800
0000080F
00000810
00000811
00000812
00000813
00000814
00000815
00000816
00000817
00000818
00000800
00000819
0000081A
0000081B
00000800
0000081C
00000800
0000081D
00000800
0000081E
0000081F
00000820
00000821
00000821
00000821
00000822
00000823
00000824
00000825
00000826
00000827
00000821
00000828
00000829
00000821
0000082A
0000082B
0000082C
0000082D
00000821
0000082E
00000821
00000821
0000082F
00000821
00000830
00000831
00000832
00000833
00000834
00000835
00000836
00000837
00000838
00000839
0000083A
0000083B
0000083C
0000083D
0000083E
0000083F
00000830
00000840
00000830
00000841
00000830
00000842
00000843
00000844
00000821
00000821
00000821
00000822
00000823
00000824
00000825
00000826
00000827
00000821
00000828
00000829
00000821
0000082A
0000082B
0000082C
0000082D
00000821
0000082E
00000821
00000821
0000082F
00000821
00000830
00000831
00000832
00000833
00000834
00000835
00000836
00000837
00000838
00000839
0000083A
0000083B
0000083C
0000083D
0000083E
0000083F
00000830
00000840
00000830
00000841
00000830
00000842
00000843
00000844
00000821
00000821
00000821
00000822
00000823
00000824
00000825
00000826
00000827
00000821
00000828
00000829
00000821
0000082A
0000082B
0000082C
0000082D
00000821
0000082E
00000821
00000821
0000082F
00000821
00000830
00000831
00000832
00000833
00000834
00000835
00000836
00000837
00000838
00000839
0000083A
0000083B
0000083C
0000083D
0000083E
0000083F
00000830
00000840
00000830
00000841
00000830
00000842
00000843
00000844
00000821
00000821
00000821
00000822
00000823
00000824
00000825
00000826
00000827
00000821
00000828
00000829
00000821
0000082A
0000082B
0000082C
0000082D
00000821
0000082E
00000821
00000821
0000082F
00000821
00000830
00000831
00000832
00000833
00000834
00000835
00000836
00000837
00000838
00000839
0000083A
0000083B
0000083C
0000083D
0000083E
0000083F
00000830
00000840
00000830
00000841
00000830
00000842
00000843
00000844
00000821
00000821
00000821
00000822
00000823
00000824
00000825
00000826
00000827
00000821
00000828
00000829
00000821
0000082A
0000082B
0000082C
0000082D
00000821
0000082E
00000821
00000821
0000082F
00000821
00000830
00000831
00000832
00000833
00000834
00000835
00000836
00000837
00000838
00000839
0000083A
0000083B
0000083C
0000083D
0000083E
0000083F
00000830
00000840
00000830
00000841
00000830
00000842
00000843
00000844
00000821
00000821
00000821
00000822
00000823
00000824
00000825
00000826
00000827
00000821
00000828
00000829
00000821
0000082A
0000082B
0000082C
0000082D
00000821
0000082E
00000821
00000821
0000082F
00000821
00000830
00000831
00000832
00000833
00000834
00000835
00000836
00000837
00000838
00000839
0000083A
0000083B
0000083C
0000083D
0000083E
0000083F
00000830
00000840
00000830
00000841
00000830
00000842
00000843
00000844
00000821
00000821
00000821
00000822
00000823
00000824
00000825
00000826
00000827
00000821
00000828
00000829
00000821
0000082A
0000082B
0000082C
0000082D
00000821
0000082E
00000821
00000821
0000082F
00000821
00000830
00000831
00000832
00000833
00000834
00000835
00000836
00000837
00000838
00000839
0000083A
0000083B
0000083C
0000083D
0000083E
0000083F
00000830
00000840
00000830
00000841
00000830
00000842
00000843
00000844
00000821
00000821
00000821
00000822
00000823
00000824
00000825
00000826
00000827
00000821
00000828
00000829
00000821
0000082A
0000082B
0000082C
0000082D
00000821
0000082E
00000821
00000821
0000082F
00000821
00000830
00000831
00000832
00000833
00000834
00000835
00000836
00000837
00000838
00000839
0000083A
0000083B
0000083C
0000083D
0000083E
0000083F
00000830
00000840
00000830
00000841
00000830
00000842
00000843
00000844
00000821
00000821
00000821
00000822
00000823
00000824
00000825
00000826
00000827
00000821
00000828
00000829
00000821
0000082A
0000082B
0000082C
0000082D
00000821
0000082E
00000821
00000821
0000082F
00000821
00000830
00000831
00000832
00000833
00000834
00000835
00000836
00000837
00000838
00000839
0000083A
0000083B
0000083C
0000083D
0000083E
0000083F
00000830
00000840
00000830
00000841
00000830
00000842
00000843
00000844
00000821
00000821
00000821
00000822
00000823
00000824
00000825
00000826
00000827
00000821
00000828
00000829
00000821
0000082A
0000082B
0000082C
0000082D
00000821
0000082E
00000821
00000821
0000082F
00000821
00000830
00000831
00000832
00000833
00000834
00000835
00000836
00000837
00000838
00000839
0000083A
0000083B
0000083C
0000083D
0000083E
0000083F
00000830
00000840
00000830
00000841
00000830
00000842
00000843
00000844
00000821
00000821
00000821
00000822
00000823
00000824
00000825
00000826
00000827
00000821
00000828
00000829
00000821
0000082A
0000082B
0000082C
0000082D
00000821
0000082E
00000821
00000821
0000082F
00000821
00000830
00000831
00000832
00000833
00000834
00000835
00000836
00000837
00000838
00000839
0000083A
0000083B
0000083C
0000083D
0000083E
0000083F
00000830
00000840
00000830
00000841
00000830
00000842
00000843
00000844
00000821
00000821
00000821
00000822
00000823
00000824
00000825
00000826
00000827
00000821
00000828
00000829
00000821
0000082A
0000082B
0000082C
0000082D
00000821
0000082E
00000821
00000821
0000082F
00000821
00000830
00000831
00000832
00000833
00000834
00000835
00000836
00000837
00000838
00000839
0000083A
0000083B
0000083C
0000083D
0000083E
0000083F
00000830
00000840
00000830
00000841
00000830
00000842
00000843
00000844
00000821
00000821
00000821
00000822
00000823
00000824
00000825
00000826
00000827
00000821
00000828
00000829
00000821
0000082A
0000082B
0000082C
0000082D
00000821
0000082E
00000821
00000821
0000082F
00000821
00000830
00000831
00000832
00000833
00000834
00000835
00000836
00000837
00000838
00000839
0000083A
0000083B
0000083C
0000083D
0000083E
0000083F
00000830
00000840
00000830
00000841
00000830
00000842
00000843
00000844
00000821
00000821
00000821
00000822
00000823
00000824
00000825
00000826
00000827
00000821
00000828
00000829
00000821
0000082A
0000082B
0000082C
0000082D
00000821
0000082E
00000821
00000821
0000082F
00000821
00000830
00000831
00000832
00000833
00000834
00000835
00000836
00000837
00000838
00000839
0000083A
0000083B
0000083C
0000083D
0000083E
0000083F
00000830
00000840
00000830
00000841
00000830
00000842
00000843
00000844
00000821
00000821
00000821
00000822
00000823
00000824
00000825
00000826
00000827
00000821
00000828
00000829
00000821
0000082A
0000082B
0000082C
0000082D
00000821
0000082E
00000821
00000821
0000082F
00000821
00000830
00000831
00000832
00000833
00000834
00000835
00000836
00000837
00000838
00000839
0000083A
0000083B
0000083C
0000083D
0000083E
0000083F
00000830
00000840
00000830
00000841
00000830
00000842
00000843
00000844
00000821
00000821
00000821
00000822
00000823
00000824
00000825
00000826
00000827
00000821
00000828
00000829
00000821
0000082A
0000082B
0000082C
0000082D
00000821
0000082E
00000821
00000821
0000082F
00000821
00000830
00000831
00000832
00000833
00000834
00000835
00000836
00000837
00000838
00000839
0000083A
0000083B
0000083C
0000083D
0000083E
0000083F
00000830
00000840
00000830
00000841
00000830
00000842
00000843
00000844
00000821
00000821
00000821
00000822
00000823
00000824
00000825
00000826
00000827
00000821
00000828
00000829
00000821
0000082A
0000082B
0000082C
0000082D
00000821
0000082E
00000821
00000821
0000082F
00000821
00000830
00000831
00000832
00000833
00000834
00000835
00000836
00000837
00000838
00000839
0000083A
0000083B
0000083C
0000083D
0000083E
0000083F
00000830
00000840
00000830
00000841
00000830
00000842
00000843
00000844
00000821
00000821
00000821
00000822
00000823
00000824
00000825
00000826
00000827
00000821
00000828
00000829
00000821
0000082A
0000082B
0000082C
0000082D
00000821
0000082E
00000821
00000821
0000082F
00000821
00000830
00000831
00000832
00000833
00000834
00000835
00000836
00000837
00000838
00000839
0000083A
0000083B
0000083C
0000083D
0000083E
0000083F
00000830
00000840
00000830
00000841
00000830
00000842
00000843
00000844
00000821
00000821
00000821
00000822
00000823
00000824
00000825
00000826
00000827
00000821
00000828
00000829
00000821
0000082A
0000082B
0000082C
0000082D
00000821
0000082E
00000821
00000821
0000082F
00000821
00000830
00000831
00000832
00000833
00000834
00000835
00000836
00000837
00000838
00000839
0000083A
0000083B
0000083C
0000083D
0000083E
0000083F
00000830
00000840
00000830
00000841
00000830
00000842
00000843
00000844
00000821
00000821
00000821
00000822
00000823
00000824
00000825
00000826
00000827
00000821
00000828
00000829
00000821
0000082A
0000082B
0000082C
0000082D
00000821
0000082E
00000821
00000821
0000082F
00000821
00000830
00000831
00000832
00000833
00000834
00000835
00000836
00000837
00000838
00000839
0000083A
0000083B
0000083C
0000083D
0000083E
0000083F
00000830
00000840
00000830
00000841
00000830
00000842
00000843
00000844
00000821
00000821
00000821
00000822
00000823
00000824
00000825
00000826
00000827
00000821
00000828
00000829
00000821
0000082A
0000082B
0000082C
0000082D
00000821
0000082E
00000821
00000821
0000082F
00000821
00000830
00000831
00000832
00000833
00000834
00000835
00000836
00000837
00000838
00000839
0000083A
0000083B
0000083C
0000083D
0000083E
0000083F
00000830
00000840
00000830
00000841
00000830
00000842
00000843
00000844
00000821
00000821
00000821
00000822
00000823
00000824
00000825
00000826
00000827
00000821
00000828
00000829
00000821
0000082A
0000082B
0000082C
0000082D
00000821
0000082E
00000821
00000821
0000082F
00000821
00000830
00000831
00000832
00000833
00000834
00000835
00000836
00000837
00000838
00000839
0000083A
0000083B
0000083C
0000083D
0000083E
0000083F
00000830
00000840
00000830
00000841
00000830
00000842
00000843
00000844
00000821
00000821
00000821
00000822
00000823
00000824
00000825
00000826
00000827
00000821
00000828
00000829
00000821
0000082A
0000082B
0000082C
0000082D
00000821
0000082E
00000821
00000821
0000082F
00000821
00000830
00000831
00000832
00000833
00000834
00000835
00000836
00000837
00000838
00000839
0000083A
0000083B
0000083C
0000083D
0000083E
0000083F
00000830
00000840
00000830
00000841
00000830
00000842
00000843
00000844
00000845
00000845
00000845
00000846
00000847
00000848
00000849
0000084A
0000084B
00000845
0000084C
0000084D
00000845
0000084E
0000084F
00000850
00000851
00000845
00000852
00000845
00000845
00000853
00000845
00000845
00000845
00000854
00000855
00000856
00000857
00000858
00000859
0000085A
0000085B
0000085C
0000085D
00000845
0000085E
0000085F
00000860
00000845
00000861
00000845
00000862
00000845
00000863
00000864
00000865
00000845
00000845
00000845
00000846
00000847
00000848
00000849
0000084A
0000084B
00000845
0000084C
0000084D
00000845
0000084E
0000084F
00000850
00000851
00000845
00000852
00000845
00000845
00000853
00000845
00000845
00000845
00000854
00000855
00000856
00000857
00000858
00000859
0000085A
0000085B
0000085C
0000085D
00000845
0000085E
0000085F
00000860
00000845
00000861
00000845
00000862
00000845
00000863
00000864
00000865
00000845
00000845
00000845
00000846
00000847
00000848
00000849
0000084A
0000084B
00000845
0000084C
0000084D
00000845
0000084E
0000084F
00000850
00000851
00000845
00000852
00000845
00000845
00000853
00000845
00000845
00000845
00000854
00000855
00000856
00000857
00000858
00000859
0000085A
0000085B
0000085C
0000085D
00000845
0000085E
0000085F
00000860
00000845
00000861
00000845
00000862
00000845
00000863
00000864
00000865
00000845
00000845
00000845
00000846
00000847
00000848
00000849
0000084A
0000084B
00000845
0000084C
0000084D
00000845
0000084E
0000084F
00000850
00000851
00000845
00000852
00000845
00000845
00000853
00000845
00000845
00000845
00000854
00000855
00000856
00000857
00000858
00000859
0000085A
0000085B
0000085C
0000085D
00000845
0000085E
0000085F
00000860
00000845
00000861
00000845
00000862
00000845
00000863
00000864
00000865
00000845
00000845
00000845
00000846
00000847
00000848
00000849
0000084A
0000084B
00000845
0000084C
0000084D
00000845
0000084E
0000084F
00000850
00000851
00000845
00000852
00000845
00000845
00000853
00000845
00000845
00000845
00000854
00000855
00000856
00000857
00000858
00000859
0000085A
0000085B
0000085C
0000085D
00000845
0000085E
0000085F
00000860
00000845
00000861
00000845
00000862
00000845
00000863
00000864
00000865
00000845
00000845
00000845
00000846
00000847
00000848
00000849
0000084A
0000084B
00000845
0000084C
0000084D
00000845
0000084E
0000084F
00000850
00000851
00000845
00000852
00000845
00000845
00000853
00000845
00000845
00000845
00000854
00000855
00000856
00000857
00000858
00000859
0000085A
0000085B
0000085C
0000085D
00000845
0000085E
0000085F
00000860
00000845
00000861
00000845
00000862
00000845
00000863
00000864
00000865
00000845
00000845
00000845
00000846
00000847
00000848
00000849
0000084A
0000084B
00000845
0000084C
0000084D
00000845
0000084E
0000084F
00000850
00000851
00000845
00000852
00000845
00000845
00000853
00000845
00000845
00000845
00000854
00000855
00000856
00000857
00000858
00000859
0000085A
0000085B
0000085C
0000085D
00000845
0000085E
0000085F
00000860
00000845
00000861
00000845
00000862
00000845
00000863
00000864
00000865
00000845
00000845
00000845
00000846
00000847
00000848
00000849
0000084A
0000084B
00000845
0000084C
0000084D
00000845
0000084E
0000084F
00000850
00000851
00000845
00000852
00000845
00000845
00000853
00000845
00000845
00000845
00000854
00000855
00000856
00000857
00000858
00000859
0000085A
0000085B
0000085C
0000085D
00000845
0000085E
0000085F
00000860
00000845
00000861
00000845
00000862
00000845
00000863
00000864
00000865
00000845
00000845
00000845
00000846
00000847
00000848
00000849
0000084A
0000084B
00000845
0000084C
0000084D
00000845
0000084E
0000084F
00000850
00000851
00000845
00000852
00000845
00000845
00000853
00000845
00000845
00000845
00000854
00000855
00000856
00000857
00000858
00000859
0000085A
0000085B
0000085C
0000085D
00000845
0000085E
0000085F
00000860
00000845
00000861
00000845
00000862
00000845
00000863
00000864
00000865
00000845
00000845
00000845
00000846
00000847
00000848
00000849
0000084A
0000084B
00000845
0000084C
0000084D
00000845
0000084E
0000084F
00000850
00000851
00000845
00000852
00000845
00000845
00000853
00000845
00000845
00000845
00000854
00000855
00000856
00000857
00000858
00000859
0000085A
0000085B
0000085C
0000085D
00000845
0000085E
0000085F
00000860
00000845
00000861
00000845
00000862
00000845
00000863
00000864
00000865
00000845
00000845
00000845
00000846
00000847
00000848
00000849
0000084A
0000084B
00000845
0000084C
0000084D
00000845
0000084E
0000084F
00000850
00000851
00000845
00000852
00000845
00000845
00000853
00000845
00000845
00000845
00000854
00000855
00000856
00000857
00000858
00000859
0000085A
0000085B
0000085C
0000085D
00000845
0000085E
0000085F
00000860
00000845
00000861
00000845
00000862
00000845
00000863
00000864
00000865
00000845
00000845
00000845
00000846
00000847
00000848
00000849
0000084A
0000084B
00000845
0000084C
0000084D
00000845
0000084E
0000084F
00000850
00000851
00000845
00000852
00000845
00000845
00000853
00000845
00000845
00000845
00000854
00000855
00000856
00000857
00000858
00000859
0000085A
0000085B
0000085C
0000085D
00000845
0000085E
0000085F
00000860
00000845
00000861
00000845
00000862
00000845
00000863
00000864
00000865
00000845
00000845
00000845
00000846
00000847
00000848
00000849
0000084A
0000084B
00000845
0000084C
0000084D
00000845
0000084E
0000084F
00000850
00000851
00000845
00000852
00000845
00000845
00000853
00000845
00000845
00000845
00000854
00000855
00000856
00000857
00000858
00000859
0000085A
0000085B
0000085C
0000085D
00000845
0000085E
0000085F
00000860
00000845
00000861
00000845
00000862
00000845
00000863
00000864
00000865
00000845
00000845
00000845
00000846
00000847
00000848
00000849
0000084A
0000084B
00000845
0000084C
0000084D
00000845
0000084E
0000084F
00000850
00000851
00000845
00000852
00000845
00000845
00000853
00000845
00000845
00000845
00000854
00000855
00000856
00000857
00000858
00000859
0000085A
0000085B
0000085C
0000085D
00000845
0000085E
0000085F
00000860
00000845
00000861
00000845
00000862
00000845
00000863
00000864
00000865
00000845
00000845
00000845
00000846
00000847
00000848
00000849
0000084A
0000084B
00000845
0000084C
0000084D
00000845
0000084E
0000084F
00000850
00000851
00000845
00000852
00000845
00000845
00000853
00000845
00000845
00000845
00000854
00000855
00000856
00000857
00000858
00000859
0000085A
0000085B
0000085C
0000085D
00000845
0000085E
0000085F
00000860
00000845
00000861
00000845
00000862
00000845
00000863
00000864
00000865
00000845
00000845
00000845
00000846
00000847
00000848
00000849
0000084A
0000084B
00000845
0000084C
0000084D
00000845
0000084E
0000084F
00000850
00000851
00000845
00000852
00000845
00000845
00000853
00000845
00000845
00000845
00000854
00000855
00000856
00000857
00000858
00000859
0000085A
0000085B
0000085C
0000085D
00000845
0000085E
0000085F
00000860
00000845
00000861
00000845
00000862
00000845
00000863
00000864
00000865
00000845
00000845
00000845
00000846
00000847
00000848
00000849
0000084A
0000084B
00000845
0000084C
0000084D
00000845
0000084E
0000084F
00000850
00000851
00000845
00000852
00000845
00000845
00000853
00000845
00000845
00000845
00000854
00000855
00000856
00000857
00000858
00000859
0000085A
0000085B
0000085C
0000085D
00000845
0000085E
0000085F
00000860
00000845
00000861
00000845
00000862
00000845
00000863
00000864
00000865
00000845
00000845
00000845
00000846
00000847
00000848
00000849
0000084A
0000084B
00000845
0000084C
0000084D
00000845
0000084E
0000084F
00000850
00000851
00000845
00000852
00000845
00000845
00000853
00000845
00000845
00000845
00000854
00000855
00000856
00000857
00000858
00000859
0000085A
0000085B
0000085C
0000085D
00000845
0000085E
0000085F
00000860
00000845
00000861
00000845
00000862
00000845
00000863
00000864
00000865
00000845
00000845
00000845
00000846
00000847
00000848
00000849
0000084A
0000084B
00000845
0000084C
0000084D
00000845
0000084E
0000084F
00000850
00000851
00000845
00000852
00000845
00000845
00000853
00000845
00000845
00000845
00000854
00000855
00000856
00000857
00000858
00000859
0000085A
0000085B
0000085C
0000085D
00000845
0000085E
0000085F
00000860
00000845
00000861
00000845
00000862
00000845
00000863
00000864
00000865
00000845
00000845
00000845
00000846
00000847
00000848
00000849
0000084A
0000084B
00000845
0000084C
0000084D
00000845
0000084E
0000084F
00000850
00000851
00000845
00000852
00000845
00000845
00000853
00000845
00000845
00000845
00000854
00000855
00000856
00000857
00000858
00000859
0000085A
0000085B
0000085C
0000085D
00000845
0000085E
0000085F
00000860
00000845
00000861
00000845
00000862
00000845
00000863
00000864
00000865
00000845
00000845
00000845
00000846
00000847
00000848
00000849
0000084A
0000084B
00000845
0000084C
0000084D
00000845
0000084E
0000084F
00000850
00000851
00000845
00000852
00000845
00000845
00000853
00000845
00000845
00000845
00000854
00000855
00000856
00000857
00000858
00000859
0000085A
0000085B
0000085C
0000085D
00000845
0000085E
0000085F
00000860
00000845
00000861
00000845
00000862
00000845
00000863
00000864
00000865
00000845
00000845
00000845
00000846
00000847
00000848
00000849
0000084A
0000084B
00000845
0000084C
0000084D
00000845
0000084E
0000084F
00000850
00000851
00000845
00000852
00000845
00000845
00000853
00000845
00000845
00000845
00000854
00000855
00000856
00000857
00000858
00000859
0000085A
0000085B
0000085C
0000085D
00000845
0000085E
0000085F
00000860
00000845
00000861
00000845
00000862
00000845
00000863
00000864
00000865
00000845
00000845
00000845
00000846
00000847
00000848
00000849
0000084A
0000084B
00000845
0000084C
0000084D
00000845
0000084E
0000084F
00000850
00000851
00000845
00000852
00000845
00000845
00000853
00000845
00000845
00000845
00000854
00000855
00000856
00000857
00000858
00000859
0000085A
0000085B
0000085C
0000085D
00000845
0000085E
0000085F
00000860
00000845
00000861
00000845
00000862
00000845
00000863
00000864
00000865
00000866
00000866
00000866
00000867
00000868
00000869
0000086A
0000086B
0000086C
00000866
0000086D
0000086E
00000866
0000086F
00000870
00000871
00000872
00000866
00000873
00000866
00000866
00000874
00000866
00000875
00000875
00000876
00000877
00000878
00000879
0000087A
0000087B
0000087C
0000087D
0000087E
0000087F
00000875
00000880
00000881
00000882
00000875
00000883
00000875
00000884
00000875
00000885
00000886
00000887
00000866
00000866
00000866
00000867
00000868
00000869
0000086A
0000086B
0000086C
00000866
0000086D
0000086E
00000866
0000086F
00000870
00000871
00000872
00000866
00000873
00000866
00000866
00000874
00000866
00000875
00000875
00000876
00000877
00000878
00000879
0000087A
0000087B
0000087C
0000087D
0000087E
0000087F
00000875
00000880
00000881
00000882
00000875
00000883
00000875
00000884
00000875
00000885
00000886
00000887
00000866
00000866
00000866
00000867
00000868
00000869
0000086A
0000086B
0000086C
00000866
0000086D
0000086E
00000866
0000086F
00000870
00000871
00000872
00000866
00000873
00000866
00000866
00000874
00000866
00000875
00000875
00000876
00000877
00000878
00000879
0000087A
0000087B
0000087C
0000087D
0000087E
0000087F
00000875
00000880
00000881
00000882
00000875
00000883
00000875
00000884
00000875
00000885
00000886
00000887
00000866
00000866
00000866
00000867
00000868
00000869
0000086A
0000086B
0000086C
00000866
0000086D
0000086E
00000866
0000086F
00000870
00000871
00000872
00000866
00000873
00000866
00000866
00000874
00000866
00000875
00000875
00000876
00000877
00000878
00000879
0000087A
0000087B
0000087C
0000087D
0000087E
0000087F
00000875
00000880
00000881
00000882
00000875
00000883
00000875
00000884
00000875
00000885
00000886
00000887
00000866
00000866
00000866
00000867
00000868
00000869
0000086A
0000086B
0000086C
00000866
0000086D
0000086E
00000866
0000086F
00000870
00000871
00000872
00000866
00000873
00000866
00000866
00000874
00000866
00000875
00000875
00000876
00000877
00000878
00000879
0000087A
0000087B
0000087C
0000087D
0000087E
0000087F
00000875
00000880
00000881
00000882
00000875
00000883
00000875
00000884
00000875
00000885
00000886
00000887
00000866
00000866
00000866
00000867
00000868
00000869
0000086A
0000086B
0000086C
00000866
0000086D
0000086E
00000866
0000086F
00000870
00000871
00000872
00000866
00000873
00000866
00000866
00000874
00000866
00000875
00000875
00000876
00000877
00000878
00000879
0000087A
0000087B
0000087C
0000087D
0000087E
0000087F
00000875
00000880
00000881
00000882
00000875
00000883
00000875
00000884
00000875
00000885
00000886
00000887
00000866
00000866
00000866
00000867
00000868
00000869
0000086A
0000086B
0000086C
00000866
0000086D
0000086E
00000866
0000086F
00000870
00000871
00000872
00000866
00000873
00000866
00000866
00000874
00000866
00000875
00000875
00000876
00000877
00000878
00000879
0000087A
0000087B
0000087C
0000087D
0000087E
0000087F
00000875
00000880
00000881
00000882
00000875
00000883
00000875
00000884
00000875
00000885
00000886
00000887
00000866
00000866
00000866
00000867
00000868
00000869
0000086A
0000086B
0000086C
00000866
0000086D
0000086E
00000866
0000086F
00000870
00000871
00000872
00000866
00000873
00000866
00000866
00000874
00000866
00000875
00000875
00000876
00000877
00000878
00000879
0000087A
0000087B
0000087C
0000087D
0000087E
0000087F
00000875
00000880
00000881
00000882
00000875
00000883
00000875
00000884
00000875
00000885
00000886
00000887
00000866
00000866
00000866
00000867
00000868
00000869
0000086A
0000086B
0000086C
00000866
0000086D
0000086E
00000866
0000086F
00000870
00000871
00000872
00000866
00000873
00000866
00000866
00000874
00000866
00000875
00000875
00000876
00000877
00000878
00000879
0000087A
0000087B
0000087C
0000087D
0000087E
0000087F
00000875
00000880
00000881
00000882
00000875
00000883
00000875
00000884
00000875
00000885
00000886
00000887
00000866
00000866
00000866
00000867
00000868
00000869
0000086A
0000086B
0000086C
00000866
0000086D
0000086E
00000866
0000086F
00000870
00000871
00000872
00000866
00000873
00000866
00000866
00000874
00000866
00000875
00000875
00000876
00000877
00000878
00000879
0000087A
0000087B
0000087C
0000087D
0000087E
0000087F
00000875
00000880
00000881
00000882
00000875
00000883
00000875
00000884
00000875
00000885
00000886
00000887
00000866
00000866
00000866
00000867
00000868
00000869
0000086A
0000086B
0000086C
00000866
0000086D
0000086E
00000866
0000086F
00000870
00000871
00000872
00000866
00000873
00000866
00000866
00000874
00000866
00000875
00000875
00000876
00000877
00000878
00000879
0000087A
0000087B
0000087C
0000087D
0000087E
0000087F
00000875
00000880
00000881
00000882
00000875
00000883
00000875
00000884
00000875
00000885
00000886
00000887
00000866
00000866
00000866
00000867
00000868
00000869
0000086A
0000086B
0000086C
00000866
0000086D
0000086E
00000866
0000086F
00000870
00000871
00000872
00000866
00000873
00000866
00000866
00000874
00000866
00000875
00000875
00000876
00000877
00000878
00000879
0000087A
0000087B
0000087C
0000087D
0000087E
0000087F
00000875
00000880
00000881
00000882
00000875
00000883
00000875
00000884
00000875
00000885
00000886
00000887
00000866
00000866
00000866
00000867
00000868
00000869
0000086A
0000086B
0000086C
00000866
0000086D
0000086E
00000866
0000086F
00000870
00000871
00000872
00000866
00000873
00000866
00000866
00000874
00000866
00000875
00000875
00000876
00000877
00000878
00000879
0000087A
0000087B
0000087C
0000087D
0000087E
0000087F
00000875
00000880
00000881
00000882
00000875
00000883
00000875
00000884
00000875
00000885
00000886
00000887
00000866
00000866
00000866
00000867
00000868
00000869
0000086A
0000086B
0000086C
00000866
0000086D
0000086E
00000866
0000086F
00000870
00000871
00000872
00000866
00000873
00000866
00000866
00000874
00000866
00000875
00000875
00000876
00000877
00000878
00000879
0000087A
0000087B
0000087C
0000087D
0000087E
0000087F
00000875
00000880
00000881
00000882
00000875
00000883
00000875
00000884
00000875
00000885
00000886
00000887
00000866
00000866
00000866
00000867
00000868
00000869
0000086A
0000086B
0000086C
00000866
0000086D
0000086E
00000866
0000086F
00000870
00000871
00000872
00000866
00000873
00000866
00000866
00000874
00000866
00000875
00000875
00000876
00000877
00000878
00000879
0000087A
0000087B
0000087C
0000087D
0000087E
0000087F
00000875
00000880
00000881
00000882
00000875
00000883
00000875
00000884
00000875
00000885
00000886
00000887
00000866
00000866
00000866
00000867
00000868
00000869
0000086A
0000086B
0000086C
00000866
0000086D
0000086E
00000866
0000086F
00000870
00000871
00000872
00000866
00000873
00000866
00000866
00000874
00000866
00000875
00000875
00000876
00000877
00000878
00000879
0000087A
0000087B
0000087C
0000087D
0000087E
0000087F
00000875
00000880
00000881
00000882
00000875
00000883
00000875
00000884
00000875
00000885
00000886
00000887
00000866
00000866
00000866
00000867
00000868
00000869
0000086A
0000086B
0000086C
00000866
0000086D
0000086E
00000866
0000086F
00000870
00000871
00000872
00000866
00000873
00000866
00000866
00000874
00000866
00000875
00000875
00000876
00000877
00000878
00000879
0000087A
0000087B
0000087C
0000087D
0000087E
0000087F
00000875
00000880
00000881
00000882
00000875
00000883
00000875
00000884
00000875
00000885
00000886
00000887
00000866
00000866
00000866
00000867
00000868
00000869
0000086A
0000086B
0000086C
00000866
0000086D
0000086E
00000866
0000086F
00000870
00000871
00000872
00000866
00000873
00000866
00000866
00000874
00000866
00000875
00000875
00000876
00000877
00000878
00000879
0000087A
0000087B
0000087C
0000087D
0000087E
0000087F
00000875
00000880
00000881
00000882
00000875
00000883
00000875
00000884
00000875
00000885
00000886
00000887
00000866
00000866
00000866
00000867
00000868
00000869
0000086A
0000086B
0000086C
00000866
0000086D
0000086E
00000866
0000086F
00000870
00000871
00000872
00000866
00000873
00000866
00000866
00000874
00000866
00000875
00000875
00000876
00000877
00000878
00000879
0000087A
0000087B
0000087C
0000087D
0000087E
0000087F
00000875
00000880
00000881
00000882
00000875
00000883
00000875
00000884
00000875
00000885
00000886
00000887
00000866
00000866
00000866
00000867
00000868
00000869
0000086A
0000086B
0000086C
00000866
0000086D
0000086E
00000866
0000086F
00000870
00000871
00000872
00000866
00000873
00000866
00000866
00000874
00000866
00000875
00000875
00000876
00000877
00000878
00000879
0000087A
0000087B
0000087C
0000087D
0000087E
0000087F
00000875
00000880
00000881
00000882
00000875
00000883
00000875
00000884
00000875
00000885
00000886
00000887
00000866
00000866
00000866
00000867
00000868
00000869
0000086A
0000086B
0000086C
00000866
0000086D
0000086E
00000866
0000086F
00000870
00000871
00000872
00000866
00000873
00000866
00000866
00000874
00000866
00000875
00000875
00000876
00000877
00000878
00000879
0000087A
0000087B
0000087C
0000087D
0000087E
0000087F
00000875
00000880
00000881
00000882
00000875
00000883
00000875
00000884
00000875
00000885
00000886
00000887
00000866
00000866
00000866
00000867
00000868
00000869
0000086A
0000086B
0000086C
00000866
0000086D
0000086E
00000866
0000086F
00000870
00000871
00000872
00000866
00000873
00000866
00000866
00000874
00000866
00000875
00000875
00000876
00000877
00000878
00000879
0000087A
0000087B
0000087C
0000087D
0000087E
0000087F
00000875
00000880
00000881
00000882
00000875
00000883
00000875
00000884
00000875
00000885
00000886
00000887
00000866
00000866
00000866
00000867
00000868
00000869
0000086A
0000086B
0000086C
00000866
0000086D
0000086E
00000866
0000086F
00000870
00000871
00000872
00000866
00000873
00000866
00000866
00000874
00000866
00000875
00000875
00000876
00000877
00000878
00000879
0000087A
0000087B
0000087C
0000087D
0000087E
0000087F
00000875
00000880
00000881
00000882
00000875
00000883
00000875
00000884
00000875
00000885
00000886
00000887
00000888
00000889
00000889
0000088A
0000088B
0000088C
0000088D
0000088E
0000088F
00000888
00000890
00000891
00000888
00000892
00000893
00000894
00000895
00000888
00000896
00000888
00000888
00000897
00000888
00000898
00000898
00000899
0000089A
0000089B
0000089C
0000089D
0000089E
0000089F
000008A0
000008A1
000008A2
00000898
000008A3
000008A4
000008A5
00000898
000008A6
00000898
000008A7
00000898
000008A8
000008A9
000008AA
00000888
00000889
00000889
0000088A
0000088B
0000088C
0000088D
0000088E
0000088F
00000888
00000890
00000891
00000888
00000892
00000893
00000894
00000895
00000888
00000896
00000888
00000888
00000897
00000888
00000898
00000898
00000899
0000089A
0000089B
0000089C
0000089D
0000089E
0000089F
000008A0
000008A1
000008A2
00000898
000008A3
000008A4
000008A5
00000898
000008A6
00000898
000008A7
00000898
000008A8
000008A9
000008AA
00000888
00000889
00000889
0000088A
0000088B
0000088C
0000088D
0000088E
0000088F
00000888
00000890
00000891
00000888
00000892
00000893
00000894
00000895
00000888
00000896
00000888
00000888
00000897
00000888
00000898
00000898
00000899
0000089A
0000089B
0000089C
0000089D
0000089E
0000089F
000008A0
000008A1
000008A2
00000898
000008A3
000008A4
000008A5
00000898
000008A6
00000898
000008A7
00000898
000008A8
000008A9
000008AA
00000888
00000889
00000889
0000088A
0000088B
0000088C
0000088D
0000088E
0000088F
00000888
00000890
00000891
00000888
00000892
00000893
00000894
00000895
00000888
00000896
00000888
00000888
00000897
00000888
00000898
00000898
00000899
0000089A
0000089B
0000089C
0000089D
0000089E
0000089F
000008A0
000008A1
000008A2
00000898
000008A3
000008A4
000008A5
00000898
000008A6
00000898
000008A7
00000898
000008A8
000008A9
000008AA
00000888
00000889
00000889
0000088A
0000088B
0000088C
0000088D
0000088E
0000088F
00000888
00000890
00000891
00000888
00000892
00000893
00000894
00000895
00000888
00000896
00000888
00000888
00000897
00000888
00000898
00000898
00000899
0000089A
0000089B
0000089C
0000089D
0000089E
0000089F
000008A0
000008A1
000008A2
00000898
000008A3
000008A4
000008A5
00000898
000008A6
00000898
000008A7
00000898
000008A8
000008A9
000008AA
00000888
00000889
00000889
0000088A
0000088B
0000088C
0000088D
0000088E
0000088F
00000888
00000890
00000891
00000888
00000892
00000893
00000894
00000895
00000888
00000896
00000888
00000888
00000897
00000888
00000898
00000898
00000899
0000089A
0000089B
0000089C
0000089D
0000089E
0000089F
000008A0
000008A1
000008A2
00000898
000008A3
000008A4
000008A5
00000898
000008A6
00000898
000008A7
00000898
000008A8
000008A9
000008AA
00000888
00000889
00000889
0000088A
0000088B
0000088C
0000088D
0000088E
0000088F
00000888
00000890
00000891
00000888
00000892
00000893
00000894
00000895
00000888
00000896
00000888
00000888
00000897
00000888
00000898
00000898
00000899
0000089A
0000089B
0000089C
0000089D
0000089E
0000089F
000008A0
000008A1
000008A2
00000898
000008A3
000008A4
000008A5
00000898
000008A6
00000898
000008A7
00000898
000008A8
000008A9
000008AA
00000888
00000889
00000889
0000088A
0000088B
0000088C
0000088D
0000088E
0000088F
00000888
00000890
00000891
00000888
00000892
00000893
00000894
00000895
00000888
00000896
00000888
00000888
00000897
00000888
00000898
00000898
00000899
0000089A
0000089B
0000089C
0000089D
0000089E
0000089F
000008A0
000008A1
000008A2
00000898
000008A3
000008A4
000008A5
00000898
000008A6
00000898
000008A7
00000898
000008A8
000008A9
000008AA
00000888
00000889
00000889
0000088A
0000088B
0000088C
0000088D
0000088E
0000088F
00000888
00000890
00000891
00000888
00000892
00000893
00000894
00000895
00000888
00000896
00000888
00000888
00000897
00000888
00000898
00000898
00000899
0000089A
0000089B
0000089C
0000089D
0000089E
0000089F
000008A0
000008A1
000008A2
00000898
000008A3
000008A4
000008A5
00000898
000008A6
00000898
000008A7
00000898
000008A8
000008A9
000008AA
00000888
00000889
00000889
0000088A
0000088B
0000088C
0000088D
0000088E
0000088F
00000888
00000890
00000891
00000888
00000892
00000893
00000894
00000895
00000888
00000896
00000888
00000888
00000897
00000888
00000898
00000898
00000899
0000089A
0000089B
0000089C
0000089D
0000089E
0000089F
000008A0
000008A1
000008A2
00000898
000008A3
000008A4
000008A5
00000898
000008A6
00000898
000008A7
00000898
000008A8
000008A9
000008AA
00000888
00000889
00000889
0000088A
0000088B
0000088C
0000088D
0000088E
0000088F
00000888
00000890
00000891
00000888
00000892
00000893
00000894
00000895
00000888
00000896
00000888
00000888
00000897
00000888
00000898
00000898
00000899
0000089A
0000089B
0000089C
0000089D
0000089E
0000089F
000008A0
000008A1
000008A2
00000898
000008A3
000008A4
000008A5
00000898
000008A6
00000898
000008A7
00000898
000008A8
000008A9
000008AA
00000888
00000889
00000889
0000088A
0000088B
0000088C
0000088D
0000088E
0000088F
00000888
00000890
00000891
00000888
00000892
00000893
00000894
00000895
00000888
00000896
00000888
00000888
00000897
00000888
00000898
00000898
00000899
0000089A
0000089B
0000089C
0000089D
0000089E
0000089F
000008A0
000008A1
000008A2
00000898
000008A3
000008A4
000008A5
00000898
000008A6
00000898
000008A7
00000898
000008A8
000008A9
000008AA
00000888
00000889
00000889
0000088A
0000088B
0000088C
0000088D
0000088E
0000088F
00000888
00000890
00000891
00000888
00000892
00000893
00000894
00000895
00000888
00000896
00000888
00000888
00000897
00000888
00000898
00000898
00000899
0000089A
0000089B
0000089C
0000089D
0000089E
0000089F
000008A0
000008A1
000008A2
00000898
000008A3
000008A4
000008A5
00000898
000008A6
00000898
000008A7
00000898
000008A8
000008A9
000008AA
00000888
00000889
00000889
0000088A
0000088B
0000088C
0000088D
0000088E
0000088F
00000888
00000890
00000891
00000888
00000892
00000893
00000894
00000895
00000888
00000896
00000888
00000888
00000897
00000888
00000898
00000898
00000899
0000089A
0000089B
0000089C
0000089D
0000089E
0000089F
000008A0
000008A1
000008A2
00000898
000008A3
000008A4
000008A5
00000898
000008A6
00000898
000008A7
00000898
000008A8
000008A9
000008AA
00000888
00000889
00000889
0000088A
0000088B
0000088C
0000088D
0000088E
0000088F
00000888
00000890
00000891
00000888
00000892
00000893
00000894
00000895
00000888
00000896
00000888
00000888
00000897
00000888
00000898
00000898
00000899
0000089A
0000089B
0000089C
0000089D
0000089E
0000089F
000008A0
000008A1
000008A2
00000898
000008A3
000008A4
000008A5
00000898
000008A6
00000898
000008A7
00000898
000008A8
000008A9
000008AA
00000888
00000889
00000889
0000088A
0000088B
0000088C
0000088D
0000088E
0000088F
00000888
00000890
00000891
00000888
00000892
00000893
00000894
00000895
00000888
00000896
00000888
00000888
00000897
00000888
00000898
00000898
00000899
0000089A
0000089B
0000089C
0000089D
0000089E
0000089F
000008A0
000008A1
000008A2
00000898
000008A3
000008A4
000008A5
00000898
000008A6
00000898
000008A7
00000898
000008A8
000008A9
000008AA
00000888
00000889
00000889
0000088A
0000088B
0000088C
0000088D
0000088E
0000088F
00000888
00000890
00000891
00000888
00000892
00000893
00000894
00000895
00000888
00000896
00000888
00000888
00000897
00000888
00000898
00000898
00000899
0000089A
0000089B
0000089C
0000089D
0000089E
0000089F
000008A0
000008A1
000008A2
00000898
000008A3
000008A4
000008A5
00000898
000008A6
00000898
000008A7
00000898
000008A8
000008A9
000008AA
00000888
00000889
00000889
0000088A
0000088B
0000088C
0000088D
0000088E
0000088F
00000888
00000890
00000891
00000888
00000892
00000893
00000894
00000895
00000888
00000896
00000888
00000888
00000897
00000888
00000898
00000898
00000899
0000089A
0000089B
0000089C
0000089D
0000089E
0000089F
000008A0
000008A1
000008A2
00000898
000008A3
000008A4
000008A5
00000898
000008A6
00000898
000008A7
00000898
000008A8
000008A9
000008AA
00000888
00000889
00000889
0000088A
0000088B
0000088C
0000088D
0000088E
0000088F
00000888
00000890
00000891
00000888
00000892
00000893
00000894
00000895
00000888
00000896
00000888
00000888
00000897
00000888
00000898
00000898
00000899
0000089A
0000089B
0000089C
0000089D
0000089E
0000089F
000008A0
000008A1
000008A2
00000898
000008A3
000008A4
000008A5
00000898
000008A6
00000898
000008A7
00000898
000008A8
000008A9
000008AA
00000888
00000889
00000889
0000088A
0000088B
0000088C
0000088D
0000088E
0000088F
00000888
00000890
00000891
00000888
00000892
00000893
00000894
00000895
00000888
00000896
00000888
00000888
00000897
00000888
00000898
00000898
00000899
0000089A
0000089B
0000089C
0000089D
0000089E
0000089F
000008A0
000008A1
000008A2
00000898
000008A3
000008A4
000008A5
00000898
000008A6
00000898
000008A7
00000898
000008A8
000008A9
000008AA
00000888
00000889
00000889
0000088A
0000088B
0000088C
0000088D
0000088E
0000088F
00000888
00000890
00000891
00000888
00000892
00000893
00000894
00000895
00000888
00000896
00000888
00000888
00000897
00000888
00000898
00000898
00000899
0000089A
0000089B
0000089C
0000089D
0000089E
0000089F
000008A0
000008A1
000008A2
00000898
000008A3
000008A4
000008A5
00000898
000008A6
00000898
000008A7
00000898
000008A8
000008A9
000008AA
00000888
00000889
00000889
0000088A
0000088B
0000088C
0000088D
0000088E
0000088F
00000888
00000890
00000891
00000888
00000892
00000893
00000894
00000895
00000888
00000896
00000888
00000888
00000897
00000888
00000898
00000898
00000899
0000089A
0000089B
0000089C
0000089D
0000089E
0000089F
000008A0
000008A1
000008A2
00000898
000008A3
000008A4
000008A5
00000898
000008A6
00000898
000008A7
00000898
000008A8
000008A9
000008AA
00000888
00000889
00000889
0000088A
0000088B
0000088C
0000088D
0000088E
0000088F
00000888
00000890
00000891
00000888
00000892
00000893
00000894
00000895
00000888
00000896
00000888
00000888
00000897
00000888
00000898
00000898
00000899
0000089A
0000089B
0000089C
0000089D
0000089E
0000089F
000008A0
000008A1
000008A2
00000898
000008A3
000008A4
000008A5
00000898
000008A6
00000898
000008A7
00000898
000008A8
000008A9
000008AA
000008AB
000008AB
000008AB
000008AC
000008AD
000008AE
000008AF
000008B0
000008B1
000008AB
000008B2
000008B3
000008AB
000008B4
000008B5
000008B6
000008B7
000008AB
000008B8
000008AB
000008AB
000008B9
000008AB
000008BA
000008BA
000008BB
000008BC
000008BD
000008BE
000008BF
000008C0
000008C1
000008C2
000008C3
000008C4
000008BA
000008C5
000008C6
000008C7
000008BA
000008C8
000008BA
000008C9
000008BA
000008CA
000008CB
000008CC
000008AB
000008AB
000008AB
000008AC
000008AD
000008AE
000008AF
000008B0
000008B1
000008AB
000008B2
000008B3
000008AB
000008B4
000008B5
000008B6
000008B7
000008AB
000008B8
000008AB
000008AB
000008B9
000008AB
000008BA
000008BA
000008BB
000008BC
000008BD
000008BE
000008BF
000008C0
000008C1
000008C2
000008C3
000008C4
000008BA
000008C5
000008C6
000008C7
000008BA
000008C8
000008BA
000008C9
000008BA
000008CA
000008CB
000008CC
000008AB
000008AB
000008AB
000008AC
000008AD
000008AE
000008AF
000008B0
000008B1
000008AB
000008B2
000008B3
000008AB
000008B4
000008B5
000008B6
000008B7
000008AB
000008B8
000008AB
000008AB
000008B9
000008AB
000008BA
000008BA
000008BB
000008BC
000008BD
000008BE
000008BF
000008C0
000008C1
000008C2
000008C3
000008C4
000008BA
000008C5
000008C6
000008C7
000008BA
000008C8
000008BA
000008C9
000008BA
000008CA
000008CB
000008CC
000008AB
000008AB
000008AB
000008AC
000008AD
000008AE
000008AF
000008B0
000008B1
000008AB
000008B2
000008B3
000008AB
000008B4
000008B5
000008B6
000008B7
000008AB
000008B8
000008AB
000008AB
000008B9
000008AB
000008BA
000008BA
000008BB
000008BC
000008BD
000008BE
000008BF
000008C0
000008C1
000008C2
000008C3
000008C4
000008BA
000008C5
000008C6
000008C7
000008BA
000008C8
000008BA
000008C9
000008BA
000008CA
000008CB
000008CC
000008AB
000008AB
000008AB
000008AC
000008AD
000008AE
000008AF
000008B0
000008B1
000008AB
000008B2
000008B3
000008AB
000008B4
000008B5
000008B6
000008B7
000008AB
000008B8
000008AB
000008AB
000008B9
000008AB
000008BA
000008BA
000008BB
000008BC
000008BD
000008BE
000008BF
000008C0
000008C1
000008C2
000008C3
000008C4
000008BA
000008C5
000008C6
000008C7
000008BA
000008C8
000008BA
000008C9
000008BA
000008CA
000008CB
000008CC
000008AB
000008AB
000008AB
000008AC
000008AD
000008AE
000008AF
000008B0
000008B1
000008AB
000008B2
000008B3
000008AB
000008B4
000008B5
000008B6
000008B7
000008AB
000008B8
000008AB
000008AB
000008B9
000008AB
000008BA
000008BA
000008BB
000008BC
000008BD
000008BE
000008BF
000008C0
000008C1
000008C2
000008C3
000008C4
000008BA
000008C5
000008C6
000008C7
000008BA
000008C8
000008BA
000008C9
000008BA
000008CA
000008CB
000008CC
000008AB
000008AB
000008AB
000008AC
000008AD
000008AE
000008AF
000008B0
000008B1
000008AB
000008B2
000008B3
000008AB
000008B4
000008B5
000008B6
000008B7
000008AB
000008B8
000008AB
000008AB
000008B9
000008AB
000008BA
000008BA
000008BB
000008BC
000008BD
000008BE
000008BF
000008C0
000008C1
000008C2
000008C3
000008C4
000008BA
000008C5
000008C6
000008C7
000008BA
000008C8
000008BA
000008C9
000008BA
000008CA
000008CB
000008CC
000008AB
000008AB
000008AB
000008AC
000008AD
000008AE
000008AF
000008B0
000008B1
000008AB
000008B2
000008B3
000008AB
000008B4
000008B5
000008B6
000008B7
000008AB
000008B8
000008AB
000008AB
000008B9
000008AB
000008BA
000008BA
000008BB
000008BC
000008BD
000008BE
000008BF
000008C0
000008C1
000008C2
000008C3
000008C4
000008BA
000008C5
000008C6
000008C7
000008BA
000008C8
000008BA
000008C9
000008BA
000008CA
000008CB
000008CC
000008AB
000008AB
000008AB
000008AC
000008AD
000008AE
000008AF
000008B0
000008B1
000008AB
000008B2
000008B3
000008AB
000008B4
000008B5
000008B6
000008B7
000008AB
000008B8
000008AB
000008AB
000008B9
000008AB
000008BA
000008BA
000008BB
000008BC
000008BD
000008BE
000008BF
000008C0
000008C1
000008C2
000008C3
000008C4
000008BA
000008C5
000008C6
000008C7
000008BA
000008C8
000008BA
000008C9
000008BA
000008CA
000008CB
000008CC
000008AB
000008AB
000008AB
000008AC
000008AD
000008AE
000008AF
000008B0
000008B1
000008AB
000008B2
000008B3
000008AB
000008B4
000008B5
000008B6
000008B7
000008AB
000008B8
000008AB
000008AB
000008B9
000008AB
000008BA
000008BA
000008BB
000008BC
000008BD
000008BE
000008BF
000008C0
000008C1
000008C2
000008C3
000008C4
000008BA
000008C5
000008C6
000008C7
000008BA
000008C8
000008BA
000008C9
000008BA
000008CA
000008CB
000008CC
000008AB
000008AB
000008AB
000008AC
000008AD
000008AE
000008AF
000008B0
000008B1
000008AB
000008B2
000008B3
000008AB
000008B4
000008B5
000008B6
000008B7
000008AB
000008B8
000008AB
000008AB
000008B9
000008AB
000008BA
000008BA
000008BB
000008BC
000008BD
000008BE
000008BF
000008C0
000008C1
000008C2
000008C3
000008C4
000008BA
000008C5
000008C6
000008C7
000008BA
000008C8
000008BA
000008C9
000008BA
000008CA
000008CB
000008CC
000008AB
000008AB
000008AB
000008AC
000008AD
000008AE
000008AF
000008B0
000008B1
000008AB
000008B2
000008B3
000008AB
000008B4
000008B5
000008B6
000008B7
000008AB
000008B8
000008AB
000008AB
000008B9
000008AB
000008BA
000008BA
000008BB
000008BC
000008BD
000008BE
000008BF
000008C0
000008C1
000008C2
000008C3
000008C4
000008BA
000008C5
000008C6
000008C7
000008BA
000008C8
000008BA
000008C9
000008BA
000008CA
000008CB
000008CC
000008AB
000008AB
000008AB
000008AC
000008AD
000008AE
000008AF
000008B0
000008B1
000008AB
000008B2
000008B3
000008AB
000008B4
000008B5
000008B6
000008B7
000008AB
000008B8
000008AB
000008AB
000008B9
000008AB
000008BA
000008BA
000008BB
000008BC
000008BD
000008BE
000008BF
000008C0
000008C1
000008C2
000008C3
000008C4
000008BA
000008C5
000008C6
000008C7
000008BA
000008C8
000008BA
000008C9
000008BA
000008CA
000008CB
000008CC
000008AB
000008AB
000008AB
000008AC
000008AD
000008AE
000008AF
000008B0
000008B1
000008AB
000008B2
000008B3
000008AB
000008B4
000008B5
000008B6
000008B7
000008AB
000008B8
000008AB
000008AB
000008B9
000008AB
000008BA
000008BA
000008BB
000008BC
000008BD
000008BE
000008BF
000008C0
000008C1
000008C2
000008C3
000008C4
000008BA
000008C5
000008C6
000008C7
000008BA
000008C8
000008BA
000008C9
000008BA
000008CA
000008CB
000008CC
000008AB
000008AB
000008AB
000008AC
000008AD
000008AE
000008AF
000008B0
000008B1
000008AB
000008B2
000008B3
000008AB
000008B4
000008B5
000008B6
000008B7
000008AB
000008B8
000008AB
000008AB
000008B9
000008AB
000008BA
000008BA
000008BB
000008BC
000008BD
000008BE
000008BF
000008C0
000008C1
000008C2
000008C3
000008C4
000008BA
000008C5
000008C6
000008C7
000008BA
000008C8
000008BA
000008C9
000008BA
000008CA
000008CB
000008CC
000008AB
000008AB
000008AB
000008AC
000008AD
000008AE
000008AF
000008B0
000008B1
000008AB
000008B2
000008B3
000008AB
000008B4
000008B5
000008B6
000008B7
000008AB
000008B8
000008AB
000008AB
000008B9
000008AB
000008BA
000008BA
000008BB
000008BC
000008BD
000008BE
000008BF
000008C0
000008C1
000008C2
000008C3
000008C4
000008BA
000008C5
000008C6
000008C7
000008BA
000008C8
000008BA
000008C9
000008BA
000008CA
000008CB
000008CC
000008AB
000008AB
000008AB
000008AC
000008AD
000008AE
000008AF
000008B0
000008B1
000008AB
000008B2
000008B3
000008AB
000008B4
000008B5
000008B6
000008B7
000008AB
000008B8
000008AB
000008AB
000008B9
000008AB
000008BA
000008BA
000008BB
000008BC
000008BD
000008BE
000008BF
000008C0
000008C1
000008C2
000008C3
000008C4
000008BA
000008C5
000008C6
000008C7
000008BA
000008C8
000008BA
000008C9
000008BA
000008CA
000008CB
000008CC
000008AB
000008AB
000008AB
000008AC
000008AD
000008AE
000008AF
000008B0
000008B1
000008AB
000008B2
000008B3
000008AB
000008B4
000008B5
000008B6
000008B7
000008AB
000008B8
000008AB
000008AB
000008B9
000008AB
000008BA
000008BA
000008BB
000008BC
000008BD
000008BE
000008BF
000008C0
000008C1
000008C2
000008C3
000008C4
000008BA
000008C5
000008C6
000008C7
000008BA
000008C8
000008BA
000008C9
000008BA
000008CA
000008CB
000008CC
000008AB
000008AB
000008AB
000008AC
000008AD
000008AE
000008AF
000008B0
000008B1
000008AB
000008B2
000008B3
000008AB
000008B4
000008B5
000008B6
000008B7
000008AB
000008B8
000008AB
000008AB
000008B9
000008AB
000008BA
000008BA
000008BB
000008BC
000008BD
000008BE
000008BF
000008C0
000008C1
000008C2
000008C3
000008C4
000008BA
000008C5
000008C6
000008C7
000008BA
000008C8
000008BA
000008C9
000008BA
000008CA
000008CB
000008CC
000008AB
000008AB
000008AB
000008AC
000008AD
000008AE
000008AF
000008B0
000008B1
000008AB
000008B2
000008B3
000008AB
000008B4
000008B5
000008B6
000008B7
000008AB
000008B8
000008AB
000008AB
000008B9
000008AB
000008BA
000008BA
000008BB
000008BC
000008BD
000008BE
000008BF
000008C0
000008C1
000008C2
000008C3
000008C4
000008BA
000008C5
000008C6
000008C7
000008BA
000008C8
000008BA
000008C9
000008BA
000008CA
000008CB
000008CC
000008AB
000008AB
000008AB
000008AC
000008AD
000008AE
000008AF
000008B0
000008B1
000008AB
000008B2
000008B3
000008AB
000008B4
000008B5
000008B6
000008B7
000008AB
000008B8
000008AB
000008AB
000008B9
000008AB
000008BA
000008BA
000008BB
000008BC
000008BD
000008BE
000008BF
000008C0
000008C1
000008C2
000008C3
000008C4
000008BA
000008C5
000008C6
000008C7
000008BA
000008C8
000008BA
000008C9
000008BA
000008CA
000008CB
000008CC
000008AB
000008AB
000008AB
000008AC
000008AD
000008AE
000008AF
000008B0
000008B1
000008AB
000008B2
000008B3
000008AB
000008B4
000008B5
000008B6
000008B7
000008AB
000008B8
000008AB
000008AB
000008B9
000008AB
000008BA
000008BA
000008BB
000008BC
000008BD
000008BE
000008BF
000008C0
000008C1
000008C2
000008C3
000008C4
000008BA
000008C5
000008C6
000008C7
000008BA
000008C8
000008BA
000008C9
000008BA
000008CA
000008CB
000008CC
000008AB
000008AB
000008AB
000008AC
000008AD
000008AE
000008AF
000008B0
000008B1
000008AB
000008B2
000008B3
000008AB
000008B4
000008B5
000008B6
000008B7
000008AB
000008B8
000008AB
000008AB
000008B9
000008AB
000008BA
000008BA
000008BB
000008BC
000008BD
000008BE
000008BF
000008C0
000008C1
000008C2
000008C3
000008C4
000008BA
000008C5
000008C6
000008C7
000008BA
000008C8
000008BA
000008C9
000008BA
000008CA
000008CB
000008CC
000008CD
000008CD
000008CD
000008CE
000008CF
000008D0
000008D1
000008D2
000008D3
000008CD
000008D4
000008D5
000008CD
000008D6
000008D7
000008D8
000008D9
000008CD
000008DA
000008CD
000008CD
000008DB
000008CD
000008CD
000008CD
000008DC
000008DD
000008DE
000008DF
000008E0
000008E1
000008E2
000008E3
000008E4
000008E5
000008CD
000008E6
000008E7
000008E8
000008CD
000008E9
000008CD
000008EA
000008CD
000008EB
000008EC
000008ED
000008CD
000008CD
000008CD
000008CE
000008CF
000008D0
000008D1
000008D2
000008D3
000008CD
000008D4
000008D5
000008CD
000008D6
000008D7
000008D8
000008D9
000008CD
000008DA
000008CD
000008CD
000008DB
000008CD
000008CD
000008CD
000008DC
000008DD
000008DE
000008DF
000008E0
000008E1
000008E2
000008E3
000008E4
000008E5
000008CD
000008E6
000008E7
000008E8
000008CD
000008E9
000008CD
000008EA
000008CD
000008EB
000008EC
000008ED
000008CD
000008CD
000008CD
000008CE
000008CF
000008D0
000008D1
000008D2
000008D3
000008CD
000008D4
000008D5
000008CD
000008D6
000008D7
000008D8
000008D9
000008CD
000008DA
000008CD
000008CD
000008DB
000008CD
000008CD
000008CD
000008DC
000008DD
000008DE
000008DF
000008E0
000008E1
000008E2
000008E3
000008E4
000008E5
000008CD
000008E6
000008E7
000008E8
000008CD
000008E9
000008CD
000008EA
000008CD
000008EB
000008EC
000008ED
000008CD
000008CD
000008CD
000008CE
000008CF
000008D0
000008D1
000008D2
000008D3
000008CD
000008D4
000008D5
000008CD
000008D6
000008D7
000008D8
000008D9
000008CD
000008DA
000008CD
000008CD
000008DB
000008CD
000008CD
000008CD
000008DC
000008DD
000008DE
000008DF
000008E0
000008E1
000008E2
000008E3
000008E4
000008E5
000008CD
000008E6
000008E7
000008E8
000008CD
000008E9
000008CD
000008EA
000008CD
000008EB
000008EC
000008ED
000008CD
000008CD
000008CD
000008CE
000008CF
000008D0
000008D1
000008D2
000008D3
000008CD
000008D4
000008D5
000008CD
000008D6
000008D7
000008D8
000008D9
000008CD
000008DA
000008CD
000008CD
000008DB
000008CD
000008CD
000008CD
000008DC
000008DD
000008DE
000008DF
000008E0
000008E1
000008E2
000008E3
000008E4
000008E5
000008CD
000008E6
000008E7
000008E8
000008CD
000008E9
000008CD
000008EA
000008CD
000008EB
000008EC
000008ED
000008CD
000008CD
000008CD
000008CE
000008CF
000008D0
000008D1
000008D2
000008D3
000008CD
000008D4
000008D5
000008CD
000008D6
000008D7
000008D8
000008D9
000008CD
000008DA
000008CD
000008CD
000008DB
000008CD
000008CD
000008CD
000008DC
000008DD
000008DE
000008DF
000008E0
000008E1
000008E2
000008E3
000008E4
000008E5
000008CD
000008E6
000008E7
000008E8
000008CD
000008E9
000008CD
000008EA
000008CD
000008EB
000008EC
000008ED
000008CD
000008CD
000008CD
000008CE
000008CF
000008D0
000008D1
000008D2
000008D3
000008CD
000008D4
000008D5
000008CD
000008D6
000008D7
000008D8
000008D9
000008CD
000008DA
000008CD
000008CD
000008DB
000008CD
000008CD
000008CD
000008DC
000008DD
000008DE
000008DF
000008E0
000008E1
000008E2
000008E3
000008E4
000008E5
000008CD
000008E6
000008E7
000008E8
000008CD
000008E9
000008CD
000008EA
000008CD
000008EB
000008EC
000008ED
000008CD
000008CD
000008CD
000008CE
000008CF
000008D0
000008D1
000008D2
000008D3
000008CD
000008D4
000008D5
000008CD
000008D6
000008D7
000008D8
000008D9
000008CD
000008DA
000008CD
000008CD
000008DB
000008CD
000008CD
000008CD
000008DC
000008DD
000008DE
000008DF
000008E0
000008E1
000008E2
000008E3
000008E4
000008E5
000008CD
000008E6
000008E7
000008E8
000008CD
000008E9
000008CD
000008EA
000008CD
000008EB
000008EC
000008ED
000008CD
000008CD
000008CD
000008CE
000008CF
000008D0
000008D1
000008D2
000008D3
000008CD
000008D4
000008D5
000008CD
000008D6
000008D7
000008D8
000008D9
000008CD
000008DA
000008CD
000008CD
000008DB
000008CD
000008CD
000008CD
000008DC
000008DD
000008DE
000008DF
000008E0
000008E1
000008E2
000008E3
000008E4
000008E5
000008CD
000008E6
000008E7
000008E8
000008CD
000008E9
000008CD
000008EA
000008CD
000008EB
000008EC
000008ED
000008CD
000008CD
000008CD
000008CE
000008CF
000008D0
000008D1
000008D2
000008D3
000008CD
000008D4
000008D5
000008CD
000008D6
000008D7
000008D8
000008D9
000008CD
000008DA
000008CD
000008CD
000008DB
000008CD
000008CD
000008CD
000008DC
000008DD
000008DE
000008DF
000008E0
000008E1
000008E2
000008E3
000008E4
000008E5
000008CD
000008E6
000008E7
000008E8
000008CD
000008E9
000008CD
000008EA
000008CD
000008EB
000008EC
000008ED
000008CD
000008CD
000008CD
000008CE
000008CF
000008D0
000008D1
000008D2
000008D3
000008CD
000008D4
000008D5
000008CD
000008D6
000008D7
000008D8
000008D9
000008CD
000008DA
000008CD
000008CD
000008DB
000008CD
000008CD
000008CD
000008DC
000008DD
000008DE
000008DF
000008E0
000008E1
000008E2
000008E3
000008E4
000008E5
000008CD
000008E6
000008E7
000008E8
000008CD
000008E9
000008CD
000008EA
000008CD
000008EB
000008EC
000008ED
000008CD
000008CD
000008CD
000008CE
000008CF
000008D0
000008D1
000008D2
000008D3
000008CD
000008D4
000008D5
000008CD
000008D6
000008D7
000008D8
000008D9
000008CD
000008DA
000008CD
000008CD
000008DB
000008CD
000008CD
000008CD
000008DC
000008DD
000008DE
000008DF
000008E0
000008E1
000008E2
000008E3
000008E4
000008E5
000008CD
000008E6
000008E7
000008E8
000008CD
000008E9
000008CD
000008EA
000008CD
000008EB
000008EC
000008ED
000008CD
000008CD
000008CD
000008CE
000008CF
000008D0
000008D1
000008D2
000008D3
000008CD
000008D4
000008D5
000008CD
000008D6
000008D7
000008D8
000008D9
000008CD
000008DA
000008CD
000008CD
000008DB
000008CD
000008CD
000008CD
000008DC
000008DD
000008DE
000008DF
000008E0
000008E1
000008E2
000008E3
000008E4
000008E5
000008CD
000008E6
000008E7
000008E8
000008CD
000008E9
000008CD
000008EA
000008CD
000008EB
000008EC
000008ED
000008CD
000008CD
000008CD
000008CE
000008CF
000008D0
000008D1
000008D2
000008D3
000008CD
000008D4
000008D5
000008CD
000008D6
000008D7
000008D8
000008D9
000008CD
000008DA
000008CD
000008CD
000008DB
000008CD
000008CD
000008CD
000008DC
000008DD
000008DE
000008DF
000008E0
000008E1
000008E2
000008E3
000008E4
000008E5
000008CD
000008E6
000008E7
000008E8
000008CD
000008E9
000008CD
000008EA
000008CD
000008EB
000008EC
000008ED
000008CD
000008CD
000008CD
000008CE
000008CF
000008D0
000008D1
000008D2
000008D3
000008CD
000008D4
000008D5
000008CD
000008D6
000008D7
000008D8
000008D9
000008CD
000008DA
000008CD
000008CD
000008DB
000008CD
000008CD
000008CD
000008DC
000008DD
000008DE
000008DF
000008E0
000008E1
000008E2
000008E3
000008E4
000008E5
000008CD
000008E6
000008E7
000008E8
000008CD
000008E9
000008CD
000008EA
000008CD
000008EB
000008EC
000008ED
000008CD
000008CD
000008CD
000008CE
000008CF
000008D0
000008D1
000008D2
000008D3
000008CD
000008D4
000008D5
000008CD
000008D6
000008D7
000008D8
000008D9
000008CD
000008DA
000008CD
000008CD
000008DB
000008CD
000008CD
000008CD
000008DC
000008DD
000008DE
000008DF
000008E0
000008E1
000008E2
000008E3
000008E4
000008E5
000008CD
000008E6
000008E7
000008E8
000008CD
000008E9
000008CD
000008EA
000008CD
000008EB
000008EC
000008ED
000008CD
000008CD
000008CD
000008CE
000008CF
000008D0
000008D1
000008D2
000008D3
000008CD
000008D4
000008D5
000008CD
000008D6
000008D7
000008D8
000008D9
000008CD
000008DA
000008CD
000008CD
000008DB
000008CD
000008CD
000008CD
000008DC
000008DD
000008DE
000008DF
000008E0
000008E1
000008E2
000008E3
000008E4
000008E5
000008CD
000008E6
000008E7
000008E8
000008CD
000008E9
000008CD
000008EA
000008CD
000008EB
000008EC
000008ED
000008CD
000008CD
000008CD
000008CE
000008CF
000008D0
000008D1
000008D2
000008D3
000008CD
000008D4
000008D5
000008CD
000008D6
000008D7
000008D8
000008D9
000008CD
000008DA
000008CD
000008CD
000008DB
000008CD
000008CD
000008CD
000008DC
000008DD
000008DE
000008DF
000008E0
000008E1
000008E2
000008E3
000008E4
000008E5
000008CD
000008E6
000008E7
000008E8
000008CD
000008E9
000008CD
000008EA
000008CD
000008EB
000008EC
000008ED
000008CD
000008CD
000008CD
000008CE
000008CF
000008D0
000008D1
000008D2
000008D3
000008CD
000008D4
000008D5
000008CD
000008D6
000008D7
000008D8
000008D9
000008CD
000008DA
000008CD
000008CD
000008DB
000008CD
000008CD
000008CD
000008DC
000008DD
000008DE
000008DF
000008E0
000008E1
000008E2
000008E3
000008E4
000008E5
000008CD
000008E6
000008E7
000008E8
000008CD
000008E9
000008CD
000008EA
000008CD
000008EB
000008EC
000008ED
000008CD
000008CD
000008CD
000008CE
000008CF
000008D0
000008D1
000008D2
000008D3
000008CD
000008D4
000008D5
000008CD
000008D6
000008D7
000008D8
000008D9
000008CD
000008DA
000008CD
000008CD
000008DB
000008CD
000008CD
000008CD
000008DC
000008DD
000008DE
000008DF
000008E0
000008E1
000008E2
000008E3
000008E4
000008E5
000008CD
000008E6
000008E7
000008E8
000008CD
000008E9
000008CD
000008EA
000008CD
000008EB
000008EC
000008ED
000008CD
000008CD
000008CD
000008CE
000008CF
000008D0
000008D1
000008D2
000008D3
000008CD
000008D4
000008D5
000008CD
000008D6
000008D7
000008D8
000008D9
000008CD
000008DA
000008CD
000008CD
000008DB
000008CD
000008CD
000008CD
000008DC
000008DD
000008DE
000008DF
000008E0
000008E1
000008E2
000008E3
000008E4
000008E5
000008CD
000008E6
000008E7
000008E8
000008CD
000008E9
000008CD
000008EA
000008CD
000008EB
000008EC
000008ED
000008CD
000008CD
000008CD
000008CE
000008CF
000008D0
000008D1
000008D2
000008D3
000008CD
000008D4
000008D5
000008CD
000008D6
000008D7
000008D8
000008D9
000008CD
000008DA
000008CD
000008CD
000008DB
000008CD
000008CD
000008CD
000008DC
000008DD
000008DE
000008DF
000008E0
000008E1
000008E2
000008E3
000008E4
000008E5
000008CD
000008E6
000008E7
000008E8
000008CD
000008E9
000008CD
000008EA
000008CD
000008EB
000008EC
000008ED
000008CD
000008CD
000008CD
000008CE
000008CF
000008D0
000008D1
000008D2
000008D3
000008CD
000008D4
000008D5
000008CD
000008D6
000008D7
000008D8
000008D9
000008CD
000008DA
000008CD
000008CD
000008DB
000008CD
000008CD
000008CD
000008DC
000008DD
000008DE
000008DF
000008E0
000008E1
000008E2
000008E3
000008E4
000008E5
000008CD
000008E6
000008E7
000008E8
000008CD
000008E9
000008CD
000008EA
000008CD
000008EB
000008EC
000008ED
000008EE
000008EE
000008EE
000008EF
000008F0
000008F1
000008F2
000008F3
000008F4
000008EE
000008F5
000008F6
000008F7
000008F8
000008F9
000008FA
000008FB
000008EE
000008FC
000008EE
000008EE
000008FD
000008EE
000008FE
000008FE
000008FF
00000900
000008FE
00000901
00000902
00000903
00000904
00000905
00000906
00000907
000008FE
000008FE
00000908
00000909
000008FE
0000090A
000008FE
0000090B
0000090C
000008FE
0000090D
0000090E
000008EE
000008EE
000008EE
000008EF
000008F0
000008F1
000008F2
000008F3
000008F4
000008EE
000008F5
000008F6
000008F7
000008F8
000008F9
000008FA
000008FB
000008EE
000008FC
000008EE
000008EE
000008FD
000008EE
000008FE
000008FE
000008FF
00000900
000008FE
00000901
00000902
00000903
00000904
00000905
00000906
00000907
000008FE
000008FE
00000908
00000909
000008FE
0000090A
000008FE
0000090B
0000090C
000008FE
0000090D
0000090E
000008EE
000008EE
000008EE
000008EF
000008F0
000008F1
000008F2
000008F3
000008F4
000008EE
000008F5
000008F6
000008F7
000008F8
000008F9
000008FA
000008FB
000008EE
000008FC
000008EE
000008EE
000008FD
000008EE
000008FE
000008FE
000008FF
00000900
000008FE
00000901
00000902
00000903
00000904
00000905
00000906
00000907
000008FE
000008FE
00000908
00000909
000008FE
0000090A
000008FE
0000090B
0000090C
000008FE
0000090D
0000090E
000008EE
000008EE
000008EE
000008EF
000008F0
000008F1
000008F2
000008F3
000008F4
000008EE
000008F5
000008F6
000008F7
000008F8
000008F9
000008FA
000008FB
000008EE
000008FC
000008EE
000008EE
000008FD
000008EE
000008FE
000008FE
000008FF
00000900
000008FE
00000901
00000902
00000903
00000904
00000905
00000906
00000907
000008FE
000008FE
00000908
00000909
000008FE
0000090A
000008FE
0000090B
0000090C
000008FE
0000090D
0000090E
000008EE
000008EE
000008EE
000008EF
000008F0
000008F1
000008F2
000008F3
000008F4
000008EE
000008F5
000008F6
000008F7
000008F8
000008F9
000008FA
000008FB
000008EE
000008FC
000008EE
000008EE
000008FD
000008EE
000008FE
000008FE
000008FF
00000900
000008FE
00000901
00000902
00000903
00000904
00000905
00000906
00000907
000008FE
000008FE
00000908
00000909
000008FE
0000090A
000008FE
0000090B
0000090C
000008FE
0000090D
0000090E
000008EE
000008EE
000008EE
000008EF
000008F0
000008F1
000008F2
000008F3
000008F4
000008EE
000008F5
000008F6
000008F7
000008F8
000008F9
000008FA
000008FB
000008EE
000008FC
000008EE
000008EE
000008FD
000008EE
000008FE
000008FE
000008FF
00000900
000008FE
00000901
00000902
00000903
00000904
00000905
00000906
00000907
000008FE
000008FE
00000908
00000909
000008FE
0000090A
000008FE
0000090B
0000090C
000008FE
0000090D
0000090E
000008EE
000008EE
000008EE
000008EF
000008F0
000008F1
000008F2
000008F3
000008F4
000008EE
000008F5
000008F6
000008F7
000008F8
000008F9
000008FA
000008FB
000008EE
000008FC
000008EE
000008EE
000008FD
000008EE
000008FE
000008FE
000008FF
00000900
000008FE
00000901
00000902
00000903
00000904
00000905
00000906
00000907
000008FE
000008FE
00000908
00000909
000008FE
0000090A
000008FE
0000090B
0000090C
000008FE
0000090D
0000090E
000008EE
000008EE
000008EE
000008EF
000008F0
000008F1
000008F2
000008F3
000008F4
000008EE
000008F5
000008F6
000008F7
000008F8
000008F9
000008FA
000008FB
000008EE
000008FC
000008EE
000008EE
000008FD
000008EE
000008FE
000008FE
000008FF
00000900
000008FE
00000901
00000902
00000903
00000904
00000905
00000906
00000907
000008FE
000008FE
00000908
00000909
000008FE
0000090A
000008FE
0000090B
0000090C
000008FE
0000090D
0000090E
000008EE
000008EE
000008EE
000008EF
000008F0
000008F1
000008F2
000008F3
000008F4
000008EE
000008F5
000008F6
000008F7
000008F8
000008F9
000008FA
000008FB
000008EE
000008FC
000008EE
000008EE
000008FD
000008EE
000008FE
000008FE
000008FF
00000900
000008FE
00000901
00000902
00000903
00000904
00000905
00000906
00000907
000008FE
000008FE
00000908
00000909
000008FE
0000090A
000008FE
0000090B
0000090C
000008FE
0000090D
0000090E
000008EE
000008EE
000008EE
000008EF
000008F0
000008F1
000008F2
000008F3
000008F4
000008EE
000008F5
000008F6
000008F7
000008F8
000008F9
000008FA
000008FB
000008EE
000008FC
000008EE
000008EE
000008FD
000008EE
000008FE
000008FE
000008FF
00000900
000008FE
00000901
00000902
00000903
00000904
00000905
00000906
00000907
000008FE
000008FE
00000908
00000909
000008FE
0000090A
000008FE
0000090B
0000090C
000008FE
0000090D
0000090E
000008EE
000008EE
000008EE
000008EF
000008F0
000008F1
000008F2
000008F3
000008F4
000008EE
000008F5
000008F6
000008F7
000008F8
000008F9
000008FA
000008FB
000008EE
000008FC
000008EE
000008EE
000008FD
000008EE
000008FE
000008FE
000008FF
00000900
000008FE
00000901
00000902
00000903
00000904
00000905
00000906
00000907
000008FE
000008FE
00000908
00000909
000008FE
0000090A
000008FE
0000090B
0000090C
000008FE
0000090D
0000090E
000008EE
000008EE
000008EE
000008EF
000008F0
000008F1
000008F2
000008F3
000008F4
000008EE
000008F5
000008F6
000008F7
000008F8
000008F9
000008FA
000008FB
000008EE
000008FC
000008EE
000008EE
000008FD
000008EE
000008FE
000008FE
000008FF
00000900
000008FE
00000901
00000902
00000903
00000904
00000905
00000906
00000907
000008FE
000008FE
00000908
00000909
000008FE
0000090A
000008FE
0000090B
0000090C
000008FE
0000090D
0000090E
000008EE
000008EE
000008EE
000008EF
000008F0
000008F1
000008F2
000008F3
000008F4
000008EE
000008F5
000008F6
000008F7
000008F8
000008F9
000008FA
000008FB
000008EE
000008FC
000008EE
000008EE
000008FD
000008EE
000008FE
000008FE
000008FF
00000900
000008FE
00000901
00000902
00000903
00000904
00000905
00000906
00000907
000008FE
000008FE
00000908
00000909
000008FE
0000090A
000008FE
0000090B
0000090C
000008FE
0000090D
0000090E
000008EE
000008EE
000008EE
000008EF
000008F0
000008F1
000008F2
000008F3
000008F4
000008EE
000008F5
000008F6
000008F7
000008F8
000008F9
000008FA
000008FB
000008EE
000008FC
000008EE
000008EE
000008FD
000008EE
000008FE
000008FE
000008FF
00000900
000008FE
00000901
00000902
00000903
00000904
00000905
00000906
00000907
000008FE
000008FE
00000908
00000909
000008FE
0000090A
000008FE
0000090B
0000090C
000008FE
0000090D
0000090E
000008EE
000008EE
000008EE
000008EF
000008F0
000008F1
000008F2
000008F3
000008F4
000008EE
000008F5
000008F6
000008F7
000008F8
000008F9
000008FA
000008FB
000008EE
000008FC
000008EE
000008EE
000008FD
000008EE
000008FE
000008FE
000008FF
00000900
000008FE
00000901
00000902
00000903
00000904
00000905
00000906
00000907
000008FE
000008FE
00000908
00000909
000008FE
0000090A
000008FE
0000090B
0000090C
000008FE
0000090D
0000090E
000008EE
000008EE
000008EE
000008EF
000008F0
000008F1
000008F2
000008F3
000008F4
000008EE
000008F5
000008F6
000008F7
000008F8
000008F9
000008FA
000008FB
000008EE
000008FC
000008EE
000008EE
000008FD
000008EE
000008FE
000008FE
000008FF
00000900
000008FE
00000901
00000902
00000903
00000904
00000905
00000906
00000907
000008FE
000008FE
00000908
00000909
000008FE
0000090A
000008FE
0000090B
0000090C
000008FE
0000090D
0000090E
000008EE
000008EE
000008EE
000008EF
000008F0
000008F1
000008F2
000008F3
000008F4
000008EE
000008F5
000008F6
000008F7
000008F8
000008F9
000008FA
000008FB
000008EE
000008FC
000008EE
000008EE
000008FD
000008EE
000008FE
000008FE
000008FF
00000900
000008FE
00000901
00000902
00000903
00000904
00000905
00000906
00000907
000008FE
000008FE
00000908
00000909
000008FE
0000090A
000008FE
0000090B
0000090C
000008FE
0000090D
0000090E
000008EE
000008EE
000008EE
000008EF
000008F0
000008F1
000008F2
000008F3
000008F4
000008EE
000008F5
000008F6
000008F7
000008F8
000008F9
000008FA
000008FB
000008EE
000008FC
000008EE
000008EE
000008FD
000008EE
000008FE
000008FE
000008FF
00000900
000008FE
00000901
00000902
00000903
00000904
00000905
00000906
00000907
000008FE
000008FE
00000908
00000909
000008FE
0000090A
000008FE
0000090B
0000090C
000008FE
0000090D
0000090E
000008EE
000008EE
000008EE
000008EF
000008F0
000008F1
000008F2
000008F3
000008F4
000008EE
000008F5
000008F6
000008F7
000008F8
000008F9
000008FA
000008FB
000008EE
000008FC
000008EE
000008EE
000008FD
000008EE
000008FE
000008FE
000008FF
00000900
000008FE
00000901
00000902
00000903
00000904
00000905
00000906
00000907
000008FE
000008FE
00000908
00000909
000008FE
0000090A
000008FE
0000090B
0000090C
000008FE
0000090D
0000090E
000008EE
000008EE
000008EE
000008EF
000008F0
000008F1
000008F2
000008F3
000008F4
000008EE
000008F5
000008F6
000008F7
000008F8
000008F9
000008FA
000008FB
000008EE
000008FC
000008EE
000008EE
000008FD
000008EE
000008FE
000008FE
000008FF
00000900
000008FE
00000901
00000902
00000903
00000904
00000905
00000906
00000907
000008FE
000008FE
00000908
00000909
000008FE
0000090A
000008FE
0000090B
0000090C
000008FE
0000090D
0000090E
000008EE
000008EE
000008EE
000008EF
000008F0
000008F1
000008F2
000008F3
000008F4
000008EE
000008F5
000008F6
000008F7
000008F8
000008F9
000008FA
000008FB
000008EE
000008FC
000008EE
000008EE
000008FD
000008EE
000008FE
000008FE
000008FF
00000900
000008FE
00000901
00000902
00000903
00000904
00000905
00000906
00000907
000008FE
000008FE
00000908
00000909
000008FE
0000090A
000008FE
0000090B
0000090C
000008FE
0000090D
0000090E
000008EE
000008EE
000008EE
000008EF
000008F0
000008F1
000008F2
000008F3
000008F4
000008EE
000008F5
000008F6
000008F7
000008F8
000008F9
000008FA
000008FB
000008EE
000008FC
000008EE
000008EE
000008FD
000008EE
000008FE
000008FE
000008FF
00000900
000008FE
00000901
00000902
00000903
00000904
00000905
00000906
00000907
000008FE
000008FE
00000908
00000909
000008FE
0000090A
000008FE
0000090B
0000090C
000008FE
0000090D
0000090E
000008EE
000008EE
000008EE
000008EF
000008F0
000008F1
000008F2
000008F3
000008F4
000008EE
000008F5
000008F6
000008F7
000008F8
000008F9
000008FA
000008FB
000008EE
000008FC
000008EE
000008EE
000008FD
000008EE
000008FE
000008FE
000008FF
00000900
000008FE
00000901
00000902
00000903
00000904
00000905
00000906
00000907
000008FE
000008FE
00000908
00000909
000008FE
0000090A
000008FE
0000090B
0000090C
000008FE
0000090D
0000090E
0000090F
0000090F
0000090F
00000910
00000911
00000912
00000913
00000914
00000915
0000090F
00000916
00000917
0000090F
00000918
00000919
0000091A
0000091B
0000090F
0000091C
0000090F
0000091D
0000091E
0000090F
0000091F
0000091F
00000920
00000921
0000091F
00000922
00000923
00000924
00000925
00000926
00000927
00000928
0000091F
0000091F
00000929
0000092A
0000092B
0000092C
0000091F
0000092D
0000092E
0000091F
0000092F
00000930
0000090F
0000090F
0000090F
00000910
00000911
00000912
00000913
00000914
00000915
0000090F
00000916
00000917
0000090F
00000918
00000919
0000091A
0000091B
0000090F
0000091C
0000090F
0000091D
0000091E
0000090F
0000091F
0000091F
00000920
00000921
0000091F
00000922
00000923
00000924
00000925
00000926
00000927
00000928
0000091F
0000091F
00000929
0000092A
0000092B
0000092C
0000091F
0000092D
0000092E
0000091F
0000092F
00000930
0000090F
0000090F
0000090F
00000910
00000911
00000912
00000913
00000914
00000915
0000090F
00000916
00000917
0000090F
00000918
00000919
0000091A
0000091B
0000090F
0000091C
0000090F
0000091D
0000091E
0000090F
0000091F
0000091F
00000920
00000921
0000091F
00000922
00000923
00000924
00000925
00000926
00000927
00000928
0000091F
0000091F
00000929
0000092A
0000092B
0000092C
0000091F
0000092D
0000092E
0000091F
0000092F
00000930
0000090F
0000090F
0000090F
00000910
00000911
00000912
00000913
00000914
00000915
0000090F
00000916
00000917
0000090F
00000918
00000919
0000091A
0000091B
0000090F
0000091C
0000090F
0000091D
0000091E
0000090F
0000091F
0000091F
00000920
00000921
0000091F
00000922
00000923
00000924
00000925
00000926
00000927
00000928
0000091F
0000091F
00000929
0000092A
0000092B
0000092C
0000091F
0000092D
0000092E
0000091F
0000092F
00000930
0000090F
0000090F
0000090F
00000910
00000911
00000912
00000913
00000914
00000915
0000090F
00000916
00000917
0000090F
00000918
00000919
0000091A
0000091B
0000090F
0000091C
0000090F
0000091D
0000091E
0000090F
0000091F
0000091F
00000920
00000921
0000091F
00000922
00000923
00000924
00000925
00000926
00000927
00000928
0000091F
0000091F
00000929
0000092A
0000092B
0000092C
0000091F
0000092D
0000092E
0000091F
0000092F
00000930
0000090F
0000090F
0000090F
00000910
00000911
00000912
00000913
00000914
00000915
0000090F
00000916
00000917
0000090F
00000918
00000919
0000091A
0000091B
0000090F
0000091C
0000090F
0000091D
0000091E
0000090F
0000091F
0000091F
00000920
00000921
0000091F
00000922
00000923
00000924
00000925
00000926
00000927
00000928
0000091F
0000091F
00000929
0000092A
0000092B
0000092C
0000091F
0000092D
0000092E
0000091F
0000092F
00000930
0000090F
0000090F
0000090F
00000910
00000911
00000912
00000913
00000914
00000915
0000090F
00000916
00000917
0000090F
00000918
00000919
0000091A
0000091B
0000090F
0000091C
0000090F
0000091D
0000091E
0000090F
0000091F
0000091F
00000920
00000921
0000091F
00000922
00000923
00000924
00000925
00000926
00000927
00000928
0000091F
0000091F
00000929
0000092A
0000092B
0000092C
0000091F
0000092D
0000092E
0000091F
0000092F
00000930
0000090F
0000090F
0000090F
00000910
00000911
00000912
00000913
00000914
00000915
0000090F
00000916
00000917
0000090F
00000918
00000919
0000091A
0000091B
0000090F
0000091C
0000090F
0000091D
0000091E
0000090F
0000091F
0000091F
00000920
00000921
0000091F
00000922
00000923
00000924
00000925
00000926
00000927
00000928
0000091F
0000091F
00000929
0000092A
0000092B
0000092C
0000091F
0000092D
0000092E
0000091F
0000092F
00000930
0000090F
0000090F
0000090F
00000910
00000911
00000912
00000913
00000914
00000915
0000090F
00000916
00000917
0000090F
00000918
00000919
0000091A
0000091B
0000090F
0000091C
0000090F
0000091D
0000091E
0000090F
0000091F
0000091F
00000920
00000921
0000091F
00000922
00000923
00000924
00000925
00000926
00000927
00000928
0000091F
0000091F
00000929
0000092A
0000092B
0000092C
0000091F
0000092D
0000092E
0000091F
0000092F
00000930
0000090F
0000090F
0000090F
00000910
00000911
00000912
00000913
00000914
00000915
0000090F
00000916
00000917
0000090F
00000918
00000919
0000091A
0000091B
0000090F
0000091C
0000090F
0000091D
0000091E
0000090F
0000091F
0000091F
00000920
00000921
0000091F
00000922
00000923
00000924
00000925
00000926
00000927
00000928
0000091F
0000091F
00000929
0000092A
0000092B
0000092C
0000091F
0000092D
0000092E
0000091F
0000092F
00000930
0000090F
0000090F
0000090F
00000910
00000911
00000912
00000913
00000914
00000915
0000090F
00000916
00000917
0000090F
00000918
00000919
0000091A
0000091B
0000090F
0000091C
0000090F
0000091D
0000091E
0000090F
0000091F
0000091F
00000920
00000921
0000091F
00000922
00000923
00000924
00000925
00000926
00000927
00000928
0000091F
0000091F
00000929
0000092A
0000092B
0000092C
0000091F
0000092D
0000092E
0000091F
0000092F
00000930
0000090F
0000090F
0000090F
00000910
00000911
00000912
00000913
00000914
00000915
0000090F
00000916
00000917
0000090F
00000918
00000919
0000091A
0000091B
0000090F
0000091C
0000090F
0000091D
0000091E
0000090F
0000091F
0000091F
00000920
00000921
0000091F
00000922
00000923
00000924
00000925
00000926
00000927
00000928
0000091F
0000091F
00000929
0000092A
0000092B
0000092C
0000091F
0000092D
0000092E
0000091F
0000092F
00000930
0000090F
0000090F
0000090F
00000910
00000911
00000912
00000913
00000914
00000915
0000090F
00000916
00000917
0000090F
00000918
00000919
0000091A
0000091B
0000090F
0000091C
0000090F
0000091D
0000091E
0000090F
0000091F
0000091F
00000920
00000921
0000091F
00000922
00000923
00000924
00000925
00000926
00000927
00000928
0000091F
0000091F
00000929
0000092A
0000092B
0000092C
0000091F
0000092D
0000092E
0000091F
0000092F
00000930
0000090F
0000090F
0000090F
00000910
00000911
00000912
00000913
00000914
00000915
0000090F
00000916
00000917
0000090F
00000918
00000919
0000091A
0000091B
0000090F
0000091C
0000090F
0000091D
0000091E
0000090F
0000091F
0000091F
00000920
00000921
0000091F
00000922
00000923
00000924
00000925
00000926
00000927
00000928
0000091F
0000091F
00000929
0000092A
0000092B
0000092C
0000091F
0000092D
0000092E
0000091F
0000092F
00000930
0000090F
0000090F
0000090F
00000910
00000911
00000912
00000913
00000914
00000915
0000090F
00000916
00000917
0000090F
00000918
00000919
0000091A
0000091B
0000090F
0000091C
0000090F
0000091D
0000091E
0000090F
0000091F
0000091F
00000920
00000921
0000091F
00000922
00000923
00000924
00000925
00000926
00000927
00000928
0000091F
0000091F
00000929
0000092A
0000092B
0000092C
0000091F
0000092D
0000092E
0000091F
0000092F
00000930
0000090F
0000090F
0000090F
00000910
00000911
00000912
00000913
00000914
00000915
0000090F
00000916
00000917
0000090F
00000918
00000919
0000091A
0000091B
0000090F
0000091C
0000090F
0000091D
0000091E
0000090F
0000091F
0000091F
00000920
00000921
0000091F
00000922
00000923
00000924
00000925
00000926
00000927
00000928
0000091F
0000091F
00000929
0000092A
0000092B
0000092C
0000091F
0000092D
0000092E
0000091F
0000092F
00000930
0000090F
0000090F
0000090F
00000910
00000911
00000912
00000913
00000914
00000915
0000090F
00000916
00000917
0000090F
00000918
00000919
0000091A
0000091B
0000090F
0000091C
0000090F
0000091D
0000091E
0000090F
0000091F
0000091F
00000920
00000921
0000091F
00000922
00000923
00000924
00000925
00000926
00000927
00000928
0000091F
0000091F
00000929
0000092A
0000092B
0000092C
0000091F
0000092D
0000092E
0000091F
0000092F
00000930
0000090F
0000090F
0000090F
00000910
00000911
00000912
00000913
00000914
00000915
0000090F
00000916
00000917
0000090F
00000918
00000919
0000091A
0000091B
0000090F
0000091C
0000090F
0000091D
0000091E
0000090F
0000091F
0000091F
00000920
00000921
0000091F
00000922
00000923
00000924
00000925
00000926
00000927
00000928
0000091F
0000091F
00000929
0000092A
0000092B
0000092C
0000091F
0000092D
0000092E
0000091F
0000092F
00000930
0000090F
0000090F
0000090F
00000910
00000911
00000912
00000913
00000914
00000915
0000090F
00000916
00000917
0000090F
00000918
00000919
0000091A
0000091B
0000090F
0000091C
0000090F
0000091D
0000091E
0000090F
0000091F
0000091F
00000920
00000921
0000091F
00000922
00000923
00000924
00000925
00000926
00000927
00000928
0000091F
0000091F
00000929
0000092A
0000092B
0000092C
0000091F
0000092D
0000092E
0000091F
0000092F
00000930
0000090F
0000090F
0000090F
00000910
00000911
00000912
00000913
00000914
00000915
0000090F
00000916
00000917
0000090F
00000918
00000919
0000091A
0000091B
0000090F
0000091C
0000090F
0000091D
0000091E
0000090F
0000091F
0000091F
00000920
00000921
0000091F
00000922
00000923
00000924
00000925
00000926
00000927
00000928
0000091F
0000091F
00000929
0000092A
0000092B
0000092C
0000091F
0000092D
0000092E
0000091F
0000092F
00000930
0000090F
0000090F
0000090F
00000910
00000911
00000912
00000913
00000914
00000915
0000090F
00000916
00000917
0000090F
00000918
00000919
0000091A
0000091B
0000090F
0000091C
0000090F
0000091D
0000091E
0000090F
0000091F
0000091F
00000920
00000921
0000091F
00000922
00000923
00000924
00000925
00000926
00000927
00000928
0000091F
0000091F
00000929
0000092A
0000092B
0000092C
0000091F
0000092D
0000092E
0000091F
0000092F
00000930
0000090F
0000090F
0000090F
00000910
00000911
00000912
00000913
00000914
00000915
0000090F
00000916
00000917
0000090F
00000918
00000919
0000091A
0000091B
0000090F
0000091C
0000090F
0000091D
0000091E
0000090F
0000091F
0000091F
00000920
00000921
0000091F
00000922
00000923
00000924
00000925
00000926
00000927
00000928
0000091F
0000091F
00000929
0000092A
0000092B
0000092C
0000091F
0000092D
0000092E
0000091F
0000092F
00000930
0000090F
0000090F
0000090F
00000910
00000911
00000912
00000913
00000914
00000915
0000090F
00000916
00000917
0000090F
00000918
00000919
0000091A
0000091B
0000090F
0000091C
0000090F
0000091D
0000091E
0000090F
0000091F
0000091F
00000920
00000921
0000091F
00000922
00000923
00000924
00000925
00000926
00000927
00000928
0000091F
0000091F
00000929
0000092A
0000092B
0000092C
0000091F
0000092D
0000092E
0000091F
0000092F
00000930
00000931
00000931
00000931
00000932
00000933
00000934
00000935
00000936
00000937
00000931
00000938
00000939
00000931
0000093A
0000093B
0000093C
0000093D
00000931
0000093E
00000931
00000931
0000093F
00000931
00000931
00000931
00000940
00000941
00000931
00000942
00000943
00000944
00000945
00000946
00000947
00000948
00000931
00000931
00000949
0000094A
00000931
0000094B
00000931
0000094C
0000094D
00000931
0000094E
0000094F
00000931
00000931
00000931
00000932
00000933
00000934
00000935
00000936
00000937
00000931
00000938
00000939
00000931
0000093A
0000093B
0000093C
0000093D
00000931
0000093E
00000931
00000931
0000093F
00000931
00000931
00000931
00000940
00000941
00000931
00000942
00000943
00000944
00000945
00000946
00000947
00000948
00000931
00000931
00000949
0000094A
00000931
0000094B
00000931
0000094C
0000094D
00000931
0000094E
0000094F
00000931
00000931
00000931
00000932
00000933
00000934
00000935
00000936
00000937
00000931
00000938
00000939
00000931
0000093A
0000093B
0000093C
0000093D
00000931
0000093E
00000931
00000931
0000093F
00000931
00000931
00000931
00000940
00000941
00000931
00000942
00000943
00000944
00000945
00000946
00000947
00000948
00000931
00000931
00000949
0000094A
00000931
0000094B
00000931
0000094C
0000094D
00000931
0000094E
0000094F
00000931
00000931
00000931
00000932
00000933
00000934
00000935
00000936
00000937
00000931
00000938
00000939
00000931
0000093A
0000093B
0000093C
0000093D
00000931
0000093E
00000931
00000931
0000093F
00000931
00000931
00000931
00000940
00000941
00000931
00000942
00000943
00000944
00000945
00000946
00000947
00000948
00000931
00000931
00000949
0000094A
00000931
0000094B
00000931
0000094C
0000094D
00000931
0000094E
0000094F
00000931
00000931
00000931
00000932
00000933
00000934
00000935
00000936
00000937
00000931
00000938
00000939
00000931
0000093A
0000093B
0000093C
0000093D
00000931
0000093E
00000931
00000931
0000093F
00000931
00000931
00000931
00000940
00000941
00000931
00000942
00000943
00000944
00000945
00000946
00000947
00000948
00000931
00000931
00000949
0000094A
00000931
0000094B
00000931
0000094C
0000094D
00000931
0000094E
0000094F
00000931
00000931
00000931
00000932
00000933
00000934
00000935
00000936
00000937
00000931
00000938
00000939
00000931
0000093A
0000093B
0000093C
0000093D
00000931
0000093E
00000931
00000931
0000093F
00000931
00000931
00000931
00000940
00000941
00000931
00000942
00000943
00000944
00000945
00000946
00000947
00000948
00000931
00000931
00000949
0000094A
00000931
0000094B
00000931
0000094C
0000094D
00000931
0000094E
0000094F
00000931
00000931
00000931
00000932
00000933
00000934
00000935
00000936
00000937
00000931
00000938
00000939
00000931
0000093A
0000093B
0000093C
0000093D
00000931
0000093E
00000931
00000931
0000093F
00000931
00000931
00000931
00000940
00000941
00000931
00000942
00000943
00000944
00000945
00000946
00000947
00000948
00000931
00000931
00000949
0000094A
00000931
0000094B
00000931
0000094C
0000094D
00000931
0000094E
0000094F
00000931
00000931
00000931
00000932
00000933
00000934
00000935
00000936
00000937
00000931
00000938
00000939
00000931
0000093A
0000093B
0000093C
0000093D
00000931
0000093E
00000931
00000931
0000093F
00000931
00000931
00000931
00000940
00000941
00000931
00000942
00000943
00000944
00000945
00000946
00000947
00000948
00000931
00000931
00000949
0000094A
00000931
0000094B
00000931
0000094C
0000094D
00000931
0000094E
0000094F
00000931
00000931
00000931
00000932
00000933
00000934
00000935
00000936
00000937
00000931
00000938
00000939
00000931
0000093A
0000093B
0000093C
0000093D
00000931
0000093E
00000931
00000931
0000093F
00000931
00000931
00000931
00000940
00000941
00000931
00000942
00000943
00000944
00000945
00000946
00000947
00000948
00000931
00000931
00000949
0000094A
00000931
0000094B
00000931
0000094C
0000094D
00000931
0000094E
0000094F
00000931
00000931
00000931
00000932
00000933
00000934
00000935
00000936
00000937
00000931
00000938
00000939
00000931
0000093A
0000093B
0000093C
0000093D
00000931
0000093E
00000931
00000931
0000093F
00000931
00000931
00000931
00000940
00000941
00000931
00000942
00000943
00000944
00000945
00000946
00000947
00000948
00000931
00000931
00000949
0000094A
00000931
0000094B
00000931
0000094C
0000094D
00000931
0000094E
0000094F
00000931
00000931
00000931
00000932
00000933
00000934
00000935
00000936
00000937
00000931
00000938
00000939
00000931
0000093A
0000093B
0000093C
0000093D
00000931
0000093E
00000931
00000931
0000093F
00000931
00000931
00000931
00000940
00000941
00000931
00000942
00000943
00000944
00000945
00000946
00000947
00000948
00000931
00000931
00000949
0000094A
00000931
0000094B
00000931
0000094C
0000094D
00000931
0000094E
0000094F
00000931
00000931
00000931
00000932
00000933
00000934
00000935
00000936
00000937
00000931
00000938
00000939
00000931
0000093A
0000093B
0000093C
0000093D
00000931
0000093E
00000931
00000931
0000093F
00000931
00000931
00000931
00000940
00000941
00000931
00000942
00000943
00000944
00000945
00000946
00000947
00000948
00000931
00000931
00000949
0000094A
00000931
0000094B
00000931
0000094C
0000094D
00000931
0000094E
0000094F
00000931
00000931
00000931
00000932
00000933
00000934
00000935
00000936
00000937
00000931
00000938
00000939
00000931
0000093A
0000093B
0000093C
0000093D
00000931
0000093E
00000931
00000931
0000093F
00000931
00000931
00000931
00000940
00000941
00000931
00000942
00000943
00000944
00000945
00000946
00000947
00000948
00000931
00000931
00000949
0000094A
00000931
0000094B
00000931
0000094C
0000094D
00000931
0000094E
0000094F
00000931
00000931
00000931
00000932
00000933
00000934
00000935
00000936
00000937
00000931
00000938
00000939
00000931
0000093A
0000093B
0000093C
0000093D
00000931
0000093E
00000931
00000931
0000093F
00000931
00000931
00000931
00000940
00000941
00000931
00000942
00000943
00000944
00000945
00000946
00000947
00000948
00000931
00000931
00000949
0000094A
00000931
0000094B
00000931
0000094C
0000094D
00000931
0000094E
0000094F
00000931
00000931
00000931
00000932
00000933
00000934
00000935
00000936
00000937
00000931
00000938
00000939
00000931
0000093A
0000093B
0000093C
0000093D
00000931
0000093E
00000931
00000931
0000093F
00000931
00000931
00000931
00000940
00000941
00000931
00000942
00000943
00000944
00000945
00000946
00000947
00000948
00000931
00000931
00000949
0000094A
00000931
0000094B
00000931
0000094C
0000094D
00000931
0000094E
0000094F
00000931
00000931
00000931
00000932
00000933
00000934
00000935
00000936
00000937
00000931
00000938
00000939
00000931
0000093A
0000093B
0000093C
0000093D
00000931
0000093E
00000931
00000931
0000093F
00000931
00000931
00000931
00000940
00000941
00000931
00000942
00000943
00000944
00000945
00000946
00000947
00000948
00000931
00000931
00000949
0000094A
00000931
0000094B
00000931
0000094C
0000094D
00000931
0000094E
0000094F
00000931
00000931
00000931
00000932
00000933
00000934
00000935
00000936
00000937
00000931
00000938
00000939
00000931
0000093A
0000093B
0000093C
0000093D
00000931
0000093E
00000931
00000931
0000093F
00000931
00000931
00000931
00000940
00000941
00000931
00000942
00000943
00000944
00000945
00000946
00000947
00000948
00000931
00000931
00000949
0000094A
00000931
0000094B
00000931
0000094C
0000094D
00000931
0000094E
0000094F
00000931
00000931
00000931
00000932
00000933
00000934
00000935
00000936
00000937
00000931
00000938
00000939
00000931
0000093A
0000093B
0000093C
0000093D
00000931
0000093E
00000931
00000931
0000093F
00000931
00000931
00000931
00000940
00000941
00000931
00000942
00000943
00000944
00000945
00000946
00000947
00000948
00000931
00000931
00000949
0000094A
00000931
0000094B
00000931
0000094C
0000094D
00000931
0000094E
0000094F
00000931
00000931
00000931
00000932
00000933
00000934
00000935
00000936
00000937
00000931
00000938
00000939
00000931
0000093A
0000093B
0000093C
0000093D
00000931
0000093E
00000931
00000931
0000093F
00000931
00000931
00000931
00000940
00000941
00000931
00000942
00000943
00000944
00000945
00000946
00000947
00000948
00000931
00000931
00000949
0000094A
00000931
0000094B
00000931
0000094C
0000094D
00000931
0000094E
0000094F
00000931
00000931
00000931
00000932
00000933
00000934
00000935
00000936
00000937
00000931
00000938
00000939
00000931
0000093A
0000093B
0000093C
0000093D
00000931
0000093E
00000931
00000931
0000093F
00000931
00000931
00000931
00000940
00000941
00000931
00000942
00000943
00000944
00000945
00000946
00000947
00000948
00000931
00000931
00000949
0000094A
00000931
0000094B
00000931
0000094C
0000094D
00000931
0000094E
0000094F
00000931
00000931
00000931
00000932
00000933
00000934
00000935
00000936
00000937
00000931
00000938
00000939
00000931
0000093A
0000093B
0000093C
0000093D
00000931
0000093E
00000931
00000931
0000093F
00000931
00000931
00000931
00000940
00000941
00000931
00000942
00000943
00000944
00000945
00000946
00000947
00000948
00000931
00000931
00000949
0000094A
00000931
0000094B
00000931
0000094C
0000094D
00000931
0000094E
0000094F
00000931
00000931
00000931
00000932
00000933
00000934
00000935
00000936
00000937
00000931
00000938
00000939
00000931
0000093A
0000093B
0000093C
0000093D
00000931
0000093E
00000931
00000931
0000093F
00000931
00000931
00000931
00000940
00000941
00000931
00000942
00000943
00000944
00000945
00000946
00000947
00000948
00000931
00000931
00000949
0000094A
00000931
0000094B
00000931
0000094C
0000094D
00000931
0000094E
0000094F
00000931
00000931
00000931
00000932
00000933
00000934
00000935
00000936
00000937
00000931
00000938
00000939
00000931
0000093A
0000093B
0000093C
0000093D
00000931
0000093E
00000931
00000931
0000093F
00000931
00000931
00000931
00000940
00000941
00000931
00000942
00000943
00000944
00000945
00000946
00000947
00000948
00000931
00000931
00000949
0000094A
00000931
0000094B
00000931
0000094C
0000094D
00000931
0000094E
0000094F
00000950
00000950
00000950
00000951
00000952
00000953
00000954
00000955
00000956
00000950
00000957
00000958
00000950
00000959
0000095A
0000095B
0000095C
00000950
0000095D
00000950
00000950
0000095E
00000950
0000095F
0000095F
00000960
00000961
00000962
00000963
00000964
00000965
00000966
00000967
00000968
00000969
0000095F
0000095F
0000096A
0000096B
0000095F
0000096C
0000095F
0000096D
0000096E
0000095F
0000096F
00000970
00000950
00000950
00000950
00000951
00000952
00000953
00000954
00000955
00000956
00000950
00000957
00000958
00000950
00000959
0000095A
0000095B
0000095C
00000950
0000095D
00000950
00000950
0000095E
00000950
0000095F
0000095F
00000960
00000961
00000962
00000963
00000964
00000965
00000966
00000967
00000968
00000969
0000095F
0000095F
0000096A
0000096B
0000095F
0000096C
0000095F
0000096D
0000096E
0000095F
0000096F
00000970
00000950
00000950
00000950
00000951
00000952
00000953
00000954
00000955
00000956
00000950
00000957
00000958
00000950
00000959
0000095A
0000095B
0000095C
00000950
0000095D
00000950
00000950
0000095E
00000950
0000095F
0000095F
00000960
00000961
00000962
00000963
00000964
00000965
00000966
00000967
00000968
00000969
0000095F
0000095F
0000096A
0000096B
0000095F
0000096C
0000095F
0000096D
0000096E
0000095F
0000096F
00000970
00000950
00000950
00000950
00000951
00000952
00000953
00000954
00000955
00000956
00000950
00000957
00000958
00000950
00000959
0000095A
0000095B
0000095C
00000950
0000095D
00000950
00000950
0000095E
00000950
0000095F
0000095F
00000960
00000961
00000962
00000963
00000964
00000965
00000966
00000967
00000968
00000969
0000095F
0000095F
0000096A
0000096B
0000095F
0000096C
0000095F
0000096D
0000096E
0000095F
0000096F
00000970
00000950
00000950
00000950
00000951
00000952
00000953
00000954
00000955
00000956
00000950
00000957
00000958
00000950
00000959
0000095A
0000095B
0000095C
00000950
0000095D
00000950
00000950
0000095E
00000950
0000095F
0000095F
00000960
00000961
00000962
00000963
00000964
00000965
00000966
00000967
00000968
00000969
0000095F
0000095F
0000096A
0000096B
0000095F
0000096C
0000095F
0000096D
0000096E
0000095F
0000096F
00000970
00000950
00000950
00000950
00000951
00000952
00000953
00000954
00000955
00000956
00000950
00000957
00000958
00000950
00000959
0000095A
0000095B
0000095C
00000950
0000095D
00000950
00000950
0000095E
00000950
0000095F
0000095F
00000960
00000961
00000962
00000963
00000964
00000965
00000966
00000967
00000968
00000969
0000095F
0000095F
0000096A
0000096B
0000095F
0000096C
0000095F
0000096D
0000096E
0000095F
0000096F
00000970
00000950
00000950
00000950
00000951
00000952
00000953
00000954
00000955
00000956
00000950
00000957
00000958
00000950
00000959
0000095A
0000095B
0000095C
00000950
0000095D
00000950
00000950
0000095E
00000950
0000095F
0000095F
00000960
00000961
00000962
00000963
00000964
00000965
00000966
00000967
00000968
00000969
0000095F
0000095F
0000096A
0000096B
0000095F
0000096C
0000095F
0000096D
0000096E
0000095F
0000096F
00000970
00000950
00000950
00000950
00000951
00000952
00000953
00000954
00000955
00000956
00000950
00000957
00000958
00000950
00000959
0000095A
0000095B
0000095C
00000950
0000095D
00000950
00000950
0000095E
00000950
0000095F
0000095F
00000960
00000961
00000962
00000963
00000964
00000965
00000966
00000967
00000968
00000969
0000095F
0000095F
0000096A
0000096B
0000095F
0000096C
0000095F
0000096D
0000096E
0000095F
0000096F
00000970
00000950
00000950
00000950
00000951
00000952
00000953
00000954
00000955
00000956
00000950
00000957
00000958
00000950
00000959
0000095A
0000095B
0000095C
00000950
0000095D
00000950
00000950
0000095E
00000950
0000095F
0000095F
00000960
00000961
00000962
00000963
00000964
00000965
00000966
00000967
00000968
00000969
0000095F
0000095F
0000096A
0000096B
0000095F
0000096C
0000095F
0000096D
0000096E
0000095F
0000096F
00000970
00000950
00000950
00000950
00000951
00000952
00000953
00000954
00000955
00000956
00000950
00000957
00000958
00000950
00000959
0000095A
0000095B
0000095C
00000950
0000095D
00000950
00000950
0000095E
00000950
0000095F
0000095F
00000960
00000961
00000962
00000963
00000964
00000965
00000966
00000967
00000968
00000969
0000095F
0000095F
0000096A
0000096B
0000095F
0000096C
0000095F
0000096D
0000096E
0000095F
0000096F
00000970
00000950
00000950
00000950
00000951
00000952
00000953
00000954
00000955
00000956
00000950
00000957
00000958
00000950
00000959
0000095A
0000095B
0000095C
00000950
0000095D
00000950
00000950
0000095E
00000950
0000095F
0000095F
00000960
00000961
00000962
00000963
00000964
00000965
00000966
00000967
00000968
00000969
0000095F
0000095F
0000096A
0000096B
0000095F
0000096C
0000095F
0000096D
0000096E
0000095F
0000096F
00000970
00000950
00000950
00000950
00000951
00000952
00000953
00000954
00000955
00000956
00000950
00000957
00000958
00000950
00000959
0000095A
0000095B
0000095C
00000950
0000095D
00000950
00000950
0000095E
00000950
0000095F
0000095F
00000960
00000961
00000962
00000963
00000964
00000965
00000966
00000967
00000968
00000969
0000095F
0000095F
0000096A
0000096B
0000095F
0000096C
0000095F
0000096D
0000096E
0000095F
0000096F
00000970
00000950
00000950
00000950
00000951
00000952
00000953
00000954
00000955
00000956
00000950
00000957
00000958
00000950
00000959
0000095A
0000095B
0000095C
00000950
0000095D
00000950
00000950
0000095E
00000950
0000095F
0000095F
00000960
00000961
00000962
00000963
00000964
00000965
00000966
00000967
00000968
00000969
0000095F
0000095F
0000096A
0000096B
0000095F
0000096C
0000095F
0000096D
0000096E
0000095F
0000096F
00000970
00000950
00000950
00000950
00000951
00000952
00000953
00000954
00000955
00000956
00000950
00000957
00000958
00000950
00000959
0000095A
0000095B
0000095C
00000950
0000095D
00000950
00000950
0000095E
00000950
0000095F
0000095F
00000960
00000961
00000962
00000963
00000964
00000965
00000966
00000967
00000968
00000969
0000095F
0000095F
0000096A
0000096B
0000095F
0000096C
0000095F
0000096D
0000096E
0000095F
0000096F
00000970
00000950
00000950
00000950
00000951
00000952
00000953
00000954
00000955
00000956
00000950
00000957
00000958
00000950
00000959
0000095A
0000095B
0000095C
00000950
0000095D
00000950
00000950
0000095E
00000950
0000095F
0000095F
00000960
00000961
00000962
00000963
00000964
00000965
00000966
00000967
00000968
00000969
0000095F
0000095F
0000096A
0000096B
0000095F
0000096C
0000095F
0000096D
0000096E
0000095F
0000096F
00000970
00000950
00000950
00000950
00000951
00000952
00000953
00000954
00000955
00000956
00000950
00000957
00000958
00000950
00000959
0000095A
0000095B
0000095C
00000950
0000095D
00000950
00000950
0000095E
00000950
0000095F
0000095F
00000960
00000961
00000962
00000963
00000964
00000965
00000966
00000967
00000968
00000969
0000095F
0000095F
0000096A
0000096B
0000095F
0000096C
0000095F
0000096D
0000096E
0000095F
0000096F
00000970
00000950
00000950
00000950
00000951
00000952
00000953
00000954
00000955
00000956
00000950
00000957
00000958
00000950
00000959
0000095A
0000095B
0000095C
00000950
0000095D
00000950
00000950
0000095E
00000950
0000095F
0000095F
00000960
00000961
00000962
00000963
00000964
00000965
00000966
00000967
00000968
00000969
0000095F
0000095F
0000096A
0000096B
0000095F
0000096C
0000095F
0000096D
0000096E
0000095F
0000096F
00000970
00000950
00000950
00000950
00000951
00000952
00000953
00000954
00000955
00000956
00000950
00000957
00000958
00000950
00000959
0000095A
0000095B
0000095C
00000950
0000095D
00000950
00000950
0000095E
00000950
0000095F
0000095F
00000960
00000961
00000962
00000963
00000964
00000965
00000966
00000967
00000968
00000969
0000095F
0000095F
0000096A
0000096B
0000095F
0000096C
0000095F
0000096D
0000096E
0000095F
0000096F
00000970
00000950
00000950
00000950
00000951
00000952
00000953
00000954
00000955
00000956
00000950
00000957
00000958
00000950
00000959
0000095A
0000095B
0000095C
00000950
0000095D
00000950
00000950
0000095E
00000950
0000095F
0000095F
00000960
00000961
00000962
00000963
00000964
00000965
00000966
00000967
00000968
00000969
0000095F
0000095F
0000096A
0000096B
0000095F
0000096C
0000095F
0000096D
0000096E
0000095F
0000096F
00000970
00000950
00000950
00000950
00000951
00000952
00000953
00000954
00000955
00000956
00000950
00000957
00000958
00000950
00000959
0000095A
0000095B
0000095C
00000950
0000095D
00000950
00000950
0000095E
00000950
0000095F
0000095F
00000960
00000961
00000962
00000963
00000964
00000965
00000966
00000967
00000968
00000969
0000095F
0000095F
0000096A
0000096B
0000095F
0000096C
0000095F
0000096D
0000096E
0000095F
0000096F
00000970
00000950
00000950
00000950
00000951
00000952
00000953
00000954
00000955
00000956
00000950
00000957
00000958
00000950
00000959
0000095A
0000095B
0000095C
00000950
0000095D
00000950
00000950
0000095E
00000950
0000095F
0000095F
00000960
00000961
00000962
00000963
00000964
00000965
00000966
00000967
00000968
00000969
0000095F
0000095F
0000096A
0000096B
0000095F
0000096C
0000095F
0000096D
0000096E
0000095F
0000096F
00000970
00000950
00000950
00000950
00000951
00000952
00000953
00000954
00000955
00000956
00000950
00000957
00000958
00000950
00000959
0000095A
0000095B
0000095C
00000950
0000095D
00000950
00000950
0000095E
00000950
0000095F
0000095F
00000960
00000961
00000962
00000963
00000964
00000965
00000966
00000967
00000968
00000969
0000095F
0000095F
0000096A
0000096B
0000095F
0000096C
0000095F
0000096D
0000096E
0000095F
0000096F
00000970
00000950
00000950
00000950
00000951
00000952
00000953
00000954
00000955
00000956
00000950
00000957
00000958
00000950
00000959
0000095A
0000095B
0000095C
00000950
0000095D
00000950
00000950
0000095E
00000950
0000095F
0000095F
00000960
00000961
00000962
00000963
00000964
00000965
00000966
00000967
00000968
00000969
0000095F
0000095F
0000096A
0000096B
0000095F
0000096C
0000095F
0000096D
0000096E
0000095F
0000096F
00000970
00000971
00000971
00000971
00000972
00000973
00000974
00000975
00000976
00000977
00000971
00000978
00000979
00000971
0000097A
0000097B
0000097C
0000097D
00000971
0000097E
00000971
00000971
0000097F
00000980
00000981
00000981
00000982
00000983
00000984
00000985
00000986
00000987
00000988
00000989
0000098A
0000098B
00000981
00000981
0000098C
0000098D
00000981
0000098E
00000981
0000098F
00000990
00000981
00000991
00000992
00000971
00000971
00000971
00000972
00000973
00000974
00000975
00000976
00000977
00000971
00000978
00000979
00000971
0000097A
0000097B
0000097C
0000097D
00000971
0000097E
00000971
00000971
0000097F
00000980
00000981
00000981
00000982
00000983
00000984
00000985
00000986
00000987
00000988
00000989
0000098A
0000098B
00000981
00000981
0000098C
0000098D
00000981
0000098E
00000981
0000098F
00000990
00000981
00000991
00000992
00000971
00000971
00000971
00000972
00000973
00000974
00000975
00000976
00000977
00000971
00000978
00000979
00000971
0000097A
0000097B
0000097C
0000097D
00000971
0000097E
00000971
00000971
0000097F
00000980
00000981
00000981
00000982
00000983
00000984
00000985
00000986
00000987
00000988
00000989
0000098A
0000098B
00000981
00000981
0000098C
0000098D
00000981
0000098E
00000981
0000098F
00000990
00000981
00000991
00000992
00000971
00000971
00000971
00000972
00000973
00000974
00000975
00000976
00000977
00000971
00000978
00000979
00000971
0000097A
0000097B
0000097C
0000097D
00000971
0000097E
00000971
00000971
0000097F
00000980
00000981
00000981
00000982
00000983
00000984
00000985
00000986
00000987
00000988
00000989
0000098A
0000098B
00000981
00000981
0000098C
0000098D
00000981
0000098E
00000981
0000098F
00000990
00000981
00000991
00000992
00000971
00000971
00000971
00000972
00000973
00000974
00000975
00000976
00000977
00000971
00000978
00000979
00000971
0000097A
0000097B
0000097C
0000097D
00000971
0000097E
00000971
00000971
0000097F
00000980
00000981
00000981
00000982
00000983
00000984
00000985
00000986
00000987
00000988
00000989
0000098A
0000098B
00000981
00000981
0000098C
0000098D
00000981
0000098E
00000981
0000098F
00000990
00000981
00000991
00000992
00000971
00000971
00000971
00000972
00000973
00000974
00000975
00000976
00000977
00000971
00000978
00000979
00000971
0000097A
0000097B
0000097C
0000097D
00000971
0000097E
00000971
00000971
0000097F
00000980
00000981
00000981
00000982
00000983
00000984
00000985
00000986
00000987
00000988
00000989
0000098A
0000098B
00000981
00000981
0000098C
0000098D
00000981
0000098E
00000981
0000098F
00000990
00000981
00000991
00000992
00000971
00000971
00000971
00000972
00000973
00000974
00000975
00000976
00000977
00000971
00000978
00000979
00000971
0000097A
0000097B
0000097C
0000097D
00000971
0000097E
00000971
00000971
0000097F
00000980
00000981
00000981
00000982
00000983
00000984
00000985
00000986
00000987
00000988
00000989
0000098A
0000098B
00000981
00000981
0000098C
0000098D
00000981
0000098E
00000981
0000098F
00000990
00000981
00000991
00000992
00000971
00000971
00000971
00000972
00000973
00000974
00000975
00000976
00000977
00000971
00000978
00000979
00000971
0000097A
0000097B
0000097C
0000097D
00000971
0000097E
00000971
00000971
0000097F
00000980
00000981
00000981
00000982
00000983
00000984
00000985
00000986
00000987
00000988
00000989
0000098A
0000098B
00000981
00000981
0000098C
0000098D
00000981
0000098E
00000981
0000098F
00000990
00000981
00000991
00000992
00000971
00000971
00000971
00000972
00000973
00000974
00000975
00000976
00000977
00000971
00000978
00000979
00000971
0000097A
0000097B
0000097C
0000097D
00000971
0000097E
00000971
00000971
0000097F
00000980
00000981
00000981
00000982
00000983
00000984
00000985
00000986
00000987
00000988
00000989
0000098A
0000098B
00000981
00000981
0000098C
0000098D
00000981
0000098E
00000981
0000098F
00000990
00000981
00000991
00000992
00000971
00000971
00000971
00000972
00000973
00000974
00000975
00000976
00000977
00000971
00000978
00000979
00000971
0000097A
0000097B
0000097C
0000097D
00000971
0000097E
00000971
00000971
0000097F
00000980
00000981
00000981
00000982
00000983
00000984
00000985
00000986
00000987
00000988
00000989
0000098A
0000098B
00000981
00000981
0000098C
0000098D
00000981
0000098E
00000981
0000098F
00000990
00000981
00000991
00000992
00000971
00000971
00000971
00000972
00000973
00000974
00000975
00000976
00000977
00000971
00000978
00000979
00000971
0000097A
0000097B
0000097C
0000097D
00000971
0000097E
00000971
00000971
0000097F
00000980
00000981
00000981
00000982
00000983
00000984
00000985
00000986
00000987
00000988
00000989
0000098A
0000098B
00000981
00000981
0000098C
0000098D
00000981
0000098E
00000981
0000098F
00000990
00000981
00000991
00000992
00000971
00000971
00000971
00000972
00000973
00000974
00000975
00000976
00000977
00000971
00000978
00000979
00000971
0000097A
0000097B
0000097C
0000097D
00000971
0000097E
00000971
00000971
0000097F
00000980
00000981
00000981
00000982
00000983
00000984
00000985
00000986
00000987
00000988
00000989
0000098A
0000098B
00000981
00000981
0000098C
0000098D
00000981
0000098E
00000981
0000098F
00000990
00000981
00000991
00000992
00000971
00000971
00000971
00000972
00000973
00000974
00000975
00000976
00000977
00000971
00000978
00000979
00000971
0000097A
0000097B
0000097C
0000097D
00000971
0000097E
00000971
00000971
0000097F
00000980
00000981
00000981
00000982
00000983
00000984
00000985
00000986
00000987
00000988
00000989
0000098A
0000098B
00000981
00000981
0000098C
0000098D
00000981
0000098E
00000981
0000098F
00000990
00000981
00000991
00000992
00000971
00000971
00000971
00000972
00000973
00000974
00000975
00000976
00000977
00000971
00000978
00000979
00000971
0000097A
0000097B
0000097C
0000097D
00000971
0000097E
00000971
00000971
0000097F
00000980
00000981
00000981
00000982
00000983
00000984
00000985
00000986
00000987
00000988
00000989
0000098A
0000098B
00000981
00000981
0000098C
0000098D
00000981
0000098E
00000981
0000098F
00000990
00000981
00000991
00000992
00000971
00000971
00000971
00000972
00000973
00000974
00000975
00000976
00000977
00000971
00000978
00000979
00000971
0000097A
0000097B
0000097C
0000097D
00000971
0000097E
00000971
00000971
0000097F
00000980
00000981
00000981
00000982
00000983
00000984
00000985
00000986
00000987
00000988
00000989
0000098A
0000098B
00000981
00000981
0000098C
0000098D
00000981
0000098E
00000981
0000098F
00000990
00000981
00000991
00000992
00000971
00000971
00000971
00000972
00000973
00000974
00000975
00000976
00000977
00000971
00000978
00000979
00000971
0000097A
0000097B
0000097C
0000097D
00000971
0000097E
00000971
00000971
0000097F
00000980
00000981
00000981
00000982
00000983
00000984
00000985
00000986
00000987
00000988
00000989
0000098A
0000098B
00000981
00000981
0000098C
0000098D
00000981
0000098E
00000981
0000098F
00000990
00000981
00000991
00000992
00000971
00000971
00000971
00000972
00000973
00000974
00000975
00000976
00000977
00000971
00000978
00000979
00000971
0000097A
0000097B
0000097C
0000097D
00000971
0000097E
00000971
00000971
0000097F
00000980
00000981
00000981
00000982
00000983
00000984
00000985
00000986
00000987
00000988
00000989
0000098A
0000098B
00000981
00000981
0000098C
0000098D
00000981
0000098E
00000981
0000098F
00000990
00000981
00000991
00000992
00000971
00000971
00000971
00000972
00000973
00000974
00000975
00000976
00000977
00000971
00000978
00000979
00000971
0000097A
0000097B
0000097C
0000097D
00000971
0000097E
00000971
00000971
0000097F
00000980
00000981
00000981
00000982
00000983
00000984
00000985
00000986
00000987
00000988
00000989
0000098A
0000098B
00000981
00000981
0000098C
0000098D
00000981
0000098E
00000981
0000098F
00000990
00000981
00000991
00000992
00000971
00000971
00000971
00000972
00000973
00000974
00000975
00000976
00000977
00000971
00000978
00000979
00000971
0000097A
0000097B
0000097C
0000097D
00000971
0000097E
00000971
00000971
0000097F
00000980
00000981
00000981
00000982
00000983
00000984
00000985
00000986
00000987
00000988
00000989
0000098A
0000098B
00000981
00000981
0000098C
0000098D
00000981
0000098E
00000981
0000098F
00000990
00000981
00000991
00000992
00000971
00000971
00000971
00000972
00000973
00000974
00000975
00000976
00000977
00000971
00000978
00000979
00000971
0000097A
0000097B
0000097C
0000097D
00000971
0000097E
00000971
00000971
0000097F
00000980
00000981
00000981
00000982
00000983
00000984
00000985
00000986
00000987
00000988
00000989
0000098A
0000098B
00000981
00000981
0000098C
0000098D
00000981
0000098E
00000981
0000098F
00000990
00000981
00000991
00000992
00000971
00000971
00000971
00000972
00000973
00000974
00000975
00000976
00000977
00000971
00000978
00000979
00000971
0000097A
0000097B
0000097C
0000097D
00000971
0000097E
00000971
00000971
0000097F
00000980
00000981
00000981
00000982
00000983
00000984
00000985
00000986
00000987
00000988
00000989
0000098A
0000098B
00000981
00000981
0000098C
0000098D
00000981
0000098E
00000981
0000098F
00000990
00000981
00000991
00000992
00000971
00000971
00000971
00000972
00000973
00000974
00000975
00000976
00000977
00000971
00000978
00000979
00000971
0000097A
0000097B
0000097C
0000097D
00000971
0000097E
00000971
00000971
0000097F
00000980
00000981
00000981
00000982
00000983
00000984
00000985
00000986
00000987
00000988
00000989
0000098A
0000098B
00000981
00000981
0000098C
0000098D
00000981
0000098E
00000981
0000098F
00000990
00000981
00000991
00000992
00000971
00000971
00000971
00000972
00000973
00000974
00000975
00000976
00000977
00000971
00000978
00000979
00000971
0000097A
0000097B
0000097C
0000097D
00000971
0000097E
00000971
00000971
0000097F
00000980
00000981
00000981
00000982
00000983
00000984
00000985
00000986
00000987
00000988
00000989
0000098A
0000098B
00000981
00000981
0000098C
0000098D
00000981
0000098E
00000981
0000098F
00000990
00000981
00000991
00000992
00000993
00000993
00000994
00000995
00000996
00000997
00000998
00000999
0000099A
00000993
0000099B
0000099C
00000993
0000099D
0000099E
0000099F
000009A0
00000993
000009A1
00000993
00000993
000009A2
00000993
000009A3
000009A3
000009A4
000009A5
000009A3
000009A6
000009A7
000009A8
000009A9
000009AA
000009AB
000009AC
000009A3
000009A3
000009AD
000009AE
000009A3
000009AF
000009A3
000009B0
000009B1
000009A3
000009B2
000009B3
00000993
00000993
00000994
00000995
00000996
00000997
00000998
00000999
0000099A
00000993
0000099B
0000099C
00000993
0000099D
0000099E
0000099F
000009A0
00000993
000009A1
00000993
00000993
000009A2
00000993
000009A3
000009A3
000009A4
000009A5
000009A3
000009A6
000009A7
000009A8
000009A9
000009AA
000009AB
000009AC
000009A3
000009A3
000009AD
000009AE
000009A3
000009AF
000009A3
000009B0
000009B1
000009A3
000009B2
000009B3
00000993
00000993
00000994
00000995
00000996
00000997
00000998
00000999
0000099A
00000993
0000099B
0000099C
00000993
0000099D
0000099E
0000099F
000009A0
00000993
000009A1
00000993
00000993
000009A2
00000993
000009A3
000009A3
000009A4
000009A5
000009A3
000009A6
000009A7
000009A8
000009A9
000009AA
000009AB
000009AC
000009A3
000009A3
000009AD
000009AE
000009A3
000009AF
000009A3
000009B0
000009B1
000009A3
000009B2
000009B3
00000993
00000993
00000994
00000995
00000996
00000997
00000998
00000999
0000099A
00000993
0000099B
0000099C
00000993
0000099D
0000099E
0000099F
000009A0
00000993
000009A1
00000993
00000993
000009A2
00000993
000009A3
000009A3
000009A4
000009A5
000009A3
000009A6
000009A7
000009A8
000009A9
000009AA
000009AB
000009AC
000009A3
000009A3
000009AD
000009AE
000009A3
000009AF
000009A3
000009B0
000009B1
000009A3
000009B2
000009B3
00000993
00000993
00000994
00000995
00000996
00000997
00000998
00000999
0000099A
00000993
0000099B
0000099C
00000993
0000099D
0000099E
0000099F
000009A0
00000993
000009A1
00000993
00000993
000009A2
00000993
000009A3
000009A3
000009A4
000009A5
000009A3
000009A6
000009A7
000009A8
000009A9
000009AA
000009AB
000009AC
000009A3
000009A3
000009AD
000009AE
000009A3
000009AF
000009A3
000009B0
000009B1
000009A3
000009B2
000009B3
00000993
00000993
00000994
00000995
00000996
00000997
00000998
00000999
0000099A
00000993
0000099B
0000099C
00000993
0000099D
0000099E
0000099F
000009A0
00000993
000009A1
00000993
00000993
000009A2
00000993
000009A3
000009A3
000009A4
000009A5
000009A3
000009A6
000009A7
000009A8
000009A9
000009AA
000009AB
000009AC
000009A3
000009A3
000009AD
000009AE
000009A3
000009AF
000009A3
000009B0
000009B1
000009A3
000009B2
000009B3
00000993
00000993
00000994
00000995
00000996
00000997
00000998
00000999
0000099A
00000993
0000099B
0000099C
00000993
0000099D
0000099E
0000099F
000009A0
00000993
000009A1
00000993
00000993
000009A2
00000993
000009A3
000009A3
000009A4
000009A5
000009A3
000009A6
000009A7
000009A8
000009A9
000009AA
000009AB
000009AC
000009A3
000009A3
000009AD
000009AE
000009A3
000009AF
000009A3
000009B0
000009B1
000009A3
000009B2
000009B3
00000993
00000993
00000994
00000995
00000996
00000997
00000998
00000999
0000099A
00000993
0000099B
0000099C
00000993
0000099D
0000099E
0000099F
000009A0
00000993
000009A1
00000993
00000993
000009A2
00000993
000009A3
000009A3
000009A4
000009A5
000009A3
000009A6
000009A7
000009A8
000009A9
000009AA
000009AB
000009AC
000009A3
000009A3
000009AD
000009AE
000009A3
000009AF
000009A3
000009B0
000009B1
000009A3
000009B2
000009B3
00000993
00000993
00000994
00000995
00000996
00000997
00000998
00000999
0000099A
00000993
0000099B
0000099C
00000993
0000099D
0000099E
0000099F
000009A0
00000993
000009A1
00000993
00000993
000009A2
00000993
000009A3
000009A3
000009A4
000009A5
000009A3
000009A6
000009A7
000009A8
000009A9
000009AA
000009AB
000009AC
000009A3
000009A3
000009AD
000009AE
000009A3
000009AF
000009A3
000009B0
000009B1
000009A3
000009B2
000009B3
00000993
00000993
00000994
00000995
00000996
00000997
00000998
00000999
0000099A
00000993
0000099B
0000099C
00000993
0000099D
0000099E
0000099F
000009A0
00000993
000009A1
00000993
00000993
000009A2
00000993
000009A3
000009A3
000009A4
000009A5
000009A3
000009A6
000009A7
000009A8
000009A9
000009AA
000009AB
000009AC
000009A3
000009A3
000009AD
000009AE
000009A3
000009AF
000009A3
000009B0
000009B1
000009A3
000009B2
000009B3
00000993
00000993
00000994
00000995
00000996
00000997
00000998
00000999
0000099A
00000993
0000099B
0000099C
00000993
0000099D
0000099E
0000099F
000009A0
00000993
000009A1
00000993
00000993
000009A2
00000993
000009A3
000009A3
000009A4
000009A5
000009A3
000009A6
000009A7
000009A8
000009A9
000009AA
000009AB
000009AC
000009A3
000009A3
000009AD
000009AE
000009A3
000009AF
000009A3
000009B0
000009B1
000009A3
000009B2
000009B3
00000993
00000993
00000994
00000995
00000996
00000997
00000998
00000999
0000099A
00000993
0000099B
0000099C
00000993
0000099D
0000099E
0000099F
000009A0
00000993
000009A1
00000993
00000993
000009A2
00000993
000009A3
000009A3
000009A4
000009A5
000009A3
000009A6
000009A7
000009A8
000009A9
000009AA
000009AB
000009AC
000009A3
000009A3
000009AD
000009AE
000009A3
000009AF
000009A3
000009B0
000009B1
000009A3
000009B2
000009B3
00000993
00000993
00000994
00000995
00000996
00000997
00000998
00000999
0000099A
00000993
0000099B
0000099C
00000993
0000099D
0000099E
0000099F
000009A0
00000993
000009A1
00000993
00000993
000009A2
00000993
000009A3
000009A3
000009A4
000009A5
000009A3
000009A6
000009A7
000009A8
000009A9
000009AA
000009AB
000009AC
000009A3
000009A3
000009AD
000009AE
000009A3
000009AF
000009A3
000009B0
000009B1
000009A3
000009B2
000009B3
00000993
00000993
00000994
00000995
00000996
00000997
00000998
00000999
0000099A
00000993
0000099B
0000099C
00000993
0000099D
0000099E
0000099F
000009A0
00000993
000009A1
00000993
00000993
000009A2
00000993
000009A3
000009A3
000009A4
000009A5
000009A3
000009A6
000009A7
000009A8
000009A9
000009AA
000009AB
000009AC
000009A3
000009A3
000009AD
000009AE
000009A3
000009AF
000009A3
000009B0
000009B1
000009A3
000009B2
000009B3
00000993
00000993
00000994
00000995
00000996
00000997
00000998
00000999
0000099A
00000993
0000099B
0000099C
00000993
0000099D
0000099E
0000099F
000009A0
00000993
000009A1
00000993
00000993
000009A2
00000993
000009A3
000009A3
000009A4
000009A5
000009A3
000009A6
000009A7
000009A8
000009A9
000009AA
000009AB
000009AC
000009A3
000009A3
000009AD
000009AE
000009A3
000009AF
000009A3
000009B0
000009B1
000009A3
000009B2
000009B3
00000993
00000993
00000994
00000995
00000996
00000997
00000998
00000999
0000099A
00000993
0000099B
0000099C
00000993
0000099D
0000099E
0000099F
000009A0
00000993
000009A1
00000993
00000993
000009A2
00000993
000009A3
000009A3
000009A4
000009A5
000009A3
000009A6
000009A7
000009A8
000009A9
000009AA
000009AB
000009AC
000009A3
000009A3
000009AD
000009AE
000009A3
000009AF
000009A3
000009B0
000009B1
000009A3
000009B2
000009B3
00000993
00000993
00000994
00000995
00000996
00000997
00000998
00000999
0000099A
00000993
0000099B
0000099C
00000993
0000099D
0000099E
0000099F
000009A0
00000993
000009A1
00000993
00000993
000009A2
00000993
000009A3
000009A3
000009A4
000009A5
000009A3
000009A6
000009A7
000009A8
000009A9
000009AA
000009AB
000009AC
000009A3
000009A3
000009AD
000009AE
000009A3
000009AF
000009A3
000009B0
000009B1
000009A3
000009B2
000009B3
00000993
00000993
00000994
00000995
00000996
00000997
00000998
00000999
0000099A
00000993
0000099B
0000099C
00000993
0000099D
0000099E
0000099F
000009A0
00000993
000009A1
00000993
00000993
000009A2
00000993
000009A3
000009A3
000009A4
000009A5
000009A3
000009A6
000009A7
000009A8
000009A9
000009AA
000009AB
000009AC
000009A3
000009A3
000009AD
000009AE
000009A3
000009AF
000009A3
000009B0
000009B1
000009A3
000009B2
000009B3
00000993
00000993
00000994
00000995
00000996
00000997
00000998
00000999
0000099A
00000993
0000099B
0000099C
00000993
0000099D
0000099E
0000099F
000009A0
00000993
000009A1
00000993
00000993
000009A2
00000993
000009A3
000009A3
000009A4
000009A5
000009A3
000009A6
000009A7
000009A8
000009A9
000009AA
000009AB
000009AC
000009A3
000009A3
000009AD
000009AE
000009A3
000009AF
000009A3
000009B0
000009B1
000009A3
000009B2
000009B3
00000993
00000993
00000994
00000995
00000996
00000997
00000998
00000999
0000099A
00000993
0000099B
0000099C
00000993
0000099D
0000099E
0000099F
000009A0
00000993
000009A1
00000993
00000993
000009A2
00000993
000009A3
000009A3
000009A4
000009A5
000009A3
000009A6
000009A7
000009A8
000009A9
000009AA
000009AB
000009AC
000009A3
000009A3
000009AD
000009AE
000009A3
000009AF
000009A3
000009B0
000009B1
000009A3
000009B2
000009B3
00000993
00000993
00000994
00000995
00000996
00000997
00000998
00000999
0000099A
00000993
0000099B
0000099C
00000993
0000099D
0000099E
0000099F
000009A0
00000993
000009A1
00000993
00000993
000009A2
00000993
000009A3
000009A3
000009A4
000009A5
000009A3
000009A6
000009A7
000009A8
000009A9
000009AA
000009AB
000009AC
000009A3
000009A3
000009AD
000009AE
000009A3
000009AF
000009A3
000009B0
000009B1
000009A3
000009B2
000009B3
00000993
00000993
00000994
00000995
00000996
00000997
00000998
00000999
0000099A
00000993
0000099B
0000099C
00000993
0000099D
0000099E
0000099F
000009A0
00000993
000009A1
00000993
00000993
000009A2
00000993
000009A3
000009A3
000009A4
000009A5
000009A3
000009A6
000009A7
000009A8
000009A9
000009AA
000009AB
000009AC
000009A3
000009A3
000009AD
000009AE
000009A3
000009AF
000009A3
000009B0
000009B1
000009A3
000009B2
000009B3
00000993
00000993
00000994
00000995
00000996
00000997
00000998
00000999
0000099A
00000993
0000099B
0000099C
00000993
0000099D
0000099E
0000099F
000009A0
00000993
000009A1
00000993
00000993
000009A2
00000993
000009A3
000009A3
000009A4
000009A5
000009A3
000009A6
000009A7
000009A8
000009A9
000009AA
000009AB
000009AC
000009A3
000009A3
000009AD
000009AE
000009A3
000009AF
000009A3
000009B0
000009B1
000009A3
000009B2
000009B3
000009B4
000009B4
000009B4
000009B5
000009B6
000009B7
000009B8
000009B9
000009BA
000009B4
000009BB
000009BC
000009B4
000009BD
000009BE
000009BF
000009C0
000009B4
000009C1
000009B4
000009B4
000009C2
000009B4
000009C3
000009C3
000009C4
000009C5
000009C6
000009C7
000009C8
000009C9
000009CA
000009CB
000009CC
000009CD
000009C3
000009CE
000009CF
000009D0
000009C3
000009D1
000009C3
000009D2
000009D3
000009C3
000009D4
000009D5
000009B4
000009B4
000009B4
000009B5
000009B6
000009B7
000009B8
000009B9
000009BA
000009B4
000009BB
000009BC
000009B4
000009BD
000009BE
000009BF
000009C0
000009B4
000009C1
000009B4
000009B4
000009C2
000009B4
000009C3
000009C3
000009C4
000009C5
000009C6
000009C7
000009C8
000009C9
000009CA
000009CB
000009CC
000009CD
000009C3
000009CE
000009CF
000009D0
000009C3
000009D1
000009C3
000009D2
000009D3
000009C3
000009D4
000009D5
000009B4
000009B4
000009B4
000009B5
000009B6
000009B7
000009B8
000009B9
000009BA
000009B4
000009BB
000009BC
000009B4
000009BD
000009BE
000009BF
000009C0
000009B4
000009C1
000009B4
000009B4
000009C2
000009B4
000009C3
000009C3
000009C4
000009C5
000009C6
000009C7
000009C8
000009C9
000009CA
000009CB
000009CC
000009CD
000009C3
000009CE
000009CF
000009D0
000009C3
000009D1
000009C3
000009D2
000009D3
000009C3
000009D4
000009D5
000009B4
000009B4
000009B4
000009B5
000009B6
000009B7
000009B8
000009B9
000009BA
000009B4
000009BB
000009BC
000009B4
000009BD
000009BE
000009BF
000009C0
000009B4
000009C1
000009B4
000009B4
000009C2
000009B4
000009C3
000009C3
000009C4
000009C5
000009C6
000009C7
000009C8
000009C9
000009CA
000009CB
000009CC
000009CD
000009C3
000009CE
000009CF
000009D0
000009C3
000009D1
000009C3
000009D2
000009D3
000009C3
000009D4
000009D5
000009B4
000009B4
000009B4
000009B5
000009B6
000009B7
000009B8
000009B9
000009BA
000009B4
000009BB
000009BC
000009B4
000009BD
000009BE
000009BF
000009C0
000009B4
000009C1
000009B4
000009B4
000009C2
000009B4
000009C3
000009C3
000009C4
000009C5
000009C6
000009C7
000009C8
000009C9
000009CA
000009CB
000009CC
000009CD
000009C3
000009CE
000009CF
000009D0
000009C3
000009D1
000009C3
000009D2
000009D3
000009C3
000009D4
000009D5
000009B4
000009B4
000009B4
000009B5
000009B6
000009B7
000009B8
000009B9
000009BA
000009B4
000009BB
000009BC
000009B4
000009BD
000009BE
000009BF
000009C0
000009B4
000009C1
000009B4
000009B4
000009C2
000009B4
000009C3
000009C3
000009C4
000009C5
000009C6
000009C7
000009C8
000009C9
000009CA
000009CB
000009CC
000009CD
000009C3
000009CE
000009CF
000009D0
000009C3
000009D1
000009C3
000009D2
000009D3
000009C3
000009D4
000009D5
000009B4
000009B4
000009B4
000009B5
000009B6
000009B7
000009B8
000009B9
000009BA
000009B4
000009BB
000009BC
000009B4
000009BD
000009BE
000009BF
000009C0
000009B4
000009C1
000009B4
000009B4
000009C2
000009B4
000009C3
000009C3
000009C4
000009C5
000009C6
000009C7
000009C8
000009C9
000009CA
000009CB
000009CC
000009CD
000009C3
000009CE
000009CF
000009D0
000009C3
000009D1
000009C3
000009D2
000009D3
000009C3
000009D4
000009D5
000009B4
000009B4
000009B4
000009B5
000009B6
000009B7
000009B8
000009B9
000009BA
000009B4
000009BB
000009BC
000009B4
000009BD
000009BE
000009BF
000009C0
000009B4
000009C1
000009B4
000009B4
000009C2
000009B4
000009C3
000009C3
000009C4
000009C5
000009C6
000009C7
000009C8
000009C9
000009CA
000009CB
000009CC
000009CD
000009C3
000009CE
000009CF
000009D0
000009C3
000009D1
000009C3
000009D2
000009D3
000009C3
000009D4
000009D5
000009B4
000009B4
000009B4
000009B5
000009B6
000009B7
000009B8
000009B9
000009BA
000009B4
000009BB
000009BC
000009B4
000009BD
000009BE
000009BF
000009C0
000009B4
000009C1
000009B4
000009B4
000009C2
000009B4
000009C3
000009C3
000009C4
000009C5
000009C6
000009C7
000009C8
000009C9
000009CA
000009CB
000009CC
000009CD
000009C3
000009CE
000009CF
000009D0
000009C3
000009D1
000009C3
000009D2
000009D3
000009C3
000009D4
000009D5
000009B4
000009B4
000009B4
000009B5
000009B6
000009B7
000009B8
000009B9
000009BA
000009B4
000009BB
000009BC
000009B4
000009BD
000009BE
000009BF
000009C0
000009B4
000009C1
000009B4
000009B4
000009C2
000009B4
000009C3
000009C3
000009C4
000009C5
000009C6
000009C7
000009C8
000009C9
000009CA
000009CB
000009CC
000009CD
000009C3
000009CE
000009CF
000009D0
000009C3
000009D1
000009C3
000009D2
000009D3
000009C3
000009D4
000009D5
000009B4
000009B4
000009B4
000009B5
000009B6
000009B7
000009B8
000009B9
000009BA
000009B4
000009BB
000009BC
000009B4
000009BD
000009BE
000009BF
000009C0
000009B4
000009C1
000009B4
000009B4
000009C2
000009B4
000009C3
000009C3
000009C4
000009C5
000009C6
000009C7
000009C8
000009C9
000009CA
000009CB
000009CC
000009CD
000009C3
000009CE
000009CF
000009D0
000009C3
000009D1
000009C3
000009D2
000009D3
000009C3
000009D4
000009D5
000009B4
000009B4
000009B4
000009B5
000009B6
000009B7
000009B8
000009B9
000009BA
000009B4
000009BB
000009BC
000009B4
000009BD
000009BE
000009BF
000009C0
000009B4
000009C1
000009B4
000009B4
000009C2
000009B4
000009C3
000009C3
000009C4
000009C5
000009C6
000009C7
000009C8
000009C9
000009CA
000009CB
000009CC
000009CD
000009C3
000009CE
000009CF
000009D0
000009C3
000009D1
000009C3
000009D2
000009D3
000009C3
000009D4
000009D5
000009B4
000009B4
000009B4
000009B5
000009B6
000009B7
000009B8
000009B9
000009BA
000009B4
000009BB
000009BC
000009B4
000009BD
000009BE
000009BF
000009C0
000009B4
000009C1
000009B4
000009B4
000009C2
000009B4
000009C3
000009C3
000009C4
000009C5
000009C6
000009C7
000009C8
000009C9
000009CA
000009CB
000009CC
000009CD
000009C3
000009CE
000009CF
000009D0
000009C3
000009D1
000009C3
000009D2
000009D3
000009C3
000009D4
000009D5
000009B4
000009B4
000009B4
000009B5
000009B6
000009B7
000009B8
000009B9
000009BA
000009B4
000009BB
000009BC
000009B4
000009BD
000009BE
000009BF
000009C0
000009B4
000009C1
000009B4
000009B4
000009C2
000009B4
000009C3
000009C3
000009C4
000009C5
000009C6
000009C7
000009C8
000009C9
000009CA
000009CB
000009CC
000009CD
000009C3
000009CE
000009CF
000009D0
000009C3
000009D1
000009C3
000009D2
000009D3
000009C3
000009D4
000009D5
000009B4
000009B4
000009B4
000009B5
000009B6
000009B7
000009B8
000009B9
000009BA
000009B4
000009BB
000009BC
000009B4
000009BD
000009BE
000009BF
000009C0
000009B4
000009C1
000009B4
000009B4
000009C2
000009B4
000009C3
000009C3
000009C4
000009C5
000009C6
000009C7
000009C8
000009C9
000009CA
000009CB
000009CC
000009CD
000009C3
000009CE
000009CF
000009D0
000009C3
000009D1
000009C3
000009D2
000009D3
000009C3
000009D4
000009D5
000009B4
000009B4
000009B4
000009B5
000009B6
000009B7
000009B8
000009B9
000009BA
000009B4
000009BB
000009BC
000009B4
000009BD
000009BE
000009BF
000009C0
000009B4
000009C1
000009B4
000009B4
000009C2
000009B4
000009C3
000009C3
000009C4
000009C5
000009C6
000009C7
000009C8
000009C9
000009CA
000009CB
000009CC
000009CD
000009C3
000009CE
000009CF
000009D0
000009C3
000009D1
000009C3
000009D2
000009D3
000009C3
000009D4
000009D5
000009B4
000009B4
000009B4
000009B5
000009B6
000009B7
000009B8
000009B9
000009BA
000009B4
000009BB
000009BC
000009B4
000009BD
000009BE
000009BF
000009C0
000009B4
000009C1
000009B4
000009B4
000009C2
000009B4
000009C3
000009C3
000009C4
000009C5
000009C6
000009C7
000009C8
000009C9
000009CA
000009CB
000009CC
000009CD
000009C3
000009CE
000009CF
000009D0
000009C3
000009D1
000009C3
000009D2
000009D3
000009C3
000009D4
000009D5
000009B4
000009B4
000009B4
000009B5
000009B6
000009B7
000009B8
000009B9
000009BA
000009B4
000009BB
000009BC
000009B4
000009BD
000009BE
000009BF
000009C0
000009B4
000009C1
000009B4
000009B4
000009C2
000009B4
000009C3
000009C3
000009C4
000009C5
000009C6
000009C7
000009C8
000009C9
000009CA
000009CB
000009CC
000009CD
000009C3
000009CE
000009CF
000009D0
000009C3
000009D1
000009C3
000009D2
000009D3
000009C3
000009D4
000009D5
000009B4
000009B4
000009B4
000009B5
000009B6
000009B7
000009B8
000009B9
000009BA
000009B4
000009BB
000009BC
000009B4
000009BD
000009BE
000009BF
000009C0
000009B4
000009C1
000009B4
000009B4
000009C2
000009B4
000009C3
000009C3
000009C4
000009C5
000009C6
000009C7
000009C8
000009C9
000009CA
000009CB
000009CC
000009CD
000009C3
000009CE
000009CF
000009D0
000009C3
000009D1
000009C3
000009D2
000009D3
000009C3
000009D4
000009D5
000009B4
000009B4
000009B4
000009B5
000009B6
000009B7
000009B8
000009B9
000009BA
000009B4
000009BB
000009BC
000009B4
000009BD
000009BE
000009BF
000009C0
000009B4
000009C1
000009B4
000009B4
000009C2
000009B4
000009C3
000009C3
000009C4
000009C5
000009C6
000009C7
000009C8
000009C9
000009CA
000009CB
000009CC
000009CD
000009C3
000009CE
000009CF
000009D0
000009C3
000009D1
000009C3
000009D2
000009D3
000009C3
000009D4
000009D5
000009B4
000009B4
000009B4
000009B5
000009B6
000009B7
000009B8
000009B9
000009BA
000009B4
000009BB
000009BC
000009B4
000009BD
000009BE
000009BF
000009C0
000009B4
000009C1
000009B4
000009B4
000009C2
000009B4
000009C3
000009C3
000009C4
000009C5
000009C6
000009C7
000009C8
000009C9
000009CA
000009CB
000009CC
000009CD
000009C3
000009CE
000009CF
000009D0
000009C3
000009D1
000009C3
000009D2
000009D3
000009C3
000009D4
000009D5
000009B4
000009B4
000009B4
000009B5
000009B6
000009B7
000009B8
000009B9
000009BA
000009B4
000009BB
000009BC
000009B4
000009BD
000009BE
000009BF
000009C0
000009B4
000009C1
000009B4
000009B4
000009C2
000009B4
000009C3
000009C3
000009C4
000009C5
000009C6
000009C7
000009C8
000009C9
000009CA
000009CB
000009CC
000009CD
000009C3
000009CE
000009CF
000009D0
000009C3
000009D1
000009C3
000009D2
000009D3
000009C3
000009D4
000009D5
000009B4
000009B4
000009B4
000009B5
000009B6
000009B7
000009B8
000009B9
000009BA
000009B4
000009BB
000009BC
000009B4
000009BD
000009BE
000009BF
000009C0
000009B4
000009C1
000009B4
000009B4
000009C2
000009B4
000009C3
000009C3
000009C4
000009C5
000009C6
000009C7
000009C8
000009C9
000009CA
000009CB
000009CC
000009CD
000009C3
000009CE
000009CF
000009D0
000009C3
000009D1
000009C3
000009D2
000009D3
000009C3
000009D4
000009D5
000009D6
000009D6
000009D6
000009D7
000009D8
000009D9
000009DA
000009DB
000009DC
000009D6
000009DD
000009DE
000009D6
000009DF
000009E0
000009E1
000009E2
000009D6
000009E3
000009D6
000009E4
000009E5
000009D6
000009E6
000009E6
000009E7
000009E8
000009E6
000009E9
000009EA
000009EB
000009EC
000009ED
000009EE
000009EF
000009E6
000009E6
000009F0
000009F1
000009E6
000009F2
000009E6
000009F3
000009F4
000009E6
000009F5
000009F6
000009D6
000009D6
000009D6
000009D7
000009D8
000009D9
000009DA
000009DB
000009DC
000009D6
000009DD
000009DE
000009D6
000009DF
000009E0
000009E1
000009E2
000009D6
000009E3
000009D6
000009E4
000009E5
000009D6
000009E6
000009E6
000009E7
000009E8
000009E6
000009E9
000009EA
000009EB
000009EC
000009ED
000009EE
000009EF
000009E6
000009E6
000009F0
000009F1
000009E6
000009F2
000009E6
000009F3
000009F4
000009E6
000009F5
000009F6
000009D6
000009D6
000009D6
000009D7
000009D8
000009D9
000009DA
000009DB
000009DC
000009D6
000009DD
000009DE
000009D6
000009DF
000009E0
000009E1
000009E2
000009D6
000009E3
000009D6
000009E4
000009E5
000009D6
000009E6
000009E6
000009E7
000009E8
000009E6
000009E9
000009EA
000009EB
000009EC
000009ED
000009EE
000009EF
000009E6
000009E6
000009F0
000009F1
000009E6
000009F2
000009E6
000009F3
000009F4
000009E6
000009F5
000009F6
000009D6
000009D6
000009D6
000009D7
000009D8
000009D9
000009DA
000009DB
000009DC
000009D6
000009DD
000009DE
000009D6
000009DF
000009E0
000009E1
000009E2
000009D6
000009E3
000009D6
000009E4
000009E5
000009D6
000009E6
000009E6
000009E7
000009E8
000009E6
000009E9
000009EA
000009EB
000009EC
000009ED
000009EE
000009EF
000009E6
000009E6
000009F0
000009F1
000009E6
000009F2
000009E6
000009F3
000009F4
000009E6
000009F5
000009F6
000009D6
000009D6
000009D6
000009D7
000009D8
000009D9
000009DA
000009DB
000009DC
000009D6
000009DD
000009DE
000009D6
000009DF
000009E0
000009E1
000009E2
000009D6
000009E3
000009D6
000009E4
000009E5
000009D6
000009E6
000009E6
000009E7
000009E8
000009E6
000009E9
000009EA
000009EB
000009EC
000009ED
000009EE
000009EF
000009E6
000009E6
000009F0
000009F1
000009E6
000009F2
000009E6
000009F3
000009F4
000009E6
000009F5
000009F6
000009D6
000009D6
000009D6
000009D7
000009D8
000009D9
000009DA
000009DB
000009DC
000009D6
000009DD
000009DE
000009D6
000009DF
000009E0
000009E1
000009E2
000009D6
000009E3
000009D6
000009E4
000009E5
000009D6
000009E6
000009E6
000009E7
000009E8
000009E6
000009E9
000009EA
000009EB
000009EC
000009ED
000009EE
000009EF
000009E6
000009E6
000009F0
000009F1
000009E6
000009F2
000009E6
000009F3
000009F4
000009E6
000009F5
000009F6
000009D6
000009D6
000009D6
000009D7
000009D8
000009D9
000009DA
000009DB
000009DC
000009D6
000009DD
000009DE
000009D6
000009DF
000009E0
000009E1
000009E2
000009D6
000009E3
000009D6
000009E4
000009E5
000009D6
000009E6
000009E6
000009E7
000009E8
000009E6
000009E9
000009EA
000009EB
000009EC
000009ED
000009EE
000009EF
000009E6
000009E6
000009F0
000009F1
000009E6
000009F2
000009E6
000009F3
000009F4
000009E6
000009F5
000009F6
000009D6
000009D6
000009D6
000009D7
000009D8
000009D9
000009DA
000009DB
000009DC
000009D6
000009DD
000009DE
000009D6
000009DF
000009E0
000009E1
000009E2
000009D6
000009E3
000009D6
000009E4
000009E5
000009D6
000009E6
000009E6
000009E7
000009E8
000009E6
000009E9
000009EA
000009EB
000009EC
000009ED
000009EE
000009EF
000009E6
000009E6
000009F0
000009F1
000009E6
000009F2
000009E6
000009F3
000009F4
000009E6
000009F5
000009F6
000009D6
000009D6
000009D6
000009D7
000009D8
000009D9
000009DA
000009DB
000009DC
000009D6
000009DD
000009DE
000009D6
000009DF
000009E0
000009E1
000009E2
000009D6
000009E3
000009D6
000009E4
000009E5
000009D6
000009E6
000009E6
000009E7
000009E8
000009E6
000009E9
000009EA
000009EB
000009EC
000009ED
000009EE
000009EF
000009E6
000009E6
000009F0
000009F1
000009E6
000009F2
000009E6
000009F3
000009F4
000009E6
000009F5
000009F6
000009D6
000009D6
000009D6
000009D7
000009D8
000009D9
000009DA
000009DB
000009DC
000009D6
000009DD
000009DE
000009D6
000009DF
000009E0
000009E1
000009E2
000009D6
000009E3
000009D6
000009E4
000009E5
000009D6
000009E6
000009E6
000009E7
000009E8
000009E6
000009E9
000009EA
000009EB
000009EC
000009ED
000009EE
000009EF
000009E6
000009E6
000009F0
000009F1
000009E6
000009F2
000009E6
000009F3
000009F4
000009E6
000009F5
000009F6
000009D6
000009D6
000009D6
000009D7
000009D8
000009D9
000009DA
000009DB
000009DC
000009D6
000009DD
000009DE
000009D6
000009DF
000009E0
000009E1
000009E2
000009D6
000009E3
000009D6
000009E4
000009E5
000009D6
000009E6
000009E6
000009E7
000009E8
000009E6
000009E9
000009EA
000009EB
000009EC
000009ED
000009EE
000009EF
000009E6
000009E6
000009F0
000009F1
000009E6
000009F2
000009E6
000009F3
000009F4
000009E6
000009F5
000009F6
000009D6
000009D6
000009D6
000009D7
000009D8
000009D9
000009DA
000009DB
000009DC
000009D6
000009DD
000009DE
000009D6
000009DF
000009E0
000009E1
000009E2
000009D6
000009E3
000009D6
000009E4
000009E5
000009D6
000009E6
000009E6
000009E7
000009E8
000009E6
000009E9
000009EA
000009EB
000009EC
000009ED
000009EE
000009EF
000009E6
000009E6
000009F0
000009F1
000009E6
000009F2
000009E6
000009F3
000009F4
000009E6
000009F5
000009F6
000009D6
000009D6
000009D6
000009D7
000009D8
000009D9
000009DA
000009DB
000009DC
000009D6
000009DD
000009DE
000009D6
000009DF
000009E0
000009E1
000009E2
000009D6
000009E3
000009D6
000009E4
000009E5
000009D6
000009E6
000009E6
000009E7
000009E8
000009E6
000009E9
000009EA
000009EB
000009EC
000009ED
000009EE
000009EF
000009E6
000009E6
000009F0
000009F1
000009E6
000009F2
000009E6
000009F3
000009F4
000009E6
000009F5
000009F6
000009D6
000009D6
000009D6
000009D7
000009D8
000009D9
000009DA
000009DB
000009DC
000009D6
000009DD
000009DE
000009D6
000009DF
000009E0
000009E1
000009E2
000009D6
000009E3
000009D6
000009E4
000009E5
000009D6
000009E6
000009E6
000009E7
000009E8
000009E6
000009E9
000009EA
000009EB
000009EC
000009ED
000009EE
000009EF
000009E6
000009E6
000009F0
000009F1
000009E6
000009F2
000009E6
000009F3
000009F4
000009E6
000009F5
000009F6
000009D6
000009D6
000009D6
000009D7
000009D8
000009D9
000009DA
000009DB
000009DC
000009D6
000009DD
000009DE
000009D6
000009DF
000009E0
000009E1
000009E2
000009D6
000009E3
000009D6
000009E4
000009E5
000009D6
000009E6
000009E6
000009E7
000009E8
000009E6
000009E9
000009EA
000009EB
000009EC
000009ED
000009EE
000009EF
000009E6
000009E6
000009F0
000009F1
000009E6
000009F2
000009E6
000009F3
000009F4
000009E6
000009F5
000009F6
000009D6
000009D6
000009D6
000009D7
000009D8
000009D9
000009DA
000009DB
000009DC
000009D6
000009DD
000009DE
000009D6
000009DF
000009E0
000009E1
000009E2
000009D6
000009E3
000009D6
000009E4
000009E5
000009D6
000009E6
000009E6
000009E7
000009E8
000009E6
000009E9
000009EA
000009EB
000009EC
000009ED
000009EE
000009EF
000009E6
000009E6
000009F0
000009F1
000009E6
000009F2
000009E6
000009F3
000009F4
000009E6
000009F5
000009F6
000009D6
000009D6
000009D6
000009D7
000009D8
000009D9
000009DA
000009DB
000009DC
000009D6
000009DD
000009DE
000009D6
000009DF
000009E0
000009E1
000009E2
000009D6
000009E3
000009D6
000009E4
000009E5
000009D6
000009E6
000009E6
000009E7
000009E8
000009E6
000009E9
000009EA
000009EB
000009EC
000009ED
000009EE
000009EF
000009E6
000009E6
000009F0
000009F1
000009E6
000009F2
000009E6
000009F3
000009F4
000009E6
000009F5
000009F6
000009D6
000009D6
000009D6
000009D7
000009D8
000009D9
000009DA
000009DB
000009DC
000009D6
000009DD
000009DE
000009D6
000009DF
000009E0
000009E1
000009E2
000009D6
000009E3
000009D6
000009E4
000009E5
000009D6
000009E6
000009E6
000009E7
000009E8
000009E6
000009E9
000009EA
000009EB
000009EC
000009ED
000009EE
000009EF
000009E6
000009E6
000009F0
000009F1
000009E6
000009F2
000009E6
000009F3
000009F4
000009E6
000009F5
000009F6
000009D6
000009D6
000009D6
000009D7
000009D8
000009D9
000009DA
000009DB
000009DC
000009D6
000009DD
000009DE
000009D6
000009DF
000009E0
000009E1
000009E2
000009D6
000009E3
000009D6
000009E4
000009E5
000009D6
000009E6
000009E6
000009E7
000009E8
000009E6
000009E9
000009EA
000009EB
000009EC
000009ED
000009EE
000009EF
000009E6
000009E6
000009F0
000009F1
000009E6
000009F2
000009E6
000009F3
000009F4
000009E6
000009F5
000009F6
000009D6
000009D6
000009D6
000009D7
000009D8
000009D9
000009DA
000009DB
000009DC
000009D6
000009DD
000009DE
000009D6
000009DF
000009E0
000009E1
000009E2
000009D6
000009E3
000009D6
000009E4
000009E5
000009D6
000009E6
000009E6
000009E7
000009E8
000009E6
000009E9
000009EA
000009EB
000009EC
000009ED
000009EE
000009EF
000009E6
000009E6
000009F0
000009F1
000009E6
000009F2
000009E6
000009F3
000009F4
000009E6
000009F5
000009F6
000009D6
000009D6
000009D6
000009D7
000009D8
000009D9
000009DA
000009DB
000009DC
000009D6
000009DD
000009DE
000009D6
000009DF
000009E0
000009E1
000009E2
000009D6
000009E3
000009D6
000009E4
000009E5
000009D6
000009E6
000009E6
000009E7
000009E8
000009E6
000009E9
000009EA
000009EB
000009EC
000009ED
000009EE
000009EF
000009E6
000009E6
000009F0
000009F1
000009E6
000009F2
000009E6
000009F3
000009F4
000009E6
000009F5
000009F6
000009D6
000009D6
000009D6
000009D7
000009D8
000009D9
000009DA
000009DB
000009DC
000009D6
000009DD
000009DE
000009D6
000009DF
000009E0
000009E1
000009E2
000009D6
000009E3
000009D6
000009E4
000009E5
000009D6
000009E6
000009E6
000009E7
000009E8
000009E6
000009E9
000009EA
000009EB
000009EC
000009ED
000009EE
000009EF
000009E6
000009E6
000009F0
000009F1
000009E6
000009F2
000009E6
000009F3
000009F4
000009E6
000009F5
000009F6
000009D6
000009D6
000009D6
000009D7
000009D8
000009D9
000009DA
000009DB
000009DC
000009D6
000009DD
000009DE
000009D6
000009DF
000009E0
000009E1
000009E2
000009D6
000009E3
000009D6
000009E4
000009E5
000009D6
000009E6
000009E6
000009E7
000009E8
000009E6
000009E9
000009EA
000009EB
000009EC
000009ED
000009EE
000009EF
000009E6
000009E6
000009F0
000009F1
000009E6
000009F2
000009E6
000009F3
000009F4
000009E6
000009F5
000009F6
000009F7
000009F8
000009F8
000009F9
000009FA
000009FB
000009FC
000009FD
000009FE
000009F7
000009FF
00000A00
000009F7
00000A01
00000A02
00000A03
00000A04
000009F7
00000A05
000009F7
000009F7
00000A06
000009F7
00000A07
00000A07
00000A08
00000A09
00000A07
00000A0A
00000A0B
00000A0C
00000A0D
00000A0E
00000A0F
00000A10
00000A07
00000A07
00000A11
00000A12
00000A07
00000A13
00000A07
00000A14
00000A15
00000A07
00000A16
00000A17
00000A18
00000A18
00000A18
00000A19
00000A1A
00000A1B
00000A1C
00000A1D
00000A1E
00000A18
00000A1F
00000A20
00000A18
00000A21
00000A22
00000A23
00000A24
00000A18
00000A25
00000A18
00000A18
00000A26
00000A18
00000A18
00000A18
00000A27
00000A28
00000A18
00000A29
00000A2A
00000A2B
00000A2C
00000A2D
00000A2E
00000A2F
00000A18
00000A18
00000A30
00000A31
00000A18
00000A32
00000A18
00000A33
00000A34
00000A18
00000A35
00000A36
00000A37
00000A37
00000A37
00000A38
00000A39
00000A3A
00000A3B
00000A3C
00000A3D
00000A37
00000A3E
00000A3F
00000A37
00000A40
00000A41
00000A42
00000A43
00000A44
00000A45
00000A37
00000A37
00000A46
00000A37
00000A47
00000A47
00000A48
00000A49
00000A47
00000A4A
00000A4B
00000A4C
00000A4D
00000A4E
00000A4F
00000A50
00000A47
00000A47
00000A51
00000A52
00000A47
00000A53
00000A47
00000A54
00000A55
00000A47
00000A56
00000A57
00000A58
00000A58
00000A58
00000A59
00000A5A
00000A5B
00000A5C
00000A5D
00000A5E
00000A58
00000A5F
00000A60
00000A58
00000A61
00000A62
00000A63
00000A64
00000A58
00000A65
00000A58
00000A58
00000A66
00000A58
00000A58
00000A58
00000A67
00000A68
00000A58
00000A69
00000A6A
00000A6B
00000A6C
00000A6D
00000A6E
00000A6F
00000A58
00000A58
00000A70
00000A71
00000A58
00000A72
00000A58
00000A73
00000A74
00000A58
00000A75
00000A76
00000A77
00000A77
00000A78
00000A79
00000A7A
00000A7B
00000A7C
00000A7D
00000A7E
00000A77
00000A7F
00000A80
00000A77
00000A81
00000A82
00000A83
00000A84
00000A77
00000A85
00000A77
00000A77
00000A86
00000A77
00000A87
00000A87
00000A88
00000A89
00000A87
00000A8A
00000A8B
00000A8C
00000A8D
00000A8E
00000A8F
00000A90
00000A87
00000A87
00000A91
00000A92
00000A87
00000A93
00000A87
00000A94
00000A95
00000A87
00000A96
00000A97
00000A98
00000A98
00000A98
00000A99
00000A9A
00000A9B
00000A9C
00000A9D
00000A9E
00000A98
00000A9F
00000AA0
00000A98
00000AA1
00000AA2
00000AA3
00000AA4
00000A98
00000AA5
00000A98
00000A98
00000AA6
00000A98
00000AA7
00000AA7
00000AA8
00000AA9
00000AA7
00000AAA
00000AAB
00000AAC
00000AAD
00000AAE
00000AAF
00000AB0
00000AA7
00000AA7
00000AB1
00000AB2
00000AA7
00000AB3
00000AA7
00000AB4
00000AB5
00000AA7
00000AB6
00000AB7
00000AB8
00000AB8
00000AB8
00000AB9
00000ABA
00000ABB
00000ABC
00000ABD
00000ABE
00000AB8
00000ABF
00000AC0
00000AB8
00000AC1
00000AC2
00000AC3
00000AC4
00000AB8
00000AC5
00000AB8
00000AB8
00000AC6
00000AB8
00000AC7
00000AC7
00000AC8
00000AC9
00000AC7
00000ACA
00000ACB
00000ACC
00000ACD
00000ACE
00000ACF
00000AD0
00000AC7
00000AC7
00000AD1
00000AD2
00000AC7
00000AD3
00000AC7
00000AD4
00000AD5
00000AC7
00000AD6
00000AD7
00000AD8
00000AD9
00000AD9
00000ADA
00000ADB
00000ADC
00000ADD
00000ADE
00000ADF
00000AD8
00000AE0
00000AE1
00000AD8
00000AE2
00000AE3
00000AE4
00000AE5
00000AD8
00000AE6
00000AD8
00000AD8
00000AE7
00000AD8
00000AE8
00000AE8
00000AE9
00000AEA
00000AE8
00000AEB
00000AEC
00000AED
00000AEE
00000AEF
00000AF0
00000AF1
00000AE8
00000AE8
00000AF2
00000AF3
00000AE8
00000AF4
00000AE8
00000AF5
00000AF6
00000AE8
00000AF7
00000AF8
00000AD8
00000AD9
00000AD9
00000ADA
00000ADB
00000ADC
00000ADD
00000ADE
00000ADF
00000AD8
00000AE0
00000AE1
00000AD8
00000AE2
00000AE3
00000AE4
00000AE5
00000AD8
00000AE6
00000AD8
00000AD8
00000AE7
00000AD8
00000AE8
00000AE8
00000AE9
00000AEA
00000AE8
00000AEB
00000AEC
00000AED
00000AEE
00000AEF
00000AF0
00000AF1
00000AE8
00000AE8
00000AF2
00000AF3
00000AE8
00000AF4
00000AE8
00000AF5
00000AF6
00000AE8
00000AF7
00000AF8
00000AD8
00000AD9
00000AD9
00000ADA
00000ADB
00000ADC
00000ADD
00000ADE
00000ADF
00000AD8
00000AE0
00000AE1
00000AD8
00000AE2
00000AE3
00000AE4
00000AE5
00000AD8
00000AE6
00000AD8
00000AD8
00000AE7
00000AD8
00000AE8
00000AE8
00000AE9
00000AEA
00000AE8
00000AEB
00000AEC
00000AED
00000AEE
00000AEF
00000AF0
00000AF1
00000AE8
00000AE8
00000AF2
00000AF3
00000AE8
00000AF4
00000AE8
00000AF5
00000AF6
00000AE8
00000AF7
00000AF8
00000AD8
00000AD9
00000AD9
00000ADA
00000ADB
00000ADC
00000ADD
00000ADE
00000ADF
00000AD8
00000AE0
00000AE1
00000AD8
00000AE2
00000AE3
00000AE4
00000AE5
00000AD8
00000AE6
00000AD8
00000AD8
00000AE7
00000AD8
00000AE8
00000AE8
00000AE9
00000AEA
00000AE8
00000AEB
00000AEC
00000AED
00000AEE
00000AEF
00000AF0
00000AF1
00000AE8
00000AE8
00000AF2
00000AF3
00000AE8
00000AF4
00000AE8
00000AF5
00000AF6
00000AE8
00000AF7
00000AF8
00000AD8
00000AD9
00000AD9
00000ADA
00000ADB
00000ADC
00000ADD
00000ADE
00000ADF
00000AD8
00000AE0
00000AE1
00000AD8
00000AE2
00000AE3
00000AE4
00000AE5
00000AD8
00000AE6
00000AD8
00000AD8
00000AE7
00000AD8
00000AE8
00000AE8
00000AE9
00000AEA
00000AE8
00000AEB
00000AEC
00000AED
00000AEE
00000AEF
00000AF0
00000AF1
00000AE8
00000AE8
00000AF2
00000AF3
00000AE8
00000AF4
00000AE8
00000AF5
00000AF6
00000AE8
00000AF7
00000AF8
00000AD8
00000AD9
00000AD9
00000ADA
00000ADB
00000ADC
00000ADD
00000ADE
00000ADF
00000AD8
00000AE0
00000AE1
00000AD8
00000AE2
00000AE3
00000AE4
00000AE5
00000AD8
00000AE6
00000AD8
00000AD8
00000AE7
00000AD8
00000AE8
00000AE8
00000AE9
00000AEA
00000AE8
00000AEB
00000AEC
00000AED
00000AEE
00000AEF
00000AF0
00000AF1
00000AE8
00000AE8
00000AF2
00000AF3
00000AE8
00000AF4
00000AE8
00000AF5
00000AF6
00000AE8
00000AF7
00000AF8
00000AD8
00000AD9
00000AD9
00000ADA
00000ADB
00000ADC
00000ADD
00000ADE
00000ADF
00000AD8
00000AE0
00000AE1
00000AD8
00000AE2
00000AE3
00000AE4
00000AE5
00000AD8
00000AE6
00000AD8
00000AD8
00000AE7
00000AD8
00000AE8
00000AE8
00000AE9
00000AEA
00000AE8
00000AEB
00000AEC
00000AED
00000AEE
00000AEF
00000AF0
00000AF1
00000AE8
00000AE8
00000AF2
00000AF3
00000AE8
00000AF4
00000AE8
00000AF5
00000AF6
00000AE8
00000AF7
00000AF8
00000AD8
00000AD9
00000AD9
00000ADA
00000ADB
00000ADC
00000ADD
00000ADE
00000ADF
00000AD8
00000AE0
00000AE1
00000AD8
00000AE2
00000AE3
00000AE4
00000AE5
00000AD8
00000AE6
00000AD8
00000AD8
00000AE7
00000AD8
00000AE8
00000AE8
00000AE9
00000AEA
00000AE8
00000AEB
00000AEC
00000AED
00000AEE
00000AEF
00000AF0
00000AF1
00000AE8
00000AE8
00000AF2
00000AF3
00000AE8
00000AF4
00000AE8
00000AF5
00000AF6
00000AE8
00000AF7
00000AF8
00000AD8
00000AD9
00000AD9
00000ADA
00000ADB
00000ADC
00000ADD
00000ADE
00000ADF
00000AD8
00000AE0
00000AE1
00000AD8
00000AE2
00000AE3
00000AE4
00000AE5
00000AD8
00000AE6
00000AD8
00000AD8
00000AE7
00000AD8
00000AE8
00000AE8
00000AE9
00000AEA
00000AE8
00000AEB
00000AEC
00000AED
00000AEE
00000AEF
00000AF0
00000AF1
00000AE8
00000AE8
00000AF2
00000AF3
00000AE8
00000AF4
00000AE8
00000AF5
00000AF6
00000AE8
00000AF7
00000AF8
00000AD8
00000AD9
00000AD9
00000ADA
00000ADB
00000ADC
00000ADD
00000ADE
00000ADF
00000AD8
00000AE0
00000AE1
00000AD8
00000AE2
00000AE3
00000AE4
00000AE5
00000AD8
00000AE6
00000AD8
00000AD8
00000AE7
00000AD8
00000AE8
00000AE8
00000AE9
00000AEA
00000AE8
00000AEB
00000AEC
00000AED
00000AEE
00000AEF
00000AF0
00000AF1
00000AE8
00000AE8
00000AF2
00000AF3
00000AE8
00000AF4
00000AE8
00000AF5
00000AF6
00000AE8
00000AF7
00000AF8
00000AD8
00000AD9
00000AD9
00000ADA
00000ADB
00000ADC
00000ADD
00000ADE
00000ADF
00000AD8
00000AE0
00000AE1
00000AD8
00000AE2
00000AE3
00000AE4
00000AE5
00000AD8
00000AE6
00000AD8
00000AD8
00000AE7
00000AD8
00000AE8
00000AE8
00000AE9
00000AEA
00000AE8
00000AEB
00000AEC
00000AED
00000AEE
00000AEF
00000AF0
00000AF1
00000AE8
00000AE8
00000AF2
00000AF3
00000AE8
00000AF4
00000AE8
00000AF5
00000AF6
00000AE8
00000AF7
00000AF8
00000AD8
00000AD9
00000AD9
00000ADA
00000ADB
00000ADC
00000ADD
00000ADE
00000ADF
00000AD8
00000AE0
00000AE1
00000AD8
00000AE2
00000AE3
00000AE4
00000AE5
00000AD8
00000AE6
00000AD8
00000AD8
00000AE7
00000AD8
00000AE8
00000AE8
00000AE9
00000AEA
00000AE8
00000AEB
00000AEC
00000AED
00000AEE
00000AEF
00000AF0
00000AF1
00000AE8
00000AE8
00000AF2
00000AF3
00000AE8
00000AF4
00000AE8
00000AF5
00000AF6
00000AE8
00000AF7
00000AF8
00000AD8
00000AD9
00000AD9
00000ADA
00000ADB
00000ADC
00000ADD
00000ADE
00000ADF
00000AD8
00000AE0
00000AE1
00000AD8
00000AE2
00000AE3
00000AE4
00000AE5
00000AD8
00000AE6
00000AD8
00000AD8
00000AE7
00000AD8
00000AE8
00000AE8
00000AE9
00000AEA
00000AE8
00000AEB
00000AEC
00000AED
00000AEE
00000AEF
00000AF0
00000AF1
00000AE8
00000AE8
00000AF2
00000AF3
00000AE8
00000AF4
00000AE8
00000AF5
00000AF6
00000AE8
00000AF7
00000AF8
00000AD8
00000AD9
00000AD9
00000ADA
00000ADB
00000ADC
00000ADD
00000ADE
00000ADF
00000AD8
00000AE0
00000AE1
00000AD8
00000AE2
00000AE3
00000AE4
00000AE5
00000AD8
00000AE6
00000AD8
00000AD8
00000AE7
00000AD8
00000AE8
00000AE8
00000AE9
00000AEA
00000AE8
00000AEB
00000AEC
00000AED
00000AEE
00000AEF
00000AF0
00000AF1
00000AE8
00000AE8
00000AF2
00000AF3
00000AE8
00000AF4
00000AE8
00000AF5
00000AF6
00000AE8
00000AF7
00000AF8
00000AD8
00000AD9
00000AD9
00000ADA
00000ADB
00000ADC
00000ADD
00000ADE
00000ADF
00000AD8
00000AE0
00000AE1
00000AD8
00000AE2
00000AE3
00000AE4
00000AE5
00000AD8
00000AE6
00000AD8
00000AD8
00000AE7
00000AD8
00000AE8
00000AE8
00000AE9
00000AEA
00000AE8
00000AEB
00000AEC
00000AED
00000AEE
00000AEF
00000AF0
00000AF1
00000AE8
00000AE8
00000AF2
00000AF3
00000AE8
00000AF4
00000AE8
00000AF5
00000AF6
00000AE8
00000AF7
00000AF8
00000AD8
00000AD9
00000AD9
00000ADA
00000ADB
00000ADC
00000ADD
00000ADE
00000ADF
00000AD8
00000AE0
00000AE1
00000AD8
00000AE2
00000AE3
00000AE4
00000AE5
00000AD8
00000AE6
00000AD8
00000AD8
00000AE7
00000AD8
00000AE8
00000AE8
00000AE9
00000AEA
00000AE8
00000AEB
00000AEC
00000AED
00000AEE
00000AEF
00000AF0
00000AF1
00000AE8
00000AE8
00000AF2
00000AF3
00000AE8
00000AF4
00000AE8
00000AF5
00000AF6
00000AE8
00000AF7
00000AF8
00000AF9
00000AF9
00000AF9
00000AFA
00000AFB
00000AFC
00000AFD
00000AFE
00000AFF
00000B00
00000B01
00000B02
00000AF9
00000B03
00000B04
00000B05
00000B06
00000AF9
00000B07
00000AF9
00000AF9
00000B08
00000AF9
00000B09
00000B09
00000B0A
00000B0B
00000B09
00000B0C
00000B0D
00000B0E
00000B0F
00000B10
00000B11
00000B12
00000B09
00000B09
00000B13
00000B14
00000B09
00000B15
00000B09
00000B16
00000B17
00000B18
00000B19
00000B1A
00000AF9
00000AF9
00000AF9
00000AFA
00000AFB
00000AFC
00000AFD
00000AFE
00000AFF
00000B00
00000B01
00000B02
00000AF9
00000B03
00000B04
00000B05
00000B06
00000AF9
00000B07
00000AF9
00000AF9
00000B08
00000AF9
00000B09
00000B09
00000B0A
00000B0B
00000B09
00000B0C
00000B0D
00000B0E
00000B0F
00000B10
00000B11
00000B12
00000B09
00000B09
00000B13
00000B14
00000B09
00000B15
00000B09
00000B16
00000B17
00000B18
00000B19
00000B1A
00000AF9
00000AF9
00000AF9
00000AFA
00000AFB
00000AFC
00000AFD
00000AFE
00000AFF
00000B00
00000B01
00000B02
00000AF9
00000B03
00000B04
00000B05
00000B06
00000AF9
00000B07
00000AF9
00000AF9
00000B08
00000AF9
00000B09
00000B09
00000B0A
00000B0B
00000B09
00000B0C
00000B0D
00000B0E
00000B0F
00000B10
00000B11
00000B12
00000B09
00000B09
00000B13
00000B14
00000B09
00000B15
00000B09
00000B16
00000B17
00000B18
00000B19
00000B1A
00000AF9
00000AF9
00000AF9
00000AFA
00000AFB
00000AFC
00000AFD
00000AFE
00000AFF
00000B00
00000B01
00000B02
00000AF9
00000B03
00000B04
00000B05
00000B06
00000AF9
00000B07
00000AF9
00000AF9
00000B08
00000AF9
00000B09
00000B09
00000B0A
00000B0B
00000B09
00000B0C
00000B0D
00000B0E
00000B0F
00000B10
00000B11
00000B12
00000B09
00000B09
00000B13
00000B14
00000B09
00000B15
00000B09
00000B16
00000B17
00000B18
00000B19
00000B1A
00000AF9
00000AF9
00000AF9
00000AFA
00000AFB
00000AFC
00000AFD
00000AFE
00000AFF
00000B00
00000B01
00000B02
00000AF9
00000B03
00000B04
00000B05
00000B06
00000AF9
00000B07
00000AF9
00000AF9
00000B08
00000AF9
00000B09
00000B09
00000B0A
00000B0B
00000B09
00000B0C
00000B0D
00000B0E
00000B0F
00000B10
00000B11
00000B12
00000B09
00000B09
00000B13
00000B14
00000B09
00000B15
00000B09
00000B16
00000B17
00000B18
00000B19
00000B1A
00000AF9
00000AF9
00000AF9
00000AFA
00000AFB
00000AFC
00000AFD
00000AFE
00000AFF
00000B00
00000B01
00000B02
00000AF9
00000B03
00000B04
00000B05
00000B06
00000AF9
00000B07
00000AF9
00000AF9
00000B08
00000AF9
00000B09
00000B09
00000B0A
00000B0B
00000B09
00000B0C
00000B0D
00000B0E
00000B0F
00000B10
00000B11
00000B12
00000B09
00000B09
00000B13
00000B14
00000B09
00000B15
00000B09
00000B16
00000B17
00000B18
00000B19
00000B1A
00000AF9
00000AF9
00000AF9
00000AFA
00000AFB
00000AFC
00000AFD
00000AFE
00000AFF
00000B00
00000B01
00000B02
00000AF9
00000B03
00000B04
00000B05
00000B06
00000AF9
00000B07
00000AF9
00000AF9
00000B08
00000AF9
00000B09
00000B09
00000B0A
00000B0B
00000B09
00000B0C
00000B0D
00000B0E
00000B0F
00000B10
00000B11
00000B12
00000B09
00000B09
00000B13
00000B14
00000B09
00000B15
00000B09
00000B16
00000B17
00000B18
00000B19
00000B1A
00000AF9
00000AF9
00000AF9
00000AFA
00000AFB
00000AFC
00000AFD
00000AFE
00000AFF
00000B00
00000B01
00000B02
00000AF9
00000B03
00000B04
00000B05
00000B06
00000AF9
00000B07
00000AF9
00000AF9
00000B08
00000AF9
00000B09
00000B09
00000B0A
00000B0B
00000B09
00000B0C
00000B0D
00000B0E
00000B0F
00000B10
00000B11
00000B12
00000B09
00000B09
00000B13
00000B14
00000B09
00000B15
00000B09
00000B16
00000B17
00000B18
00000B19
00000B1A
00000AF9
00000AF9
00000AF9
00000AFA
00000AFB
00000AFC
00000AFD
00000AFE
00000AFF
00000B00
00000B01
00000B02
00000AF9
00000B03
00000B04
00000B05
00000B06
00000AF9
00000B07
00000AF9
00000AF9
00000B08
00000AF9
00000B09
00000B09
00000B0A
00000B0B
00000B09
00000B0C
00000B0D
00000B0E
00000B0F
00000B10
00000B11
00000B12
00000B09
00000B09
00000B13
00000B14
00000B09
00000B15
00000B09
00000B16
00000B17
00000B18
00000B19
00000B1A
00000AF9
00000AF9
00000AF9
00000AFA
00000AFB
00000AFC
00000AFD
00000AFE
00000AFF
00000B00
00000B01
00000B02
00000AF9
00000B03
00000B04
00000B05
00000B06
00000AF9
00000B07
00000AF9
00000AF9
00000B08
00000AF9
00000B09
00000B09
00000B0A
00000B0B
00000B09
00000B0C
00000B0D
00000B0E
00000B0F
00000B10
00000B11
00000B12
00000B09
00000B09
00000B13
00000B14
00000B09
00000B15
00000B09
00000B16
00000B17
00000B18
00000B19
00000B1A
00000AF9
00000AF9
00000AF9
00000AFA
00000AFB
00000AFC
00000AFD
00000AFE
00000AFF
00000B00
00000B01
00000B02
00000AF9
00000B03
00000B04
00000B05
00000B06
00000AF9
00000B07
00000AF9
00000AF9
00000B08
00000AF9
00000B09
00000B09
00000B0A
00000B0B
00000B09
00000B0C
00000B0D
00000B0E
00000B0F
00000B10
00000B11
00000B12
00000B09
00000B09
00000B13
00000B14
00000B09
00000B15
00000B09
00000B16
00000B17
00000B18
00000B19
00000B1A
00000AF9
00000AF9
00000AF9
00000AFA
00000AFB
00000AFC
00000AFD
00000AFE
00000AFF
00000B00
00000B01
00000B02
00000AF9
00000B03
00000B04
00000B05
00000B06
00000AF9
00000B07
00000AF9
00000AF9
00000B08
00000AF9
00000B09
00000B09
00000B0A
00000B0B
00000B09
00000B0C
00000B0D
00000B0E
00000B0F
00000B10
00000B11
00000B12
00000B09
00000B09
00000B13
00000B14
00000B09
00000B15
00000B09
00000B16
00000B17
00000B18
00000B19
00000B1A
00000AF9
00000AF9
00000AF9
00000AFA
00000AFB
00000AFC
00000AFD
00000AFE
00000AFF
00000B00
00000B01
00000B02
00000AF9
00000B03
00000B04
00000B05
00000B06
00000AF9
00000B07
00000AF9
00000AF9
00000B08
00000AF9
00000B09
00000B09
00000B0A
00000B0B
00000B09
00000B0C
00000B0D
00000B0E
00000B0F
00000B10
00000B11
00000B12
00000B09
00000B09
00000B13
00000B14
00000B09
00000B15
00000B09
00000B16
00000B17
00000B18
00000B19
00000B1A
00000AF9
00000AF9
00000AF9
00000AFA
00000AFB
00000AFC
00000AFD
00000AFE
00000AFF
00000B00
00000B01
00000B02
00000AF9
00000B03
00000B04
00000B05
00000B06
00000AF9
00000B07
00000AF9
00000AF9
00000B08
00000AF9
00000B09
00000B09
00000B0A
00000B0B
00000B09
00000B0C
00000B0D
00000B0E
00000B0F
00000B10
00000B11
00000B12
00000B09
00000B09
00000B13
00000B14
00000B09
00000B15
00000B09
00000B16
00000B17
00000B18
00000B19
00000B1A
00000AF9
00000AF9
00000AF9
00000AFA
00000AFB
00000AFC
00000AFD
00000AFE
00000AFF
00000B00
00000B01
00000B02
00000AF9
00000B03
00000B04
00000B05
00000B06
00000AF9
00000B07
00000AF9
00000AF9
00000B08
00000AF9
00000B09
00000B09
00000B0A
00000B0B
00000B09
00000B0C
00000B0D
00000B0E
00000B0F
00000B10
00000B11
00000B12
00000B09
00000B09
00000B13
00000B14
00000B09
00000B15
00000B09
00000B16
00000B17
00000B18
00000B19
00000B1A
00000AF9
00000AF9
00000AF9
00000AFA
00000AFB
00000AFC
00000AFD
00000AFE
00000AFF
00000B00
00000B01
00000B02
00000AF9
00000B03
00000B04
00000B05
00000B06
00000AF9
00000B07
00000AF9
00000AF9
00000B08
00000AF9
00000B09
00000B09
00000B0A
00000B0B
00000B09
00000B0C
00000B0D
00000B0E
00000B0F
00000B10
00000B11
00000B12
00000B09
00000B09
00000B13
00000B14
00000B09
00000B15
00000B09
00000B16
00000B17
00000B18
00000B19
00000B1A
00000AF9
00000AF9
00000AF9
00000AFA
00000AFB
00000AFC
00000AFD
00000AFE
00000AFF
00000B00
00000B01
00000B02
00000AF9
00000B03
00000B04
00000B05
00000B06
00000AF9
00000B07
00000AF9
00000AF9
00000B08
00000AF9
00000B09
00000B09
00000B0A
00000B0B
00000B09
00000B0C
00000B0D
00000B0E
00000B0F
00000B10
00000B11
00000B12
00000B09
00000B09
00000B13
00000B14
00000B09
00000B15
00000B09
00000B16
00000B17
00000B18
00000B19
00000B1A
00000AF9
00000AF9
00000AF9
00000AFA
00000AFB
00000AFC
00000AFD
00000AFE
00000AFF
00000B00
00000B01
00000B02
00000AF9
00000B03
00000B04
00000B05
00000B06
00000AF9
00000B07
00000AF9
00000AF9
00000B08
00000AF9
00000B09
00000B09
00000B0A
00000B0B
00000B09
00000B0C
00000B0D
00000B0E
00000B0F
00000B10
00000B11
00000B12
00000B09
00000B09
00000B13
00000B14
00000B09
00000B15
00000B09
00000B16
00000B17
00000B18
00000B19
00000B1A
00000AF9
00000AF9
00000AF9
00000AFA
00000AFB
00000AFC
00000AFD
00000AFE
00000AFF
00000B00
00000B01
00000B02
00000AF9
00000B03
00000B04
00000B05
00000B06
00000AF9
00000B07
00000AF9
00000AF9
00000B08
00000AF9
00000B09
00000B09
00000B0A
00000B0B
00000B09
00000B0C
00000B0D
00000B0E
00000B0F
00000B10
00000B11
00000B12
00000B09
00000B09
00000B13
00000B14
00000B09
00000B15
00000B09
00000B16
00000B17
00000B18
00000B19
00000B1A
00000AF9
00000AF9
00000AF9
00000AFA
00000AFB
00000AFC
00000AFD
00000AFE
00000AFF
00000B00
00000B01
00000B02
00000AF9
00000B03
00000B04
00000B05
00000B06
00000AF9
00000B07
00000AF9
00000AF9
00000B08
00000AF9
00000B09
00000B09
00000B0A
00000B0B
00000B09
00000B0C
00000B0D
00000B0E
00000B0F
00000B10
00000B11
00000B12
00000B09
00000B09
00000B13
00000B14
00000B09
00000B15
00000B09
00000B16
00000B17
00000B18
00000B19
00000B1A
00000AF9
00000AF9
00000AF9
00000AFA
00000AFB
00000AFC
00000AFD
00000AFE
00000AFF
00000B00
00000B01
00000B02
00000AF9
00000B03
00000B04
00000B05
00000B06
00000AF9
00000B07
00000AF9
00000AF9
00000B08
00000AF9
00000B09
00000B09
00000B0A
00000B0B
00000B09
00000B0C
00000B0D
00000B0E
00000B0F
00000B10
00000B11
00000B12
00000B09
00000B09
00000B13
00000B14
00000B09
00000B15
00000B09
00000B16
00000B17
00000B18
00000B19
00000B1A
00000AF9
00000AF9
00000AF9
00000AFA
00000AFB
00000AFC
00000AFD
00000AFE
00000AFF
00000B00
00000B01
00000B02
00000AF9
00000B03
00000B04
00000B05
00000B06
00000AF9
00000B07
00000AF9
00000AF9
00000B08
00000AF9
00000B09
00000B09
00000B0A
00000B0B
00000B09
00000B0C
00000B0D
00000B0E
00000B0F
00000B10
00000B11
00000B12
00000B09
00000B09
00000B13
00000B14
00000B09
00000B15
00000B09
00000B16
00000B17
00000B18
00000B19
00000B1A
00000AF9
00000AF9
00000AF9
00000AFA
00000AFB
00000AFC
00000AFD
00000AFE
00000AFF
00000B00
00000B01
00000B02
00000AF9
00000B03
00000B04
00000B05
00000B06
00000AF9
00000B07
00000AF9
00000AF9
00000B08
00000AF9
00000B09
00000B09
00000B0A
00000B0B
00000B09
00000B0C
00000B0D
00000B0E
00000B0F
00000B10
00000B11
00000B12
00000B09
00000B09
00000B13
00000B14
00000B09
00000B15
00000B09
00000B16
00000B17
00000B18
00000B19
00000B1A
00000B1B
00000B1B
00000B1B
00000B1C
00000B1D
00000B1E
00000B1F
00000B20
00000B21
00000B1B
00000B22
00000B23
00000B1B
00000B24
00000B25
00000B26
00000B27
00000B1B
00000B28
00000B1B
00000B1B
00000B29
00000B1B
00000B2A
00000B2A
00000B2B
00000B2C
00000B2A
00000B2D
00000B2E
00000B2F
00000B30
00000B31
00000B32
00000B33
00000B2A
00000B2A
00000B34
00000B35
00000B2A
00000B36
00000B2A
00000B37
00000B38
00000B2A
00000B39
00000B3A
00000B1B
00000B1B
00000B1B
00000B1C
00000B1D
00000B1E
00000B1F
00000B20
00000B21
00000B1B
00000B22
00000B23
00000B1B
00000B24
00000B25
00000B26
00000B27
00000B1B
00000B28
00000B1B
00000B1B
00000B29
00000B1B
00000B2A
00000B2A
00000B2B
00000B2C
00000B2A
00000B2D
00000B2E
00000B2F
00000B30
00000B31
00000B32
00000B33
00000B2A
00000B2A
00000B34
00000B35
00000B2A
00000B36
00000B2A
00000B37
00000B38
00000B2A
00000B39
00000B3A
00000B1B
00000B1B
00000B1B
00000B1C
00000B1D
00000B1E
00000B1F
00000B20
00000B21
00000B1B
00000B22
00000B23
00000B1B
00000B24
00000B25
00000B26
00000B27
00000B1B
00000B28
00000B1B
00000B1B
00000B29
00000B1B
00000B2A
00000B2A
00000B2B
00000B2C
00000B2A
00000B2D
00000B2E
00000B2F
00000B30
00000B31
00000B32
00000B33
00000B2A
00000B2A
00000B34
00000B35
00000B2A
00000B36
00000B2A
00000B37
00000B38
00000B2A
00000B39
00000B3A
00000B1B
00000B1B
00000B1B
00000B1C
00000B1D
00000B1E
00000B1F
00000B20
00000B21
00000B1B
00000B22
00000B23
00000B1B
00000B24
00000B25
00000B26
00000B27
00000B1B
00000B28
00000B1B
00000B1B
00000B29
00000B1B
00000B2A
00000B2A
00000B2B
00000B2C
00000B2A
00000B2D
00000B2E
00000B2F
00000B30
00000B31
00000B32
00000B33
00000B2A
00000B2A
00000B34
00000B35
00000B2A
00000B36
00000B2A
00000B37
00000B38
00000B2A
00000B39
00000B3A
00000B1B
00000B1B
00000B1B
00000B1C
00000B1D
00000B1E
00000B1F
00000B20
00000B21
00000B1B
00000B22
00000B23
00000B1B
00000B24
00000B25
00000B26
00000B27
00000B1B
00000B28
00000B1B
00000B1B
00000B29
00000B1B
00000B2A
00000B2A
00000B2B
00000B2C
00000B2A
00000B2D
00000B2E
00000B2F
00000B30
00000B31
00000B32
00000B33
00000B2A
00000B2A
00000B34
00000B35
00000B2A
00000B36
00000B2A
00000B37
00000B38
00000B2A
00000B39
00000B3A
00000B1B
00000B1B
00000B1B
00000B1C
00000B1D
00000B1E
00000B1F
00000B20
00000B21
00000B1B
00000B22
00000B23
00000B1B
00000B24
00000B25
00000B26
00000B27
00000B1B
00000B28
00000B1B
00000B1B
00000B29
00000B1B
00000B2A
00000B2A
00000B2B
00000B2C
00000B2A
00000B2D
00000B2E
00000B2F
00000B30
00000B31
00000B32
00000B33
00000B2A
00000B2A
00000B34
00000B35
00000B2A
00000B36
00000B2A
00000B37
00000B38
00000B2A
00000B39
00000B3A
00000B1B
00000B1B
00000B1B
00000B1C
00000B1D
00000B1E
00000B1F
00000B20
00000B21
00000B1B
00000B22
00000B23
00000B1B
00000B24
00000B25
00000B26
00000B27
00000B1B
00000B28
00000B1B
00000B1B
00000B29
00000B1B
00000B2A
00000B2A
00000B2B
00000B2C
00000B2A
00000B2D
00000B2E
00000B2F
00000B30
00000B31
00000B32
00000B33
00000B2A
00000B2A
00000B34
00000B35
00000B2A
00000B36
00000B2A
00000B37
00000B38
00000B2A
00000B39
00000B3A
00000B1B
00000B1B
00000B1B
00000B1C
00000B1D
00000B1E
00000B1F
00000B20
00000B21
00000B1B
00000B22
00000B23
00000B1B
00000B24
00000B25
00000B26
00000B27
00000B1B
00000B28
00000B1B
00000B1B
00000B29
00000B1B
00000B2A
00000B2A
00000B2B
00000B2C
00000B2A
00000B2D
00000B2E
00000B2F
00000B30
00000B31
00000B32
00000B33
00000B2A
00000B2A
00000B34
00000B35
00000B2A
00000B36
00000B2A
00000B37
00000B38
00000B2A
00000B39
00000B3A
00000B1B
00000B1B
00000B1B
00000B1C
00000B1D
00000B1E
00000B1F
00000B20
00000B21
00000B1B
00000B22
00000B23
00000B1B
00000B24
00000B25
00000B26
00000B27
00000B1B
00000B28
00000B1B
00000B1B
00000B29
00000B1B
00000B2A
00000B2A
00000B2B
00000B2C
00000B2A
00000B2D
00000B2E
00000B2F
00000B30
00000B31
00000B32
00000B33
00000B2A
00000B2A
00000B34
00000B35
00000B2A
00000B36
00000B2A
00000B37
00000B38
00000B2A
00000B39
00000B3A
00000B1B
00000B1B
00000B1B
00000B1C
00000B1D
00000B1E
00000B1F
00000B20
00000B21
00000B1B
00000B22
00000B23
00000B1B
00000B24
00000B25
00000B26
00000B27
00000B1B
00000B28
00000B1B
00000B1B
00000B29
00000B1B
00000B2A
00000B2A
00000B2B
00000B2C
00000B2A
00000B2D
00000B2E
00000B2F
00000B30
00000B31
00000B32
00000B33
00000B2A
00000B2A
00000B34
00000B35
00000B2A
00000B36
00000B2A
00000B37
00000B38
00000B2A
00000B39
00000B3A
00000B1B
00000B1B
00000B1B
00000B1C
00000B1D
00000B1E
00000B1F
00000B20
00000B21
00000B1B
00000B22
00000B23
00000B1B
00000B24
00000B25
00000B26
00000B27
00000B1B
00000B28
00000B1B
00000B1B
00000B29
00000B1B
00000B2A
00000B2A
00000B2B
00000B2C
00000B2A
00000B2D
00000B2E
00000B2F
00000B30
00000B31
00000B32
00000B33
00000B2A
00000B2A
00000B34
00000B35
00000B2A
00000B36
00000B2A
00000B37
00000B38
00000B2A
00000B39
00000B3A
00000B1B
00000B1B
00000B1B
00000B1C
00000B1D
00000B1E
00000B1F
00000B20
00000B21
00000B1B
00000B22
00000B23
00000B1B
00000B24
00000B25
00000B26
00000B27
00000B1B
00000B28
00000B1B
00000B1B
00000B29
00000B1B
00000B2A
00000B2A
00000B2B
00000B2C
00000B2A
00000B2D
00000B2E
00000B2F
00000B30
00000B31
00000B32
00000B33
00000B2A
00000B2A
00000B34
00000B35
00000B2A
00000B36
00000B2A
00000B37
00000B38
00000B2A
00000B39
00000B3A
00000B1B
00000B1B
00000B1B
00000B1C
00000B1D
00000B1E
00000B1F
00000B20
00000B21
00000B1B
00000B22
00000B23
00000B1B
00000B24
00000B25
00000B26
00000B27
00000B1B
00000B28
00000B1B
00000B1B
00000B29
00000B1B
00000B2A
00000B2A
00000B2B
00000B2C
00000B2A
00000B2D
00000B2E
00000B2F
00000B30
00000B31
00000B32
00000B33
00000B2A
00000B2A
00000B34
00000B35
00000B2A
00000B36
00000B2A
00000B37
00000B38
00000B2A
00000B39
00000B3A
00000B1B
00000B1B
00000B1B
00000B1C
00000B1D
00000B1E
00000B1F
00000B20
00000B21
00000B1B
00000B22
00000B23
00000B1B
00000B24
00000B25
00000B26
00000B27
00000B1B
00000B28
00000B1B
00000B1B
00000B29
00000B1B
00000B2A
00000B2A
00000B2B
00000B2C
00000B2A
00000B2D
00000B2E
00000B2F
00000B30
00000B31
00000B32
00000B33
00000B2A
00000B2A
00000B34
00000B35
00000B2A
00000B36
00000B2A
00000B37
00000B38
00000B2A
00000B39
00000B3A
00000B1B
00000B1B
00000B1B
00000B1C
00000B1D
00000B1E
00000B1F
00000B20
00000B21
00000B1B
00000B22
00000B23
00000B1B
00000B24
00000B25
00000B26
00000B27
00000B1B
00000B28
00000B1B
00000B1B
00000B29
00000B1B
00000B2A
00000B2A
00000B2B
00000B2C
00000B2A
00000B2D
00000B2E
00000B2F
00000B30
00000B31
00000B32
00000B33
00000B2A
00000B2A
00000B34
00000B35
00000B2A
00000B36
00000B2A
00000B37
00000B38
00000B2A
00000B39
00000B3A
00000B1B
00000B1B
00000B1B
00000B1C
00000B1D
00000B1E
00000B1F
00000B20
00000B21
00000B1B
00000B22
00000B23
00000B1B
00000B24
00000B25
00000B26
00000B27
00000B1B
00000B28
00000B1B
00000B1B
00000B29
00000B1B
00000B2A
00000B2A
00000B2B
00000B2C
00000B2A
00000B2D
00000B2E
00000B2F
00000B30
00000B31
00000B32
00000B33
00000B2A
00000B2A
00000B34
00000B35
00000B2A
00000B36
00000B2A
00000B37
00000B38
00000B2A
00000B39
00000B3A
00000B1B
00000B1B
00000B1B
00000B1C
00000B1D
00000B1E
00000B1F
00000B20
00000B21
00000B1B
00000B22
00000B23
00000B1B
00000B24
00000B25
00000B26
00000B27
00000B1B
00000B28
00000B1B
00000B1B
00000B29
00000B1B
00000B2A
00000B2A
00000B2B
00000B2C
00000B2A
00000B2D
00000B2E
00000B2F
00000B30
00000B31
00000B32
00000B33
00000B2A
00000B2A
00000B34
00000B35
00000B2A
00000B36
00000B2A
00000B37
00000B38
00000B2A
00000B39
00000B3A
00000B1B
00000B1B
00000B1B
00000B1C
00000B1D
00000B1E
00000B1F
00000B20
00000B21
00000B1B
00000B22
00000B23
00000B1B
00000B24
00000B25
00000B26
00000B27
00000B1B
00000B28
00000B1B
00000B1B
00000B29
00000B1B
00000B2A
00000B2A
00000B2B
00000B2C
00000B2A
00000B2D
00000B2E
00000B2F
00000B30
00000B31
00000B32
00000B33
00000B2A
00000B2A
00000B34
00000B35
00000B2A
00000B36
00000B2A
00000B37
00000B38
00000B2A
00000B39
00000B3A
00000B1B
00000B1B
00000B1B
00000B1C
00000B1D
00000B1E
00000B1F
00000B20
00000B21
00000B1B
00000B22
00000B23
00000B1B
00000B24
00000B25
00000B26
00000B27
00000B1B
00000B28
00000B1B
00000B1B
00000B29
00000B1B
00000B2A
00000B2A
00000B2B
00000B2C
00000B2A
00000B2D
00000B2E
00000B2F
00000B30
00000B31
00000B32
00000B33
00000B2A
00000B2A
00000B34
00000B35
00000B2A
00000B36
00000B2A
00000B37
00000B38
00000B2A
00000B39
00000B3A
00000B1B
00000B1B
00000B1B
00000B1C
00000B1D
00000B1E
00000B1F
00000B20
00000B21
00000B1B
00000B22
00000B23
00000B1B
00000B24
00000B25
00000B26
00000B27
00000B1B
00000B28
00000B1B
00000B1B
00000B29
00000B1B
00000B2A
00000B2A
00000B2B
00000B2C
00000B2A
00000B2D
00000B2E
00000B2F
00000B30
00000B31
00000B32
00000B33
00000B2A
00000B2A
00000B34
00000B35
00000B2A
00000B36
00000B2A
00000B37
00000B38
00000B2A
00000B39
00000B3A
00000B1B
00000B1B
00000B1B
00000B1C
00000B1D
00000B1E
00000B1F
00000B20
00000B21
00000B1B
00000B22
00000B23
00000B1B
00000B24
00000B25
00000B26
00000B27
00000B1B
00000B28
00000B1B
00000B1B
00000B29
00000B1B
00000B2A
00000B2A
00000B2B
00000B2C
00000B2A
00000B2D
00000B2E
00000B2F
00000B30
00000B31
00000B32
00000B33
00000B2A
00000B2A
00000B34
00000B35
00000B2A
00000B36
00000B2A
00000B37
00000B38
00000B2A
00000B39
00000B3A
00000B1B
00000B1B
00000B1B
00000B1C
00000B1D
00000B1E
00000B1F
00000B20
00000B21
00000B1B
00000B22
00000B23
00000B1B
00000B24
00000B25
00000B26
00000B27
00000B1B
00000B28
00000B1B
00000B1B
00000B29
00000B1B
00000B2A
00000B2A
00000B2B
00000B2C
00000B2A
00000B2D
00000B2E
00000B2F
00000B30
00000B31
00000B32
00000B33
00000B2A
00000B2A
00000B34
00000B35
00000B2A
00000B36
00000B2A
00000B37
00000B38
00000B2A
00000B39
00000B3A
00000B1B
00000B1B
00000B1B
00000B1C
00000B1D
00000B1E
00000B1F
00000B20
00000B21
00000B1B
00000B22
00000B23
00000B1B
00000B24
00000B25
00000B26
00000B27
00000B1B
00000B28
00000B1B
00000B1B
00000B29
00000B1B
00000B2A
00000B2A
00000B2B
00000B2C
00000B2A
00000B2D
00000B2E
00000B2F
00000B30
00000B31
00000B32
00000B33
00000B2A
00000B2A
00000B34
00000B35
00000B2A
00000B36
00000B2A
00000B37
00000B38
00000B2A
00000B39
00000B3A
00000B3B
00000B3B
00000B3B
00000B3C
00000B3D
00000B3E
00000B3F
00000B40
00000B41
00000B3B
00000B42
00000B43
00000B3B
00000B44
00000B45
00000B46
00000B47
00000B3B
00000B48
00000B3B
00000B3B
00000B49
00000B3B
00000B4A
00000B4A
00000B4B
00000B4C
00000B4A
00000B4D
00000B4E
00000B4F
00000B50
00000B51
00000B52
00000B53
00000B4A
00000B4A
00000B54
00000B55
00000B4A
00000B56
00000B4A
00000B57
00000B58
00000B4A
00000B59
00000B5A
00000B3B
00000B3B
00000B3B
00000B3C
00000B3D
00000B3E
00000B3F
00000B40
00000B41
00000B3B
00000B42
00000B43
00000B3B
00000B44
00000B45
00000B46
00000B47
00000B3B
00000B48
00000B3B
00000B3B
00000B49
00000B3B
00000B4A
00000B4A
00000B4B
00000B4C
00000B4A
00000B4D
00000B4E
00000B4F
00000B50
00000B51
00000B52
00000B53
00000B4A
00000B4A
00000B54
00000B55
00000B4A
00000B56
00000B4A
00000B57
00000B58
00000B4A
00000B59
00000B5A
00000B3B
00000B3B
00000B3B
00000B3C
00000B3D
00000B3E
00000B3F
00000B40
00000B41
00000B3B
00000B42
00000B43
00000B3B
00000B44
00000B45
00000B46
00000B47
00000B3B
00000B48
00000B3B
00000B3B
00000B49
00000B3B
00000B4A
00000B4A
00000B4B
00000B4C
00000B4A
00000B4D
00000B4E
00000B4F
00000B50
00000B51
00000B52
00000B53
00000B4A
00000B4A
00000B54
00000B55
00000B4A
00000B56
00000B4A
00000B57
00000B58
00000B4A
00000B59
00000B5A
00000B3B
00000B3B
00000B3B
00000B3C
00000B3D
00000B3E
00000B3F
00000B40
00000B41
00000B3B
00000B42
00000B43
00000B3B
00000B44
00000B45
00000B46
00000B47
00000B3B
00000B48
00000B3B
00000B3B
00000B49
00000B3B
00000B4A
00000B4A
00000B4B
00000B4C
00000B4A
00000B4D
00000B4E
00000B4F
00000B50
00000B51
00000B52
00000B53
00000B4A
00000B4A
00000B54
00000B55
00000B4A
00000B56
00000B4A
00000B57
00000B58
00000B4A
00000B59
00000B5A
00000B3B
00000B3B
00000B3B
00000B3C
00000B3D
00000B3E
00000B3F
00000B40
00000B41
00000B3B
00000B42
00000B43
00000B3B
00000B44
00000B45
00000B46
00000B47
00000B3B
00000B48
00000B3B
00000B3B
00000B49
00000B3B
00000B4A
00000B4A
00000B4B
00000B4C
00000B4A
00000B4D
00000B4E
00000B4F
00000B50
00000B51
00000B52
00000B53
00000B4A
00000B4A
00000B54
00000B55
00000B4A
00000B56
00000B4A
00000B57
00000B58
00000B4A
00000B59
00000B5A
00000B3B
00000B3B
00000B3B
00000B3C
00000B3D
00000B3E
00000B3F
00000B40
00000B41
00000B3B
00000B42
00000B43
00000B3B
00000B44
00000B45
00000B46
00000B47
00000B3B
00000B48
00000B3B
00000B3B
00000B49
00000B3B
00000B4A
00000B4A
00000B4B
00000B4C
00000B4A
00000B4D
00000B4E
00000B4F
00000B50
00000B51
00000B52
00000B53
00000B4A
00000B4A
00000B54
00000B55
00000B4A
00000B56
00000B4A
00000B57
00000B58
00000B4A
00000B59
00000B5A
00000B3B
00000B3B
00000B3B
00000B3C
00000B3D
00000B3E
00000B3F
00000B40
00000B41
00000B3B
00000B42
00000B43
00000B3B
00000B44
00000B45
00000B46
00000B47
00000B3B
00000B48
00000B3B
00000B3B
00000B49
00000B3B
00000B4A
00000B4A
00000B4B
00000B4C
00000B4A
00000B4D
00000B4E
00000B4F
00000B50
00000B51
00000B52
00000B53
00000B4A
00000B4A
00000B54
00000B55
00000B4A
00000B56
00000B4A
00000B57
00000B58
00000B4A
00000B59
00000B5A
00000B3B
00000B3B
00000B3B
00000B3C
00000B3D
00000B3E
00000B3F
00000B40
00000B41
00000B3B
00000B42
00000B43
00000B3B
00000B44
00000B45
00000B46
00000B47
00000B3B
00000B48
00000B3B
00000B3B
00000B49
00000B3B
00000B4A
00000B4A
00000B4B
00000B4C
00000B4A
00000B4D
00000B4E
00000B4F
00000B50
00000B51
00000B52
00000B53
00000B4A
00000B4A
00000B54
00000B55
00000B4A
00000B56
00000B4A
00000B57
00000B58
00000B4A
00000B59
00000B5A
00000B3B
00000B3B
00000B3B
00000B3C
00000B3D
00000B3E
00000B3F
00000B40
00000B41
00000B3B
00000B42
00000B43
00000B3B
00000B44
00000B45
00000B46
00000B47
00000B3B
00000B48
00000B3B
00000B3B
00000B49
00000B3B
00000B4A
00000B4A
00000B4B
00000B4C
00000B4A
00000B4D
00000B4E
00000B4F
00000B50
00000B51
00000B52
00000B53
00000B4A
00000B4A
00000B54
00000B55
00000B4A
00000B56
00000B4A
00000B57
00000B58
00000B4A
00000B59
00000B5A
00000B3B
00000B3B
00000B3B
00000B3C
00000B3D
00000B3E
00000B3F
00000B40
00000B41
00000B3B
00000B42
00000B43
00000B3B
00000B44
00000B45
00000B46
00000B47
00000B3B
00000B48
00000B3B
00000B3B
00000B49
00000B3B
00000B4A
00000B4A
00000B4B
00000B4C
00000B4A
00000B4D
00000B4E
00000B4F
00000B50
00000B51
00000B52
00000B53
00000B4A
00000B4A
00000B54
00000B55
00000B4A
00000B56
00000B4A
00000B57
00000B58
00000B4A
00000B59
00000B5A
00000B3B
00000B3B
00000B3B
00000B3C
00000B3D
00000B3E
00000B3F
00000B40
00000B41
00000B3B
00000B42
00000B43
00000B3B
00000B44
00000B45
00000B46
00000B47
00000B3B
00000B48
00000B3B
00000B3B
00000B49
00000B3B
00000B4A
00000B4A
00000B4B
00000B4C
00000B4A
00000B4D
00000B4E
00000B4F
00000B50
00000B51
00000B52
00000B53
00000B4A
00000B4A
00000B54
00000B55
00000B4A
00000B56
00000B4A
00000B57
00000B58
00000B4A
00000B59
00000B5A
00000B3B
00000B3B
00000B3B
00000B3C
00000B3D
00000B3E
00000B3F
00000B40
00000B41
00000B3B
00000B42
00000B43
00000B3B
00000B44
00000B45
00000B46
00000B47
00000B3B
00000B48
00000B3B
00000B3B
00000B49
00000B3B
00000B4A
00000B4A
00000B4B
00000B4C
00000B4A
00000B4D
00000B4E
00000B4F
00000B50
00000B51
00000B52
00000B53
00000B4A
00000B4A
00000B54
00000B55
00000B4A
00000B56
00000B4A
00000B57
00000B58
00000B4A
00000B59
00000B5A
00000B3B
00000B3B
00000B3B
00000B3C
00000B3D
00000B3E
00000B3F
00000B40
00000B41
00000B3B
00000B42
00000B43
00000B3B
00000B44
00000B45
00000B46
00000B47
00000B3B
00000B48
00000B3B
00000B3B
00000B49
00000B3B
00000B4A
00000B4A
00000B4B
00000B4C
00000B4A
00000B4D
00000B4E
00000B4F
00000B50
00000B51
00000B52
00000B53
00000B4A
00000B4A
00000B54
00000B55
00000B4A
00000B56
00000B4A
00000B57
00000B58
00000B4A
00000B59
00000B5A
00000B3B
00000B3B
00000B3B
00000B3C
00000B3D
00000B3E
00000B3F
00000B40
00000B41
00000B3B
00000B42
00000B43
00000B3B
00000B44
00000B45
00000B46
00000B47
00000B3B
00000B48
00000B3B
00000B3B
00000B49
00000B3B
00000B4A
00000B4A
00000B4B
00000B4C
00000B4A
00000B4D
00000B4E
00000B4F
00000B50
00000B51
00000B52
00000B53
00000B4A
00000B4A
00000B54
00000B55
00000B4A
00000B56
00000B4A
00000B57
00000B58
00000B4A
00000B59
00000B5A
00000B3B
00000B3B
00000B3B
00000B3C
00000B3D
00000B3E
00000B3F
00000B40
00000B41
00000B3B
00000B42
00000B43
00000B3B
00000B44
00000B45
00000B46
00000B47
00000B3B
00000B48
00000B3B
00000B3B
00000B49
00000B3B
00000B4A
00000B4A
00000B4B
00000B4C
00000B4A
00000B4D
00000B4E
00000B4F
00000B50
00000B51
00000B52
00000B53
00000B4A
00000B4A
00000B54
00000B55
00000B4A
00000B56
00000B4A
00000B57
00000B58
00000B4A
00000B59
00000B5A
00000B3B
00000B3B
00000B3B
00000B3C
00000B3D
00000B3E
00000B3F
00000B40
00000B41
00000B3B
00000B42
00000B43
00000B3B
00000B44
00000B45
00000B46
00000B47
00000B3B
00000B48
00000B3B
00000B3B
00000B49
00000B3B
00000B4A
00000B4A
00000B4B
00000B4C
00000B4A
00000B4D
00000B4E
00000B4F
00000B50
00000B51
00000B52
00000B53
00000B4A
00000B4A
00000B54
00000B55
00000B4A
00000B56
00000B4A
00000B57
00000B58
00000B4A
00000B59
00000B5A
00000B3B
00000B3B
00000B3B
00000B3C
00000B3D
00000B3E
00000B3F
00000B40
00000B41
00000B3B
00000B42
00000B43
00000B3B
00000B44
00000B45
00000B46
00000B47
00000B3B
00000B48
00000B3B
00000B3B
00000B49
00000B3B
00000B4A
00000B4A
00000B4B
00000B4C
00000B4A
00000B4D
00000B4E
00000B4F
00000B50
00000B51
00000B52
00000B53
00000B4A
00000B4A
00000B54
00000B55
00000B4A
00000B56
00000B4A
00000B57
00000B58
00000B4A
00000B59
00000B5A
00000B3B
00000B3B
00000B3B
00000B3C
00000B3D
00000B3E
00000B3F
00000B40
00000B41
00000B3B
00000B42
00000B43
00000B3B
00000B44
00000B45
00000B46
00000B47
00000B3B
00000B48
00000B3B
00000B3B
00000B49
00000B3B
00000B4A
00000B4A
00000B4B
00000B4C
00000B4A
00000B4D
00000B4E
00000B4F
00000B50
00000B51
00000B52
00000B53
00000B4A
00000B4A
00000B54
00000B55
00000B4A
00000B56
00000B4A
00000B57
00000B58
00000B4A
00000B59
00000B5A
00000B3B
00000B3B
00000B3B
00000B3C
00000B3D
00000B3E
00000B3F
00000B40
00000B41
00000B3B
00000B42
00000B43
00000B3B
00000B44
00000B45
00000B46
00000B47
00000B3B
00000B48
00000B3B
00000B3B
00000B49
00000B3B
00000B4A
00000B4A
00000B4B
00000B4C
00000B4A
00000B4D
00000B4E
00000B4F
00000B50
00000B51
00000B52
00000B53
00000B4A
00000B4A
00000B54
00000B55
00000B4A
00000B56
00000B4A
00000B57
00000B58
00000B4A
00000B59
00000B5A
00000B3B
00000B3B
00000B3B
00000B3C
00000B3D
00000B3E
00000B3F
00000B40
00000B41
00000B3B
00000B42
00000B43
00000B3B
00000B44
00000B45
00000B46
00000B47
00000B3B
00000B48
00000B3B
00000B3B
00000B49
00000B3B
00000B4A
00000B4A
00000B4B
00000B4C
00000B4A
00000B4D
00000B4E
00000B4F
00000B50
00000B51
00000B52
00000B53
00000B4A
00000B4A
00000B54
00000B55
00000B4A
00000B56
00000B4A
00000B57
00000B58
00000B4A
00000B59
00000B5A
00000B3B
00000B3B
00000B3B
00000B3C
00000B3D
00000B3E
00000B3F
00000B40
00000B41
00000B3B
00000B42
00000B43
00000B3B
00000B44
00000B45
00000B46
00000B47
00000B3B
00000B48
00000B3B
00000B3B
00000B49
00000B3B
00000B4A
00000B4A
00000B4B
00000B4C
00000B4A
00000B4D
00000B4E
00000B4F
00000B50
00000B51
00000B52
00000B53
00000B4A
00000B4A
00000B54
00000B55
00000B4A
00000B56
00000B4A
00000B57
00000B58
00000B4A
00000B59
00000B5A
00000B3B
00000B3B
00000B3B
00000B3C
00000B3D
00000B3E
00000B3F
00000B40
00000B41
00000B3B
00000B42
00000B43
00000B3B
00000B44
00000B45
00000B46
00000B47
00000B3B
00000B48
00000B3B
00000B3B
00000B49
00000B3B
00000B4A
00000B4A
00000B4B
00000B4C
00000B4A
00000B4D
00000B4E
00000B4F
00000B50
00000B51
00000B52
00000B53
00000B4A
00000B4A
00000B54
00000B55
00000B4A
00000B56
00000B4A
00000B57
00000B58
00000B4A
00000B59
00000B5A
00000B3B
00000B3B
00000B3B
00000B3C
00000B3D
00000B3E
00000B3F
00000B40
00000B41
00000B3B
00000B42
00000B43
00000B3B
00000B44
00000B45
00000B46
00000B47
00000B3B
00000B48
00000B3B
00000B3B
00000B49
00000B3B
00000B4A
00000B4A
00000B4B
00000B4C
00000B4A
00000B4D
00000B4E
00000B4F
00000B50
00000B51
00000B52
00000B53
00000B4A
00000B4A
00000B54
00000B55
00000B4A
00000B56
00000B4A
00000B57
00000B58
00000B4A
00000B59
00000B5A
00000B5B
00000B5C
00000B5C
00000B5D
00000B5E
00000B5F
00000B60
00000B61
00000B62
00000B5B
00000B63
00000B64
00000B5B
00000B65
00000B66
00000B67
00000B68
00000B5B
00000B69
00000B5B
00000B5B
00000B6A
00000B5B
00000B6B
00000B6B
00000B6C
00000B6D
00000B6B
00000B6E
00000B6F
00000B70
00000B71
00000B72
00000B73
00000B74
00000B6B
00000B6B
00000B75
00000B76
00000B6B
00000B77
00000B6B
00000B78
00000B79
00000B7A
00000B7B
00000B7C
00000B5B
00000B5C
00000B5C
00000B5D
00000B5E
00000B5F
00000B60
00000B61
00000B62
00000B5B
00000B63
00000B64
00000B5B
00000B65
00000B66
00000B67
00000B68
00000B5B
00000B69
00000B5B
00000B5B
00000B6A
00000B5B
00000B6B
00000B6B
00000B6C
00000B6D
00000B6B
00000B6E
00000B6F
00000B70
00000B71
00000B72
00000B73
00000B74
00000B6B
00000B6B
00000B75
00000B76
00000B6B
00000B77
00000B6B
00000B78
00000B79
00000B7A
00000B7B
00000B7C
00000B5B
00000B5C
00000B5C
00000B5D
00000B5E
00000B5F
00000B60
00000B61
00000B62
00000B5B
00000B63
00000B64
00000B5B
00000B65
00000B66
00000B67
00000B68
00000B5B
00000B69
00000B5B
00000B5B
00000B6A
00000B5B
00000B6B
00000B6B
00000B6C
00000B6D
00000B6B
00000B6E
00000B6F
00000B70
00000B71
00000B72
00000B73
00000B74
00000B6B
00000B6B
00000B75
00000B76
00000B6B
00000B77
00000B6B
00000B78
00000B79
00000B7A
00000B7B
00000B7C
00000B5B
00000B5C
00000B5C
00000B5D
00000B5E
00000B5F
00000B60
00000B61
00000B62
00000B5B
00000B63
00000B64
00000B5B
00000B65
00000B66
00000B67
00000B68
00000B5B
00000B69
00000B5B
00000B5B
00000B6A
00000B5B
00000B6B
00000B6B
00000B6C
00000B6D
00000B6B
00000B6E
00000B6F
00000B70
00000B71
00000B72
00000B73
00000B74
00000B6B
00000B6B
00000B75
00000B76
00000B6B
00000B77
00000B6B
00000B78
00000B79
00000B7A
00000B7B
00000B7C
00000B5B
00000B5C
00000B5C
00000B5D
00000B5E
00000B5F
00000B60
00000B61
00000B62
00000B5B
00000B63
00000B64
00000B5B
00000B65
00000B66
00000B67
00000B68
00000B5B
00000B69
00000B5B
00000B5B
00000B6A
00000B5B
00000B6B
00000B6B
00000B6C
00000B6D
00000B6B
00000B6E
00000B6F
00000B70
00000B71
00000B72
00000B73
00000B74
00000B6B
00000B6B
00000B75
00000B76
00000B6B
00000B77
00000B6B
00000B78
00000B79
00000B7A
00000B7B
00000B7C
00000B5B
00000B5C
00000B5C
00000B5D
00000B5E
00000B5F
00000B60
00000B61
00000B62
00000B5B
00000B63
00000B64
00000B5B
00000B65
00000B66
00000B67
00000B68
00000B5B
00000B69
00000B5B
00000B5B
00000B6A
00000B5B
00000B6B
00000B6B
00000B6C
00000B6D
00000B6B
00000B6E
00000B6F
00000B70
00000B71
00000B72
00000B73
00000B74
00000B6B
00000B6B
00000B75
00000B76
00000B6B
00000B77
00000B6B
00000B78
00000B79
00000B7A
00000B7B
00000B7C
00000B5B
00000B5C
00000B5C
00000B5D
00000B5E
00000B5F
00000B60
00000B61
00000B62
00000B5B
00000B63
00000B64
00000B5B
00000B65
00000B66
00000B67
00000B68
00000B5B
00000B69
00000B5B
00000B5B
00000B6A
00000B5B
00000B6B
00000B6B
00000B6C
00000B6D
00000B6B
00000B6E
00000B6F
00000B70
00000B71
00000B72
00000B73
00000B74
00000B6B
00000B6B
00000B75
00000B76
00000B6B
00000B77
00000B6B
00000B78
00000B79
00000B7A
00000B7B
00000B7C
00000B5B
00000B5C
00000B5C
00000B5D
00000B5E
00000B5F
00000B60
00000B61
00000B62
00000B5B
00000B63
00000B64
00000B5B
00000B65
00000B66
00000B67
00000B68
00000B5B
00000B69
00000B5B
00000B5B
00000B6A
00000B5B
00000B6B
00000B6B
00000B6C
00000B6D
00000B6B
00000B6E
00000B6F
00000B70
00000B71
00000B72
00000B73
00000B74
00000B6B
00000B6B
00000B75
00000B76
00000B6B
00000B77
00000B6B
00000B78
00000B79
00000B7A
00000B7B
00000B7C
00000B5B
00000B5C
00000B5C
00000B5D
00000B5E
00000B5F
00000B60
00000B61
00000B62
00000B5B
00000B63
00000B64
00000B5B
00000B65
00000B66
00000B67
00000B68
00000B5B
00000B69
00000B5B
00000B5B
00000B6A
00000B5B
00000B6B
00000B6B
00000B6C
00000B6D
00000B6B
00000B6E
00000B6F
00000B70
00000B71
00000B72
00000B73
00000B74
00000B6B
00000B6B
00000B75
00000B76
00000B6B
00000B77
00000B6B
00000B78
00000B79
00000B7A
00000B7B
00000B7C
00000B5B
00000B5C
00000B5C
00000B5D
00000B5E
00000B5F
00000B60
00000B61
00000B62
00000B5B
00000B63
00000B64
00000B5B
00000B65
00000B66
00000B67
00000B68
00000B5B
00000B69
00000B5B
00000B5B
00000B6A
00000B5B
00000B6B
00000B6B
00000B6C
00000B6D
00000B6B
00000B6E
00000B6F
00000B70
00000B71
00000B72
00000B73
00000B74
00000B6B
00000B6B
00000B75
00000B76
00000B6B
00000B77
00000B6B
00000B78
00000B79
00000B7A
00000B7B
00000B7C
00000B5B
00000B5C
00000B5C
00000B5D
00000B5E
00000B5F
00000B60
00000B61
00000B62
00000B5B
00000B63
00000B64
00000B5B
00000B65
00000B66
00000B67
00000B68
00000B5B
00000B69
00000B5B
00000B5B
00000B6A
00000B5B
00000B6B
00000B6B
00000B6C
00000B6D
00000B6B
00000B6E
00000B6F
00000B70
00000B71
00000B72
00000B73
00000B74
00000B6B
00000B6B
00000B75
00000B76
00000B6B
00000B77
00000B6B
00000B78
00000B79
00000B7A
00000B7B
00000B7C
00000B5B
00000B5C
00000B5C
00000B5D
00000B5E
00000B5F
00000B60
00000B61
00000B62
00000B5B
00000B63
00000B64
00000B5B
00000B65
00000B66
00000B67
00000B68
00000B5B
00000B69
00000B5B
00000B5B
00000B6A
00000B5B
00000B6B
00000B6B
00000B6C
00000B6D
00000B6B
00000B6E
00000B6F
00000B70
00000B71
00000B72
00000B73
00000B74
00000B6B
00000B6B
00000B75
00000B76
00000B6B
00000B77
00000B6B
00000B78
00000B79
00000B7A
00000B7B
00000B7C
00000B5B
00000B5C
00000B5C
00000B5D
00000B5E
00000B5F
00000B60
00000B61
00000B62
00000B5B
00000B63
00000B64
00000B5B
00000B65
00000B66
00000B67
00000B68
00000B5B
00000B69
00000B5B
00000B5B
00000B6A
00000B5B
00000B6B
00000B6B
00000B6C
00000B6D
00000B6B
00000B6E
00000B6F
00000B70
00000B71
00000B72
00000B73
00000B74
00000B6B
00000B6B
00000B75
00000B76
00000B6B
00000B77
00000B6B
00000B78
00000B79
00000B7A
00000B7B
00000B7C
00000B5B
00000B5C
00000B5C
00000B5D
00000B5E
00000B5F
00000B60
00000B61
00000B62
00000B5B
00000B63
00000B64
00000B5B
00000B65
00000B66
00000B67
00000B68
00000B5B
00000B69
00000B5B
00000B5B
00000B6A
00000B5B
00000B6B
00000B6B
00000B6C
00000B6D
00000B6B
00000B6E
00000B6F
00000B70
00000B71
00000B72
00000B73
00000B74
00000B6B
00000B6B
00000B75
00000B76
00000B6B
00000B77
00000B6B
00000B78
00000B79
00000B7A
00000B7B
00000B7C
00000B5B
00000B5C
00000B5C
00000B5D
00000B5E
00000B5F
00000B60
00000B61
00000B62
00000B5B
00000B63
00000B64
00000B5B
00000B65
00000B66
00000B67
00000B68
00000B5B
00000B69
00000B5B
00000B5B
00000B6A
00000B5B
00000B6B
00000B6B
00000B6C
00000B6D
00000B6B
00000B6E
00000B6F
00000B70
00000B71
00000B72
00000B73
00000B74
00000B6B
00000B6B
00000B75
00000B76
00000B6B
00000B77
00000B6B
00000B78
00000B79
00000B7A
00000B7B
00000B7C
00000B5B
00000B5C
00000B5C
00000B5D
00000B5E
00000B5F
00000B60
00000B61
00000B62
00000B5B
00000B63
00000B64
00000B5B
00000B65
00000B66
00000B67
00000B68
00000B5B
00000B69
00000B5B
00000B5B
00000B6A
00000B5B
00000B6B
00000B6B
00000B6C
00000B6D
00000B6B
00000B6E
00000B6F
00000B70
00000B71
00000B72
00000B73
00000B74
00000B6B
00000B6B
00000B75
00000B76
00000B6B
00000B77
00000B6B
00000B78
00000B79
00000B7A
00000B7B
00000B7C
00000B5B
00000B5C
00000B5C
00000B5D
00000B5E
00000B5F
00000B60
00000B61
00000B62
00000B5B
00000B63
00000B64
00000B5B
00000B65
00000B66
00000B67
00000B68
00000B5B
00000B69
00000B5B
00000B5B
00000B6A
00000B5B
00000B6B
00000B6B
00000B6C
00000B6D
00000B6B
00000B6E
00000B6F
00000B70
00000B71
00000B72
00000B73
00000B74
00000B6B
00000B6B
00000B75
00000B76
00000B6B
00000B77
00000B6B
00000B78
00000B79
00000B7A
00000B7B
00000B7C
00000B5B
00000B5C
00000B5C
00000B5D
00000B5E
00000B5F
00000B60
00000B61
00000B62
00000B5B
00000B63
00000B64
00000B5B
00000B65
00000B66
00000B67
00000B68
00000B5B
00000B69
00000B5B
00000B5B
00000B6A
00000B5B
00000B6B
00000B6B
00000B6C
00000B6D
00000B6B
00000B6E
00000B6F
00000B70
00000B71
00000B72
00000B73
00000B74
00000B6B
00000B6B
00000B75
00000B76
00000B6B
00000B77
00000B6B
00000B78
00000B79
00000B7A
00000B7B
00000B7C
00000B5B
00000B5C
00000B5C
00000B5D
00000B5E
00000B5F
00000B60
00000B61
00000B62
00000B5B
00000B63
00000B64
00000B5B
00000B65
00000B66
00000B67
00000B68
00000B5B
00000B69
00000B5B
00000B5B
00000B6A
00000B5B
00000B6B
00000B6B
00000B6C
00000B6D
00000B6B
00000B6E
00000B6F
00000B70
00000B71
00000B72
00000B73
00000B74
00000B6B
00000B6B
00000B75
00000B76
00000B6B
00000B77
00000B6B
00000B78
00000B79
00000B7A
00000B7B
00000B7C
00000B5B
00000B5C
00000B5C
00000B5D
00000B5E
00000B5F
00000B60
00000B61
00000B62
00000B5B
00000B63
00000B64
00000B5B
00000B65
00000B66
00000B67
00000B68
00000B5B
00000B69
00000B5B
00000B5B
00000B6A
00000B5B
00000B6B
00000B6B
00000B6C
00000B6D
00000B6B
00000B6E
00000B6F
00000B70
00000B71
00000B72
00000B73
00000B74
00000B6B
00000B6B
00000B75
00000B76
00000B6B
00000B77
00000B6B
00000B78
00000B79
00000B7A
00000B7B
00000B7C
00000B5B
00000B5C
00000B5C
00000B5D
00000B5E
00000B5F
00000B60
00000B61
00000B62
00000B5B
00000B63
00000B64
00000B5B
00000B65
00000B66
00000B67
00000B68
00000B5B
00000B69
00000B5B
00000B5B
00000B6A
00000B5B
00000B6B
00000B6B
00000B6C
00000B6D
00000B6B
00000B6E
00000B6F
00000B70
00000B71
00000B72
00000B73
00000B74
00000B6B
00000B6B
00000B75
00000B76
00000B6B
00000B77
00000B6B
00000B78
00000B79
00000B7A
00000B7B
00000B7C
00000B5B
00000B5C
00000B5C
00000B5D
00000B5E
00000B5F
00000B60
00000B61
00000B62
00000B5B
00000B63
00000B64
00000B5B
00000B65
00000B66
00000B67
00000B68
00000B5B
00000B69
00000B5B
00000B5B
00000B6A
00000B5B
00000B6B
00000B6B
00000B6C
00000B6D
00000B6B
00000B6E
00000B6F
00000B70
00000B71
00000B72
00000B73
00000B74
00000B6B
00000B6B
00000B75
00000B76
00000B6B
00000B77
00000B6B
00000B78
00000B79
00000B7A
00000B7B
00000B7C
00000B5B
00000B5C
00000B5C
00000B5D
00000B5E
00000B5F
00000B60
00000B61
00000B62
00000B5B
00000B63
00000B64
00000B5B
00000B65
00000B66
00000B67
00000B68
00000B5B
00000B69
00000B5B
00000B5B
00000B6A
00000B5B
00000B6B
00000B6B
00000B6C
00000B6D
00000B6B
00000B6E
00000B6F
00000B70
00000B71
00000B72
00000B73
00000B74
00000B6B
00000B6B
00000B75
00000B76
00000B6B
00000B77
00000B6B
00000B78
00000B79
00000B7A
00000B7B
00000B7C
00000B7D
00000B7D
00000B7E
00000B7F
00000B80
00000B81
00000B82
00000B83
00000B84
00000B7D
00000B85
00000B86
00000B7D
00000B87
00000B88
00000B89
00000B8A
00000B8B
00000B8C
00000B7D
00000B7D
00000B8D
00000B7D
00000B8E
00000B8F
00000B90
00000B91
00000B8E
00000B92
00000B93
00000B94
00000B95
00000B96
00000B97
00000B98
00000B8E
00000B8E
00000B99
00000B9A
00000B8E
00000B9B
00000B8E
00000B9C
00000B9D
00000B8E
00000B9E
00000B9F
00000B7D
00000B7D
00000B7E
00000B7F
00000B80
00000B81
00000B82
00000B83
00000B84
00000B7D
00000B85
00000B86
00000B7D
00000B87
00000B88
00000B89
00000B8A
00000B8B
00000B8C
00000B7D
00000B7D
00000B8D
00000B7D
00000B8E
00000B8F
00000B90
00000B91
00000B8E
00000B92
00000B93
00000B94
00000B95
00000B96
00000B97
00000B98
00000B8E
00000B8E
00000B99
00000B9A
00000B8E
00000B9B
00000B8E
00000B9C
00000B9D
00000B8E
00000B9E
00000B9F
00000B7D
00000B7D
00000B7E
00000B7F
00000B80
00000B81
00000B82
00000B83
00000B84
00000B7D
00000B85
00000B86
00000B7D
00000B87
00000B88
00000B89
00000B8A
00000B8B
00000B8C
00000B7D
00000B7D
00000B8D
00000B7D
00000B8E
00000B8F
00000B90
00000B91
00000B8E
00000B92
00000B93
00000B94
00000B95
00000B96
00000B97
00000B98
00000B8E
00000B8E
00000B99
00000B9A
00000B8E
00000B9B
00000B8E
00000B9C
00000B9D
00000B8E
00000B9E
00000B9F
00000B7D
00000B7D
00000B7E
00000B7F
00000B80
00000B81
00000B82
00000B83
00000B84
00000B7D
00000B85
00000B86
00000B7D
00000B87
00000B88
00000B89
00000B8A
00000B8B
00000B8C
00000B7D
00000B7D
00000B8D
00000B7D
00000B8E
00000B8F
00000B90
00000B91
00000B8E
00000B92
00000B93
00000B94
00000B95
00000B96
00000B97
00000B98
00000B8E
00000B8E
00000B99
00000B9A
00000B8E
00000B9B
00000B8E
00000B9C
00000B9D
00000B8E
00000B9E
00000B9F
00000B7D
00000B7D
00000B7E
00000B7F
00000B80
00000B81
00000B82
00000B83
00000B84
00000B7D
00000B85
00000B86
00000B7D
00000B87
00000B88
00000B89
00000B8A
00000B8B
00000B8C
00000B7D
00000B7D
00000B8D
00000B7D
00000B8E
00000B8F
00000B90
00000B91
00000B8E
00000B92
00000B93
00000B94
00000B95
00000B96
00000B97
00000B98
00000B8E
00000B8E
00000B99
00000B9A
00000B8E
00000B9B
00000B8E
00000B9C
00000B9D
00000B8E
00000B9E
00000B9F
00000B7D
00000B7D
00000B7E
00000B7F
00000B80
00000B81
00000B82
00000B83
00000B84
00000B7D
00000B85
00000B86
00000B7D
00000B87
00000B88
00000B89
00000B8A
00000B8B
00000B8C
00000B7D
00000B7D
00000B8D
00000B7D
00000B8E
00000B8F
00000B90
00000B91
00000B8E
00000B92
00000B93
00000B94
00000B95
00000B96
00000B97
00000B98
00000B8E
00000B8E
00000B99
00000B9A
00000B8E
00000B9B
00000B8E
00000B9C
00000B9D
00000B8E
00000B9E
00000B9F
00000B7D
00000B7D
00000B7E
00000B7F
00000B80
00000B81
00000B82
00000B83
00000B84
00000B7D
00000B85
00000B86
00000B7D
00000B87
00000B88
00000B89
00000B8A
00000B8B
00000B8C
00000B7D
00000B7D
00000B8D
00000B7D
00000B8E
00000B8F
00000B90
00000B91
00000B8E
00000B92
00000B93
00000B94
00000B95
00000B96
00000B97
00000B98
00000B8E
00000B8E
00000B99
00000B9A
00000B8E
00000B9B
00000B8E
00000B9C
00000B9D
00000B8E
00000B9E
00000B9F
00000B7D
00000B7D
00000B7E
00000B7F
00000B80
00000B81
00000B82
00000B83
00000B84
00000B7D
00000B85
00000B86
00000B7D
00000B87
00000B88
00000B89
00000B8A
00000B8B
00000B8C
00000B7D
00000B7D
00000B8D
00000B7D
00000B8E
00000B8F
00000B90
00000B91
00000B8E
00000B92
00000B93
00000B94
00000B95
00000B96
00000B97
00000B98
00000B8E
00000B8E
00000B99
00000B9A
00000B8E
00000B9B
00000B8E
00000B9C
00000B9D
00000B8E
00000B9E
00000B9F
00000B7D
00000B7D
00000B7E
00000B7F
00000B80
00000B81
00000B82
00000B83
00000B84
00000B7D
00000B85
00000B86
00000B7D
00000B87
00000B88
00000B89
00000B8A
00000B8B
00000B8C
00000B7D
00000B7D
00000B8D
00000B7D
00000B8E
00000B8F
00000B90
00000B91
00000B8E
00000B92
00000B93
00000B94
00000B95
00000B96
00000B97
00000B98
00000B8E
00000B8E
00000B99
00000B9A
00000B8E
00000B9B
00000B8E
00000B9C
00000B9D
00000B8E
00000B9E
00000B9F
00000B7D
00000B7D
00000B7E
00000B7F
00000B80
00000B81
00000B82
00000B83
00000B84
00000B7D
00000B85
00000B86
00000B7D
00000B87
00000B88
00000B89
00000B8A
00000B8B
00000B8C
00000B7D
00000B7D
00000B8D
00000B7D
00000B8E
00000B8F
00000B90
00000B91
00000B8E
00000B92
00000B93
00000B94
00000B95
00000B96
00000B97
00000B98
00000B8E
00000B8E
00000B99
00000B9A
00000B8E
00000B9B
00000B8E
00000B9C
00000B9D
00000B8E
00000B9E
00000B9F
00000B7D
00000B7D
00000B7E
00000B7F
00000B80
00000B81
00000B82
00000B83
00000B84
00000B7D
00000B85
00000B86
00000B7D
00000B87
00000B88
00000B89
00000B8A
00000B8B
00000B8C
00000B7D
00000B7D
00000B8D
00000B7D
00000B8E
00000B8F
00000B90
00000B91
00000B8E
00000B92
00000B93
00000B94
00000B95
00000B96
00000B97
00000B98
00000B8E
00000B8E
00000B99
00000B9A
00000B8E
00000B9B
00000B8E
00000B9C
00000B9D
00000B8E
00000B9E
00000B9F
00000B7D
00000B7D
00000B7E
00000B7F
00000B80
00000B81
00000B82
00000B83
00000B84
00000B7D
00000B85
00000B86
00000B7D
00000B87
00000B88
00000B89
00000B8A
00000B8B
00000B8C
00000B7D
00000B7D
00000B8D
00000B7D
00000B8E
00000B8F
00000B90
00000B91
00000B8E
00000B92
00000B93
00000B94
00000B95
00000B96
00000B97
00000B98
00000B8E
00000B8E
00000B99
00000B9A
00000B8E
00000B9B
00000B8E
00000B9C
00000B9D
00000B8E
00000B9E
00000B9F
00000B7D
00000B7D
00000B7E
00000B7F
00000B80
00000B81
00000B82
00000B83
00000B84
00000B7D
00000B85
00000B86
00000B7D
00000B87
00000B88
00000B89
00000B8A
00000B8B
00000B8C
00000B7D
00000B7D
00000B8D
00000B7D
00000B8E
00000B8F
00000B90
00000B91
00000B8E
00000B92
00000B93
00000B94
00000B95
00000B96
00000B97
00000B98
00000B8E
00000B8E
00000B99
00000B9A
00000B8E
00000B9B
00000B8E
00000B9C
00000B9D
00000B8E
00000B9E
00000B9F
00000B7D
00000B7D
00000B7E
00000B7F
00000B80
00000B81
00000B82
00000B83
00000B84
00000B7D
00000B85
00000B86
00000B7D
00000B87
00000B88
00000B89
00000B8A
00000B8B
00000B8C
00000B7D
00000B7D
00000B8D
00000B7D
00000B8E
00000B8F
00000B90
00000B91
00000B8E
00000B92
00000B93
00000B94
00000B95
00000B96
00000B97
00000B98
00000B8E
00000B8E
00000B99
00000B9A
00000B8E
00000B9B
00000B8E
00000B9C
00000B9D
00000B8E
00000B9E
00000B9F
00000B7D
00000B7D
00000B7E
00000B7F
00000B80
00000B81
00000B82
00000B83
00000B84
00000B7D
00000B85
00000B86
00000B7D
00000B87
00000B88
00000B89
00000B8A
00000B8B
00000B8C
00000B7D
00000B7D
00000B8D
00000B7D
00000B8E
00000B8F
00000B90
00000B91
00000B8E
00000B92
00000B93
00000B94
00000B95
00000B96
00000B97
00000B98
00000B8E
00000B8E
00000B99
00000B9A
00000B8E
00000B9B
00000B8E
00000B9C
00000B9D
00000B8E
00000B9E
00000B9F
00000B7D
00000B7D
00000B7E
00000B7F
00000B80
00000B81
00000B82
00000B83
00000B84
00000B7D
00000B85
00000B86
00000B7D
00000B87
00000B88
00000B89
00000B8A
00000B8B
00000B8C
00000B7D
00000B7D
00000B8D
00000B7D
00000B8E
00000B8F
00000B90
00000B91
00000B8E
00000B92
00000B93
00000B94
00000B95
00000B96
00000B97
00000B98
00000B8E
00000B8E
00000B99
00000B9A
00000B8E
00000B9B
00000B8E
00000B9C
00000B9D
00000B8E
00000B9E
00000B9F
00000B7D
00000B7D
00000B7E
00000B7F
00000B80
00000B81
00000B82
00000B83
00000B84
00000B7D
00000B85
00000B86
00000B7D
00000B87
00000B88
00000B89
00000B8A
00000B8B
00000B8C
00000B7D
00000B7D
00000B8D
00000B7D
00000B8E
00000B8F
00000B90
00000B91
00000B8E
00000B92
00000B93
00000B94
00000B95
00000B96
00000B97
00000B98
00000B8E
00000B8E
00000B99
00000B9A
00000B8E
00000B9B
00000B8E
00000B9C
00000B9D
00000B8E
00000B9E
00000B9F
00000B7D
00000B7D
00000B7E
00000B7F
00000B80
00000B81
00000B82
00000B83
00000B84
00000B7D
00000B85
00000B86
00000B7D
00000B87
00000B88
00000B89
00000B8A
00000B8B
00000B8C
00000B7D
00000B7D
00000B8D
00000B7D
00000B8E
00000B8F
00000B90
00000B91
00000B8E
00000B92
00000B93
00000B94
00000B95
00000B96
00000B97
00000B98
00000B8E
00000B8E
00000B99
00000B9A
00000B8E
00000B9B
00000B8E
00000B9C
00000B9D
00000B8E
00000B9E
00000B9F
00000B7D
00000B7D
00000B7E
00000B7F
00000B80
00000B81
00000B82
00000B83
00000B84
00000B7D
00000B85
00000B86
00000B7D
00000B87
00000B88
00000B89
00000B8A
00000B8B
00000B8C
00000B7D
00000B7D
00000B8D
00000B7D
00000B8E
00000B8F
00000B90
00000B91
00000B8E
00000B92
00000B93
00000B94
00000B95
00000B96
00000B97
00000B98
00000B8E
00000B8E
00000B99
00000B9A
00000B8E
00000B9B
00000B8E
00000B9C
00000B9D
00000B8E
00000B9E
00000B9F
00000B7D
00000B7D
00000B7E
00000B7F
00000B80
00000B81
00000B82
00000B83
00000B84
00000B7D
00000B85
00000B86
00000B7D
00000B87
00000B88
00000B89
00000B8A
00000B8B
00000B8C
00000B7D
00000B7D
00000B8D
00000B7D
00000B8E
00000B8F
00000B90
00000B91
00000B8E
00000B92
00000B93
00000B94
00000B95
00000B96
00000B97
00000B98
00000B8E
00000B8E
00000B99
00000B9A
00000B8E
00000B9B
00000B8E
00000B9C
00000B9D
00000B8E
00000B9E
00000B9F
00000B7D
00000B7D
00000B7E
00000B7F
00000B80
00000B81
00000B82
00000B83
00000B84
00000B7D
00000B85
00000B86
00000B7D
00000B87
00000B88
00000B89
00000B8A
00000B8B
00000B8C
00000B7D
00000B7D
00000B8D
00000B7D
00000B8E
00000B8F
00000B90
00000B91
00000B8E
00000B92
00000B93
00000B94
00000B95
00000B96
00000B97
00000B98
00000B8E
00000B8E
00000B99
00000B9A
00000B8E
00000B9B
00000B8E
00000B9C
00000B9D
00000B8E
00000B9E
00000B9F
00000B7D
00000B7D
00000B7E
00000B7F
00000B80
00000B81
00000B82
00000B83
00000B84
00000B7D
00000B85
00000B86
00000B7D
00000B87
00000B88
00000B89
00000B8A
00000B8B
00000B8C
00000B7D
00000B7D
00000B8D
00000B7D
00000B8E
00000B8F
00000B90
00000B91
00000B8E
00000B92
00000B93
00000B94
00000B95
00000B96
00000B97
00000B98
00000B8E
00000B8E
00000B99
00000B9A
00000B8E
00000B9B
00000B8E
00000B9C
00000B9D
00000B8E
00000B9E
00000B9F
00000B7D
00000B7D
00000B7E
00000B7F
00000B80
00000B81
00000B82
00000B83
00000B84
00000B7D
00000B85
00000B86
00000B7D
00000B87
00000B88
00000B89
00000B8A
00000B8B
00000B8C
00000B7D
00000B7D
00000B8D
00000B7D
00000B8E
00000B8F
00000B90
00000B91
00000B8E
00000B92
00000B93
00000B94
00000B95
00000B96
00000B97
00000B98
00000B8E
00000B8E
00000B99
00000B9A
00000B8E
00000B9B
00000B8E
00000B9C
00000B9D
00000B8E
00000B9E
00000B9F
00000BA0
00000BA1
00000BA1
00000BA2
00000BA3
00000BA4
00000BA5
00000BA6
00000BA7
00000BA0
00000BA8
00000BA9
00000BA0
00000BAA
00000BAB
00000BAC
00000BAD
00000BA0
00000BAE
00000BA0
00000BA0
00000BAF
00000BA0
00000BA0
00000BA0
00000BB0
00000BB1
00000BA0
00000BB2
00000BB3
00000BB4
00000BB5
00000BB6
00000BB7
00000BB8
00000BB9
00000BA0
00000BBA
00000BBB
00000BBC
00000BBD
00000BA0
00000BBE
00000BBF
00000BA0
00000BC0
00000BC1
00000BA0
00000BA1
00000BA1
00000BA2
00000BA3
00000BA4
00000BA5
00000BA6
00000BA7
00000BA0
00000BA8
00000BA9
00000BA0
00000BAA
00000BAB
00000BAC
00000BAD
00000BA0
00000BAE
00000BA0
00000BA0
00000BAF
00000BA0
00000BA0
00000BA0
00000BB0
00000BB1
00000BA0
00000BB2
00000BB3
00000BB4
00000BB5
00000BB6
00000BB7
00000BB8
00000BB9
00000BA0
00000BBA
00000BBB
00000BBC
00000BBD
00000BA0
00000BBE
00000BBF
00000BA0
00000BC0
00000BC1
00000BA0
00000BA1
00000BA1
00000BA2
00000BA3
00000BA4
00000BA5
00000BA6
00000BA7
00000BA0
00000BA8
00000BA9
00000BA0
00000BAA
00000BAB
00000BAC
00000BAD
00000BA0
00000BAE
00000BA0
00000BA0
00000BAF
00000BA0
00000BA0
00000BA0
00000BB0
00000BB1
00000BA0
00000BB2
00000BB3
00000BB4
00000BB5
00000BB6
00000BB7
00000BB8
00000BB9
00000BA0
00000BBA
00000BBB
00000BBC
00000BBD
00000BA0
00000BBE
00000BBF
00000BA0
00000BC0
00000BC1
00000BA0
00000BA1
00000BA1
00000BA2
00000BA3
00000BA4
00000BA5
00000BA6
00000BA7
00000BA0
00000BA8
00000BA9
00000BA0
00000BAA
00000BAB
00000BAC
00000BAD
00000BA0
00000BAE
00000BA0
00000BA0
00000BAF
00000BA0
00000BA0
00000BA0
00000BB0
00000BB1
00000BA0
00000BB2
00000BB3
00000BB4
00000BB5
00000BB6
00000BB7
00000BB8
00000BB9
00000BA0
00000BBA
00000BBB
00000BBC
00000BBD
00000BA0
00000BBE
00000BBF
00000BA0
00000BC0
00000BC1
00000BA0
00000BA1
00000BA1
00000BA2
00000BA3
00000BA4
00000BA5
00000BA6
00000BA7
00000BA0
00000BA8
00000BA9
00000BA0
00000BAA
00000BAB
00000BAC
00000BAD
00000BA0
00000BAE
00000BA0
00000BA0
00000BAF
00000BA0
00000BA0
00000BA0
00000BB0
00000BB1
00000BA0
00000BB2
00000BB3
00000BB4
00000BB5
00000BB6
00000BB7
00000BB8
00000BB9
00000BA0
00000BBA
00000BBB
00000BBC
00000BBD
00000BA0
00000BBE
00000BBF
00000BA0
00000BC0
00000BC1
00000BA0
00000BA1
00000BA1
00000BA2
00000BA3
00000BA4
00000BA5
00000BA6
00000BA7
00000BA0
00000BA8
00000BA9
00000BA0
00000BAA
00000BAB
00000BAC
00000BAD
00000BA0
00000BAE
00000BA0
00000BA0
00000BAF
00000BA0
00000BA0
00000BA0
00000BB0
00000BB1
00000BA0
00000BB2
00000BB3
00000BB4
00000BB5
00000BB6
00000BB7
00000BB8
00000BB9
00000BA0
00000BBA
00000BBB
00000BBC
00000BBD
00000BA0
00000BBE
00000BBF
00000BA0
00000BC0
00000BC1
00000BA0
00000BA1
00000BA1
00000BA2
00000BA3
00000BA4
00000BA5
00000BA6
00000BA7
00000BA0
00000BA8
00000BA9
00000BA0
00000BAA
00000BAB
00000BAC
00000BAD
00000BA0
00000BAE
00000BA0
00000BA0
00000BAF
00000BA0
00000BA0
00000BA0
00000BB0
00000BB1
00000BA0
00000BB2
00000BB3
00000BB4
00000BB5
00000BB6
00000BB7
00000BB8
00000BB9
00000BA0
00000BBA
00000BBB
00000BBC
00000BBD
00000BA0
00000BBE
00000BBF
00000BA0
00000BC0
00000BC1
00000BA0
00000BA1
00000BA1
00000BA2
00000BA3
00000BA4
00000BA5
00000BA6
00000BA7
00000BA0
00000BA8
00000BA9
00000BA0
00000BAA
00000BAB
00000BAC
00000BAD
00000BA0
00000BAE
00000BA0
00000BA0
00000BAF
00000BA0
00000BA0
00000BA0
00000BB0
00000BB1
00000BA0
00000BB2
00000BB3
00000BB4
00000BB5
00000BB6
00000BB7
00000BB8
00000BB9
00000BA0
00000BBA
00000BBB
00000BBC
00000BBD
00000BA0
00000BBE
00000BBF
00000BA0
00000BC0
00000BC1
00000BA0
00000BA1
00000BA1
00000BA2
00000BA3
00000BA4
00000BA5
00000BA6
00000BA7
00000BA0
00000BA8
00000BA9
00000BA0
00000BAA
00000BAB
00000BAC
00000BAD
00000BA0
00000BAE
00000BA0
00000BA0
00000BAF
00000BA0
00000BA0
00000BA0
00000BB0
00000BB1
00000BA0
00000BB2
00000BB3
00000BB4
00000BB5
00000BB6
00000BB7
00000BB8
00000BB9
00000BA0
00000BBA
00000BBB
00000BBC
00000BBD
00000BA0
00000BBE
00000BBF
00000BA0
00000BC0
00000BC1
00000BA0
00000BA1
00000BA1
00000BA2
00000BA3
00000BA4
00000BA5
00000BA6
00000BA7
00000BA0
00000BA8
00000BA9
00000BA0
00000BAA
00000BAB
00000BAC
00000BAD
00000BA0
00000BAE
00000BA0
00000BA0
00000BAF
00000BA0
00000BA0
00000BA0
00000BB0
00000BB1
00000BA0
00000BB2
00000BB3
00000BB4
00000BB5
00000BB6
00000BB7
00000BB8
00000BB9
00000BA0
00000BBA
00000BBB
00000BBC
00000BBD
00000BA0
00000BBE
00000BBF
00000BA0
00000BC0
00000BC1
00000BA0
00000BA1
00000BA1
00000BA2
00000BA3
00000BA4
00000BA5
00000BA6
00000BA7
00000BA0
00000BA8
00000BA9
00000BA0
00000BAA
00000BAB
00000BAC
00000BAD
00000BA0
00000BAE
00000BA0
00000BA0
00000BAF
00000BA0
00000BA0
00000BA0
00000BB0
00000BB1
00000BA0
00000BB2
00000BB3
00000BB4
00000BB5
00000BB6
00000BB7
00000BB8
00000BB9
00000BA0
00000BBA
00000BBB
00000BBC
00000BBD
00000BA0
00000BBE
00000BBF
00000BA0
00000BC0
00000BC1
00000BA0
00000BA1
00000BA1
00000BA2
00000BA3
00000BA4
00000BA5
00000BA6
00000BA7
00000BA0
00000BA8
00000BA9
00000BA0
00000BAA
00000BAB
00000BAC
00000BAD
00000BA0
00000BAE
00000BA0
00000BA0
00000BAF
00000BA0
00000BA0
00000BA0
00000BB0
00000BB1
00000BA0
00000BB2
00000BB3
00000BB4
00000BB5
00000BB6
00000BB7
00000BB8
00000BB9
00000BA0
00000BBA
00000BBB
00000BBC
00000BBD
00000BA0
00000BBE
00000BBF
00000BA0
00000BC0
00000BC1
00000BA0
00000BA1
00000BA1
00000BA2
00000BA3
00000BA4
00000BA5
00000BA6
00000BA7
00000BA0
00000BA8
00000BA9
00000BA0
00000BAA
00000BAB
00000BAC
00000BAD
00000BA0
00000BAE
00000BA0
00000BA0
00000BAF
00000BA0
00000BA0
00000BA0
00000BB0
00000BB1
00000BA0
00000BB2
00000BB3
00000BB4
00000BB5
00000BB6
00000BB7
00000BB8
00000BB9
00000BA0
00000BBA
00000BBB
00000BBC
00000BBD
00000BA0
00000BBE
00000BBF
00000BA0
00000BC0
00000BC1
00000BA0
00000BA1
00000BA1
00000BA2
00000BA3
00000BA4
00000BA5
00000BA6
00000BA7
00000BA0
00000BA8
00000BA9
00000BA0
00000BAA
00000BAB
00000BAC
00000BAD
00000BA0
00000BAE
00000BA0
00000BA0
00000BAF
00000BA0
00000BA0
00000BA0
00000BB0
00000BB1
00000BA0
00000BB2
00000BB3
00000BB4
00000BB5
00000BB6
00000BB7
00000BB8
00000BB9
00000BA0
00000BBA
00000BBB
00000BBC
00000BBD
00000BA0
00000BBE
00000BBF
00000BA0
00000BC0
00000BC1
00000BA0
00000BA1
00000BA1
00000BA2
00000BA3
00000BA4
00000BA5
00000BA6
00000BA7
00000BA0
00000BA8
00000BA9
00000BA0
00000BAA
00000BAB
00000BAC
00000BAD
00000BA0
00000BAE
00000BA0
00000BA0
00000BAF
00000BA0
00000BA0
00000BA0
00000BB0
00000BB1
00000BA0
00000BB2
00000BB3
00000BB4
00000BB5
00000BB6
00000BB7
00000BB8
00000BB9
00000BA0
00000BBA
00000BBB
00000BBC
00000BBD
00000BA0
00000BBE
00000BBF
00000BA0
00000BC0
00000BC1
00000BA0
00000BA1
00000BA1
00000BA2
00000BA3
00000BA4
00000BA5
00000BA6
00000BA7
00000BA0
00000BA8
00000BA9
00000BA0
00000BAA
00000BAB
00000BAC
00000BAD
00000BA0
00000BAE
00000BA0
00000BA0
00000BAF
00000BA0
00000BA0
00000BA0
00000BB0
00000BB1
00000BA0
00000BB2
00000BB3
00000BB4
00000BB5
00000BB6
00000BB7
00000BB8
00000BB9
00000BA0
00000BBA
00000BBB
00000BBC
00000BBD
00000BA0
00000BBE
00000BBF
00000BA0
00000BC0
00000BC1
00000BA0
00000BA1
00000BA1
00000BA2
00000BA3
00000BA4
00000BA5
00000BA6
00000BA7
00000BA0
00000BA8
00000BA9
00000BA0
00000BAA
00000BAB
00000BAC
00000BAD
00000BA0
00000BAE
00000BA0
00000BA0
00000BAF
00000BA0
00000BA0
00000BA0
00000BB0
00000BB1
00000BA0
00000BB2
00000BB3
00000BB4
00000BB5
00000BB6
00000BB7
00000BB8
00000BB9
00000BA0
00000BBA
00000BBB
00000BBC
00000BBD
00000BA0
00000BBE
00000BBF
00000BA0
00000BC0
00000BC1
00000BA0
00000BA1
00000BA1
00000BA2
00000BA3
00000BA4
00000BA5
00000BA6
00000BA7
00000BA0
00000BA8
00000BA9
00000BA0
00000BAA
00000BAB
00000BAC
00000BAD
00000BA0
00000BAE
00000BA0
00000BA0
00000BAF
00000BA0
00000BA0
00000BA0
00000BB0
00000BB1
00000BA0
00000BB2
00000BB3
00000BB4
00000BB5
00000BB6
00000BB7
00000BB8
00000BB9
00000BA0
00000BBA
00000BBB
00000BBC
00000BBD
00000BA0
00000BBE
00000BBF
00000BA0
00000BC0
00000BC1
00000BA0
00000BA1
00000BA1
00000BA2
00000BA3
00000BA4
00000BA5
00000BA6
00000BA7
00000BA0
00000BA8
00000BA9
00000BA0
00000BAA
00000BAB
00000BAC
00000BAD
00000BA0
00000BAE
00000BA0
00000BA0
00000BAF
00000BA0
00000BA0
00000BA0
00000BB0
00000BB1
00000BA0
00000BB2
00000BB3
00000BB4
00000BB5
00000BB6
00000BB7
00000BB8
00000BB9
00000BA0
00000BBA
00000BBB
00000BBC
00000BBD
00000BA0
00000BBE
00000BBF
00000BA0
00000BC0
00000BC1
00000BA0
00000BA1
00000BA1
00000BA2
00000BA3
00000BA4
00000BA5
00000BA6
00000BA7
00000BA0
00000BA8
00000BA9
00000BA0
00000BAA
00000BAB
00000BAC
00000BAD
00000BA0
00000BAE
00000BA0
00000BA0
00000BAF
00000BA0
00000BA0
00000BA0
00000BB0
00000BB1
00000BA0
00000BB2
00000BB3
00000BB4
00000BB5
00000BB6
00000BB7
00000BB8
00000BB9
00000BA0
00000BBA
00000BBB
00000BBC
00000BBD
00000BA0
00000BBE
00000BBF
00000BA0
00000BC0
00000BC1
00000BA0
00000BA1
00000BA1
00000BA2
00000BA3
00000BA4
00000BA5
00000BA6
00000BA7
00000BA0
00000BA8
00000BA9
00000BA0
00000BAA
00000BAB
00000BAC
00000BAD
00000BA0
00000BAE
00000BA0
00000BA0
00000BAF
00000BA0
00000BA0
00000BA0
00000BB0
00000BB1
00000BA0
00000BB2
00000BB3
00000BB4
00000BB5
00000BB6
00000BB7
00000BB8
00000BB9
00000BA0
00000BBA
00000BBB
00000BBC
00000BBD
00000BA0
00000BBE
00000BBF
00000BA0
00000BC0
00000BC1
00000BA0
00000BA1
00000BA1
00000BA2
00000BA3
00000BA4
00000BA5
00000BA6
00000BA7
00000BA0
00000BA8
00000BA9
00000BA0
00000BAA
00000BAB
00000BAC
00000BAD
00000BA0
00000BAE
00000BA0
00000BA0
00000BAF
00000BA0
00000BA0
00000BA0
00000BB0
00000BB1
00000BA0
00000BB2
00000BB3
00000BB4
00000BB5
00000BB6
00000BB7
00000BB8
00000BB9
00000BA0
00000BBA
00000BBB
00000BBC
00000BBD
00000BA0
00000BBE
00000BBF
00000BA0
00000BC0
00000BC1
00000BA0
00000BA1
00000BA1
00000BA2
00000BA3
00000BA4
00000BA5
00000BA6
00000BA7
00000BA0
00000BA8
00000BA9
00000BA0
00000BAA
00000BAB
00000BAC
00000BAD
00000BA0
00000BAE
00000BA0
00000BA0
00000BAF
00000BA0
00000BA0
00000BA0
00000BB0
00000BB1
00000BA0
00000BB2
00000BB3
00000BB4
00000BB5
00000BB6
00000BB7
00000BB8
00000BB9
00000BA0
00000BBA
00000BBB
00000BBC
00000BBD
00000BA0
00000BBE
00000BBF
00000BA0
00000BC0
00000BC1
