00000000
00000001
00000001
00000002
00000001
00000000
00000003
00000004
00000005
00000006
00000007
00000007
00000008
00000000
00000000
00000000
00000009
00000000
0000000A
00000000
00000000
00000000
0000000B
00000000
0000000C
0000000C
0000000C
0000000D
0000000E
0000000C
0000000F
0000000C
0000000C
00000010
0000000C
0000000C
0000000C
00000011
0000000C
0000000C
0000000C
0000000C
00000012
00000013
0000000C
0000000C
0000000C
00000014
0000000C
00000000
00000001
00000001
00000002
00000001
00000000
00000003
00000004
00000005
00000006
00000007
00000007
00000008
00000000
00000000
00000000
00000009
00000000
0000000A
00000000
00000000
00000000
0000000B
00000000
0000000C
0000000C
0000000C
0000000D
0000000E
0000000C
0000000F
0000000C
0000000C
00000010
0000000C
0000000C
0000000C
00000011
0000000C
0000000C
0000000C
0000000C
00000012
00000013
0000000C
0000000C
0000000C
00000014
0000000C
00000000
00000001
00000001
00000002
00000001
00000000
00000003
00000004
00000005
00000006
00000007
00000007
00000008
00000000
00000000
00000000
00000009
00000000
0000000A
00000000
00000000
00000000
0000000B
00000000
0000000C
0000000C
0000000C
0000000D
0000000E
0000000C
0000000F
0000000C
0000000C
00000010
0000000C
0000000C
0000000C
00000011
0000000C
0000000C
0000000C
0000000C
00000012
00000013
0000000C
0000000C
0000000C
00000014
0000000C
00000000
00000001
00000001
00000002
00000001
00000000
00000003
00000004
00000005
00000006
00000007
00000007
00000008
00000000
00000000
00000000
00000009
00000000
0000000A
00000000
00000000
00000000
0000000B
00000000
0000000C
0000000C
0000000C
0000000D
0000000E
0000000C
0000000F
0000000C
0000000C
00000010
0000000C
0000000C
0000000C
00000011
0000000C
0000000C
0000000C
0000000C
00000012
00000013
0000000C
0000000C
0000000C
00000014
0000000C
00000000
00000001
00000001
00000002
00000001
00000000
00000003
00000004
00000005
00000006
00000007
00000007
00000008
00000000
00000000
00000000
00000009
00000000
0000000A
00000000
00000000
00000000
0000000B
00000000
0000000C
0000000C
0000000C
0000000D
0000000E
0000000C
0000000F
0000000C
0000000C
00000010
0000000C
0000000C
0000000C
00000011
0000000C
0000000C
0000000C
0000000C
00000012
00000013
0000000C
0000000C
0000000C
00000014
0000000C
00000000
00000001
00000001
00000002
00000001
00000000
00000003
00000004
00000005
00000006
00000007
00000007
00000008
00000000
00000000
00000000
00000009
00000000
0000000A
00000000
00000000
00000000
0000000B
00000000
0000000C
0000000C
0000000C
0000000D
0000000E
0000000C
0000000F
0000000C
0000000C
00000010
0000000C
0000000C
0000000C
00000011
0000000C
0000000C
0000000C
0000000C
00000012
00000013
0000000C
0000000C
0000000C
00000014
0000000C
00000000
00000001
00000001
00000002
00000001
00000000
00000003
00000004
00000005
00000006
00000007
00000007
00000008
00000000
00000000
00000000
00000009
00000000
0000000A
00000000
00000000
00000000
0000000B
00000000
0000000C
0000000C
0000000C
0000000D
0000000E
0000000C
0000000F
0000000C
0000000C
00000010
0000000C
0000000C
0000000C
00000011
0000000C
0000000C
0000000C
0000000C
00000012
00000013
0000000C
0000000C
0000000C
00000014
0000000C
00000000
00000001
00000001
00000002
00000001
00000000
00000003
00000004
00000005
00000006
00000007
00000007
00000008
00000000
00000000
00000000
00000009
00000000
0000000A
00000000
00000000
00000000
0000000B
00000000
0000000C
0000000C
0000000C
0000000D
0000000E
0000000C
0000000F
0000000C
0000000C
00000010
0000000C
0000000C
0000000C
00000011
0000000C
0000000C
0000000C
0000000C
00000012
00000013
0000000C
0000000C
0000000C
00000014
0000000C
00000000
00000001
00000001
00000002
00000001
00000000
00000003
00000004
00000005
00000006
00000007
00000007
00000008
00000000
00000000
00000000
00000009
00000000
0000000A
00000000
00000000
00000000
0000000B
00000000
0000000C
0000000C
0000000C
0000000D
0000000E
0000000C
0000000F
0000000C
0000000C
00000010
0000000C
0000000C
0000000C
00000011
0000000C
0000000C
0000000C
0000000C
00000012
00000013
0000000C
0000000C
0000000C
00000014
0000000C
00000000
00000001
00000001
00000002
00000001
00000000
00000003
00000004
00000005
00000006
00000007
00000007
00000008
00000000
00000000
00000000
00000009
00000000
0000000A
00000000
00000000
00000000
0000000B
00000000
0000000C
0000000C
0000000C
0000000D
0000000E
0000000C
0000000F
0000000C
0000000C
00000010
0000000C
0000000C
0000000C
00000011
0000000C
0000000C
0000000C
0000000C
00000012
00000013
0000000C
0000000C
0000000C
00000014
0000000C
00000000
00000001
00000001
00000002
00000001
00000000
00000003
00000004
00000005
00000006
00000007
00000007
00000008
00000000
00000000
00000000
00000009
00000000
0000000A
00000000
00000000
00000000
0000000B
00000000
0000000C
0000000C
0000000C
0000000D
0000000E
0000000C
0000000F
0000000C
0000000C
00000010
0000000C
0000000C
0000000C
00000011
0000000C
0000000C
0000000C
0000000C
00000012
00000013
0000000C
0000000C
0000000C
00000014
0000000C
00000000
00000001
00000001
00000002
00000001
00000000
00000003
00000004
00000005
00000006
00000007
00000007
00000008
00000000
00000000
00000000
00000009
00000000
0000000A
00000000
00000000
00000000
0000000B
00000000
0000000C
0000000C
0000000C
0000000D
0000000E
0000000C
0000000F
0000000C
0000000C
00000010
0000000C
0000000C
0000000C
00000011
0000000C
0000000C
0000000C
0000000C
00000012
00000013
0000000C
0000000C
0000000C
00000014
0000000C
00000000
00000001
00000001
00000002
00000001
00000000
00000003
00000004
00000005
00000006
00000007
00000007
00000008
00000000
00000000
00000000
00000009
00000000
0000000A
00000000
00000000
00000000
0000000B
00000000
0000000C
0000000C
0000000C
0000000D
0000000E
0000000C
0000000F
0000000C
0000000C
00000010
0000000C
0000000C
0000000C
00000011
0000000C
0000000C
0000000C
0000000C
00000012
00000013
0000000C
0000000C
0000000C
00000014
0000000C
00000000
00000001
00000001
00000002
00000001
00000000
00000003
00000004
00000005
00000006
00000007
00000007
00000008
00000000
00000000
00000000
00000009
00000000
0000000A
00000000
00000000
00000000
0000000B
00000000
0000000C
0000000C
0000000C
0000000D
0000000E
0000000C
0000000F
0000000C
0000000C
00000010
0000000C
0000000C
0000000C
00000011
0000000C
0000000C
0000000C
0000000C
00000012
00000013
0000000C
0000000C
0000000C
00000014
0000000C
00000000
00000001
00000001
00000002
00000001
00000000
00000003
00000004
00000005
00000006
00000007
00000007
00000008
00000000
00000000
00000000
00000009
00000000
0000000A
00000000
00000000
00000000
0000000B
00000000
0000000C
0000000C
0000000C
0000000D
0000000E
0000000C
0000000F
0000000C
0000000C
00000010
0000000C
0000000C
0000000C
00000011
0000000C
0000000C
0000000C
0000000C
00000012
00000013
0000000C
0000000C
0000000C
00000014
0000000C
00000000
00000001
00000001
00000002
00000001
00000000
00000003
00000004
00000005
00000006
00000007
00000007
00000008
00000000
00000000
00000000
00000009
00000000
0000000A
00000000
00000000
00000000
0000000B
00000000
0000000C
0000000C
0000000C
0000000D
0000000E
0000000C
0000000F
0000000C
0000000C
00000010
0000000C
0000000C
0000000C
00000011
0000000C
0000000C
0000000C
0000000C
00000012
00000013
0000000C
0000000C
0000000C
00000014
0000000C
00000000
00000001
00000001
00000002
00000001
00000000
00000003
00000004
00000005
00000006
00000007
00000007
00000008
00000000
00000000
00000000
00000009
00000000
0000000A
00000000
00000000
00000000
0000000B
00000000
0000000C
0000000C
0000000C
0000000D
0000000E
0000000C
0000000F
0000000C
0000000C
00000010
0000000C
0000000C
0000000C
00000011
0000000C
0000000C
0000000C
0000000C
00000012
00000013
0000000C
0000000C
0000000C
00000014
0000000C
00000000
00000001
00000001
00000002
00000001
00000000
00000003
00000004
00000005
00000006
00000007
00000007
00000008
00000000
00000000
00000000
00000009
00000000
0000000A
00000000
00000000
00000000
0000000B
00000000
0000000C
0000000C
0000000C
0000000D
0000000E
0000000C
0000000F
0000000C
0000000C
00000010
0000000C
0000000C
0000000C
00000011
0000000C
0000000C
0000000C
0000000C
00000012
00000013
0000000C
0000000C
0000000C
00000014
0000000C
00000000
00000001
00000001
00000002
00000001
00000000
00000003
00000004
00000005
00000006
00000007
00000007
00000008
00000000
00000000
00000000
00000009
00000000
0000000A
00000000
00000000
00000000
0000000B
00000000
0000000C
0000000C
0000000C
0000000D
0000000E
0000000C
0000000F
0000000C
0000000C
00000010
0000000C
0000000C
0000000C
00000011
0000000C
0000000C
0000000C
0000000C
00000012
00000013
0000000C
0000000C
0000000C
00000014
0000000C
00000000
00000001
00000001
00000002
00000001
00000000
00000003
00000004
00000005
00000006
00000007
00000007
00000008
00000000
00000000
00000000
00000009
00000000
0000000A
00000000
00000000
00000000
0000000B
00000000
0000000C
0000000C
0000000C
0000000D
0000000E
0000000C
0000000F
0000000C
0000000C
00000010
0000000C
0000000C
0000000C
00000011
0000000C
0000000C
0000000C
0000000C
00000012
00000013
0000000C
0000000C
0000000C
00000014
0000000C
00000000
00000001
00000001
00000002
00000001
00000000
00000003
00000004
00000005
00000006
00000007
00000007
00000008
00000000
00000000
00000000
00000009
00000000
0000000A
00000000
00000000
00000000
0000000B
00000000
0000000C
0000000C
0000000C
0000000D
0000000E
0000000C
0000000F
0000000C
0000000C
00000010
0000000C
0000000C
0000000C
00000011
0000000C
0000000C
0000000C
0000000C
00000012
00000013
0000000C
0000000C
0000000C
00000014
0000000C
00000000
00000001
00000001
00000002
00000001
00000000
00000003
00000004
00000005
00000006
00000007
00000007
00000008
00000000
00000000
00000000
00000009
00000000
0000000A
00000000
00000000
00000000
0000000B
00000000
0000000C
0000000C
0000000C
0000000D
0000000E
0000000C
0000000F
0000000C
0000000C
00000010
0000000C
0000000C
0000000C
00000011
0000000C
0000000C
0000000C
0000000C
00000012
00000013
0000000C
0000000C
0000000C
00000014
0000000C
00000000
00000001
00000001
00000002
00000001
00000000
00000003
00000004
00000005
00000006
00000007
00000007
00000008
00000000
00000000
00000000
00000009
00000000
0000000A
00000000
00000000
00000000
0000000B
00000000
0000000C
0000000C
0000000C
0000000D
0000000E
0000000C
0000000F
0000000C
0000000C
00000010
0000000C
0000000C
0000000C
00000011
0000000C
0000000C
0000000C
0000000C
00000012
00000013
0000000C
0000000C
0000000C
00000014
0000000C
00000015
00000016
00000016
00000017
00000016
00000015
00000018
00000019
0000001A
0000001B
0000001C
0000001D
0000001E
00000015
00000015
00000015
0000001F
00000015
00000020
00000015
00000015
00000015
00000021
00000015
00000022
00000022
00000023
00000024
00000025
00000022
00000026
00000022
00000022
00000027
00000022
00000022
00000022
00000022
00000022
00000022
00000022
00000022
00000028
00000029
00000022
00000022
00000022
0000002A
00000022
00000015
00000016
00000016
00000017
00000016
00000015
00000018
00000019
0000001A
0000001B
0000001C
0000001D
0000001E
00000015
00000015
00000015
0000001F
00000015
00000020
00000015
00000015
00000015
00000021
00000015
00000022
00000022
00000023
00000024
00000025
00000022
00000026
00000022
00000022
00000027
00000022
00000022
00000022
00000022
00000022
00000022
00000022
00000022
00000028
00000029
00000022
00000022
00000022
0000002A
00000022
00000015
00000016
00000016
00000017
00000016
00000015
00000018
00000019
0000001A
0000001B
0000001C
0000001D
0000001E
00000015
00000015
00000015
0000001F
00000015
00000020
00000015
00000015
00000015
00000021
00000015
00000022
00000022
00000023
00000024
00000025
00000022
00000026
00000022
00000022
00000027
00000022
00000022
00000022
00000022
00000022
00000022
00000022
00000022
00000028
00000029
00000022
00000022
00000022
0000002A
00000022
00000015
00000016
00000016
00000017
00000016
00000015
00000018
00000019
0000001A
0000001B
0000001C
0000001D
0000001E
00000015
00000015
00000015
0000001F
00000015
00000020
00000015
00000015
00000015
00000021
00000015
00000022
00000022
00000023
00000024
00000025
00000022
00000026
00000022
00000022
00000027
00000022
00000022
00000022
00000022
00000022
00000022
00000022
00000022
00000028
00000029
00000022
00000022
00000022
0000002A
00000022
00000015
00000016
00000016
00000017
00000016
00000015
00000018
00000019
0000001A
0000001B
0000001C
0000001D
0000001E
00000015
00000015
00000015
0000001F
00000015
00000020
00000015
00000015
00000015
00000021
00000015
00000022
00000022
00000023
00000024
00000025
00000022
00000026
00000022
00000022
00000027
00000022
00000022
00000022
00000022
00000022
00000022
00000022
00000022
00000028
00000029
00000022
00000022
00000022
0000002A
00000022
00000015
00000016
00000016
00000017
00000016
00000015
00000018
00000019
0000001A
0000001B
0000001C
0000001D
0000001E
00000015
00000015
00000015
0000001F
00000015
00000020
00000015
00000015
00000015
00000021
00000015
00000022
00000022
00000023
00000024
00000025
00000022
00000026
00000022
00000022
00000027
00000022
00000022
00000022
00000022
00000022
00000022
00000022
00000022
00000028
00000029
00000022
00000022
00000022
0000002A
00000022
00000015
00000016
00000016
00000017
00000016
00000015
00000018
00000019
0000001A
0000001B
0000001C
0000001D
0000001E
00000015
00000015
00000015
0000001F
00000015
00000020
00000015
00000015
00000015
00000021
00000015
00000022
00000022
00000023
00000024
00000025
00000022
00000026
00000022
00000022
00000027
00000022
00000022
00000022
00000022
00000022
00000022
00000022
00000022
00000028
00000029
00000022
00000022
00000022
0000002A
00000022
00000015
00000016
00000016
00000017
00000016
00000015
00000018
00000019
0000001A
0000001B
0000001C
0000001D
0000001E
00000015
00000015
00000015
0000001F
00000015
00000020
00000015
00000015
00000015
00000021
00000015
00000022
00000022
00000023
00000024
00000025
00000022
00000026
00000022
00000022
00000027
00000022
00000022
00000022
00000022
00000022
00000022
00000022
00000022
00000028
00000029
00000022
00000022
00000022
0000002A
00000022
00000015
00000016
00000016
00000017
00000016
00000015
00000018
00000019
0000001A
0000001B
0000001C
0000001D
0000001E
00000015
00000015
00000015
0000001F
00000015
00000020
00000015
00000015
00000015
00000021
00000015
00000022
00000022
00000023
00000024
00000025
00000022
00000026
00000022
00000022
00000027
00000022
00000022
00000022
00000022
00000022
00000022
00000022
00000022
00000028
00000029
00000022
00000022
00000022
0000002A
00000022
00000015
00000016
00000016
00000017
00000016
00000015
00000018
00000019
0000001A
0000001B
0000001C
0000001D
0000001E
00000015
00000015
00000015
0000001F
00000015
00000020
00000015
00000015
00000015
00000021
00000015
00000022
00000022
00000023
00000024
00000025
00000022
00000026
00000022
00000022
00000027
00000022
00000022
00000022
00000022
00000022
00000022
00000022
00000022
00000028
00000029
00000022
00000022
00000022
0000002A
00000022
00000015
00000016
00000016
00000017
00000016
00000015
00000018
00000019
0000001A
0000001B
0000001C
0000001D
0000001E
00000015
00000015
00000015
0000001F
00000015
00000020
00000015
00000015
00000015
00000021
00000015
00000022
00000022
00000023
00000024
00000025
00000022
00000026
00000022
00000022
00000027
00000022
00000022
00000022
00000022
00000022
00000022
00000022
00000022
00000028
00000029
00000022
00000022
00000022
0000002A
00000022
00000015
00000016
00000016
00000017
00000016
00000015
00000018
00000019
0000001A
0000001B
0000001C
0000001D
0000001E
00000015
00000015
00000015
0000001F
00000015
00000020
00000015
00000015
00000015
00000021
00000015
00000022
00000022
00000023
00000024
00000025
00000022
00000026
00000022
00000022
00000027
00000022
00000022
00000022
00000022
00000022
00000022
00000022
00000022
00000028
00000029
00000022
00000022
00000022
0000002A
00000022
00000015
00000016
00000016
00000017
00000016
00000015
00000018
00000019
0000001A
0000001B
0000001C
0000001D
0000001E
00000015
00000015
00000015
0000001F
00000015
00000020
00000015
00000015
00000015
00000021
00000015
00000022
00000022
00000023
00000024
00000025
00000022
00000026
00000022
00000022
00000027
00000022
00000022
00000022
00000022
00000022
00000022
00000022
00000022
00000028
00000029
00000022
00000022
00000022
0000002A
00000022
00000015
00000016
00000016
00000017
00000016
00000015
00000018
00000019
0000001A
0000001B
0000001C
0000001D
0000001E
00000015
00000015
00000015
0000001F
00000015
00000020
00000015
00000015
00000015
00000021
00000015
00000022
00000022
00000023
00000024
00000025
00000022
00000026
00000022
00000022
00000027
00000022
00000022
00000022
00000022
00000022
00000022
00000022
00000022
00000028
00000029
00000022
00000022
00000022
0000002A
00000022
00000015
00000016
00000016
00000017
00000016
00000015
00000018
00000019
0000001A
0000001B
0000001C
0000001D
0000001E
00000015
00000015
00000015
0000001F
00000015
00000020
00000015
00000015
00000015
00000021
00000015
00000022
00000022
00000023
00000024
00000025
00000022
00000026
00000022
00000022
00000027
00000022
00000022
00000022
00000022
00000022
00000022
00000022
00000022
00000028
00000029
00000022
00000022
00000022
0000002A
00000022
00000015
00000016
00000016
00000017
00000016
00000015
00000018
00000019
0000001A
0000001B
0000001C
0000001D
0000001E
00000015
00000015
00000015
0000001F
00000015
00000020
00000015
00000015
00000015
00000021
00000015
00000022
00000022
00000023
00000024
00000025
00000022
00000026
00000022
00000022
00000027
00000022
00000022
00000022
00000022
00000022
00000022
00000022
00000022
00000028
00000029
00000022
00000022
00000022
0000002A
00000022
00000015
00000016
00000016
00000017
00000016
00000015
00000018
00000019
0000001A
0000001B
0000001C
0000001D
0000001E
00000015
00000015
00000015
0000001F
00000015
00000020
00000015
00000015
00000015
00000021
00000015
00000022
00000022
00000023
00000024
00000025
00000022
00000026
00000022
00000022
00000027
00000022
00000022
00000022
00000022
00000022
00000022
00000022
00000022
00000028
00000029
00000022
00000022
00000022
0000002A
00000022
00000015
00000016
00000016
00000017
00000016
00000015
00000018
00000019
0000001A
0000001B
0000001C
0000001D
0000001E
00000015
00000015
00000015
0000001F
00000015
00000020
00000015
00000015
00000015
00000021
00000015
00000022
00000022
00000023
00000024
00000025
00000022
00000026
00000022
00000022
00000027
00000022
00000022
00000022
00000022
00000022
00000022
00000022
00000022
00000028
00000029
00000022
00000022
00000022
0000002A
00000022
00000015
00000016
00000016
00000017
00000016
00000015
00000018
00000019
0000001A
0000001B
0000001C
0000001D
0000001E
00000015
00000015
00000015
0000001F
00000015
00000020
00000015
00000015
00000015
00000021
00000015
00000022
00000022
00000023
00000024
00000025
00000022
00000026
00000022
00000022
00000027
00000022
00000022
00000022
00000022
00000022
00000022
00000022
00000022
00000028
00000029
00000022
00000022
00000022
0000002A
00000022
00000015
00000016
00000016
00000017
00000016
00000015
00000018
00000019
0000001A
0000001B
0000001C
0000001D
0000001E
00000015
00000015
00000015
0000001F
00000015
00000020
00000015
00000015
00000015
00000021
00000015
00000022
00000022
00000023
00000024
00000025
00000022
00000026
00000022
00000022
00000027
00000022
00000022
00000022
00000022
00000022
00000022
00000022
00000022
00000028
00000029
00000022
00000022
00000022
0000002A
00000022
00000015
00000016
00000016
00000017
00000016
00000015
00000018
00000019
0000001A
0000001B
0000001C
0000001D
0000001E
00000015
00000015
00000015
0000001F
00000015
00000020
00000015
00000015
00000015
00000021
00000015
00000022
00000022
00000023
00000024
00000025
00000022
00000026
00000022
00000022
00000027
00000022
00000022
00000022
00000022
00000022
00000022
00000022
00000022
00000028
00000029
00000022
00000022
00000022
0000002A
00000022
00000015
00000016
00000016
00000017
00000016
00000015
00000018
00000019
0000001A
0000001B
0000001C
0000001D
0000001E
00000015
00000015
00000015
0000001F
00000015
00000020
00000015
00000015
00000015
00000021
00000015
00000022
00000022
00000023
00000024
00000025
00000022
00000026
00000022
00000022
00000027
00000022
00000022
00000022
00000022
00000022
00000022
00000022
00000022
00000028
00000029
00000022
00000022
00000022
0000002A
00000022
00000015
00000016
00000016
00000017
00000016
00000015
00000018
00000019
0000001A
0000001B
0000001C
0000001D
0000001E
00000015
00000015
00000015
0000001F
00000015
00000020
00000015
00000015
00000015
00000021
00000015
00000022
00000022
00000023
00000024
00000025
00000022
00000026
00000022
00000022
00000027
00000022
00000022
00000022
00000022
00000022
00000022
00000022
00000022
00000028
00000029
00000022
00000022
00000022
0000002A
00000022
0000002B
0000002C
0000002C
0000002D
0000002E
0000002B
0000002F
00000030
00000031
00000032
00000033
00000033
00000034
0000002B
0000002B
0000002B
00000035
0000002B
00000036
0000002B
0000002B
0000002B
00000037
0000002B
00000038
00000038
00000038
00000039
0000003A
00000038
0000003B
00000038
00000038
0000003C
00000038
00000038
00000038
00000038
00000038
00000038
00000038
00000038
0000003D
0000003E
00000038
00000038
00000038
0000003F
00000038
0000002B
0000002C
0000002C
0000002D
0000002E
0000002B
0000002F
00000030
00000031
00000032
00000033
00000033
00000034
0000002B
0000002B
0000002B
00000035
0000002B
00000036
0000002B
0000002B
0000002B
00000037
0000002B
00000038
00000038
00000038
00000039
0000003A
00000038
0000003B
00000038
00000038
0000003C
00000038
00000038
00000038
00000038
00000038
00000038
00000038
00000038
0000003D
0000003E
00000038
00000038
00000038
0000003F
00000038
0000002B
0000002C
0000002C
0000002D
0000002E
0000002B
0000002F
00000030
00000031
00000032
00000033
00000033
00000034
0000002B
0000002B
0000002B
00000035
0000002B
00000036
0000002B
0000002B
0000002B
00000037
0000002B
00000038
00000038
00000038
00000039
0000003A
00000038
0000003B
00000038
00000038
0000003C
00000038
00000038
00000038
00000038
00000038
00000038
00000038
00000038
0000003D
0000003E
00000038
00000038
00000038
0000003F
00000038
0000002B
0000002C
0000002C
0000002D
0000002E
0000002B
0000002F
00000030
00000031
00000032
00000033
00000033
00000034
0000002B
0000002B
0000002B
00000035
0000002B
00000036
0000002B
0000002B
0000002B
00000037
0000002B
00000038
00000038
00000038
00000039
0000003A
00000038
0000003B
00000038
00000038
0000003C
00000038
00000038
00000038
00000038
00000038
00000038
00000038
00000038
0000003D
0000003E
00000038
00000038
00000038
0000003F
00000038
0000002B
0000002C
0000002C
0000002D
0000002E
0000002B
0000002F
00000030
00000031
00000032
00000033
00000033
00000034
0000002B
0000002B
0000002B
00000035
0000002B
00000036
0000002B
0000002B
0000002B
00000037
0000002B
00000038
00000038
00000038
00000039
0000003A
00000038
0000003B
00000038
00000038
0000003C
00000038
00000038
00000038
00000038
00000038
00000038
00000038
00000038
0000003D
0000003E
00000038
00000038
00000038
0000003F
00000038
0000002B
0000002C
0000002C
0000002D
0000002E
0000002B
0000002F
00000030
00000031
00000032
00000033
00000033
00000034
0000002B
0000002B
0000002B
00000035
0000002B
00000036
0000002B
0000002B
0000002B
00000037
0000002B
00000038
00000038
00000038
00000039
0000003A
00000038
0000003B
00000038
00000038
0000003C
00000038
00000038
00000038
00000038
00000038
00000038
00000038
00000038
0000003D
0000003E
00000038
00000038
00000038
0000003F
00000038
0000002B
0000002C
0000002C
0000002D
0000002E
0000002B
0000002F
00000030
00000031
00000032
00000033
00000033
00000034
0000002B
0000002B
0000002B
00000035
0000002B
00000036
0000002B
0000002B
0000002B
00000037
0000002B
00000038
00000038
00000038
00000039
0000003A
00000038
0000003B
00000038
00000038
0000003C
00000038
00000038
00000038
00000038
00000038
00000038
00000038
00000038
0000003D
0000003E
00000038
00000038
00000038
0000003F
00000038
0000002B
0000002C
0000002C
0000002D
0000002E
0000002B
0000002F
00000030
00000031
00000032
00000033
00000033
00000034
0000002B
0000002B
0000002B
00000035
0000002B
00000036
0000002B
0000002B
0000002B
00000037
0000002B
00000038
00000038
00000038
00000039
0000003A
00000038
0000003B
00000038
00000038
0000003C
00000038
00000038
00000038
00000038
00000038
00000038
00000038
00000038
0000003D
0000003E
00000038
00000038
00000038
0000003F
00000038
0000002B
0000002C
0000002C
0000002D
0000002E
0000002B
0000002F
00000030
00000031
00000032
00000033
00000033
00000034
0000002B
0000002B
0000002B
00000035
0000002B
00000036
0000002B
0000002B
0000002B
00000037
0000002B
00000038
00000038
00000038
00000039
0000003A
00000038
0000003B
00000038
00000038
0000003C
00000038
00000038
00000038
00000038
00000038
00000038
00000038
00000038
0000003D
0000003E
00000038
00000038
00000038
0000003F
00000038
0000002B
0000002C
0000002C
0000002D
0000002E
0000002B
0000002F
00000030
00000031
00000032
00000033
00000033
00000034
0000002B
0000002B
0000002B
00000035
0000002B
00000036
0000002B
0000002B
0000002B
00000037
0000002B
00000038
00000038
00000038
00000039
0000003A
00000038
0000003B
00000038
00000038
0000003C
00000038
00000038
00000038
00000038
00000038
00000038
00000038
00000038
0000003D
0000003E
00000038
00000038
00000038
0000003F
00000038
0000002B
0000002C
0000002C
0000002D
0000002E
0000002B
0000002F
00000030
00000031
00000032
00000033
00000033
00000034
0000002B
0000002B
0000002B
00000035
0000002B
00000036
0000002B
0000002B
0000002B
00000037
0000002B
00000038
00000038
00000038
00000039
0000003A
00000038
0000003B
00000038
00000038
0000003C
00000038
00000038
00000038
00000038
00000038
00000038
00000038
00000038
0000003D
0000003E
00000038
00000038
00000038
0000003F
00000038
0000002B
0000002C
0000002C
0000002D
0000002E
0000002B
0000002F
00000030
00000031
00000032
00000033
00000033
00000034
0000002B
0000002B
0000002B
00000035
0000002B
00000036
0000002B
0000002B
0000002B
00000037
0000002B
00000038
00000038
00000038
00000039
0000003A
00000038
0000003B
00000038
00000038
0000003C
00000038
00000038
00000038
00000038
00000038
00000038
00000038
00000038
0000003D
0000003E
00000038
00000038
00000038
0000003F
00000038
0000002B
0000002C
0000002C
0000002D
0000002E
0000002B
0000002F
00000030
00000031
00000032
00000033
00000033
00000034
0000002B
0000002B
0000002B
00000035
0000002B
00000036
0000002B
0000002B
0000002B
00000037
0000002B
00000038
00000038
00000038
00000039
0000003A
00000038
0000003B
00000038
00000038
0000003C
00000038
00000038
00000038
00000038
00000038
00000038
00000038
00000038
0000003D
0000003E
00000038
00000038
00000038
0000003F
00000038
0000002B
0000002C
0000002C
0000002D
0000002E
0000002B
0000002F
00000030
00000031
00000032
00000033
00000033
00000034
0000002B
0000002B
0000002B
00000035
0000002B
00000036
0000002B
0000002B
0000002B
00000037
0000002B
00000038
00000038
00000038
00000039
0000003A
00000038
0000003B
00000038
00000038
0000003C
00000038
00000038
00000038
00000038
00000038
00000038
00000038
00000038
0000003D
0000003E
00000038
00000038
00000038
0000003F
00000038
0000002B
0000002C
0000002C
0000002D
0000002E
0000002B
0000002F
00000030
00000031
00000032
00000033
00000033
00000034
0000002B
0000002B
0000002B
00000035
0000002B
00000036
0000002B
0000002B
0000002B
00000037
0000002B
00000038
00000038
00000038
00000039
0000003A
00000038
0000003B
00000038
00000038
0000003C
00000038
00000038
00000038
00000038
00000038
00000038
00000038
00000038
0000003D
0000003E
00000038
00000038
00000038
0000003F
00000038
0000002B
0000002C
0000002C
0000002D
0000002E
0000002B
0000002F
00000030
00000031
00000032
00000033
00000033
00000034
0000002B
0000002B
0000002B
00000035
0000002B
00000036
0000002B
0000002B
0000002B
00000037
0000002B
00000038
00000038
00000038
00000039
0000003A
00000038
0000003B
00000038
00000038
0000003C
00000038
00000038
00000038
00000038
00000038
00000038
00000038
00000038
0000003D
0000003E
00000038
00000038
00000038
0000003F
00000038
0000002B
0000002C
0000002C
0000002D
0000002E
0000002B
0000002F
00000030
00000031
00000032
00000033
00000033
00000034
0000002B
0000002B
0000002B
00000035
0000002B
00000036
0000002B
0000002B
0000002B
00000037
0000002B
00000038
00000038
00000038
00000039
0000003A
00000038
0000003B
00000038
00000038
0000003C
00000038
00000038
00000038
00000038
00000038
00000038
00000038
00000038
0000003D
0000003E
00000038
00000038
00000038
0000003F
00000038
0000002B
0000002C
0000002C
0000002D
0000002E
0000002B
0000002F
00000030
00000031
00000032
00000033
00000033
00000034
0000002B
0000002B
0000002B
00000035
0000002B
00000036
0000002B
0000002B
0000002B
00000037
0000002B
00000038
00000038
00000038
00000039
0000003A
00000038
0000003B
00000038
00000038
0000003C
00000038
00000038
00000038
00000038
00000038
00000038
00000038
00000038
0000003D
0000003E
00000038
00000038
00000038
0000003F
00000038
0000002B
0000002C
0000002C
0000002D
0000002E
0000002B
0000002F
00000030
00000031
00000032
00000033
00000033
00000034
0000002B
0000002B
0000002B
00000035
0000002B
00000036
0000002B
0000002B
0000002B
00000037
0000002B
00000038
00000038
00000038
00000039
0000003A
00000038
0000003B
00000038
00000038
0000003C
00000038
00000038
00000038
00000038
00000038
00000038
00000038
00000038
0000003D
0000003E
00000038
00000038
00000038
0000003F
00000038
0000002B
0000002C
0000002C
0000002D
0000002E
0000002B
0000002F
00000030
00000031
00000032
00000033
00000033
00000034
0000002B
0000002B
0000002B
00000035
0000002B
00000036
0000002B
0000002B
0000002B
00000037
0000002B
00000038
00000038
00000038
00000039
0000003A
00000038
0000003B
00000038
00000038
0000003C
00000038
00000038
00000038
00000038
00000038
00000038
00000038
00000038
0000003D
0000003E
00000038
00000038
00000038
0000003F
00000038
0000002B
0000002C
0000002C
0000002D
0000002E
0000002B
0000002F
00000030
00000031
00000032
00000033
00000033
00000034
0000002B
0000002B
0000002B
00000035
0000002B
00000036
0000002B
0000002B
0000002B
00000037
0000002B
00000038
00000038
00000038
00000039
0000003A
00000038
0000003B
00000038
00000038
0000003C
00000038
00000038
00000038
00000038
00000038
00000038
00000038
00000038
0000003D
0000003E
00000038
00000038
00000038
0000003F
00000038
0000002B
0000002C
0000002C
0000002D
0000002E
0000002B
0000002F
00000030
00000031
00000032
00000033
00000033
00000034
0000002B
0000002B
0000002B
00000035
0000002B
00000036
0000002B
0000002B
0000002B
00000037
0000002B
00000038
00000038
00000038
00000039
0000003A
00000038
0000003B
00000038
00000038
0000003C
00000038
00000038
00000038
00000038
00000038
00000038
00000038
00000038
0000003D
0000003E
00000038
00000038
00000038
0000003F
00000038
0000002B
0000002C
0000002C
0000002D
0000002E
0000002B
0000002F
00000030
00000031
00000032
00000033
00000033
00000034
0000002B
0000002B
0000002B
00000035
0000002B
00000036
0000002B
0000002B
0000002B
00000037
0000002B
00000038
00000038
00000038
00000039
0000003A
00000038
0000003B
00000038
00000038
0000003C
00000038
00000038
00000038
00000038
00000038
00000038
00000038
00000038
0000003D
0000003E
00000038
00000038
00000038
0000003F
00000038
00000040
00000041
00000041
00000042
00000041
00000040
00000043
00000044
00000045
00000046
00000047
00000047
00000048
00000040
00000040
00000049
0000004A
00000040
0000004B
00000040
00000040
00000040
0000004C
00000040
0000004D
0000004D
0000004D
0000004E
0000004F
0000004D
00000050
0000004D
00000051
00000052
0000004D
00000053
0000004D
0000004D
0000004D
0000004D
0000004D
0000004D
00000054
00000055
0000004D
00000056
0000004D
00000057
0000004D
00000040
00000041
00000041
00000042
00000041
00000040
00000043
00000044
00000045
00000046
00000047
00000047
00000048
00000040
00000040
00000049
0000004A
00000040
0000004B
00000040
00000040
00000040
0000004C
00000040
0000004D
0000004D
0000004D
0000004E
0000004F
0000004D
00000050
0000004D
00000051
00000052
0000004D
00000053
0000004D
0000004D
0000004D
0000004D
0000004D
0000004D
00000054
00000055
0000004D
00000056
0000004D
00000057
0000004D
00000040
00000041
00000041
00000042
00000041
00000040
00000043
00000044
00000045
00000046
00000047
00000047
00000048
00000040
00000040
00000049
0000004A
00000040
0000004B
00000040
00000040
00000040
0000004C
00000040
0000004D
0000004D
0000004D
0000004E
0000004F
0000004D
00000050
0000004D
00000051
00000052
0000004D
00000053
0000004D
0000004D
0000004D
0000004D
0000004D
0000004D
00000054
00000055
0000004D
00000056
0000004D
00000057
0000004D
00000040
00000041
00000041
00000042
00000041
00000040
00000043
00000044
00000045
00000046
00000047
00000047
00000048
00000040
00000040
00000049
0000004A
00000040
0000004B
00000040
00000040
00000040
0000004C
00000040
0000004D
0000004D
0000004D
0000004E
0000004F
0000004D
00000050
0000004D
00000051
00000052
0000004D
00000053
0000004D
0000004D
0000004D
0000004D
0000004D
0000004D
00000054
00000055
0000004D
00000056
0000004D
00000057
0000004D
00000040
00000041
00000041
00000042
00000041
00000040
00000043
00000044
00000045
00000046
00000047
00000047
00000048
00000040
00000040
00000049
0000004A
00000040
0000004B
00000040
00000040
00000040
0000004C
00000040
0000004D
0000004D
0000004D
0000004E
0000004F
0000004D
00000050
0000004D
00000051
00000052
0000004D
00000053
0000004D
0000004D
0000004D
0000004D
0000004D
0000004D
00000054
00000055
0000004D
00000056
0000004D
00000057
0000004D
00000040
00000041
00000041
00000042
00000041
00000040
00000043
00000044
00000045
00000046
00000047
00000047
00000048
00000040
00000040
00000049
0000004A
00000040
0000004B
00000040
00000040
00000040
0000004C
00000040
0000004D
0000004D
0000004D
0000004E
0000004F
0000004D
00000050
0000004D
00000051
00000052
0000004D
00000053
0000004D
0000004D
0000004D
0000004D
0000004D
0000004D
00000054
00000055
0000004D
00000056
0000004D
00000057
0000004D
00000040
00000041
00000041
00000042
00000041
00000040
00000043
00000044
00000045
00000046
00000047
00000047
00000048
00000040
00000040
00000049
0000004A
00000040
0000004B
00000040
00000040
00000040
0000004C
00000040
0000004D
0000004D
0000004D
0000004E
0000004F
0000004D
00000050
0000004D
00000051
00000052
0000004D
00000053
0000004D
0000004D
0000004D
0000004D
0000004D
0000004D
00000054
00000055
0000004D
00000056
0000004D
00000057
0000004D
00000040
00000041
00000041
00000042
00000041
00000040
00000043
00000044
00000045
00000046
00000047
00000047
00000048
00000040
00000040
00000049
0000004A
00000040
0000004B
00000040
00000040
00000040
0000004C
00000040
0000004D
0000004D
0000004D
0000004E
0000004F
0000004D
00000050
0000004D
00000051
00000052
0000004D
00000053
0000004D
0000004D
0000004D
0000004D
0000004D
0000004D
00000054
00000055
0000004D
00000056
0000004D
00000057
0000004D
00000040
00000041
00000041
00000042
00000041
00000040
00000043
00000044
00000045
00000046
00000047
00000047
00000048
00000040
00000040
00000049
0000004A
00000040
0000004B
00000040
00000040
00000040
0000004C
00000040
0000004D
0000004D
0000004D
0000004E
0000004F
0000004D
00000050
0000004D
00000051
00000052
0000004D
00000053
0000004D
0000004D
0000004D
0000004D
0000004D
0000004D
00000054
00000055
0000004D
00000056
0000004D
00000057
0000004D
00000040
00000041
00000041
00000042
00000041
00000040
00000043
00000044
00000045
00000046
00000047
00000047
00000048
00000040
00000040
00000049
0000004A
00000040
0000004B
00000040
00000040
00000040
0000004C
00000040
0000004D
0000004D
0000004D
0000004E
0000004F
0000004D
00000050
0000004D
00000051
00000052
0000004D
00000053
0000004D
0000004D
0000004D
0000004D
0000004D
0000004D
00000054
00000055
0000004D
00000056
0000004D
00000057
0000004D
00000040
00000041
00000041
00000042
00000041
00000040
00000043
00000044
00000045
00000046
00000047
00000047
00000048
00000040
00000040
00000049
0000004A
00000040
0000004B
00000040
00000040
00000040
0000004C
00000040
0000004D
0000004D
0000004D
0000004E
0000004F
0000004D
00000050
0000004D
00000051
00000052
0000004D
00000053
0000004D
0000004D
0000004D
0000004D
0000004D
0000004D
00000054
00000055
0000004D
00000056
0000004D
00000057
0000004D
00000040
00000041
00000041
00000042
00000041
00000040
00000043
00000044
00000045
00000046
00000047
00000047
00000048
00000040
00000040
00000049
0000004A
00000040
0000004B
00000040
00000040
00000040
0000004C
00000040
0000004D
0000004D
0000004D
0000004E
0000004F
0000004D
00000050
0000004D
00000051
00000052
0000004D
00000053
0000004D
0000004D
0000004D
0000004D
0000004D
0000004D
00000054
00000055
0000004D
00000056
0000004D
00000057
0000004D
00000040
00000041
00000041
00000042
00000041
00000040
00000043
00000044
00000045
00000046
00000047
00000047
00000048
00000040
00000040
00000049
0000004A
00000040
0000004B
00000040
00000040
00000040
0000004C
00000040
0000004D
0000004D
0000004D
0000004E
0000004F
0000004D
00000050
0000004D
00000051
00000052
0000004D
00000053
0000004D
0000004D
0000004D
0000004D
0000004D
0000004D
00000054
00000055
0000004D
00000056
0000004D
00000057
0000004D
00000040
00000041
00000041
00000042
00000041
00000040
00000043
00000044
00000045
00000046
00000047
00000047
00000048
00000040
00000040
00000049
0000004A
00000040
0000004B
00000040
00000040
00000040
0000004C
00000040
0000004D
0000004D
0000004D
0000004E
0000004F
0000004D
00000050
0000004D
00000051
00000052
0000004D
00000053
0000004D
0000004D
0000004D
0000004D
0000004D
0000004D
00000054
00000055
0000004D
00000056
0000004D
00000057
0000004D
00000040
00000041
00000041
00000042
00000041
00000040
00000043
00000044
00000045
00000046
00000047
00000047
00000048
00000040
00000040
00000049
0000004A
00000040
0000004B
00000040
00000040
00000040
0000004C
00000040
0000004D
0000004D
0000004D
0000004E
0000004F
0000004D
00000050
0000004D
00000051
00000052
0000004D
00000053
0000004D
0000004D
0000004D
0000004D
0000004D
0000004D
00000054
00000055
0000004D
00000056
0000004D
00000057
0000004D
00000040
00000041
00000041
00000042
00000041
00000040
00000043
00000044
00000045
00000046
00000047
00000047
00000048
00000040
00000040
00000049
0000004A
00000040
0000004B
00000040
00000040
00000040
0000004C
00000040
0000004D
0000004D
0000004D
0000004E
0000004F
0000004D
00000050
0000004D
00000051
00000052
0000004D
00000053
0000004D
0000004D
0000004D
0000004D
0000004D
0000004D
00000054
00000055
0000004D
00000056
0000004D
00000057
0000004D
00000040
00000041
00000041
00000042
00000041
00000040
00000043
00000044
00000045
00000046
00000047
00000047
00000048
00000040
00000040
00000049
0000004A
00000040
0000004B
00000040
00000040
00000040
0000004C
00000040
0000004D
0000004D
0000004D
0000004E
0000004F
0000004D
00000050
0000004D
00000051
00000052
0000004D
00000053
0000004D
0000004D
0000004D
0000004D
0000004D
0000004D
00000054
00000055
0000004D
00000056
0000004D
00000057
0000004D
00000040
00000041
00000041
00000042
00000041
00000040
00000043
00000044
00000045
00000046
00000047
00000047
00000048
00000040
00000040
00000049
0000004A
00000040
0000004B
00000040
00000040
00000040
0000004C
00000040
0000004D
0000004D
0000004D
0000004E
0000004F
0000004D
00000050
0000004D
00000051
00000052
0000004D
00000053
0000004D
0000004D
0000004D
0000004D
0000004D
0000004D
00000054
00000055
0000004D
00000056
0000004D
00000057
0000004D
00000040
00000041
00000041
00000042
00000041
00000040
00000043
00000044
00000045
00000046
00000047
00000047
00000048
00000040
00000040
00000049
0000004A
00000040
0000004B
00000040
00000040
00000040
0000004C
00000040
0000004D
0000004D
0000004D
0000004E
0000004F
0000004D
00000050
0000004D
00000051
00000052
0000004D
00000053
0000004D
0000004D
0000004D
0000004D
0000004D
0000004D
00000054
00000055
0000004D
00000056
0000004D
00000057
0000004D
00000040
00000041
00000041
00000042
00000041
00000040
00000043
00000044
00000045
00000046
00000047
00000047
00000048
00000040
00000040
00000049
0000004A
00000040
0000004B
00000040
00000040
00000040
0000004C
00000040
0000004D
0000004D
0000004D
0000004E
0000004F
0000004D
00000050
0000004D
00000051
00000052
0000004D
00000053
0000004D
0000004D
0000004D
0000004D
0000004D
0000004D
00000054
00000055
0000004D
00000056
0000004D
00000057
0000004D
00000040
00000041
00000041
00000042
00000041
00000040
00000043
00000044
00000045
00000046
00000047
00000047
00000048
00000040
00000040
00000049
0000004A
00000040
0000004B
00000040
00000040
00000040
0000004C
00000040
0000004D
0000004D
0000004D
0000004E
0000004F
0000004D
00000050
0000004D
00000051
00000052
0000004D
00000053
0000004D
0000004D
0000004D
0000004D
0000004D
0000004D
00000054
00000055
0000004D
00000056
0000004D
00000057
0000004D
00000040
00000041
00000041
00000042
00000041
00000040
00000043
00000044
00000045
00000046
00000047
00000047
00000048
00000040
00000040
00000049
0000004A
00000040
0000004B
00000040
00000040
00000040
0000004C
00000040
0000004D
0000004D
0000004D
0000004E
0000004F
0000004D
00000050
0000004D
00000051
00000052
0000004D
00000053
0000004D
0000004D
0000004D
0000004D
0000004D
0000004D
00000054
00000055
0000004D
00000056
0000004D
00000057
0000004D
00000040
00000041
00000041
00000042
00000041
00000040
00000043
00000044
00000045
00000046
00000047
00000047
00000048
00000040
00000040
00000049
0000004A
00000040
0000004B
00000040
00000040
00000040
0000004C
00000040
0000004D
0000004D
0000004D
0000004E
0000004F
0000004D
00000050
0000004D
00000051
00000052
0000004D
00000053
0000004D
0000004D
0000004D
0000004D
0000004D
0000004D
00000054
00000055
0000004D
00000056
0000004D
00000057
0000004D
00000058
00000059
00000059
0000005A
0000005B
00000058
0000005C
0000005D
0000005E
0000005F
00000060
00000060
00000061
00000058
00000058
00000058
00000062
00000058
00000063
00000058
00000058
00000058
00000064
00000058
00000065
00000065
00000065
00000066
00000067
00000065
00000068
00000065
00000065
00000069
00000065
00000065
00000065
00000065
00000065
00000065
00000065
00000065
0000006A
0000006B
0000006C
00000065
00000065
0000006D
00000065
00000058
00000059
00000059
0000005A
0000005B
00000058
0000005C
0000005D
0000005E
0000005F
00000060
00000060
00000061
00000058
00000058
00000058
00000062
00000058
00000063
00000058
00000058
00000058
00000064
00000058
00000065
00000065
00000065
00000066
00000067
00000065
00000068
00000065
00000065
00000069
00000065
00000065
00000065
00000065
00000065
00000065
00000065
00000065
0000006A
0000006B
0000006C
00000065
00000065
0000006D
00000065
00000058
00000059
00000059
0000005A
0000005B
00000058
0000005C
0000005D
0000005E
0000005F
00000060
00000060
00000061
00000058
00000058
00000058
00000062
00000058
00000063
00000058
00000058
00000058
00000064
00000058
00000065
00000065
00000065
00000066
00000067
00000065
00000068
00000065
00000065
00000069
00000065
00000065
00000065
00000065
00000065
00000065
00000065
00000065
0000006A
0000006B
0000006C
00000065
00000065
0000006D
00000065
00000058
00000059
00000059
0000005A
0000005B
00000058
0000005C
0000005D
0000005E
0000005F
00000060
00000060
00000061
00000058
00000058
00000058
00000062
00000058
00000063
00000058
00000058
00000058
00000064
00000058
00000065
00000065
00000065
00000066
00000067
00000065
00000068
00000065
00000065
00000069
00000065
00000065
00000065
00000065
00000065
00000065
00000065
00000065
0000006A
0000006B
0000006C
00000065
00000065
0000006D
00000065
00000058
00000059
00000059
0000005A
0000005B
00000058
0000005C
0000005D
0000005E
0000005F
00000060
00000060
00000061
00000058
00000058
00000058
00000062
00000058
00000063
00000058
00000058
00000058
00000064
00000058
00000065
00000065
00000065
00000066
00000067
00000065
00000068
00000065
00000065
00000069
00000065
00000065
00000065
00000065
00000065
00000065
00000065
00000065
0000006A
0000006B
0000006C
00000065
00000065
0000006D
00000065
00000058
00000059
00000059
0000005A
0000005B
00000058
0000005C
0000005D
0000005E
0000005F
00000060
00000060
00000061
00000058
00000058
00000058
00000062
00000058
00000063
00000058
00000058
00000058
00000064
00000058
00000065
00000065
00000065
00000066
00000067
00000065
00000068
00000065
00000065
00000069
00000065
00000065
00000065
00000065
00000065
00000065
00000065
00000065
0000006A
0000006B
0000006C
00000065
00000065
0000006D
00000065
00000058
00000059
00000059
0000005A
0000005B
00000058
0000005C
0000005D
0000005E
0000005F
00000060
00000060
00000061
00000058
00000058
00000058
00000062
00000058
00000063
00000058
00000058
00000058
00000064
00000058
00000065
00000065
00000065
00000066
00000067
00000065
00000068
00000065
00000065
00000069
00000065
00000065
00000065
00000065
00000065
00000065
00000065
00000065
0000006A
0000006B
0000006C
00000065
00000065
0000006D
00000065
00000058
00000059
00000059
0000005A
0000005B
00000058
0000005C
0000005D
0000005E
0000005F
00000060
00000060
00000061
00000058
00000058
00000058
00000062
00000058
00000063
00000058
00000058
00000058
00000064
00000058
00000065
00000065
00000065
00000066
00000067
00000065
00000068
00000065
00000065
00000069
00000065
00000065
00000065
00000065
00000065
00000065
00000065
00000065
0000006A
0000006B
0000006C
00000065
00000065
0000006D
00000065
00000058
00000059
00000059
0000005A
0000005B
00000058
0000005C
0000005D
0000005E
0000005F
00000060
00000060
00000061
00000058
00000058
00000058
00000062
00000058
00000063
00000058
00000058
00000058
00000064
00000058
00000065
00000065
00000065
00000066
00000067
00000065
00000068
00000065
00000065
00000069
00000065
00000065
00000065
00000065
00000065
00000065
00000065
00000065
0000006A
0000006B
0000006C
00000065
00000065
0000006D
00000065
00000058
00000059
00000059
0000005A
0000005B
00000058
0000005C
0000005D
0000005E
0000005F
00000060
00000060
00000061
00000058
00000058
00000058
00000062
00000058
00000063
00000058
00000058
00000058
00000064
00000058
00000065
00000065
00000065
00000066
00000067
00000065
00000068
00000065
00000065
00000069
00000065
00000065
00000065
00000065
00000065
00000065
00000065
00000065
0000006A
0000006B
0000006C
00000065
00000065
0000006D
00000065
00000058
00000059
00000059
0000005A
0000005B
00000058
0000005C
0000005D
0000005E
0000005F
00000060
00000060
00000061
00000058
00000058
00000058
00000062
00000058
00000063
00000058
00000058
00000058
00000064
00000058
00000065
00000065
00000065
00000066
00000067
00000065
00000068
00000065
00000065
00000069
00000065
00000065
00000065
00000065
00000065
00000065
00000065
00000065
0000006A
0000006B
0000006C
00000065
00000065
0000006D
00000065
00000058
00000059
00000059
0000005A
0000005B
00000058
0000005C
0000005D
0000005E
0000005F
00000060
00000060
00000061
00000058
00000058
00000058
00000062
00000058
00000063
00000058
00000058
00000058
00000064
00000058
00000065
00000065
00000065
00000066
00000067
00000065
00000068
00000065
00000065
00000069
00000065
00000065
00000065
00000065
00000065
00000065
00000065
00000065
0000006A
0000006B
0000006C
00000065
00000065
0000006D
00000065
00000058
00000059
00000059
0000005A
0000005B
00000058
0000005C
0000005D
0000005E
0000005F
00000060
00000060
00000061
00000058
00000058
00000058
00000062
00000058
00000063
00000058
00000058
00000058
00000064
00000058
00000065
00000065
00000065
00000066
00000067
00000065
00000068
00000065
00000065
00000069
00000065
00000065
00000065
00000065
00000065
00000065
00000065
00000065
0000006A
0000006B
0000006C
00000065
00000065
0000006D
00000065
00000058
00000059
00000059
0000005A
0000005B
00000058
0000005C
0000005D
0000005E
0000005F
00000060
00000060
00000061
00000058
00000058
00000058
00000062
00000058
00000063
00000058
00000058
00000058
00000064
00000058
00000065
00000065
00000065
00000066
00000067
00000065
00000068
00000065
00000065
00000069
00000065
00000065
00000065
00000065
00000065
00000065
00000065
00000065
0000006A
0000006B
0000006C
00000065
00000065
0000006D
00000065
00000058
00000059
00000059
0000005A
0000005B
00000058
0000005C
0000005D
0000005E
0000005F
00000060
00000060
00000061
00000058
00000058
00000058
00000062
00000058
00000063
00000058
00000058
00000058
00000064
00000058
00000065
00000065
00000065
00000066
00000067
00000065
00000068
00000065
00000065
00000069
00000065
00000065
00000065
00000065
00000065
00000065
00000065
00000065
0000006A
0000006B
0000006C
00000065
00000065
0000006D
00000065
00000058
00000059
00000059
0000005A
0000005B
00000058
0000005C
0000005D
0000005E
0000005F
00000060
00000060
00000061
00000058
00000058
00000058
00000062
00000058
00000063
00000058
00000058
00000058
00000064
00000058
00000065
00000065
00000065
00000066
00000067
00000065
00000068
00000065
00000065
00000069
00000065
00000065
00000065
00000065
00000065
00000065
00000065
00000065
0000006A
0000006B
0000006C
00000065
00000065
0000006D
00000065
00000058
00000059
00000059
0000005A
0000005B
00000058
0000005C
0000005D
0000005E
0000005F
00000060
00000060
00000061
00000058
00000058
00000058
00000062
00000058
00000063
00000058
00000058
00000058
00000064
00000058
00000065
00000065
00000065
00000066
00000067
00000065
00000068
00000065
00000065
00000069
00000065
00000065
00000065
00000065
00000065
00000065
00000065
00000065
0000006A
0000006B
0000006C
00000065
00000065
0000006D
00000065
00000058
00000059
00000059
0000005A
0000005B
00000058
0000005C
0000005D
0000005E
0000005F
00000060
00000060
00000061
00000058
00000058
00000058
00000062
00000058
00000063
00000058
00000058
00000058
00000064
00000058
00000065
00000065
00000065
00000066
00000067
00000065
00000068
00000065
00000065
00000069
00000065
00000065
00000065
00000065
00000065
00000065
00000065
00000065
0000006A
0000006B
0000006C
00000065
00000065
0000006D
00000065
00000058
00000059
00000059
0000005A
0000005B
00000058
0000005C
0000005D
0000005E
0000005F
00000060
00000060
00000061
00000058
00000058
00000058
00000062
00000058
00000063
00000058
00000058
00000058
00000064
00000058
00000065
00000065
00000065
00000066
00000067
00000065
00000068
00000065
00000065
00000069
00000065
00000065
00000065
00000065
00000065
00000065
00000065
00000065
0000006A
0000006B
0000006C
00000065
00000065
0000006D
00000065
00000058
00000059
00000059
0000005A
0000005B
00000058
0000005C
0000005D
0000005E
0000005F
00000060
00000060
00000061
00000058
00000058
00000058
00000062
00000058
00000063
00000058
00000058
00000058
00000064
00000058
00000065
00000065
00000065
00000066
00000067
00000065
00000068
00000065
00000065
00000069
00000065
00000065
00000065
00000065
00000065
00000065
00000065
00000065
0000006A
0000006B
0000006C
00000065
00000065
0000006D
00000065
00000058
00000059
00000059
0000005A
0000005B
00000058
0000005C
0000005D
0000005E
0000005F
00000060
00000060
00000061
00000058
00000058
00000058
00000062
00000058
00000063
00000058
00000058
00000058
00000064
00000058
00000065
00000065
00000065
00000066
00000067
00000065
00000068
00000065
00000065
00000069
00000065
00000065
00000065
00000065
00000065
00000065
00000065
00000065
0000006A
0000006B
0000006C
00000065
00000065
0000006D
00000065
00000058
00000059
00000059
0000005A
0000005B
00000058
0000005C
0000005D
0000005E
0000005F
00000060
00000060
00000061
00000058
00000058
00000058
00000062
00000058
00000063
00000058
00000058
00000058
00000064
00000058
00000065
00000065
00000065
00000066
00000067
00000065
00000068
00000065
00000065
00000069
00000065
00000065
00000065
00000065
00000065
00000065
00000065
00000065
0000006A
0000006B
0000006C
00000065
00000065
0000006D
00000065
00000058
00000059
00000059
0000005A
0000005B
00000058
0000005C
0000005D
0000005E
0000005F
00000060
00000060
00000061
00000058
00000058
00000058
00000062
00000058
00000063
00000058
00000058
00000058
00000064
00000058
00000065
00000065
00000065
00000066
00000067
00000065
00000068
00000065
00000065
00000069
00000065
00000065
00000065
00000065
00000065
00000065
00000065
00000065
0000006A
0000006B
0000006C
00000065
00000065
0000006D
00000065
0000006E
0000006F
0000006F
00000070
0000006F
0000006E
00000071
00000072
00000073
00000074
00000075
00000075
00000076
0000006E
0000006E
0000006E
00000077
0000006E
00000078
0000006E
0000006E
0000006E
00000079
0000006E
0000007A
0000007A
0000007A
0000007B
0000007C
0000007A
0000007D
0000007A
0000007A
0000007E
0000007A
0000007A
0000007A
0000007A
0000007A
0000007A
0000007A
0000007A
0000007F
00000080
00000081
0000007A
0000007A
00000082
0000007A
0000006E
0000006F
0000006F
00000070
0000006F
0000006E
00000071
00000072
00000073
00000074
00000075
00000075
00000076
0000006E
0000006E
0000006E
00000077
0000006E
00000078
0000006E
0000006E
0000006E
00000079
0000006E
0000007A
0000007A
0000007A
0000007B
0000007C
0000007A
0000007D
0000007A
0000007A
0000007E
0000007A
0000007A
0000007A
0000007A
0000007A
0000007A
0000007A
0000007A
0000007F
00000080
00000081
0000007A
0000007A
00000082
0000007A
0000006E
0000006F
0000006F
00000070
0000006F
0000006E
00000071
00000072
00000073
00000074
00000075
00000075
00000076
0000006E
0000006E
0000006E
00000077
0000006E
00000078
0000006E
0000006E
0000006E
00000079
0000006E
0000007A
0000007A
0000007A
0000007B
0000007C
0000007A
0000007D
0000007A
0000007A
0000007E
0000007A
0000007A
0000007A
0000007A
0000007A
0000007A
0000007A
0000007A
0000007F
00000080
00000081
0000007A
0000007A
00000082
0000007A
0000006E
0000006F
0000006F
00000070
0000006F
0000006E
00000071
00000072
00000073
00000074
00000075
00000075
00000076
0000006E
0000006E
0000006E
00000077
0000006E
00000078
0000006E
0000006E
0000006E
00000079
0000006E
0000007A
0000007A
0000007A
0000007B
0000007C
0000007A
0000007D
0000007A
0000007A
0000007E
0000007A
0000007A
0000007A
0000007A
0000007A
0000007A
0000007A
0000007A
0000007F
00000080
00000081
0000007A
0000007A
00000082
0000007A
0000006E
0000006F
0000006F
00000070
0000006F
0000006E
00000071
00000072
00000073
00000074
00000075
00000075
00000076
0000006E
0000006E
0000006E
00000077
0000006E
00000078
0000006E
0000006E
0000006E
00000079
0000006E
0000007A
0000007A
0000007A
0000007B
0000007C
0000007A
0000007D
0000007A
0000007A
0000007E
0000007A
0000007A
0000007A
0000007A
0000007A
0000007A
0000007A
0000007A
0000007F
00000080
00000081
0000007A
0000007A
00000082
0000007A
0000006E
0000006F
0000006F
00000070
0000006F
0000006E
00000071
00000072
00000073
00000074
00000075
00000075
00000076
0000006E
0000006E
0000006E
00000077
0000006E
00000078
0000006E
0000006E
0000006E
00000079
0000006E
0000007A
0000007A
0000007A
0000007B
0000007C
0000007A
0000007D
0000007A
0000007A
0000007E
0000007A
0000007A
0000007A
0000007A
0000007A
0000007A
0000007A
0000007A
0000007F
00000080
00000081
0000007A
0000007A
00000082
0000007A
0000006E
0000006F
0000006F
00000070
0000006F
0000006E
00000071
00000072
00000073
00000074
00000075
00000075
00000076
0000006E
0000006E
0000006E
00000077
0000006E
00000078
0000006E
0000006E
0000006E
00000079
0000006E
0000007A
0000007A
0000007A
0000007B
0000007C
0000007A
0000007D
0000007A
0000007A
0000007E
0000007A
0000007A
0000007A
0000007A
0000007A
0000007A
0000007A
0000007A
0000007F
00000080
00000081
0000007A
0000007A
00000082
0000007A
00000083
00000084
00000084
00000085
00000084
00000083
00000086
00000087
00000088
00000089
0000008A
0000008A
0000008B
00000083
00000083
00000083
0000008C
00000083
0000008D
00000083
00000083
00000083
0000008E
00000083
0000008F
0000008F
0000008F
00000090
00000091
0000008F
00000092
0000008F
0000008F
00000093
0000008F
0000008F
0000008F
0000008F
0000008F
0000008F
0000008F
0000008F
00000094
00000095
0000008F
0000008F
0000008F
00000096
0000008F
00000097
00000098
00000098
00000099
00000098
00000097
0000009A
0000009B
0000009C
0000009D
0000009E
0000009E
0000009F
00000097
00000097
00000097
000000A0
00000097
000000A1
00000097
00000097
00000097
000000A2
00000097
000000A3
000000A3
000000A3
000000A4
000000A5
000000A3
000000A6
000000A3
000000A3
000000A7
000000A3
000000A3
000000A3
000000A8
000000A3
000000A3
000000A3
000000A3
000000A9
000000AA
000000A3
000000A3
000000A3
000000AB
000000A3
000000AC
000000AD
000000AD
000000AE
000000AD
000000AC
000000AF
000000B0
000000B1
000000B2
000000B3
000000B3
000000B4
000000AC
000000AC
000000AC
000000B5
000000AC
000000B6
000000AC
000000AC
000000AC
000000B7
000000AC
000000B8
000000B8
000000B8
000000B9
000000BA
000000B8
000000BB
000000B8
000000B8
000000BC
000000B8
000000B8
000000B8
000000B8
000000B8
000000B8
000000B8
000000B8
000000BD
000000BE
000000B8
000000BF
000000C0
000000C1
000000B8
000000C2
000000C3
000000C3
000000C4
000000C3
000000C2
000000C5
000000C6
000000C7
000000C8
000000C9
000000C9
000000CA
000000C2
000000C2
000000C2
000000CB
000000C2
000000CC
000000C2
000000C2
000000C2
000000CD
000000C2
000000CE
000000CE
000000CE
000000CF
000000D0
000000CE
000000D1
000000CE
000000CE
000000D2
000000CE
000000CE
000000CE
000000CE
000000CE
000000CE
000000CE
000000CE
000000D3
000000D4
000000CE
000000CE
000000CE
000000D5
000000CE
000000D6
000000D7
000000D7
000000D8
000000D9
000000D6
000000DA
000000DB
000000DC
000000DD
000000DE
000000DE
000000DF
000000D6
000000D6
000000D6
000000E0
000000D6
000000E1
000000D6
000000D6
000000D6
000000E2
000000D6
000000E3
000000E3
000000E3
000000E4
000000E5
000000E3
000000E6
000000E3
000000E3
000000E7
000000E3
000000E3
000000E8
000000E3
000000E3
000000E3
000000E3
000000E3
000000E9
000000EA
000000E3
000000E3
000000E3
000000EB
000000E3
000000EC
000000ED
000000ED
000000EE
000000ED
000000EC
000000EF
000000F0
000000F1
000000F2
000000F3
000000F3
000000F4
000000EC
000000EC
000000EC
000000F5
000000EC
000000F6
000000EC
000000EC
000000EC
000000F7
000000EC
000000F8
000000F8
000000F9
000000FA
000000FB
000000F8
000000FC
000000F8
000000F8
000000FD
000000F8
000000F8
000000F8
000000F8
000000F8
000000F8
000000F8
000000F8
000000FE
000000FF
000000F8
000000F8
000000F8
00000100
000000F8
00000101
00000102
00000102
00000103
00000102
00000104
00000105
00000106
00000107
00000108
00000109
00000109
0000010A
00000104
00000104
00000104
0000010B
00000104
0000010C
00000104
00000104
00000104
0000010D
00000104
0000010E
0000010E
0000010E
0000010F
00000110
0000010E
00000111
00000112
00000112
00000113
00000112
00000112
00000112
00000112
00000112
00000112
00000112
00000114
00000115
00000116
00000112
00000112
00000112
00000117
00000112
00000101
00000102
00000102
00000103
00000102
00000104
00000105
00000106
00000107
00000108
00000109
00000109
0000010A
00000104
00000104
00000104
0000010B
00000104
0000010C
00000104
00000104
00000104
0000010D
00000104
0000010E
0000010E
0000010E
0000010F
00000110
0000010E
00000111
00000112
00000112
00000113
00000112
00000112
00000112
00000112
00000112
00000112
00000112
00000114
00000115
00000116
00000112
00000112
00000112
00000117
00000112
00000101
00000102
00000102
00000103
00000102
00000104
00000105
00000106
00000107
00000108
00000109
00000109
0000010A
00000104
00000104
00000104
0000010B
00000104
0000010C
00000104
00000104
00000104
0000010D
00000104
0000010E
0000010E
0000010E
0000010F
00000110
0000010E
00000111
00000112
00000112
00000113
00000112
00000112
00000112
00000112
00000112
00000112
00000112
00000114
00000115
00000116
00000112
00000112
00000112
00000117
00000112
00000101
00000102
00000102
00000103
00000102
00000104
00000105
00000106
00000107
00000108
00000109
00000109
0000010A
00000104
00000104
00000104
0000010B
00000104
0000010C
00000104
00000104
00000104
0000010D
00000104
0000010E
0000010E
0000010E
0000010F
00000110
0000010E
00000111
00000112
00000112
00000113
00000112
00000112
00000112
00000112
00000112
00000112
00000112
00000114
00000115
00000116
00000112
00000112
00000112
00000117
00000112
00000101
00000102
00000102
00000103
00000102
00000104
00000105
00000106
00000107
00000108
00000109
00000109
0000010A
00000104
00000104
00000104
0000010B
00000104
0000010C
00000104
00000104
00000104
0000010D
00000104
0000010E
0000010E
0000010E
0000010F
00000110
0000010E
00000111
00000112
00000112
00000113
00000112
00000112
00000112
00000112
00000112
00000112
00000112
00000114
00000115
00000116
00000112
00000112
00000112
00000117
00000112
00000101
00000102
00000102
00000103
00000102
00000104
00000105
00000106
00000107
00000108
00000109
00000109
0000010A
00000104
00000104
00000104
0000010B
00000104
0000010C
00000104
00000104
00000104
0000010D
00000104
0000010E
0000010E
0000010E
0000010F
00000110
0000010E
00000111
00000112
00000112
00000113
00000112
00000112
00000112
00000112
00000112
00000112
00000112
00000114
00000115
00000116
00000112
00000112
00000112
00000117
00000112
00000101
00000102
00000102
00000103
00000102
00000104
00000105
00000106
00000107
00000108
00000109
00000109
0000010A
00000104
00000104
00000104
0000010B
00000104
0000010C
00000104
00000104
00000104
0000010D
00000104
0000010E
0000010E
0000010E
0000010F
00000110
0000010E
00000111
00000112
00000112
00000113
00000112
00000112
00000112
00000112
00000112
00000112
00000112
00000114
00000115
00000116
00000112
00000112
00000112
00000117
00000112
00000101
00000102
00000102
00000103
00000102
00000104
00000105
00000106
00000107
00000108
00000109
00000109
0000010A
00000104
00000104
00000104
0000010B
00000104
0000010C
00000104
00000104
00000104
0000010D
00000104
0000010E
0000010E
0000010E
0000010F
00000110
0000010E
00000111
00000112
00000112
00000113
00000112
00000112
00000112
00000112
00000112
00000112
00000112
00000114
00000115
00000116
00000112
00000112
00000112
00000117
00000112
00000101
00000102
00000102
00000103
00000102
00000104
00000105
00000106
00000107
00000108
00000109
00000109
0000010A
00000104
00000104
00000104
0000010B
00000104
0000010C
00000104
00000104
00000104
0000010D
00000104
0000010E
0000010E
0000010E
0000010F
00000110
0000010E
00000111
00000112
00000112
00000113
00000112
00000112
00000112
00000112
00000112
00000112
00000112
00000114
00000115
00000116
00000112
00000112
00000112
00000117
00000112
00000101
00000102
00000102
00000103
00000102
00000104
00000105
00000106
00000107
00000108
00000109
00000109
0000010A
00000104
00000104
00000104
0000010B
00000104
0000010C
00000104
00000104
00000104
0000010D
00000104
0000010E
0000010E
0000010E
0000010F
00000110
0000010E
00000111
00000112
00000112
00000113
00000112
00000112
00000112
00000112
00000112
00000112
00000112
00000114
00000115
00000116
00000112
00000112
00000112
00000117
00000112
00000118
00000119
00000119
0000011A
00000119
00000118
0000011B
0000011C
0000011D
0000011E
0000011F
0000011F
00000120
00000118
00000118
00000118
00000121
00000118
00000122
00000118
00000123
00000118
00000124
00000118
00000125
00000125
00000125
00000126
00000127
00000125
00000128
00000125
00000125
00000129
00000125
00000125
00000125
00000125
00000125
00000125
00000125
00000125
0000012A
0000012B
00000125
00000125
00000125
0000012C
00000125
00000118
00000119
00000119
0000011A
00000119
00000118
0000011B
0000011C
0000011D
0000011E
0000011F
0000011F
00000120
00000118
00000118
00000118
00000121
00000118
00000122
00000118
00000123
00000118
00000124
00000118
00000125
00000125
00000125
00000126
00000127
00000125
00000128
00000125
00000125
00000129
00000125
00000125
00000125
00000125
00000125
00000125
00000125
00000125
0000012A
0000012B
00000125
00000125
00000125
0000012C
00000125
00000118
00000119
00000119
0000011A
00000119
00000118
0000011B
0000011C
0000011D
0000011E
0000011F
0000011F
00000120
00000118
00000118
00000118
00000121
00000118
00000122
00000118
00000123
00000118
00000124
00000118
00000125
00000125
00000125
00000126
00000127
00000125
00000128
00000125
00000125
00000129
00000125
00000125
00000125
00000125
00000125
00000125
00000125
00000125
0000012A
0000012B
00000125
00000125
00000125
0000012C
00000125
00000118
00000119
00000119
0000011A
00000119
00000118
0000011B
0000011C
0000011D
0000011E
0000011F
0000011F
00000120
00000118
00000118
00000118
00000121
00000118
00000122
00000118
00000123
00000118
00000124
00000118
00000125
00000125
00000125
00000126
00000127
00000125
00000128
00000125
00000125
00000129
00000125
00000125
00000125
00000125
00000125
00000125
00000125
00000125
0000012A
0000012B
00000125
00000125
00000125
0000012C
00000125
00000118
00000119
00000119
0000011A
00000119
00000118
0000011B
0000011C
0000011D
0000011E
0000011F
0000011F
00000120
00000118
00000118
00000118
00000121
00000118
00000122
00000118
00000123
00000118
00000124
00000118
00000125
00000125
00000125
00000126
00000127
00000125
00000128
00000125
00000125
00000129
00000125
00000125
00000125
00000125
00000125
00000125
00000125
00000125
0000012A
0000012B
00000125
00000125
00000125
0000012C
00000125
00000118
00000119
00000119
0000011A
00000119
00000118
0000011B
0000011C
0000011D
0000011E
0000011F
0000011F
00000120
00000118
00000118
00000118
00000121
00000118
00000122
00000118
00000123
00000118
00000124
00000118
00000125
00000125
00000125
00000126
00000127
00000125
00000128
00000125
00000125
00000129
00000125
00000125
00000125
00000125
00000125
00000125
00000125
00000125
0000012A
0000012B
00000125
00000125
00000125
0000012C
00000125
00000118
00000119
00000119
0000011A
00000119
00000118
0000011B
0000011C
0000011D
0000011E
0000011F
0000011F
00000120
00000118
00000118
00000118
00000121
00000118
00000122
00000118
00000123
00000118
00000124
00000118
00000125
00000125
00000125
00000126
00000127
00000125
00000128
00000125
00000125
00000129
00000125
00000125
00000125
00000125
00000125
00000125
00000125
00000125
0000012A
0000012B
00000125
00000125
00000125
0000012C
00000125
00000118
00000119
00000119
0000011A
00000119
00000118
0000011B
0000011C
0000011D
0000011E
0000011F
0000011F
00000120
00000118
00000118
00000118
00000121
00000118
00000122
00000118
00000123
00000118
00000124
00000118
00000125
00000125
00000125
00000126
00000127
00000125
00000128
00000125
00000125
00000129
00000125
00000125
00000125
00000125
00000125
00000125
00000125
00000125
0000012A
0000012B
00000125
00000125
00000125
0000012C
00000125
00000118
00000119
00000119
0000011A
00000119
00000118
0000011B
0000011C
0000011D
0000011E
0000011F
0000011F
00000120
00000118
00000118
00000118
00000121
00000118
00000122
00000118
00000123
00000118
00000124
00000118
00000125
00000125
00000125
00000126
00000127
00000125
00000128
00000125
00000125
00000129
00000125
00000125
00000125
00000125
00000125
00000125
00000125
00000125
0000012A
0000012B
00000125
00000125
00000125
0000012C
00000125
00000118
00000119
00000119
0000011A
00000119
00000118
0000011B
0000011C
0000011D
0000011E
0000011F
0000011F
00000120
00000118
00000118
00000118
00000121
00000118
00000122
00000118
00000123
00000118
00000124
00000118
00000125
00000125
00000125
00000126
00000127
00000125
00000128
00000125
00000125
00000129
00000125
00000125
00000125
00000125
00000125
00000125
00000125
00000125
0000012A
0000012B
00000125
00000125
00000125
0000012C
00000125
00000118
00000119
00000119
0000011A
00000119
00000118
0000011B
0000011C
0000011D
0000011E
0000011F
0000011F
00000120
00000118
00000118
00000118
00000121
00000118
00000122
00000118
00000123
00000118
00000124
00000118
00000125
00000125
00000125
00000126
00000127
00000125
00000128
00000125
00000125
00000129
00000125
00000125
00000125
00000125
00000125
00000125
00000125
00000125
0000012A
0000012B
00000125
00000125
00000125
0000012C
00000125
00000118
00000119
00000119
0000011A
00000119
00000118
0000011B
0000011C
0000011D
0000011E
0000011F
0000011F
00000120
00000118
00000118
00000118
00000121
00000118
00000122
00000118
00000123
00000118
00000124
00000118
00000125
00000125
00000125
00000126
00000127
00000125
00000128
00000125
00000125
00000129
00000125
00000125
00000125
00000125
00000125
00000125
00000125
00000125
0000012A
0000012B
00000125
00000125
00000125
0000012C
00000125
00000118
00000119
00000119
0000011A
00000119
00000118
0000011B
0000011C
0000011D
0000011E
0000011F
0000011F
00000120
00000118
00000118
00000118
00000121
00000118
00000122
00000118
00000123
00000118
00000124
00000118
00000125
00000125
00000125
00000126
00000127
00000125
00000128
00000125
00000125
00000129
00000125
00000125
00000125
00000125
00000125
00000125
00000125
00000125
0000012A
0000012B
00000125
00000125
00000125
0000012C
00000125
00000118
00000119
00000119
0000011A
00000119
00000118
0000011B
0000011C
0000011D
0000011E
0000011F
0000011F
00000120
00000118
00000118
00000118
00000121
00000118
00000122
00000118
00000123
00000118
00000124
00000118
00000125
00000125
00000125
00000126
00000127
00000125
00000128
00000125
00000125
00000129
00000125
00000125
00000125
00000125
00000125
00000125
00000125
00000125
0000012A
0000012B
00000125
00000125
00000125
0000012C
00000125
00000118
00000119
00000119
0000011A
00000119
00000118
0000011B
0000011C
0000011D
0000011E
0000011F
0000011F
00000120
00000118
00000118
00000118
00000121
00000118
00000122
00000118
00000123
00000118
00000124
00000118
00000125
00000125
00000125
00000126
00000127
00000125
00000128
00000125
00000125
00000129
00000125
00000125
00000125
00000125
00000125
00000125
00000125
00000125
0000012A
0000012B
00000125
00000125
00000125
0000012C
00000125
00000118
00000119
00000119
0000011A
00000119
00000118
0000011B
0000011C
0000011D
0000011E
0000011F
0000011F
00000120
00000118
00000118
00000118
00000121
00000118
00000122
00000118
00000123
00000118
00000124
00000118
00000125
00000125
00000125
00000126
00000127
00000125
00000128
00000125
00000125
00000129
00000125
00000125
00000125
00000125
00000125
00000125
00000125
00000125
0000012A
0000012B
00000125
00000125
00000125
0000012C
00000125
00000118
00000119
00000119
0000011A
00000119
00000118
0000011B
0000011C
0000011D
0000011E
0000011F
0000011F
00000120
00000118
00000118
00000118
00000121
00000118
00000122
00000118
00000123
00000118
00000124
00000118
00000125
00000125
00000125
00000126
00000127
00000125
00000128
00000125
00000125
00000129
00000125
00000125
00000125
00000125
00000125
00000125
00000125
00000125
0000012A
0000012B
00000125
00000125
00000125
0000012C
00000125
00000118
00000119
00000119
0000011A
00000119
00000118
0000011B
0000011C
0000011D
0000011E
0000011F
0000011F
00000120
00000118
00000118
00000118
00000121
00000118
00000122
00000118
00000123
00000118
00000124
00000118
00000125
00000125
00000125
00000126
00000127
00000125
00000128
00000125
00000125
00000129
00000125
00000125
00000125
00000125
00000125
00000125
00000125
00000125
0000012A
0000012B
00000125
00000125
00000125
0000012C
00000125
00000118
00000119
00000119
0000011A
00000119
00000118
0000011B
0000011C
0000011D
0000011E
0000011F
0000011F
00000120
00000118
00000118
00000118
00000121
00000118
00000122
00000118
00000123
00000118
00000124
00000118
00000125
00000125
00000125
00000126
00000127
00000125
00000128
00000125
00000125
00000129
00000125
00000125
00000125
00000125
00000125
00000125
00000125
00000125
0000012A
0000012B
00000125
00000125
00000125
0000012C
00000125
00000118
00000119
00000119
0000011A
00000119
00000118
0000011B
0000011C
0000011D
0000011E
0000011F
0000011F
00000120
00000118
00000118
00000118
00000121
00000118
00000122
00000118
00000123
00000118
00000124
00000118
00000125
00000125
00000125
00000126
00000127
00000125
00000128
00000125
00000125
00000129
00000125
00000125
00000125
00000125
00000125
00000125
00000125
00000125
0000012A
0000012B
00000125
00000125
00000125
0000012C
00000125
00000118
00000119
00000119
0000011A
00000119
00000118
0000011B
0000011C
0000011D
0000011E
0000011F
0000011F
00000120
00000118
00000118
00000118
00000121
00000118
00000122
00000118
00000123
00000118
00000124
00000118
00000125
00000125
00000125
00000126
00000127
00000125
00000128
00000125
00000125
00000129
00000125
00000125
00000125
00000125
00000125
00000125
00000125
00000125
0000012A
0000012B
00000125
00000125
00000125
0000012C
00000125
00000118
00000119
00000119
0000011A
00000119
00000118
0000011B
0000011C
0000011D
0000011E
0000011F
0000011F
00000120
00000118
00000118
00000118
00000121
00000118
00000122
00000118
00000123
00000118
00000124
00000118
00000125
00000125
00000125
00000126
00000127
00000125
00000128
00000125
00000125
00000129
00000125
00000125
00000125
00000125
00000125
00000125
00000125
00000125
0000012A
0000012B
00000125
00000125
00000125
0000012C
00000125
00000118
00000119
00000119
0000011A
00000119
00000118
0000011B
0000011C
0000011D
0000011E
0000011F
0000011F
00000120
00000118
00000118
00000118
00000121
00000118
00000122
00000118
00000123
00000118
00000124
00000118
00000125
00000125
00000125
00000126
00000127
00000125
00000128
00000125
00000125
00000129
00000125
00000125
00000125
00000125
00000125
00000125
00000125
00000125
0000012A
0000012B
00000125
00000125
00000125
0000012C
00000125
0000012D
0000012E
0000012E
0000012F
0000012E
0000012D
00000130
00000131
00000132
00000133
00000134
00000134
00000135
0000012D
0000012D
0000012D
00000136
0000012D
00000137
0000012D
0000012D
0000012D
00000138
0000012D
00000139
00000139
00000139
0000013A
0000013B
00000139
0000013C
00000139
00000139
0000013D
00000139
00000139
00000139
00000139
00000139
00000139
00000139
00000139
0000013E
0000013F
00000139
00000139
00000139
00000140
00000139
0000012D
0000012E
0000012E
0000012F
0000012E
0000012D
00000130
00000131
00000132
00000133
00000134
00000134
00000135
0000012D
0000012D
0000012D
00000136
0000012D
00000137
0000012D
0000012D
0000012D
00000138
0000012D
00000139
00000139
00000139
0000013A
0000013B
00000139
0000013C
00000139
00000139
0000013D
00000139
00000139
00000139
00000139
00000139
00000139
00000139
00000139
0000013E
0000013F
00000139
00000139
00000139
00000140
00000139
0000012D
0000012E
0000012E
0000012F
0000012E
0000012D
00000130
00000131
00000132
00000133
00000134
00000134
00000135
0000012D
0000012D
0000012D
00000136
0000012D
00000137
0000012D
0000012D
0000012D
00000138
0000012D
00000139
00000139
00000139
0000013A
0000013B
00000139
0000013C
00000139
00000139
0000013D
00000139
00000139
00000139
00000139
00000139
00000139
00000139
00000139
0000013E
0000013F
00000139
00000139
00000139
00000140
00000139
0000012D
0000012E
0000012E
0000012F
0000012E
0000012D
00000130
00000131
00000132
00000133
00000134
00000134
00000135
0000012D
0000012D
0000012D
00000136
0000012D
00000137
0000012D
0000012D
0000012D
00000138
0000012D
00000139
00000139
00000139
0000013A
0000013B
00000139
0000013C
00000139
00000139
0000013D
00000139
00000139
00000139
00000139
00000139
00000139
00000139
00000139
0000013E
0000013F
00000139
00000139
00000139
00000140
00000139
0000012D
0000012E
0000012E
0000012F
0000012E
0000012D
00000130
00000131
00000132
00000133
00000134
00000134
00000135
0000012D
0000012D
0000012D
00000136
0000012D
00000137
0000012D
0000012D
0000012D
00000138
0000012D
00000139
00000139
00000139
0000013A
0000013B
00000139
0000013C
00000139
00000139
0000013D
00000139
00000139
00000139
00000139
00000139
00000139
00000139
00000139
0000013E
0000013F
00000139
00000139
00000139
00000140
00000139
0000012D
0000012E
0000012E
0000012F
0000012E
0000012D
00000130
00000131
00000132
00000133
00000134
00000134
00000135
0000012D
0000012D
0000012D
00000136
0000012D
00000137
0000012D
0000012D
0000012D
00000138
0000012D
00000139
00000139
00000139
0000013A
0000013B
00000139
0000013C
00000139
00000139
0000013D
00000139
00000139
00000139
00000139
00000139
00000139
00000139
00000139
0000013E
0000013F
00000139
00000139
00000139
00000140
00000139
0000012D
0000012E
0000012E
0000012F
0000012E
0000012D
00000130
00000131
00000132
00000133
00000134
00000134
00000135
0000012D
0000012D
0000012D
00000136
0000012D
00000137
0000012D
0000012D
0000012D
00000138
0000012D
00000139
00000139
00000139
0000013A
0000013B
00000139
0000013C
00000139
00000139
0000013D
00000139
00000139
00000139
00000139
00000139
00000139
00000139
00000139
0000013E
0000013F
00000139
00000139
00000139
00000140
00000139
0000012D
0000012E
0000012E
0000012F
0000012E
0000012D
00000130
00000131
00000132
00000133
00000134
00000134
00000135
0000012D
0000012D
0000012D
00000136
0000012D
00000137
0000012D
0000012D
0000012D
00000138
0000012D
00000139
00000139
00000139
0000013A
0000013B
00000139
0000013C
00000139
00000139
0000013D
00000139
00000139
00000139
00000139
00000139
00000139
00000139
00000139
0000013E
0000013F
00000139
00000139
00000139
00000140
00000139
0000012D
0000012E
0000012E
0000012F
0000012E
0000012D
00000130
00000131
00000132
00000133
00000134
00000134
00000135
0000012D
0000012D
0000012D
00000136
0000012D
00000137
0000012D
0000012D
0000012D
00000138
0000012D
00000139
00000139
00000139
0000013A
0000013B
00000139
0000013C
00000139
00000139
0000013D
00000139
00000139
00000139
00000139
00000139
00000139
00000139
00000139
0000013E
0000013F
00000139
00000139
00000139
00000140
00000139
0000012D
0000012E
0000012E
0000012F
0000012E
0000012D
00000130
00000131
00000132
00000133
00000134
00000134
00000135
0000012D
0000012D
0000012D
00000136
0000012D
00000137
0000012D
0000012D
0000012D
00000138
0000012D
00000139
00000139
00000139
0000013A
0000013B
00000139
0000013C
00000139
00000139
0000013D
00000139
00000139
00000139
00000139
00000139
00000139
00000139
00000139
0000013E
0000013F
00000139
00000139
00000139
00000140
00000139
0000012D
0000012E
0000012E
0000012F
0000012E
0000012D
00000130
00000131
00000132
00000133
00000134
00000134
00000135
0000012D
0000012D
0000012D
00000136
0000012D
00000137
0000012D
0000012D
0000012D
00000138
0000012D
00000139
00000139
00000139
0000013A
0000013B
00000139
0000013C
00000139
00000139
0000013D
00000139
00000139
00000139
00000139
00000139
00000139
00000139
00000139
0000013E
0000013F
00000139
00000139
00000139
00000140
00000139
0000012D
0000012E
0000012E
0000012F
0000012E
0000012D
00000130
00000131
00000132
00000133
00000134
00000134
00000135
0000012D
0000012D
0000012D
00000136
0000012D
00000137
0000012D
0000012D
0000012D
00000138
0000012D
00000139
00000139
00000139
0000013A
0000013B
00000139
0000013C
00000139
00000139
0000013D
00000139
00000139
00000139
00000139
00000139
00000139
00000139
00000139
0000013E
0000013F
00000139
00000139
00000139
00000140
00000139
0000012D
0000012E
0000012E
0000012F
0000012E
0000012D
00000130
00000131
00000132
00000133
00000134
00000134
00000135
0000012D
0000012D
0000012D
00000136
0000012D
00000137
0000012D
0000012D
0000012D
00000138
0000012D
00000139
00000139
00000139
0000013A
0000013B
00000139
0000013C
00000139
00000139
0000013D
00000139
00000139
00000139
00000139
00000139
00000139
00000139
00000139
0000013E
0000013F
00000139
00000139
00000139
00000140
00000139
0000012D
0000012E
0000012E
0000012F
0000012E
0000012D
00000130
00000131
00000132
00000133
00000134
00000134
00000135
0000012D
0000012D
0000012D
00000136
0000012D
00000137
0000012D
0000012D
0000012D
00000138
0000012D
00000139
00000139
00000139
0000013A
0000013B
00000139
0000013C
00000139
00000139
0000013D
00000139
00000139
00000139
00000139
00000139
00000139
00000139
00000139
0000013E
0000013F
00000139
00000139
00000139
00000140
00000139
0000012D
0000012E
0000012E
0000012F
0000012E
0000012D
00000130
00000131
00000132
00000133
00000134
00000134
00000135
0000012D
0000012D
0000012D
00000136
0000012D
00000137
0000012D
0000012D
0000012D
00000138
0000012D
00000139
00000139
00000139
0000013A
0000013B
00000139
0000013C
00000139
00000139
0000013D
00000139
00000139
00000139
00000139
00000139
00000139
00000139
00000139
0000013E
0000013F
00000139
00000139
00000139
00000140
00000139
0000012D
0000012E
0000012E
0000012F
0000012E
0000012D
00000130
00000131
00000132
00000133
00000134
00000134
00000135
0000012D
0000012D
0000012D
00000136
0000012D
00000137
0000012D
0000012D
0000012D
00000138
0000012D
00000139
00000139
00000139
0000013A
0000013B
00000139
0000013C
00000139
00000139
0000013D
00000139
00000139
00000139
00000139
00000139
00000139
00000139
00000139
0000013E
0000013F
00000139
00000139
00000139
00000140
00000139
0000012D
0000012E
0000012E
0000012F
0000012E
0000012D
00000130
00000131
00000132
00000133
00000134
00000134
00000135
0000012D
0000012D
0000012D
00000136
0000012D
00000137
0000012D
0000012D
0000012D
00000138
0000012D
00000139
00000139
00000139
0000013A
0000013B
00000139
0000013C
00000139
00000139
0000013D
00000139
00000139
00000139
00000139
00000139
00000139
00000139
00000139
0000013E
0000013F
00000139
00000139
00000139
00000140
00000139
0000012D
0000012E
0000012E
0000012F
0000012E
0000012D
00000130
00000131
00000132
00000133
00000134
00000134
00000135
0000012D
0000012D
0000012D
00000136
0000012D
00000137
0000012D
0000012D
0000012D
00000138
0000012D
00000139
00000139
00000139
0000013A
0000013B
00000139
0000013C
00000139
00000139
0000013D
00000139
00000139
00000139
00000139
00000139
00000139
00000139
00000139
0000013E
0000013F
00000139
00000139
00000139
00000140
00000139
0000012D
0000012E
0000012E
0000012F
0000012E
0000012D
00000130
00000131
00000132
00000133
00000134
00000134
00000135
0000012D
0000012D
0000012D
00000136
0000012D
00000137
0000012D
0000012D
0000012D
00000138
0000012D
00000139
00000139
00000139
0000013A
0000013B
00000139
0000013C
00000139
00000139
0000013D
00000139
00000139
00000139
00000139
00000139
00000139
00000139
00000139
0000013E
0000013F
00000139
00000139
00000139
00000140
00000139
0000012D
0000012E
0000012E
0000012F
0000012E
0000012D
00000130
00000131
00000132
00000133
00000134
00000134
00000135
0000012D
0000012D
0000012D
00000136
0000012D
00000137
0000012D
0000012D
0000012D
00000138
0000012D
00000139
00000139
00000139
0000013A
0000013B
00000139
0000013C
00000139
00000139
0000013D
00000139
00000139
00000139
00000139
00000139
00000139
00000139
00000139
0000013E
0000013F
00000139
00000139
00000139
00000140
00000139
0000012D
0000012E
0000012E
0000012F
0000012E
0000012D
00000130
00000131
00000132
00000133
00000134
00000134
00000135
0000012D
0000012D
0000012D
00000136
0000012D
00000137
0000012D
0000012D
0000012D
00000138
0000012D
00000139
00000139
00000139
0000013A
0000013B
00000139
0000013C
00000139
00000139
0000013D
00000139
00000139
00000139
00000139
00000139
00000139
00000139
00000139
0000013E
0000013F
00000139
00000139
00000139
00000140
00000139
0000012D
0000012E
0000012E
0000012F
0000012E
0000012D
00000130
00000131
00000132
00000133
00000134
00000134
00000135
0000012D
0000012D
0000012D
00000136
0000012D
00000137
0000012D
0000012D
0000012D
00000138
0000012D
00000139
00000139
00000139
0000013A
0000013B
00000139
0000013C
00000139
00000139
0000013D
00000139
00000139
00000139
00000139
00000139
00000139
00000139
00000139
0000013E
0000013F
00000139
00000139
00000139
00000140
00000139
0000012D
0000012E
0000012E
0000012F
0000012E
0000012D
00000130
00000131
00000132
00000133
00000134
00000134
00000135
0000012D
0000012D
0000012D
00000136
0000012D
00000137
0000012D
0000012D
0000012D
00000138
0000012D
00000139
00000139
00000139
0000013A
0000013B
00000139
0000013C
00000139
00000139
0000013D
00000139
00000139
00000139
00000139
00000139
00000139
00000139
00000139
0000013E
0000013F
00000139
00000139
00000139
00000140
00000139
00000141
00000142
00000142
00000143
00000142
00000141
00000144
00000145
00000146
00000147
00000148
00000148
00000149
00000141
00000141
00000141
0000014A
00000141
0000014B
00000141
00000141
00000141
0000014C
00000141
0000014D
0000014D
0000014E
0000014F
00000150
0000014D
00000151
0000014D
0000014D
00000152
0000014D
0000014D
0000014D
0000014D
0000014D
0000014D
0000014D
0000014D
00000153
00000154
0000014D
0000014D
0000014D
00000155
0000014D
00000141
00000142
00000142
00000143
00000142
00000141
00000144
00000145
00000146
00000147
00000148
00000148
00000149
00000141
00000141
00000141
0000014A
00000141
0000014B
00000141
00000141
00000141
0000014C
00000141
0000014D
0000014D
0000014E
0000014F
00000150
0000014D
00000151
0000014D
0000014D
00000152
0000014D
0000014D
0000014D
0000014D
0000014D
0000014D
0000014D
0000014D
00000153
00000154
0000014D
0000014D
0000014D
00000155
0000014D
00000141
00000142
00000142
00000143
00000142
00000141
00000144
00000145
00000146
00000147
00000148
00000148
00000149
00000141
00000141
00000141
0000014A
00000141
0000014B
00000141
00000141
00000141
0000014C
00000141
0000014D
0000014D
0000014E
0000014F
00000150
0000014D
00000151
0000014D
0000014D
00000152
0000014D
0000014D
0000014D
0000014D
0000014D
0000014D
0000014D
0000014D
00000153
00000154
0000014D
0000014D
0000014D
00000155
0000014D
00000141
00000142
00000142
00000143
00000142
00000141
00000144
00000145
00000146
00000147
00000148
00000148
00000149
00000141
00000141
00000141
0000014A
00000141
0000014B
00000141
00000141
00000141
0000014C
00000141
0000014D
0000014D
0000014E
0000014F
00000150
0000014D
00000151
0000014D
0000014D
00000152
0000014D
0000014D
0000014D
0000014D
0000014D
0000014D
0000014D
0000014D
00000153
00000154
0000014D
0000014D
0000014D
00000155
0000014D
00000141
00000142
00000142
00000143
00000142
00000141
00000144
00000145
00000146
00000147
00000148
00000148
00000149
00000141
00000141
00000141
0000014A
00000141
0000014B
00000141
00000141
00000141
0000014C
00000141
0000014D
0000014D
0000014E
0000014F
00000150
0000014D
00000151
0000014D
0000014D
00000152
0000014D
0000014D
0000014D
0000014D
0000014D
0000014D
0000014D
0000014D
00000153
00000154
0000014D
0000014D
0000014D
00000155
0000014D
00000141
00000142
00000142
00000143
00000142
00000141
00000144
00000145
00000146
00000147
00000148
00000148
00000149
00000141
00000141
00000141
0000014A
00000141
0000014B
00000141
00000141
00000141
0000014C
00000141
0000014D
0000014D
0000014E
0000014F
00000150
0000014D
00000151
0000014D
0000014D
00000152
0000014D
0000014D
0000014D
0000014D
0000014D
0000014D
0000014D
0000014D
00000153
00000154
0000014D
0000014D
0000014D
00000155
0000014D
00000141
00000142
00000142
00000143
00000142
00000141
00000144
00000145
00000146
00000147
00000148
00000148
00000149
00000141
00000141
00000141
0000014A
00000141
0000014B
00000141
00000141
00000141
0000014C
00000141
0000014D
0000014D
0000014E
0000014F
00000150
0000014D
00000151
0000014D
0000014D
00000152
0000014D
0000014D
0000014D
0000014D
0000014D
0000014D
0000014D
0000014D
00000153
00000154
0000014D
0000014D
0000014D
00000155
0000014D
00000141
00000142
00000142
00000143
00000142
00000141
00000144
00000145
00000146
00000147
00000148
00000148
00000149
00000141
00000141
00000141
0000014A
00000141
0000014B
00000141
00000141
00000141
0000014C
00000141
0000014D
0000014D
0000014E
0000014F
00000150
0000014D
00000151
0000014D
0000014D
00000152
0000014D
0000014D
0000014D
0000014D
0000014D
0000014D
0000014D
0000014D
00000153
00000154
0000014D
0000014D
0000014D
00000155
0000014D
00000141
00000142
00000142
00000143
00000142
00000141
00000144
00000145
00000146
00000147
00000148
00000148
00000149
00000141
00000141
00000141
0000014A
00000141
0000014B
00000141
00000141
00000141
0000014C
00000141
0000014D
0000014D
0000014E
0000014F
00000150
0000014D
00000151
0000014D
0000014D
00000152
0000014D
0000014D
0000014D
0000014D
0000014D
0000014D
0000014D
0000014D
00000153
00000154
0000014D
0000014D
0000014D
00000155
0000014D
00000141
00000142
00000142
00000143
00000142
00000141
00000144
00000145
00000146
00000147
00000148
00000148
00000149
00000141
00000141
00000141
0000014A
00000141
0000014B
00000141
00000141
00000141
0000014C
00000141
0000014D
0000014D
0000014E
0000014F
00000150
0000014D
00000151
0000014D
0000014D
00000152
0000014D
0000014D
0000014D
0000014D
0000014D
0000014D
0000014D
0000014D
00000153
00000154
0000014D
0000014D
0000014D
00000155
0000014D
00000141
00000142
00000142
00000143
00000142
00000141
00000144
00000145
00000146
00000147
00000148
00000148
00000149
00000141
00000141
00000141
0000014A
00000141
0000014B
00000141
00000141
00000141
0000014C
00000141
0000014D
0000014D
0000014E
0000014F
00000150
0000014D
00000151
0000014D
0000014D
00000152
0000014D
0000014D
0000014D
0000014D
0000014D
0000014D
0000014D
0000014D
00000153
00000154
0000014D
0000014D
0000014D
00000155
0000014D
00000141
00000142
00000142
00000143
00000142
00000141
00000144
00000145
00000146
00000147
00000148
00000148
00000149
00000141
00000141
00000141
0000014A
00000141
0000014B
00000141
00000141
00000141
0000014C
00000141
0000014D
0000014D
0000014E
0000014F
00000150
0000014D
00000151
0000014D
0000014D
00000152
0000014D
0000014D
0000014D
0000014D
0000014D
0000014D
0000014D
0000014D
00000153
00000154
0000014D
0000014D
0000014D
00000155
0000014D
00000141
00000142
00000142
00000143
00000142
00000141
00000144
00000145
00000146
00000147
00000148
00000148
00000149
00000141
00000141
00000141
0000014A
00000141
0000014B
00000141
00000141
00000141
0000014C
00000141
0000014D
0000014D
0000014E
0000014F
00000150
0000014D
00000151
0000014D
0000014D
00000152
0000014D
0000014D
0000014D
0000014D
0000014D
0000014D
0000014D
0000014D
00000153
00000154
0000014D
0000014D
0000014D
00000155
0000014D
00000141
00000142
00000142
00000143
00000142
00000141
00000144
00000145
00000146
00000147
00000148
00000148
00000149
00000141
00000141
00000141
0000014A
00000141
0000014B
00000141
00000141
00000141
0000014C
00000141
0000014D
0000014D
0000014E
0000014F
00000150
0000014D
00000151
0000014D
0000014D
00000152
0000014D
0000014D
0000014D
0000014D
0000014D
0000014D
0000014D
0000014D
00000153
00000154
0000014D
0000014D
0000014D
00000155
0000014D
00000141
00000142
00000142
00000143
00000142
00000141
00000144
00000145
00000146
00000147
00000148
00000148
00000149
00000141
00000141
00000141
0000014A
00000141
0000014B
00000141
00000141
00000141
0000014C
00000141
0000014D
0000014D
0000014E
0000014F
00000150
0000014D
00000151
0000014D
0000014D
00000152
0000014D
0000014D
0000014D
0000014D
0000014D
0000014D
0000014D
0000014D
00000153
00000154
0000014D
0000014D
0000014D
00000155
0000014D
00000141
00000142
00000142
00000143
00000142
00000141
00000144
00000145
00000146
00000147
00000148
00000148
00000149
00000141
00000141
00000141
0000014A
00000141
0000014B
00000141
00000141
00000141
0000014C
00000141
0000014D
0000014D
0000014E
0000014F
00000150
0000014D
00000151
0000014D
0000014D
00000152
0000014D
0000014D
0000014D
0000014D
0000014D
0000014D
0000014D
0000014D
00000153
00000154
0000014D
0000014D
0000014D
00000155
0000014D
00000141
00000142
00000142
00000143
00000142
00000141
00000144
00000145
00000146
00000147
00000148
00000148
00000149
00000141
00000141
00000141
0000014A
00000141
0000014B
00000141
00000141
00000141
0000014C
00000141
0000014D
0000014D
0000014E
0000014F
00000150
0000014D
00000151
0000014D
0000014D
00000152
0000014D
0000014D
0000014D
0000014D
0000014D
0000014D
0000014D
0000014D
00000153
00000154
0000014D
0000014D
0000014D
00000155
0000014D
00000141
00000142
00000142
00000143
00000142
00000141
00000144
00000145
00000146
00000147
00000148
00000148
00000149
00000141
00000141
00000141
0000014A
00000141
0000014B
00000141
00000141
00000141
0000014C
00000141
0000014D
0000014D
0000014E
0000014F
00000150
0000014D
00000151
0000014D
0000014D
00000152
0000014D
0000014D
0000014D
0000014D
0000014D
0000014D
0000014D
0000014D
00000153
00000154
0000014D
0000014D
0000014D
00000155
0000014D
00000141
00000142
00000142
00000143
00000142
00000141
00000144
00000145
00000146
00000147
00000148
00000148
00000149
00000141
00000141
00000141
0000014A
00000141
0000014B
00000141
00000141
00000141
0000014C
00000141
0000014D
0000014D
0000014E
0000014F
00000150
0000014D
00000151
0000014D
0000014D
00000152
0000014D
0000014D
0000014D
0000014D
0000014D
0000014D
0000014D
0000014D
00000153
00000154
0000014D
0000014D
0000014D
00000155
0000014D
00000141
00000142
00000142
00000143
00000142
00000141
00000144
00000145
00000146
00000147
00000148
00000148
00000149
00000141
00000141
00000141
0000014A
00000141
0000014B
00000141
00000141
00000141
0000014C
00000141
0000014D
0000014D
0000014E
0000014F
00000150
0000014D
00000151
0000014D
0000014D
00000152
0000014D
0000014D
0000014D
0000014D
0000014D
0000014D
0000014D
0000014D
00000153
00000154
0000014D
0000014D
0000014D
00000155
0000014D
00000141
00000142
00000142
00000143
00000142
00000141
00000144
00000145
00000146
00000147
00000148
00000148
00000149
00000141
00000141
00000141
0000014A
00000141
0000014B
00000141
00000141
00000141
0000014C
00000141
0000014D
0000014D
0000014E
0000014F
00000150
0000014D
00000151
0000014D
0000014D
00000152
0000014D
0000014D
0000014D
0000014D
0000014D
0000014D
0000014D
0000014D
00000153
00000154
0000014D
0000014D
0000014D
00000155
0000014D
00000141
00000142
00000142
00000143
00000142
00000141
00000144
00000145
00000146
00000147
00000148
00000148
00000149
00000141
00000141
00000141
0000014A
00000141
0000014B
00000141
00000141
00000141
0000014C
00000141
0000014D
0000014D
0000014E
0000014F
00000150
0000014D
00000151
0000014D
0000014D
00000152
0000014D
0000014D
0000014D
0000014D
0000014D
0000014D
0000014D
0000014D
00000153
00000154
0000014D
0000014D
0000014D
00000155
0000014D
00000141
00000142
00000142
00000143
00000142
00000141
00000144
00000145
00000146
00000147
00000148
00000148
00000149
00000141
00000141
00000141
0000014A
00000141
0000014B
00000141
00000141
00000141
0000014C
00000141
0000014D
0000014D
0000014E
0000014F
00000150
0000014D
00000151
0000014D
0000014D
00000152
0000014D
0000014D
0000014D
0000014D
0000014D
0000014D
0000014D
0000014D
00000153
00000154
0000014D
0000014D
0000014D
00000155
0000014D
00000156
00000157
00000157
00000158
00000157
00000156
00000159
0000015A
0000015B
0000015C
0000015D
0000015D
0000015E
00000156
00000156
00000156
0000015F
00000156
00000160
00000156
00000156
00000161
00000162
00000156
00000163
00000163
00000163
00000164
00000165
00000163
00000166
00000163
00000163
00000167
00000163
00000163
00000163
00000163
00000163
00000163
00000163
00000163
00000168
00000169
00000163
00000163
00000163
0000016A
00000163
00000156
00000157
00000157
00000158
00000157
00000156
00000159
0000015A
0000015B
0000015C
0000015D
0000015D
0000015E
00000156
00000156
00000156
0000015F
00000156
00000160
00000156
00000156
00000161
00000162
00000156
00000163
00000163
00000163
00000164
00000165
00000163
00000166
00000163
00000163
00000167
00000163
00000163
00000163
00000163
00000163
00000163
00000163
00000163
00000168
00000169
00000163
00000163
00000163
0000016A
00000163
00000156
00000157
00000157
00000158
00000157
00000156
00000159
0000015A
0000015B
0000015C
0000015D
0000015D
0000015E
00000156
00000156
00000156
0000015F
00000156
00000160
00000156
00000156
00000161
00000162
00000156
00000163
00000163
00000163
00000164
00000165
00000163
00000166
00000163
00000163
00000167
00000163
00000163
00000163
00000163
00000163
00000163
00000163
00000163
00000168
00000169
00000163
00000163
00000163
0000016A
00000163
00000156
00000157
00000157
00000158
00000157
00000156
00000159
0000015A
0000015B
0000015C
0000015D
0000015D
0000015E
00000156
00000156
00000156
0000015F
00000156
00000160
00000156
00000156
00000161
00000162
00000156
00000163
00000163
00000163
00000164
00000165
00000163
00000166
00000163
00000163
00000167
00000163
00000163
00000163
00000163
00000163
00000163
00000163
00000163
00000168
00000169
00000163
00000163
00000163
0000016A
00000163
00000156
00000157
00000157
00000158
00000157
00000156
00000159
0000015A
0000015B
0000015C
0000015D
0000015D
0000015E
00000156
00000156
00000156
0000015F
00000156
00000160
00000156
00000156
00000161
00000162
00000156
00000163
00000163
00000163
00000164
00000165
00000163
00000166
00000163
00000163
00000167
00000163
00000163
00000163
00000163
00000163
00000163
00000163
00000163
00000168
00000169
00000163
00000163
00000163
0000016A
00000163
00000156
00000157
00000157
00000158
00000157
00000156
00000159
0000015A
0000015B
0000015C
0000015D
0000015D
0000015E
00000156
00000156
00000156
0000015F
00000156
00000160
00000156
00000156
00000161
00000162
00000156
00000163
00000163
00000163
00000164
00000165
00000163
00000166
00000163
00000163
00000167
00000163
00000163
00000163
00000163
00000163
00000163
00000163
00000163
00000168
00000169
00000163
00000163
00000163
0000016A
00000163
00000156
00000157
00000157
00000158
00000157
00000156
00000159
0000015A
0000015B
0000015C
0000015D
0000015D
0000015E
00000156
00000156
00000156
0000015F
00000156
00000160
00000156
00000156
00000161
00000162
00000156
00000163
00000163
00000163
00000164
00000165
00000163
00000166
00000163
00000163
00000167
00000163
00000163
00000163
00000163
00000163
00000163
00000163
00000163
00000168
00000169
00000163
00000163
00000163
0000016A
00000163
00000156
00000157
00000157
00000158
00000157
00000156
00000159
0000015A
0000015B
0000015C
0000015D
0000015D
0000015E
00000156
00000156
00000156
0000015F
00000156
00000160
00000156
00000156
00000161
00000162
00000156
00000163
00000163
00000163
00000164
00000165
00000163
00000166
00000163
00000163
00000167
00000163
00000163
00000163
00000163
00000163
00000163
00000163
00000163
00000168
00000169
00000163
00000163
00000163
0000016A
00000163
00000156
00000157
00000157
00000158
00000157
00000156
00000159
0000015A
0000015B
0000015C
0000015D
0000015D
0000015E
00000156
00000156
00000156
0000015F
00000156
00000160
00000156
00000156
00000161
00000162
00000156
00000163
00000163
00000163
00000164
00000165
00000163
00000166
00000163
00000163
00000167
00000163
00000163
00000163
00000163
00000163
00000163
00000163
00000163
00000168
00000169
00000163
00000163
00000163
0000016A
00000163
00000156
00000157
00000157
00000158
00000157
00000156
00000159
0000015A
0000015B
0000015C
0000015D
0000015D
0000015E
00000156
00000156
00000156
0000015F
00000156
00000160
00000156
00000156
00000161
00000162
00000156
00000163
00000163
00000163
00000164
00000165
00000163
00000166
00000163
00000163
00000167
00000163
00000163
00000163
00000163
00000163
00000163
00000163
00000163
00000168
00000169
00000163
00000163
00000163
0000016A
00000163
00000156
00000157
00000157
00000158
00000157
00000156
00000159
0000015A
0000015B
0000015C
0000015D
0000015D
0000015E
00000156
00000156
00000156
0000015F
00000156
00000160
00000156
00000156
00000161
00000162
00000156
00000163
00000163
00000163
00000164
00000165
00000163
00000166
00000163
00000163
00000167
00000163
00000163
00000163
00000163
00000163
00000163
00000163
00000163
00000168
00000169
00000163
00000163
00000163
0000016A
00000163
00000156
00000157
00000157
00000158
00000157
00000156
00000159
0000015A
0000015B
0000015C
0000015D
0000015D
0000015E
00000156
00000156
00000156
0000015F
00000156
00000160
00000156
00000156
00000161
00000162
00000156
00000163
00000163
00000163
00000164
00000165
00000163
00000166
00000163
00000163
00000167
00000163
00000163
00000163
00000163
00000163
00000163
00000163
00000163
00000168
00000169
00000163
00000163
00000163
0000016A
00000163
00000156
00000157
00000157
00000158
00000157
00000156
00000159
0000015A
0000015B
0000015C
0000015D
0000015D
0000015E
00000156
00000156
00000156
0000015F
00000156
00000160
00000156
00000156
00000161
00000162
00000156
00000163
00000163
00000163
00000164
00000165
00000163
00000166
00000163
00000163
00000167
00000163
00000163
00000163
00000163
00000163
00000163
00000163
00000163
00000168
00000169
00000163
00000163
00000163
0000016A
00000163
00000156
00000157
00000157
00000158
00000157
00000156
00000159
0000015A
0000015B
0000015C
0000015D
0000015D
0000015E
00000156
00000156
00000156
0000015F
00000156
00000160
00000156
00000156
00000161
00000162
00000156
00000163
00000163
00000163
00000164
00000165
00000163
00000166
00000163
00000163
00000167
00000163
00000163
00000163
00000163
00000163
00000163
00000163
00000163
00000168
00000169
00000163
00000163
00000163
0000016A
00000163
00000156
00000157
00000157
00000158
00000157
00000156
00000159
0000015A
0000015B
0000015C
0000015D
0000015D
0000015E
00000156
00000156
00000156
0000015F
00000156
00000160
00000156
00000156
00000161
00000162
00000156
00000163
00000163
00000163
00000164
00000165
00000163
00000166
00000163
00000163
00000167
00000163
00000163
00000163
00000163
00000163
00000163
00000163
00000163
00000168
00000169
00000163
00000163
00000163
0000016A
00000163
00000156
00000157
00000157
00000158
00000157
00000156
00000159
0000015A
0000015B
0000015C
0000015D
0000015D
0000015E
00000156
00000156
00000156
0000015F
00000156
00000160
00000156
00000156
00000161
00000162
00000156
00000163
00000163
00000163
00000164
00000165
00000163
00000166
00000163
00000163
00000167
00000163
00000163
00000163
00000163
00000163
00000163
00000163
00000163
00000168
00000169
00000163
00000163
00000163
0000016A
00000163
00000156
00000157
00000157
00000158
00000157
00000156
00000159
0000015A
0000015B
0000015C
0000015D
0000015D
0000015E
00000156
00000156
00000156
0000015F
00000156
00000160
00000156
00000156
00000161
00000162
00000156
00000163
00000163
00000163
00000164
00000165
00000163
00000166
00000163
00000163
00000167
00000163
00000163
00000163
00000163
00000163
00000163
00000163
00000163
00000168
00000169
00000163
00000163
00000163
0000016A
00000163
00000156
00000157
00000157
00000158
00000157
00000156
00000159
0000015A
0000015B
0000015C
0000015D
0000015D
0000015E
00000156
00000156
00000156
0000015F
00000156
00000160
00000156
00000156
00000161
00000162
00000156
00000163
00000163
00000163
00000164
00000165
00000163
00000166
00000163
00000163
00000167
00000163
00000163
00000163
00000163
00000163
00000163
00000163
00000163
00000168
00000169
00000163
00000163
00000163
0000016A
00000163
00000156
00000157
00000157
00000158
00000157
00000156
00000159
0000015A
0000015B
0000015C
0000015D
0000015D
0000015E
00000156
00000156
00000156
0000015F
00000156
00000160
00000156
00000156
00000161
00000162
00000156
00000163
00000163
00000163
00000164
00000165
00000163
00000166
00000163
00000163
00000167
00000163
00000163
00000163
00000163
00000163
00000163
00000163
00000163
00000168
00000169
00000163
00000163
00000163
0000016A
00000163
00000156
00000157
00000157
00000158
00000157
00000156
00000159
0000015A
0000015B
0000015C
0000015D
0000015D
0000015E
00000156
00000156
00000156
0000015F
00000156
00000160
00000156
00000156
00000161
00000162
00000156
00000163
00000163
00000163
00000164
00000165
00000163
00000166
00000163
00000163
00000167
00000163
00000163
00000163
00000163
00000163
00000163
00000163
00000163
00000168
00000169
00000163
00000163
00000163
0000016A
00000163
00000156
00000157
00000157
00000158
00000157
00000156
00000159
0000015A
0000015B
0000015C
0000015D
0000015D
0000015E
00000156
00000156
00000156
0000015F
00000156
00000160
00000156
00000156
00000161
00000162
00000156
00000163
00000163
00000163
00000164
00000165
00000163
00000166
00000163
00000163
00000167
00000163
00000163
00000163
00000163
00000163
00000163
00000163
00000163
00000168
00000169
00000163
00000163
00000163
0000016A
00000163
00000156
00000157
00000157
00000158
00000157
00000156
00000159
0000015A
0000015B
0000015C
0000015D
0000015D
0000015E
00000156
00000156
00000156
0000015F
00000156
00000160
00000156
00000156
00000161
00000162
00000156
00000163
00000163
00000163
00000164
00000165
00000163
00000166
00000163
00000163
00000167
00000163
00000163
00000163
00000163
00000163
00000163
00000163
00000163
00000168
00000169
00000163
00000163
00000163
0000016A
00000163
00000156
00000157
00000157
00000158
00000157
00000156
00000159
0000015A
0000015B
0000015C
0000015D
0000015D
0000015E
00000156
00000156
00000156
0000015F
00000156
00000160
00000156
00000156
00000161
00000162
00000156
00000163
00000163
00000163
00000164
00000165
00000163
00000166
00000163
00000163
00000167
00000163
00000163
00000163
00000163
00000163
00000163
00000163
00000163
00000168
00000169
00000163
00000163
00000163
0000016A
00000163
0000016B
0000016C
0000016C
0000016D
0000016E
0000016B
0000016F
00000170
00000171
00000172
00000173
00000173
00000174
0000016B
0000016B
0000016B
00000175
0000016B
00000176
0000016B
0000016B
0000016B
00000177
0000016B
00000178
00000178
00000179
0000017A
0000017B
00000178
0000017C
00000178
00000178
0000017D
00000178
00000178
00000178
00000178
00000178
00000178
00000178
00000178
0000017E
0000017F
00000178
00000178
00000178
00000180
00000178
0000016B
0000016C
0000016C
0000016D
0000016E
0000016B
0000016F
00000170
00000171
00000172
00000173
00000173
00000174
0000016B
0000016B
0000016B
00000175
0000016B
00000176
0000016B
0000016B
0000016B
00000177
0000016B
00000178
00000178
00000179
0000017A
0000017B
00000178
0000017C
00000178
00000178
0000017D
00000178
00000178
00000178
00000178
00000178
00000178
00000178
00000178
0000017E
0000017F
00000178
00000178
00000178
00000180
00000178
0000016B
0000016C
0000016C
0000016D
0000016E
0000016B
0000016F
00000170
00000171
00000172
00000173
00000173
00000174
0000016B
0000016B
0000016B
00000175
0000016B
00000176
0000016B
0000016B
0000016B
00000177
0000016B
00000178
00000178
00000179
0000017A
0000017B
00000178
0000017C
00000178
00000178
0000017D
00000178
00000178
00000178
00000178
00000178
00000178
00000178
00000178
0000017E
0000017F
00000178
00000178
00000178
00000180
00000178
0000016B
0000016C
0000016C
0000016D
0000016E
0000016B
0000016F
00000170
00000171
00000172
00000173
00000173
00000174
0000016B
0000016B
0000016B
00000175
0000016B
00000176
0000016B
0000016B
0000016B
00000177
0000016B
00000178
00000178
00000179
0000017A
0000017B
00000178
0000017C
00000178
00000178
0000017D
00000178
00000178
00000178
00000178
00000178
00000178
00000178
00000178
0000017E
0000017F
00000178
00000178
00000178
00000180
00000178
0000016B
0000016C
0000016C
0000016D
0000016E
0000016B
0000016F
00000170
00000171
00000172
00000173
00000173
00000174
0000016B
0000016B
0000016B
00000175
0000016B
00000176
0000016B
0000016B
0000016B
00000177
0000016B
00000178
00000178
00000179
0000017A
0000017B
00000178
0000017C
00000178
00000178
0000017D
00000178
00000178
00000178
00000178
00000178
00000178
00000178
00000178
0000017E
0000017F
00000178
00000178
00000178
00000180
00000178
0000016B
0000016C
0000016C
0000016D
0000016E
0000016B
0000016F
00000170
00000171
00000172
00000173
00000173
00000174
0000016B
0000016B
0000016B
00000175
0000016B
00000176
0000016B
0000016B
0000016B
00000177
0000016B
00000178
00000178
00000179
0000017A
0000017B
00000178
0000017C
00000178
00000178
0000017D
00000178
00000178
00000178
00000178
00000178
00000178
00000178
00000178
0000017E
0000017F
00000178
00000178
00000178
00000180
00000178
0000016B
0000016C
0000016C
0000016D
0000016E
0000016B
0000016F
00000170
00000171
00000172
00000173
00000173
00000174
0000016B
0000016B
0000016B
00000175
0000016B
00000176
0000016B
0000016B
0000016B
00000177
0000016B
00000178
00000178
00000179
0000017A
0000017B
00000178
0000017C
00000178
00000178
0000017D
00000178
00000178
00000178
00000178
00000178
00000178
00000178
00000178
0000017E
0000017F
00000178
00000178
00000178
00000180
00000178
0000016B
0000016C
0000016C
0000016D
0000016E
0000016B
0000016F
00000170
00000171
00000172
00000173
00000173
00000174
0000016B
0000016B
0000016B
00000175
0000016B
00000176
0000016B
0000016B
0000016B
00000177
0000016B
00000178
00000178
00000179
0000017A
0000017B
00000178
0000017C
00000178
00000178
0000017D
00000178
00000178
00000178
00000178
00000178
00000178
00000178
00000178
0000017E
0000017F
00000178
00000178
00000178
00000180
00000178
0000016B
0000016C
0000016C
0000016D
0000016E
0000016B
0000016F
00000170
00000171
00000172
00000173
00000173
00000174
0000016B
0000016B
0000016B
00000175
0000016B
00000176
0000016B
0000016B
0000016B
00000177
0000016B
00000178
00000178
00000179
0000017A
0000017B
00000178
0000017C
00000178
00000178
0000017D
00000178
00000178
00000178
00000178
00000178
00000178
00000178
00000178
0000017E
0000017F
00000178
00000178
00000178
00000180
00000178
0000016B
0000016C
0000016C
0000016D
0000016E
0000016B
0000016F
00000170
00000171
00000172
00000173
00000173
00000174
0000016B
0000016B
0000016B
00000175
0000016B
00000176
0000016B
0000016B
0000016B
00000177
0000016B
00000178
00000178
00000179
0000017A
0000017B
00000178
0000017C
00000178
00000178
0000017D
00000178
00000178
00000178
00000178
00000178
00000178
00000178
00000178
0000017E
0000017F
00000178
00000178
00000178
00000180
00000178
0000016B
0000016C
0000016C
0000016D
0000016E
0000016B
0000016F
00000170
00000171
00000172
00000173
00000173
00000174
0000016B
0000016B
0000016B
00000175
0000016B
00000176
0000016B
0000016B
0000016B
00000177
0000016B
00000178
00000178
00000179
0000017A
0000017B
00000178
0000017C
00000178
00000178
0000017D
00000178
00000178
00000178
00000178
00000178
00000178
00000178
00000178
0000017E
0000017F
00000178
00000178
00000178
00000180
00000178
0000016B
0000016C
0000016C
0000016D
0000016E
0000016B
0000016F
00000170
00000171
00000172
00000173
00000173
00000174
0000016B
0000016B
0000016B
00000175
0000016B
00000176
0000016B
0000016B
0000016B
00000177
0000016B
00000178
00000178
00000179
0000017A
0000017B
00000178
0000017C
00000178
00000178
0000017D
00000178
00000178
00000178
00000178
00000178
00000178
00000178
00000178
0000017E
0000017F
00000178
00000178
00000178
00000180
00000178
0000016B
0000016C
0000016C
0000016D
0000016E
0000016B
0000016F
00000170
00000171
00000172
00000173
00000173
00000174
0000016B
0000016B
0000016B
00000175
0000016B
00000176
0000016B
0000016B
0000016B
00000177
0000016B
00000178
00000178
00000179
0000017A
0000017B
00000178
0000017C
00000178
00000178
0000017D
00000178
00000178
00000178
00000178
00000178
00000178
00000178
00000178
0000017E
0000017F
00000178
00000178
00000178
00000180
00000178
0000016B
0000016C
0000016C
0000016D
0000016E
0000016B
0000016F
00000170
00000171
00000172
00000173
00000173
00000174
0000016B
0000016B
0000016B
00000175
0000016B
00000176
0000016B
0000016B
0000016B
00000177
0000016B
00000178
00000178
00000179
0000017A
0000017B
00000178
0000017C
00000178
00000178
0000017D
00000178
00000178
00000178
00000178
00000178
00000178
00000178
00000178
0000017E
0000017F
00000178
00000178
00000178
00000180
00000178
0000016B
0000016C
0000016C
0000016D
0000016E
0000016B
0000016F
00000170
00000171
00000172
00000173
00000173
00000174
0000016B
0000016B
0000016B
00000175
0000016B
00000176
0000016B
0000016B
0000016B
00000177
0000016B
00000178
00000178
00000179
0000017A
0000017B
00000178
0000017C
00000178
00000178
0000017D
00000178
00000178
00000178
00000178
00000178
00000178
00000178
00000178
0000017E
0000017F
00000178
00000178
00000178
00000180
00000178
0000016B
0000016C
0000016C
0000016D
0000016E
0000016B
0000016F
00000170
00000171
00000172
00000173
00000173
00000174
0000016B
0000016B
0000016B
00000175
0000016B
00000176
0000016B
0000016B
0000016B
00000177
0000016B
00000178
00000178
00000179
0000017A
0000017B
00000178
0000017C
00000178
00000178
0000017D
00000178
00000178
00000178
00000178
00000178
00000178
00000178
00000178
0000017E
0000017F
00000178
00000178
00000178
00000180
00000178
0000016B
0000016C
0000016C
0000016D
0000016E
0000016B
0000016F
00000170
00000171
00000172
00000173
00000173
00000174
0000016B
0000016B
0000016B
00000175
0000016B
00000176
0000016B
0000016B
0000016B
00000177
0000016B
00000178
00000178
00000179
0000017A
0000017B
00000178
0000017C
00000178
00000178
0000017D
00000178
00000178
00000178
00000178
00000178
00000178
00000178
00000178
0000017E
0000017F
00000178
00000178
00000178
00000180
00000178
0000016B
0000016C
0000016C
0000016D
0000016E
0000016B
0000016F
00000170
00000171
00000172
00000173
00000173
00000174
0000016B
0000016B
0000016B
00000175
0000016B
00000176
0000016B
0000016B
0000016B
00000177
0000016B
00000178
00000178
00000179
0000017A
0000017B
00000178
0000017C
00000178
00000178
0000017D
00000178
00000178
00000178
00000178
00000178
00000178
00000178
00000178
0000017E
0000017F
00000178
00000178
00000178
00000180
00000178
0000016B
0000016C
0000016C
0000016D
0000016E
0000016B
0000016F
00000170
00000171
00000172
00000173
00000173
00000174
0000016B
0000016B
0000016B
00000175
0000016B
00000176
0000016B
0000016B
0000016B
00000177
0000016B
00000178
00000178
00000179
0000017A
0000017B
00000178
0000017C
00000178
00000178
0000017D
00000178
00000178
00000178
00000178
00000178
00000178
00000178
00000178
0000017E
0000017F
00000178
00000178
00000178
00000180
00000178
0000016B
0000016C
0000016C
0000016D
0000016E
0000016B
0000016F
00000170
00000171
00000172
00000173
00000173
00000174
0000016B
0000016B
0000016B
00000175
0000016B
00000176
0000016B
0000016B
0000016B
00000177
0000016B
00000178
00000178
00000179
0000017A
0000017B
00000178
0000017C
00000178
00000178
0000017D
00000178
00000178
00000178
00000178
00000178
00000178
00000178
00000178
0000017E
0000017F
00000178
00000178
00000178
00000180
00000178
0000016B
0000016C
0000016C
0000016D
0000016E
0000016B
0000016F
00000170
00000171
00000172
00000173
00000173
00000174
0000016B
0000016B
0000016B
00000175
0000016B
00000176
0000016B
0000016B
0000016B
00000177
0000016B
00000178
00000178
00000179
0000017A
0000017B
00000178
0000017C
00000178
00000178
0000017D
00000178
00000178
00000178
00000178
00000178
00000178
00000178
00000178
0000017E
0000017F
00000178
00000178
00000178
00000180
00000178
0000016B
0000016C
0000016C
0000016D
0000016E
0000016B
0000016F
00000170
00000171
00000172
00000173
00000173
00000174
0000016B
0000016B
0000016B
00000175
0000016B
00000176
0000016B
0000016B
0000016B
00000177
0000016B
00000178
00000178
00000179
0000017A
0000017B
00000178
0000017C
00000178
00000178
0000017D
00000178
00000178
00000178
00000178
00000178
00000178
00000178
00000178
0000017E
0000017F
00000178
00000178
00000178
00000180
00000178
0000016B
0000016C
0000016C
0000016D
0000016E
0000016B
0000016F
00000170
00000171
00000172
00000173
00000173
00000174
0000016B
0000016B
0000016B
00000175
0000016B
00000176
0000016B
0000016B
0000016B
00000177
0000016B
00000178
00000178
00000179
0000017A
0000017B
00000178
0000017C
00000178
00000178
0000017D
00000178
00000178
00000178
00000178
00000178
00000178
00000178
00000178
0000017E
0000017F
00000178
00000178
00000178
00000180
00000178
00000181
00000182
00000182
00000183
00000184
00000181
00000185
00000186
00000187
00000188
00000189
00000189
0000018A
00000181
00000181
00000181
0000018B
00000181
0000018C
00000181
00000181
00000181
0000018D
00000181
0000018E
0000018E
0000018E
0000018F
00000190
0000018E
00000191
0000018E
0000018E
00000192
0000018E
0000018E
0000018E
0000018E
0000018E
0000018E
0000018E
0000018E
00000193
00000194
0000018E
0000018E
0000018E
00000195
0000018E
00000181
00000182
00000182
00000183
00000184
00000181
00000185
00000186
00000187
00000188
00000189
00000189
0000018A
00000181
00000181
00000181
0000018B
00000181
0000018C
00000181
00000181
00000181
0000018D
00000181
0000018E
0000018E
0000018E
0000018F
00000190
0000018E
00000191
0000018E
0000018E
00000192
0000018E
0000018E
0000018E
0000018E
0000018E
0000018E
0000018E
0000018E
00000193
00000194
0000018E
0000018E
0000018E
00000195
0000018E
00000181
00000182
00000182
00000183
00000184
00000181
00000185
00000186
00000187
00000188
00000189
00000189
0000018A
00000181
00000181
00000181
0000018B
00000181
0000018C
00000181
00000181
00000181
0000018D
00000181
0000018E
0000018E
0000018E
0000018F
00000190
0000018E
00000191
0000018E
0000018E
00000192
0000018E
0000018E
0000018E
0000018E
0000018E
0000018E
0000018E
0000018E
00000193
00000194
0000018E
0000018E
0000018E
00000195
0000018E
00000181
00000182
00000182
00000183
00000184
00000181
00000185
00000186
00000187
00000188
00000189
00000189
0000018A
00000181
00000181
00000181
0000018B
00000181
0000018C
00000181
00000181
00000181
0000018D
00000181
0000018E
0000018E
0000018E
0000018F
00000190
0000018E
00000191
0000018E
0000018E
00000192
0000018E
0000018E
0000018E
0000018E
0000018E
0000018E
0000018E
0000018E
00000193
00000194
0000018E
0000018E
0000018E
00000195
0000018E
00000181
00000182
00000182
00000183
00000184
00000181
00000185
00000186
00000187
00000188
00000189
00000189
0000018A
00000181
00000181
00000181
0000018B
00000181
0000018C
00000181
00000181
00000181
0000018D
00000181
0000018E
0000018E
0000018E
0000018F
00000190
0000018E
00000191
0000018E
0000018E
00000192
0000018E
0000018E
0000018E
0000018E
0000018E
0000018E
0000018E
0000018E
00000193
00000194
0000018E
0000018E
0000018E
00000195
0000018E
00000181
00000182
00000182
00000183
00000184
00000181
00000185
00000186
00000187
00000188
00000189
00000189
0000018A
00000181
00000181
00000181
0000018B
00000181
0000018C
00000181
00000181
00000181
0000018D
00000181
0000018E
0000018E
0000018E
0000018F
00000190
0000018E
00000191
0000018E
0000018E
00000192
0000018E
0000018E
0000018E
0000018E
0000018E
0000018E
0000018E
0000018E
00000193
00000194
0000018E
0000018E
0000018E
00000195
0000018E
00000181
00000182
00000182
00000183
00000184
00000181
00000185
00000186
00000187
00000188
00000189
00000189
0000018A
00000181
00000181
00000181
0000018B
00000181
0000018C
00000181
00000181
00000181
0000018D
00000181
0000018E
0000018E
0000018E
0000018F
00000190
0000018E
00000191
0000018E
0000018E
00000192
0000018E
0000018E
0000018E
0000018E
0000018E
0000018E
0000018E
0000018E
00000193
00000194
0000018E
0000018E
0000018E
00000195
0000018E
00000181
00000182
00000182
00000183
00000184
00000181
00000185
00000186
00000187
00000188
00000189
00000189
0000018A
00000181
00000181
00000181
0000018B
00000181
0000018C
00000181
00000181
00000181
0000018D
00000181
0000018E
0000018E
0000018E
0000018F
00000190
0000018E
00000191
0000018E
0000018E
00000192
0000018E
0000018E
0000018E
0000018E
0000018E
0000018E
0000018E
0000018E
00000193
00000194
0000018E
0000018E
0000018E
00000195
0000018E
00000181
00000182
00000182
00000183
00000184
00000181
00000185
00000186
00000187
00000188
00000189
00000189
0000018A
00000181
00000181
00000181
0000018B
00000181
0000018C
00000181
00000181
00000181
0000018D
00000181
0000018E
0000018E
0000018E
0000018F
00000190
0000018E
00000191
0000018E
0000018E
00000192
0000018E
0000018E
0000018E
0000018E
0000018E
0000018E
0000018E
0000018E
00000193
00000194
0000018E
0000018E
0000018E
00000195
0000018E
00000181
00000182
00000182
00000183
00000184
00000181
00000185
00000186
00000187
00000188
00000189
00000189
0000018A
00000181
00000181
00000181
0000018B
00000181
0000018C
00000181
00000181
00000181
0000018D
00000181
0000018E
0000018E
0000018E
0000018F
00000190
0000018E
00000191
0000018E
0000018E
00000192
0000018E
0000018E
0000018E
0000018E
0000018E
0000018E
0000018E
0000018E
00000193
00000194
0000018E
0000018E
0000018E
00000195
0000018E
00000181
00000182
00000182
00000183
00000184
00000181
00000185
00000186
00000187
00000188
00000189
00000189
0000018A
00000181
00000181
00000181
0000018B
00000181
0000018C
00000181
00000181
00000181
0000018D
00000181
0000018E
0000018E
0000018E
0000018F
00000190
0000018E
00000191
0000018E
0000018E
00000192
0000018E
0000018E
0000018E
0000018E
0000018E
0000018E
0000018E
0000018E
00000193
00000194
0000018E
0000018E
0000018E
00000195
0000018E
00000181
00000182
00000182
00000183
00000184
00000181
00000185
00000186
00000187
00000188
00000189
00000189
0000018A
00000181
00000181
00000181
0000018B
00000181
0000018C
00000181
00000181
00000181
0000018D
00000181
0000018E
0000018E
0000018E
0000018F
00000190
0000018E
00000191
0000018E
0000018E
00000192
0000018E
0000018E
0000018E
0000018E
0000018E
0000018E
0000018E
0000018E
00000193
00000194
0000018E
0000018E
0000018E
00000195
0000018E
00000181
00000182
00000182
00000183
00000184
00000181
00000185
00000186
00000187
00000188
00000189
00000189
0000018A
00000181
00000181
00000181
0000018B
00000181
0000018C
00000181
00000181
00000181
0000018D
00000181
0000018E
0000018E
0000018E
0000018F
00000190
0000018E
00000191
0000018E
0000018E
00000192
0000018E
0000018E
0000018E
0000018E
0000018E
0000018E
0000018E
0000018E
00000193
00000194
0000018E
0000018E
0000018E
00000195
0000018E
00000181
00000182
00000182
00000183
00000184
00000181
00000185
00000186
00000187
00000188
00000189
00000189
0000018A
00000181
00000181
00000181
0000018B
00000181
0000018C
00000181
00000181
00000181
0000018D
00000181
0000018E
0000018E
0000018E
0000018F
00000190
0000018E
00000191
0000018E
0000018E
00000192
0000018E
0000018E
0000018E
0000018E
0000018E
0000018E
0000018E
0000018E
00000193
00000194
0000018E
0000018E
0000018E
00000195
0000018E
00000181
00000182
00000182
00000183
00000184
00000181
00000185
00000186
00000187
00000188
00000189
00000189
0000018A
00000181
00000181
00000181
0000018B
00000181
0000018C
00000181
00000181
00000181
0000018D
00000181
0000018E
0000018E
0000018E
0000018F
00000190
0000018E
00000191
0000018E
0000018E
00000192
0000018E
0000018E
0000018E
0000018E
0000018E
0000018E
0000018E
0000018E
00000193
00000194
0000018E
0000018E
0000018E
00000195
0000018E
00000181
00000182
00000182
00000183
00000184
00000181
00000185
00000186
00000187
00000188
00000189
00000189
0000018A
00000181
00000181
00000181
0000018B
00000181
0000018C
00000181
00000181
00000181
0000018D
00000181
0000018E
0000018E
0000018E
0000018F
00000190
0000018E
00000191
0000018E
0000018E
00000192
0000018E
0000018E
0000018E
0000018E
0000018E
0000018E
0000018E
0000018E
00000193
00000194
0000018E
0000018E
0000018E
00000195
0000018E
00000181
00000182
00000182
00000183
00000184
00000181
00000185
00000186
00000187
00000188
00000189
00000189
0000018A
00000181
00000181
00000181
0000018B
00000181
0000018C
00000181
00000181
00000181
0000018D
00000181
0000018E
0000018E
0000018E
0000018F
00000190
0000018E
00000191
0000018E
0000018E
00000192
0000018E
0000018E
0000018E
0000018E
0000018E
0000018E
0000018E
0000018E
00000193
00000194
0000018E
0000018E
0000018E
00000195
0000018E
00000181
00000182
00000182
00000183
00000184
00000181
00000185
00000186
00000187
00000188
00000189
00000189
0000018A
00000181
00000181
00000181
0000018B
00000181
0000018C
00000181
00000181
00000181
0000018D
00000181
0000018E
0000018E
0000018E
0000018F
00000190
0000018E
00000191
0000018E
0000018E
00000192
0000018E
0000018E
0000018E
0000018E
0000018E
0000018E
0000018E
0000018E
00000193
00000194
0000018E
0000018E
0000018E
00000195
0000018E
00000181
00000182
00000182
00000183
00000184
00000181
00000185
00000186
00000187
00000188
00000189
00000189
0000018A
00000181
00000181
00000181
0000018B
00000181
0000018C
00000181
00000181
00000181
0000018D
00000181
0000018E
0000018E
0000018E
0000018F
00000190
0000018E
00000191
0000018E
0000018E
00000192
0000018E
0000018E
0000018E
0000018E
0000018E
0000018E
0000018E
0000018E
00000193
00000194
0000018E
0000018E
0000018E
00000195
0000018E
00000181
00000182
00000182
00000183
00000184
00000181
00000185
00000186
00000187
00000188
00000189
00000189
0000018A
00000181
00000181
00000181
0000018B
00000181
0000018C
00000181
00000181
00000181
0000018D
00000181
0000018E
0000018E
0000018E
0000018F
00000190
0000018E
00000191
0000018E
0000018E
00000192
0000018E
0000018E
0000018E
0000018E
0000018E
0000018E
0000018E
0000018E
00000193
00000194
0000018E
0000018E
0000018E
00000195
0000018E
00000181
00000182
00000182
00000183
00000184
00000181
00000185
00000186
00000187
00000188
00000189
00000189
0000018A
00000181
00000181
00000181
0000018B
00000181
0000018C
00000181
00000181
00000181
0000018D
00000181
0000018E
0000018E
0000018E
0000018F
00000190
0000018E
00000191
0000018E
0000018E
00000192
0000018E
0000018E
0000018E
0000018E
0000018E
0000018E
0000018E
0000018E
00000193
00000194
0000018E
0000018E
0000018E
00000195
0000018E
00000181
00000182
00000182
00000183
00000184
00000181
00000185
00000186
00000187
00000188
00000189
00000189
0000018A
00000181
00000181
00000181
0000018B
00000181
0000018C
00000181
00000181
00000181
0000018D
00000181
0000018E
0000018E
0000018E
0000018F
00000190
0000018E
00000191
0000018E
0000018E
00000192
0000018E
0000018E
0000018E
0000018E
0000018E
0000018E
0000018E
0000018E
00000193
00000194
0000018E
0000018E
0000018E
00000195
0000018E
00000181
00000182
00000182
00000183
00000184
00000181
00000185
00000186
00000187
00000188
00000189
00000189
0000018A
00000181
00000181
00000181
0000018B
00000181
0000018C
00000181
00000181
00000181
0000018D
00000181
0000018E
0000018E
0000018E
0000018F
00000190
0000018E
00000191
0000018E
0000018E
00000192
0000018E
0000018E
0000018E
0000018E
0000018E
0000018E
0000018E
0000018E
00000193
00000194
0000018E
0000018E
0000018E
00000195
0000018E
00000196
00000197
00000197
00000198
00000197
00000196
00000199
0000019A
0000019B
0000019C
0000019D
0000019D
0000019E
00000196
00000196
00000196
0000019F
00000196
000001A0
00000196
00000196
00000196
000001A1
00000196
000001A2
000001A2
000001A2
000001A3
000001A4
000001A2
000001A5
000001A2
000001A2
000001A6
000001A2
000001A2
000001A2
000001A2
000001A2
000001A2
000001A2
000001A2
000001A7
000001A8
000001A2
000001A2
000001A2
000001A9
000001A2
00000196
00000197
00000197
00000198
00000197
00000196
00000199
0000019A
0000019B
0000019C
0000019D
0000019D
0000019E
00000196
00000196
00000196
0000019F
00000196
000001A0
00000196
00000196
00000196
000001A1
00000196
000001A2
000001A2
000001A2
000001A3
000001A4
000001A2
000001A5
000001A2
000001A2
000001A6
000001A2
000001A2
000001A2
000001A2
000001A2
000001A2
000001A2
000001A2
000001A7
000001A8
000001A2
000001A2
000001A2
000001A9
000001A2
00000196
00000197
00000197
00000198
00000197
00000196
00000199
0000019A
0000019B
0000019C
0000019D
0000019D
0000019E
00000196
00000196
00000196
0000019F
00000196
000001A0
00000196
00000196
00000196
000001A1
00000196
000001A2
000001A2
000001A2
000001A3
000001A4
000001A2
000001A5
000001A2
000001A2
000001A6
000001A2
000001A2
000001A2
000001A2
000001A2
000001A2
000001A2
000001A2
000001A7
000001A8
000001A2
000001A2
000001A2
000001A9
000001A2
00000196
00000197
00000197
00000198
00000197
00000196
00000199
0000019A
0000019B
0000019C
0000019D
0000019D
0000019E
00000196
00000196
00000196
0000019F
00000196
000001A0
00000196
00000196
00000196
000001A1
00000196
000001A2
000001A2
000001A2
000001A3
000001A4
000001A2
000001A5
000001A2
000001A2
000001A6
000001A2
000001A2
000001A2
000001A2
000001A2
000001A2
000001A2
000001A2
000001A7
000001A8
000001A2
000001A2
000001A2
000001A9
000001A2
00000196
00000197
00000197
00000198
00000197
00000196
00000199
0000019A
0000019B
0000019C
0000019D
0000019D
0000019E
00000196
00000196
00000196
0000019F
00000196
000001A0
00000196
00000196
00000196
000001A1
00000196
000001A2
000001A2
000001A2
000001A3
000001A4
000001A2
000001A5
000001A2
000001A2
000001A6
000001A2
000001A2
000001A2
000001A2
000001A2
000001A2
000001A2
000001A2
000001A7
000001A8
000001A2
000001A2
000001A2
000001A9
000001A2
00000196
00000197
00000197
00000198
00000197
00000196
00000199
0000019A
0000019B
0000019C
0000019D
0000019D
0000019E
00000196
00000196
00000196
0000019F
00000196
000001A0
00000196
00000196
00000196
000001A1
00000196
000001A2
000001A2
000001A2
000001A3
000001A4
000001A2
000001A5
000001A2
000001A2
000001A6
000001A2
000001A2
000001A2
000001A2
000001A2
000001A2
000001A2
000001A2
000001A7
000001A8
000001A2
000001A2
000001A2
000001A9
000001A2
00000196
00000197
00000197
00000198
00000197
00000196
00000199
0000019A
0000019B
0000019C
0000019D
0000019D
0000019E
00000196
00000196
00000196
0000019F
00000196
000001A0
00000196
00000196
00000196
000001A1
00000196
000001A2
000001A2
000001A2
000001A3
000001A4
000001A2
000001A5
000001A2
000001A2
000001A6
000001A2
000001A2
000001A2
000001A2
000001A2
000001A2
000001A2
000001A2
000001A7
000001A8
000001A2
000001A2
000001A2
000001A9
000001A2
00000196
00000197
00000197
00000198
00000197
00000196
00000199
0000019A
0000019B
0000019C
0000019D
0000019D
0000019E
00000196
00000196
00000196
0000019F
00000196
000001A0
00000196
00000196
00000196
000001A1
00000196
000001A2
000001A2
000001A2
000001A3
000001A4
000001A2
000001A5
000001A2
000001A2
000001A6
000001A2
000001A2
000001A2
000001A2
000001A2
000001A2
000001A2
000001A2
000001A7
000001A8
000001A2
000001A2
000001A2
000001A9
000001A2
00000196
00000197
00000197
00000198
00000197
00000196
00000199
0000019A
0000019B
0000019C
0000019D
0000019D
0000019E
00000196
00000196
00000196
0000019F
00000196
000001A0
00000196
00000196
00000196
000001A1
00000196
000001A2
000001A2
000001A2
000001A3
000001A4
000001A2
000001A5
000001A2
000001A2
000001A6
000001A2
000001A2
000001A2
000001A2
000001A2
000001A2
000001A2
000001A2
000001A7
000001A8
000001A2
000001A2
000001A2
000001A9
000001A2
00000196
00000197
00000197
00000198
00000197
00000196
00000199
0000019A
0000019B
0000019C
0000019D
0000019D
0000019E
00000196
00000196
00000196
0000019F
00000196
000001A0
00000196
00000196
00000196
000001A1
00000196
000001A2
000001A2
000001A2
000001A3
000001A4
000001A2
000001A5
000001A2
000001A2
000001A6
000001A2
000001A2
000001A2
000001A2
000001A2
000001A2
000001A2
000001A2
000001A7
000001A8
000001A2
000001A2
000001A2
000001A9
000001A2
00000196
00000197
00000197
00000198
00000197
00000196
00000199
0000019A
0000019B
0000019C
0000019D
0000019D
0000019E
00000196
00000196
00000196
0000019F
00000196
000001A0
00000196
00000196
00000196
000001A1
00000196
000001A2
000001A2
000001A2
000001A3
000001A4
000001A2
000001A5
000001A2
000001A2
000001A6
000001A2
000001A2
000001A2
000001A2
000001A2
000001A2
000001A2
000001A2
000001A7
000001A8
000001A2
000001A2
000001A2
000001A9
000001A2
00000196
00000197
00000197
00000198
00000197
00000196
00000199
0000019A
0000019B
0000019C
0000019D
0000019D
0000019E
00000196
00000196
00000196
0000019F
00000196
000001A0
00000196
00000196
00000196
000001A1
00000196
000001A2
000001A2
000001A2
000001A3
000001A4
000001A2
000001A5
000001A2
000001A2
000001A6
000001A2
000001A2
000001A2
000001A2
000001A2
000001A2
000001A2
000001A2
000001A7
000001A8
000001A2
000001A2
000001A2
000001A9
000001A2
00000196
00000197
00000197
00000198
00000197
00000196
00000199
0000019A
0000019B
0000019C
0000019D
0000019D
0000019E
00000196
00000196
00000196
0000019F
00000196
000001A0
00000196
00000196
00000196
000001A1
00000196
000001A2
000001A2
000001A2
000001A3
000001A4
000001A2
000001A5
000001A2
000001A2
000001A6
000001A2
000001A2
000001A2
000001A2
000001A2
000001A2
000001A2
000001A2
000001A7
000001A8
000001A2
000001A2
000001A2
000001A9
000001A2
00000196
00000197
00000197
00000198
00000197
00000196
00000199
0000019A
0000019B
0000019C
0000019D
0000019D
0000019E
00000196
00000196
00000196
0000019F
00000196
000001A0
00000196
00000196
00000196
000001A1
00000196
000001A2
000001A2
000001A2
000001A3
000001A4
000001A2
000001A5
000001A2
000001A2
000001A6
000001A2
000001A2
000001A2
000001A2
000001A2
000001A2
000001A2
000001A2
000001A7
000001A8
000001A2
000001A2
000001A2
000001A9
000001A2
00000196
00000197
00000197
00000198
00000197
00000196
00000199
0000019A
0000019B
0000019C
0000019D
0000019D
0000019E
00000196
00000196
00000196
0000019F
00000196
000001A0
00000196
00000196
00000196
000001A1
00000196
000001A2
000001A2
000001A2
000001A3
000001A4
000001A2
000001A5
000001A2
000001A2
000001A6
000001A2
000001A2
000001A2
000001A2
000001A2
000001A2
000001A2
000001A2
000001A7
000001A8
000001A2
000001A2
000001A2
000001A9
000001A2
00000196
00000197
00000197
00000198
00000197
00000196
00000199
0000019A
0000019B
0000019C
0000019D
0000019D
0000019E
00000196
00000196
00000196
0000019F
00000196
000001A0
00000196
00000196
00000196
000001A1
00000196
000001A2
000001A2
000001A2
000001A3
000001A4
000001A2
000001A5
000001A2
000001A2
000001A6
000001A2
000001A2
000001A2
000001A2
000001A2
000001A2
000001A2
000001A2
000001A7
000001A8
000001A2
000001A2
000001A2
000001A9
000001A2
00000196
00000197
00000197
00000198
00000197
00000196
00000199
0000019A
0000019B
0000019C
0000019D
0000019D
0000019E
00000196
00000196
00000196
0000019F
00000196
000001A0
00000196
00000196
00000196
000001A1
00000196
000001A2
000001A2
000001A2
000001A3
000001A4
000001A2
000001A5
000001A2
000001A2
000001A6
000001A2
000001A2
000001A2
000001A2
000001A2
000001A2
000001A2
000001A2
000001A7
000001A8
000001A2
000001A2
000001A2
000001A9
000001A2
00000196
00000197
00000197
00000198
00000197
00000196
00000199
0000019A
0000019B
0000019C
0000019D
0000019D
0000019E
00000196
00000196
00000196
0000019F
00000196
000001A0
00000196
00000196
00000196
000001A1
00000196
000001A2
000001A2
000001A2
000001A3
000001A4
000001A2
000001A5
000001A2
000001A2
000001A6
000001A2
000001A2
000001A2
000001A2
000001A2
000001A2
000001A2
000001A2
000001A7
000001A8
000001A2
000001A2
000001A2
000001A9
000001A2
00000196
00000197
00000197
00000198
00000197
00000196
00000199
0000019A
0000019B
0000019C
0000019D
0000019D
0000019E
00000196
00000196
00000196
0000019F
00000196
000001A0
00000196
00000196
00000196
000001A1
00000196
000001A2
000001A2
000001A2
000001A3
000001A4
000001A2
000001A5
000001A2
000001A2
000001A6
000001A2
000001A2
000001A2
000001A2
000001A2
000001A2
000001A2
000001A2
000001A7
000001A8
000001A2
000001A2
000001A2
000001A9
000001A2
00000196
00000197
00000197
00000198
00000197
00000196
00000199
0000019A
0000019B
0000019C
0000019D
0000019D
0000019E
00000196
00000196
00000196
0000019F
00000196
000001A0
00000196
00000196
00000196
000001A1
00000196
000001A2
000001A2
000001A2
000001A3
000001A4
000001A2
000001A5
000001A2
000001A2
000001A6
000001A2
000001A2
000001A2
000001A2
000001A2
000001A2
000001A2
000001A2
000001A7
000001A8
000001A2
000001A2
000001A2
000001A9
000001A2
00000196
00000197
00000197
00000198
00000197
00000196
00000199
0000019A
0000019B
0000019C
0000019D
0000019D
0000019E
00000196
00000196
00000196
0000019F
00000196
000001A0
00000196
00000196
00000196
000001A1
00000196
000001A2
000001A2
000001A2
000001A3
000001A4
000001A2
000001A5
000001A2
000001A2
000001A6
000001A2
000001A2
000001A2
000001A2
000001A2
000001A2
000001A2
000001A2
000001A7
000001A8
000001A2
000001A2
000001A2
000001A9
000001A2
00000196
00000197
00000197
00000198
00000197
00000196
00000199
0000019A
0000019B
0000019C
0000019D
0000019D
0000019E
00000196
00000196
00000196
0000019F
00000196
000001A0
00000196
00000196
00000196
000001A1
00000196
000001A2
000001A2
000001A2
000001A3
000001A4
000001A2
000001A5
000001A2
000001A2
000001A6
000001A2
000001A2
000001A2
000001A2
000001A2
000001A2
000001A2
000001A2
000001A7
000001A8
000001A2
000001A2
000001A2
000001A9
000001A2
00000196
00000197
00000197
00000198
00000197
00000196
00000199
0000019A
0000019B
0000019C
0000019D
0000019D
0000019E
00000196
00000196
00000196
0000019F
00000196
000001A0
00000196
00000196
00000196
000001A1
00000196
000001A2
000001A2
000001A2
000001A3
000001A4
000001A2
000001A5
000001A2
000001A2
000001A6
000001A2
000001A2
000001A2
000001A2
000001A2
000001A2
000001A2
000001A2
000001A7
000001A8
000001A2
000001A2
000001A2
000001A9
000001A2
000001AA
000001AB
000001AB
000001AC
000001AB
000001AA
000001AD
000001AE
000001AF
000001B0
000001B1
000001B1
000001B2
000001AA
000001AA
000001AA
000001B3
000001AA
000001B4
000001AA
000001AA
000001AA
000001B5
000001AA
000001B6
000001B6
000001B6
000001B7
000001B8
000001B6
000001B9
000001B6
000001B6
000001BA
000001B6
000001B6
000001B6
000001B6
000001B6
000001B6
000001B6
000001B6
000001BB
000001BC
000001B6
000001B6
000001B6
000001BD
000001B6
000001AA
000001AB
000001AB
000001AC
000001AB
000001AA
000001AD
000001AE
000001AF
000001B0
000001B1
000001B1
000001B2
000001AA
000001AA
000001AA
000001B3
000001AA
000001B4
000001AA
000001AA
000001AA
000001B5
000001AA
000001B6
000001B6
000001B6
000001B7
000001B8
000001B6
000001B9
000001B6
000001B6
000001BA
000001B6
000001B6
000001B6
000001B6
000001B6
000001B6
000001B6
000001B6
000001BB
000001BC
000001B6
000001B6
000001B6
000001BD
000001B6
000001AA
000001AB
000001AB
000001AC
000001AB
000001AA
000001AD
000001AE
000001AF
000001B0
000001B1
000001B1
000001B2
000001AA
000001AA
000001AA
000001B3
000001AA
000001B4
000001AA
000001AA
000001AA
000001B5
000001AA
000001B6
000001B6
000001B6
000001B7
000001B8
000001B6
000001B9
000001B6
000001B6
000001BA
000001B6
000001B6
000001B6
000001B6
000001B6
000001B6
000001B6
000001B6
000001BB
000001BC
000001B6
000001B6
000001B6
000001BD
000001B6
000001AA
000001AB
000001AB
000001AC
000001AB
000001AA
000001AD
000001AE
000001AF
000001B0
000001B1
000001B1
000001B2
000001AA
000001AA
000001AA
000001B3
000001AA
000001B4
000001AA
000001AA
000001AA
000001B5
000001AA
000001B6
000001B6
000001B6
000001B7
000001B8
000001B6
000001B9
000001B6
000001B6
000001BA
000001B6
000001B6
000001B6
000001B6
000001B6
000001B6
000001B6
000001B6
000001BB
000001BC
000001B6
000001B6
000001B6
000001BD
000001B6
000001AA
000001AB
000001AB
000001AC
000001AB
000001AA
000001AD
000001AE
000001AF
000001B0
000001B1
000001B1
000001B2
000001AA
000001AA
000001AA
000001B3
000001AA
000001B4
000001AA
000001AA
000001AA
000001B5
000001AA
000001B6
000001B6
000001B6
000001B7
000001B8
000001B6
000001B9
000001B6
000001B6
000001BA
000001B6
000001B6
000001B6
000001B6
000001B6
000001B6
000001B6
000001B6
000001BB
000001BC
000001B6
000001B6
000001B6
000001BD
000001B6
000001AA
000001AB
000001AB
000001AC
000001AB
000001AA
000001AD
000001AE
000001AF
000001B0
000001B1
000001B1
000001B2
000001AA
000001AA
000001AA
000001B3
000001AA
000001B4
000001AA
000001AA
000001AA
000001B5
000001AA
000001B6
000001B6
000001B6
000001B7
000001B8
000001B6
000001B9
000001B6
000001B6
000001BA
000001B6
000001B6
000001B6
000001B6
000001B6
000001B6
000001B6
000001B6
000001BB
000001BC
000001B6
000001B6
000001B6
000001BD
000001B6
000001AA
000001AB
000001AB
000001AC
000001AB
000001AA
000001AD
000001AE
000001AF
000001B0
000001B1
000001B1
000001B2
000001AA
000001AA
000001AA
000001B3
000001AA
000001B4
000001AA
000001AA
000001AA
000001B5
000001AA
000001B6
000001B6
000001B6
000001B7
000001B8
000001B6
000001B9
000001B6
000001B6
000001BA
000001B6
000001B6
000001B6
000001B6
000001B6
000001B6
000001B6
000001B6
000001BB
000001BC
000001B6
000001B6
000001B6
000001BD
000001B6
000001AA
000001AB
000001AB
000001AC
000001AB
000001AA
000001AD
000001AE
000001AF
000001B0
000001B1
000001B1
000001B2
000001AA
000001AA
000001AA
000001B3
000001AA
000001B4
000001AA
000001AA
000001AA
000001B5
000001AA
000001B6
000001B6
000001B6
000001B7
000001B8
000001B6
000001B9
000001B6
000001B6
000001BA
000001B6
000001B6
000001B6
000001B6
000001B6
000001B6
000001B6
000001B6
000001BB
000001BC
000001B6
000001B6
000001B6
000001BD
000001B6
000001AA
000001AB
000001AB
000001AC
000001AB
000001AA
000001AD
000001AE
000001AF
000001B0
000001B1
000001B1
000001B2
000001AA
000001AA
000001AA
000001B3
000001AA
000001B4
000001AA
000001AA
000001AA
000001B5
000001AA
000001B6
000001B6
000001B6
000001B7
000001B8
000001B6
000001B9
000001B6
000001B6
000001BA
000001B6
000001B6
000001B6
000001B6
000001B6
000001B6
000001B6
000001B6
000001BB
000001BC
000001B6
000001B6
000001B6
000001BD
000001B6
000001AA
000001AB
000001AB
000001AC
000001AB
000001AA
000001AD
000001AE
000001AF
000001B0
000001B1
000001B1
000001B2
000001AA
000001AA
000001AA
000001B3
000001AA
000001B4
000001AA
000001AA
000001AA
000001B5
000001AA
000001B6
000001B6
000001B6
000001B7
000001B8
000001B6
000001B9
000001B6
000001B6
000001BA
000001B6
000001B6
000001B6
000001B6
000001B6
000001B6
000001B6
000001B6
000001BB
000001BC
000001B6
000001B6
000001B6
000001BD
000001B6
000001AA
000001AB
000001AB
000001AC
000001AB
000001AA
000001AD
000001AE
000001AF
000001B0
000001B1
000001B1
000001B2
000001AA
000001AA
000001AA
000001B3
000001AA
000001B4
000001AA
000001AA
000001AA
000001B5
000001AA
000001B6
000001B6
000001B6
000001B7
000001B8
000001B6
000001B9
000001B6
000001B6
000001BA
000001B6
000001B6
000001B6
000001B6
000001B6
000001B6
000001B6
000001B6
000001BB
000001BC
000001B6
000001B6
000001B6
000001BD
000001B6
000001AA
000001AB
000001AB
000001AC
000001AB
000001AA
000001AD
000001AE
000001AF
000001B0
000001B1
000001B1
000001B2
000001AA
000001AA
000001AA
000001B3
000001AA
000001B4
000001AA
000001AA
000001AA
000001B5
000001AA
000001B6
000001B6
000001B6
000001B7
000001B8
000001B6
000001B9
000001B6
000001B6
000001BA
000001B6
000001B6
000001B6
000001B6
000001B6
000001B6
000001B6
000001B6
000001BB
000001BC
000001B6
000001B6
000001B6
000001BD
000001B6
000001AA
000001AB
000001AB
000001AC
000001AB
000001AA
000001AD
000001AE
000001AF
000001B0
000001B1
000001B1
000001B2
000001AA
000001AA
000001AA
000001B3
000001AA
000001B4
000001AA
000001AA
000001AA
000001B5
000001AA
000001B6
000001B6
000001B6
000001B7
000001B8
000001B6
000001B9
000001B6
000001B6
000001BA
000001B6
000001B6
000001B6
000001B6
000001B6
000001B6
000001B6
000001B6
000001BB
000001BC
000001B6
000001B6
000001B6
000001BD
000001B6
000001AA
000001AB
000001AB
000001AC
000001AB
000001AA
000001AD
000001AE
000001AF
000001B0
000001B1
000001B1
000001B2
000001AA
000001AA
000001AA
000001B3
000001AA
000001B4
000001AA
000001AA
000001AA
000001B5
000001AA
000001B6
000001B6
000001B6
000001B7
000001B8
000001B6
000001B9
000001B6
000001B6
000001BA
000001B6
000001B6
000001B6
000001B6
000001B6
000001B6
000001B6
000001B6
000001BB
000001BC
000001B6
000001B6
000001B6
000001BD
000001B6
000001AA
000001AB
000001AB
000001AC
000001AB
000001AA
000001AD
000001AE
000001AF
000001B0
000001B1
000001B1
000001B2
000001AA
000001AA
000001AA
000001B3
000001AA
000001B4
000001AA
000001AA
000001AA
000001B5
000001AA
000001B6
000001B6
000001B6
000001B7
000001B8
000001B6
000001B9
000001B6
000001B6
000001BA
000001B6
000001B6
000001B6
000001B6
000001B6
000001B6
000001B6
000001B6
000001BB
000001BC
000001B6
000001B6
000001B6
000001BD
000001B6
000001AA
000001AB
000001AB
000001AC
000001AB
000001AA
000001AD
000001AE
000001AF
000001B0
000001B1
000001B1
000001B2
000001AA
000001AA
000001AA
000001B3
000001AA
000001B4
000001AA
000001AA
000001AA
000001B5
000001AA
000001B6
000001B6
000001B6
000001B7
000001B8
000001B6
000001B9
000001B6
000001B6
000001BA
000001B6
000001B6
000001B6
000001B6
000001B6
000001B6
000001B6
000001B6
000001BB
000001BC
000001B6
000001B6
000001B6
000001BD
000001B6
000001AA
000001AB
000001AB
000001AC
000001AB
000001AA
000001AD
000001AE
000001AF
000001B0
000001B1
000001B1
000001B2
000001AA
000001AA
000001AA
000001B3
000001AA
000001B4
000001AA
000001AA
000001AA
000001B5
000001AA
000001B6
000001B6
000001B6
000001B7
000001B8
000001B6
000001B9
000001B6
000001B6
000001BA
000001B6
000001B6
000001B6
000001B6
000001B6
000001B6
000001B6
000001B6
000001BB
000001BC
000001B6
000001B6
000001B6
000001BD
000001B6
000001AA
000001AB
000001AB
000001AC
000001AB
000001AA
000001AD
000001AE
000001AF
000001B0
000001B1
000001B1
000001B2
000001AA
000001AA
000001AA
000001B3
000001AA
000001B4
000001AA
000001AA
000001AA
000001B5
000001AA
000001B6
000001B6
000001B6
000001B7
000001B8
000001B6
000001B9
000001B6
000001B6
000001BA
000001B6
000001B6
000001B6
000001B6
000001B6
000001B6
000001B6
000001B6
000001BB
000001BC
000001B6
000001B6
000001B6
000001BD
000001B6
000001AA
000001AB
000001AB
000001AC
000001AB
000001AA
000001AD
000001AE
000001AF
000001B0
000001B1
000001B1
000001B2
000001AA
000001AA
000001AA
000001B3
000001AA
000001B4
000001AA
000001AA
000001AA
000001B5
000001AA
000001B6
000001B6
000001B6
000001B7
000001B8
000001B6
000001B9
000001B6
000001B6
000001BA
000001B6
000001B6
000001B6
000001B6
000001B6
000001B6
000001B6
000001B6
000001BB
000001BC
000001B6
000001B6
000001B6
000001BD
000001B6
000001AA
000001AB
000001AB
000001AC
000001AB
000001AA
000001AD
000001AE
000001AF
000001B0
000001B1
000001B1
000001B2
000001AA
000001AA
000001AA
000001B3
000001AA
000001B4
000001AA
000001AA
000001AA
000001B5
000001AA
000001B6
000001B6
000001B6
000001B7
000001B8
000001B6
000001B9
000001B6
000001B6
000001BA
000001B6
000001B6
000001B6
000001B6
000001B6
000001B6
000001B6
000001B6
000001BB
000001BC
000001B6
000001B6
000001B6
000001BD
000001B6
000001AA
000001AB
000001AB
000001AC
000001AB
000001AA
000001AD
000001AE
000001AF
000001B0
000001B1
000001B1
000001B2
000001AA
000001AA
000001AA
000001B3
000001AA
000001B4
000001AA
000001AA
000001AA
000001B5
000001AA
000001B6
000001B6
000001B6
000001B7
000001B8
000001B6
000001B9
000001B6
000001B6
000001BA
000001B6
000001B6
000001B6
000001B6
000001B6
000001B6
000001B6
000001B6
000001BB
000001BC
000001B6
000001B6
000001B6
000001BD
000001B6
000001AA
000001AB
000001AB
000001AC
000001AB
000001AA
000001AD
000001AE
000001AF
000001B0
000001B1
000001B1
000001B2
000001AA
000001AA
000001AA
000001B3
000001AA
000001B4
000001AA
000001AA
000001AA
000001B5
000001AA
000001B6
000001B6
000001B6
000001B7
000001B8
000001B6
000001B9
000001B6
000001B6
000001BA
000001B6
000001B6
000001B6
000001B6
000001B6
000001B6
000001B6
000001B6
000001BB
000001BC
000001B6
000001B6
000001B6
000001BD
000001B6
000001AA
000001AB
000001AB
000001AC
000001AB
000001AA
000001AD
000001AE
000001AF
000001B0
000001B1
000001B1
000001B2
000001AA
000001AA
000001AA
000001B3
000001AA
000001B4
000001AA
000001AA
000001AA
000001B5
000001AA
000001B6
000001B6
000001B6
000001B7
000001B8
000001B6
000001B9
000001B6
000001B6
000001BA
000001B6
000001B6
000001B6
000001B6
000001B6
000001B6
000001B6
000001B6
000001BB
000001BC
000001B6
000001B6
000001B6
000001BD
000001B6
000001BE
000001BF
000001BF
000001C0
000001C1
000001BE
000001C2
000001C3
000001C4
000001C5
000001C6
000001C6
000001C7
000001BE
000001BE
000001BE
000001C8
000001BE
000001C9
000001BE
000001BE
000001BE
000001CA
000001BE
000001CB
000001CB
000001CB
000001CC
000001CD
000001CB
000001CE
000001CB
000001CB
000001CF
000001CB
000001CB
000001CB
000001CB
000001CB
000001CB
000001CB
000001CB
000001D0
000001D1
000001CB
000001CB
000001CB
000001D2
000001CB
000001BE
000001BF
000001BF
000001C0
000001C1
000001BE
000001C2
000001C3
000001C4
000001C5
000001C6
000001C6
000001C7
000001BE
000001BE
000001BE
000001C8
000001BE
000001C9
000001BE
000001BE
000001BE
000001CA
000001BE
000001CB
000001CB
000001CB
000001CC
000001CD
000001CB
000001CE
000001CB
000001CB
000001CF
000001CB
000001CB
000001CB
000001CB
000001CB
000001CB
000001CB
000001CB
000001D0
000001D1
000001CB
000001CB
000001CB
000001D2
000001CB
000001BE
000001BF
000001BF
000001C0
000001C1
000001BE
000001C2
000001C3
000001C4
000001C5
000001C6
000001C6
000001C7
000001BE
000001BE
000001BE
000001C8
000001BE
000001C9
000001BE
000001BE
000001BE
000001CA
000001BE
000001CB
000001CB
000001CB
000001CC
000001CD
000001CB
000001CE
000001CB
000001CB
000001CF
000001CB
000001CB
000001CB
000001CB
000001CB
000001CB
000001CB
000001CB
000001D0
000001D1
000001CB
000001CB
000001CB
000001D2
000001CB
000001BE
000001BF
000001BF
000001C0
000001C1
000001BE
000001C2
000001C3
000001C4
000001C5
000001C6
000001C6
000001C7
000001BE
000001BE
000001BE
000001C8
000001BE
000001C9
000001BE
000001BE
000001BE
000001CA
000001BE
000001CB
000001CB
000001CB
000001CC
000001CD
000001CB
000001CE
000001CB
000001CB
000001CF
000001CB
000001CB
000001CB
000001CB
000001CB
000001CB
000001CB
000001CB
000001D0
000001D1
000001CB
000001CB
000001CB
000001D2
000001CB
000001BE
000001BF
000001BF
000001C0
000001C1
000001BE
000001C2
000001C3
000001C4
000001C5
000001C6
000001C6
000001C7
000001BE
000001BE
000001BE
000001C8
000001BE
000001C9
000001BE
000001BE
000001BE
000001CA
000001BE
000001CB
000001CB
000001CB
000001CC
000001CD
000001CB
000001CE
000001CB
000001CB
000001CF
000001CB
000001CB
000001CB
000001CB
000001CB
000001CB
000001CB
000001CB
000001D0
000001D1
000001CB
000001CB
000001CB
000001D2
000001CB
000001BE
000001BF
000001BF
000001C0
000001C1
000001BE
000001C2
000001C3
000001C4
000001C5
000001C6
000001C6
000001C7
000001BE
000001BE
000001BE
000001C8
000001BE
000001C9
000001BE
000001BE
000001BE
000001CA
000001BE
000001CB
000001CB
000001CB
000001CC
000001CD
000001CB
000001CE
000001CB
000001CB
000001CF
000001CB
000001CB
000001CB
000001CB
000001CB
000001CB
000001CB
000001CB
000001D0
000001D1
000001CB
000001CB
000001CB
000001D2
000001CB
000001BE
000001BF
000001BF
000001C0
000001C1
000001BE
000001C2
000001C3
000001C4
000001C5
000001C6
000001C6
000001C7
000001BE
000001BE
000001BE
000001C8
000001BE
000001C9
000001BE
000001BE
000001BE
000001CA
000001BE
000001CB
000001CB
000001CB
000001CC
000001CD
000001CB
000001CE
000001CB
000001CB
000001CF
000001CB
000001CB
000001CB
000001CB
000001CB
000001CB
000001CB
000001CB
000001D0
000001D1
000001CB
000001CB
000001CB
000001D2
000001CB
000001BE
000001BF
000001BF
000001C0
000001C1
000001BE
000001C2
000001C3
000001C4
000001C5
000001C6
000001C6
000001C7
000001BE
000001BE
000001BE
000001C8
000001BE
000001C9
000001BE
000001BE
000001BE
000001CA
000001BE
000001CB
000001CB
000001CB
000001CC
000001CD
000001CB
000001CE
000001CB
000001CB
000001CF
000001CB
000001CB
000001CB
000001CB
000001CB
000001CB
000001CB
000001CB
000001D0
000001D1
000001CB
000001CB
000001CB
000001D2
000001CB
000001BE
000001BF
000001BF
000001C0
000001C1
000001BE
000001C2
000001C3
000001C4
000001C5
000001C6
000001C6
000001C7
000001BE
000001BE
000001BE
000001C8
000001BE
000001C9
000001BE
000001BE
000001BE
000001CA
000001BE
000001CB
000001CB
000001CB
000001CC
000001CD
000001CB
000001CE
000001CB
000001CB
000001CF
000001CB
000001CB
000001CB
000001CB
000001CB
000001CB
000001CB
000001CB
000001D0
000001D1
000001CB
000001CB
000001CB
000001D2
000001CB
000001BE
000001BF
000001BF
000001C0
000001C1
000001BE
000001C2
000001C3
000001C4
000001C5
000001C6
000001C6
000001C7
000001BE
000001BE
000001BE
000001C8
000001BE
000001C9
000001BE
000001BE
000001BE
000001CA
000001BE
000001CB
000001CB
000001CB
000001CC
000001CD
000001CB
000001CE
000001CB
000001CB
000001CF
000001CB
000001CB
000001CB
000001CB
000001CB
000001CB
000001CB
000001CB
000001D0
000001D1
000001CB
000001CB
000001CB
000001D2
000001CB
000001BE
000001BF
000001BF
000001C0
000001C1
000001BE
000001C2
000001C3
000001C4
000001C5
000001C6
000001C6
000001C7
000001BE
000001BE
000001BE
000001C8
000001BE
000001C9
000001BE
000001BE
000001BE
000001CA
000001BE
000001CB
000001CB
000001CB
000001CC
000001CD
000001CB
000001CE
000001CB
000001CB
000001CF
000001CB
000001CB
000001CB
000001CB
000001CB
000001CB
000001CB
000001CB
000001D0
000001D1
000001CB
000001CB
000001CB
000001D2
000001CB
000001BE
000001BF
000001BF
000001C0
000001C1
000001BE
000001C2
000001C3
000001C4
000001C5
000001C6
000001C6
000001C7
000001BE
000001BE
000001BE
000001C8
000001BE
000001C9
000001BE
000001BE
000001BE
000001CA
000001BE
000001CB
000001CB
000001CB
000001CC
000001CD
000001CB
000001CE
000001CB
000001CB
000001CF
000001CB
000001CB
000001CB
000001CB
000001CB
000001CB
000001CB
000001CB
000001D0
000001D1
000001CB
000001CB
000001CB
000001D2
000001CB
000001BE
000001BF
000001BF
000001C0
000001C1
000001BE
000001C2
000001C3
000001C4
000001C5
000001C6
000001C6
000001C7
000001BE
000001BE
000001BE
000001C8
000001BE
000001C9
000001BE
000001BE
000001BE
000001CA
000001BE
000001CB
000001CB
000001CB
000001CC
000001CD
000001CB
000001CE
000001CB
000001CB
000001CF
000001CB
000001CB
000001CB
000001CB
000001CB
000001CB
000001CB
000001CB
000001D0
000001D1
000001CB
000001CB
000001CB
000001D2
000001CB
000001BE
000001BF
000001BF
000001C0
000001C1
000001BE
000001C2
000001C3
000001C4
000001C5
000001C6
000001C6
000001C7
000001BE
000001BE
000001BE
000001C8
000001BE
000001C9
000001BE
000001BE
000001BE
000001CA
000001BE
000001CB
000001CB
000001CB
000001CC
000001CD
000001CB
000001CE
000001CB
000001CB
000001CF
000001CB
000001CB
000001CB
000001CB
000001CB
000001CB
000001CB
000001CB
000001D0
000001D1
000001CB
000001CB
000001CB
000001D2
000001CB
000001BE
000001BF
000001BF
000001C0
000001C1
000001BE
000001C2
000001C3
000001C4
000001C5
000001C6
000001C6
000001C7
000001BE
000001BE
000001BE
000001C8
000001BE
000001C9
000001BE
000001BE
000001BE
000001CA
000001BE
000001CB
000001CB
000001CB
000001CC
000001CD
000001CB
000001CE
000001CB
000001CB
000001CF
000001CB
000001CB
000001CB
000001CB
000001CB
000001CB
000001CB
000001CB
000001D0
000001D1
000001CB
000001CB
000001CB
000001D2
000001CB
000001BE
000001BF
000001BF
000001C0
000001C1
000001BE
000001C2
000001C3
000001C4
000001C5
000001C6
000001C6
000001C7
000001BE
000001BE
000001BE
000001C8
000001BE
000001C9
000001BE
000001BE
000001BE
000001CA
000001BE
000001CB
000001CB
000001CB
000001CC
000001CD
000001CB
000001CE
000001CB
000001CB
000001CF
000001CB
000001CB
000001CB
000001CB
000001CB
000001CB
000001CB
000001CB
000001D0
000001D1
000001CB
000001CB
000001CB
000001D2
000001CB
000001BE
000001BF
000001BF
000001C0
000001C1
000001BE
000001C2
000001C3
000001C4
000001C5
000001C6
000001C6
000001C7
000001BE
000001BE
000001BE
000001C8
000001BE
000001C9
000001BE
000001BE
000001BE
000001CA
000001BE
000001CB
000001CB
000001CB
000001CC
000001CD
000001CB
000001CE
000001CB
000001CB
000001CF
000001CB
000001CB
000001CB
000001CB
000001CB
000001CB
000001CB
000001CB
000001D0
000001D1
000001CB
000001CB
000001CB
000001D2
000001CB
000001BE
000001BF
000001BF
000001C0
000001C1
000001BE
000001C2
000001C3
000001C4
000001C5
000001C6
000001C6
000001C7
000001BE
000001BE
000001BE
000001C8
000001BE
000001C9
000001BE
000001BE
000001BE
000001CA
000001BE
000001CB
000001CB
000001CB
000001CC
000001CD
000001CB
000001CE
000001CB
000001CB
000001CF
000001CB
000001CB
000001CB
000001CB
000001CB
000001CB
000001CB
000001CB
000001D0
000001D1
000001CB
000001CB
000001CB
000001D2
000001CB
000001BE
000001BF
000001BF
000001C0
000001C1
000001BE
000001C2
000001C3
000001C4
000001C5
000001C6
000001C6
000001C7
000001BE
000001BE
000001BE
000001C8
000001BE
000001C9
000001BE
000001BE
000001BE
000001CA
000001BE
000001CB
000001CB
000001CB
000001CC
000001CD
000001CB
000001CE
000001CB
000001CB
000001CF
000001CB
000001CB
000001CB
000001CB
000001CB
000001CB
000001CB
000001CB
000001D0
000001D1
000001CB
000001CB
000001CB
000001D2
000001CB
000001BE
000001BF
000001BF
000001C0
000001C1
000001BE
000001C2
000001C3
000001C4
000001C5
000001C6
000001C6
000001C7
000001BE
000001BE
000001BE
000001C8
000001BE
000001C9
000001BE
000001BE
000001BE
000001CA
000001BE
000001CB
000001CB
000001CB
000001CC
000001CD
000001CB
000001CE
000001CB
000001CB
000001CF
000001CB
000001CB
000001CB
000001CB
000001CB
000001CB
000001CB
000001CB
000001D0
000001D1
000001CB
000001CB
000001CB
000001D2
000001CB
000001BE
000001BF
000001BF
000001C0
000001C1
000001BE
000001C2
000001C3
000001C4
000001C5
000001C6
000001C6
000001C7
000001BE
000001BE
000001BE
000001C8
000001BE
000001C9
000001BE
000001BE
000001BE
000001CA
000001BE
000001CB
000001CB
000001CB
000001CC
000001CD
000001CB
000001CE
000001CB
000001CB
000001CF
000001CB
000001CB
000001CB
000001CB
000001CB
000001CB
000001CB
000001CB
000001D0
000001D1
000001CB
000001CB
000001CB
000001D2
000001CB
000001BE
000001BF
000001BF
000001C0
000001C1
000001BE
000001C2
000001C3
000001C4
000001C5
000001C6
000001C6
000001C7
000001BE
000001BE
000001BE
000001C8
000001BE
000001C9
000001BE
000001BE
000001BE
000001CA
000001BE
000001CB
000001CB
000001CB
000001CC
000001CD
000001CB
000001CE
000001CB
000001CB
000001CF
000001CB
000001CB
000001CB
000001CB
000001CB
000001CB
000001CB
000001CB
000001D0
000001D1
000001CB
000001CB
000001CB
000001D2
000001CB
000001BE
000001BF
000001BF
000001C0
000001C1
000001BE
000001C2
000001C3
000001C4
000001C5
000001C6
000001C6
000001C7
000001BE
000001BE
000001BE
000001C8
000001BE
000001C9
000001BE
000001BE
000001BE
000001CA
000001BE
000001CB
000001CB
000001CB
000001CC
000001CD
000001CB
000001CE
000001CB
000001CB
000001CF
000001CB
000001CB
000001CB
000001CB
000001CB
000001CB
000001CB
000001CB
000001D0
000001D1
000001CB
000001CB
000001CB
000001D2
000001CB
000001D3
000001D4
000001D4
000001D5
000001D4
000001D3
000001D6
000001D7
000001D8
000001D9
000001DA
000001DA
000001DB
000001D3
000001D3
000001D3
000001DC
000001D3
000001DD
000001D3
000001D3
000001D3
000001DE
000001D3
000001DF
000001DF
000001DF
000001E0
000001E1
000001DF
000001E2
000001DF
000001DF
000001E3
000001DF
000001DF
000001DF
000001DF
000001DF
000001DF
000001DF
000001DF
000001DF
000001E4
000001DF
000001DF
000001E5
000001E6
000001DF
000001D3
000001D4
000001D4
000001D5
000001D4
000001D3
000001D6
000001D7
000001D8
000001D9
000001DA
000001DA
000001DB
000001D3
000001D3
000001D3
000001DC
000001D3
000001DD
000001D3
000001D3
000001D3
000001DE
000001D3
000001DF
000001DF
000001DF
000001E0
000001E1
000001DF
000001E2
000001DF
000001DF
000001E3
000001DF
000001DF
000001DF
000001DF
000001DF
000001DF
000001DF
000001DF
000001DF
000001E4
000001DF
000001DF
000001E5
000001E6
000001DF
000001D3
000001D4
000001D4
000001D5
000001D4
000001D3
000001D6
000001D7
000001D8
000001D9
000001DA
000001DA
000001DB
000001D3
000001D3
000001D3
000001DC
000001D3
000001DD
000001D3
000001D3
000001D3
000001DE
000001D3
000001DF
000001DF
000001DF
000001E0
000001E1
000001DF
000001E2
000001DF
000001DF
000001E3
000001DF
000001DF
000001DF
000001DF
000001DF
000001DF
000001DF
000001DF
000001DF
000001E4
000001DF
000001DF
000001E5
000001E6
000001DF
000001D3
000001D4
000001D4
000001D5
000001D4
000001D3
000001D6
000001D7
000001D8
000001D9
000001DA
000001DA
000001DB
000001D3
000001D3
000001D3
000001DC
000001D3
000001DD
000001D3
000001D3
000001D3
000001DE
000001D3
000001DF
000001DF
000001DF
000001E0
000001E1
000001DF
000001E2
000001DF
000001DF
000001E3
000001DF
000001DF
000001DF
000001DF
000001DF
000001DF
000001DF
000001DF
000001DF
000001E4
000001DF
000001DF
000001E5
000001E6
000001DF
000001D3
000001D4
000001D4
000001D5
000001D4
000001D3
000001D6
000001D7
000001D8
000001D9
000001DA
000001DA
000001DB
000001D3
000001D3
000001D3
000001DC
000001D3
000001DD
000001D3
000001D3
000001D3
000001DE
000001D3
000001DF
000001DF
000001DF
000001E0
000001E1
000001DF
000001E2
000001DF
000001DF
000001E3
000001DF
000001DF
000001DF
000001DF
000001DF
000001DF
000001DF
000001DF
000001DF
000001E4
000001DF
000001DF
000001E5
000001E6
000001DF
000001D3
000001D4
000001D4
000001D5
000001D4
000001D3
000001D6
000001D7
000001D8
000001D9
000001DA
000001DA
000001DB
000001D3
000001D3
000001D3
000001DC
000001D3
000001DD
000001D3
000001D3
000001D3
000001DE
000001D3
000001DF
000001DF
000001DF
000001E0
000001E1
000001DF
000001E2
000001DF
000001DF
000001E3
000001DF
000001DF
000001DF
000001DF
000001DF
000001DF
000001DF
000001DF
000001DF
000001E4
000001DF
000001DF
000001E5
000001E6
000001DF
000001D3
000001D4
000001D4
000001D5
000001D4
000001D3
000001D6
000001D7
000001D8
000001D9
000001DA
000001DA
000001DB
000001D3
000001D3
000001D3
000001DC
000001D3
000001DD
000001D3
000001D3
000001D3
000001DE
000001D3
000001DF
000001DF
000001DF
000001E0
000001E1
000001DF
000001E2
000001DF
000001DF
000001E3
000001DF
000001DF
000001DF
000001DF
000001DF
000001DF
000001DF
000001DF
000001DF
000001E4
000001DF
000001DF
000001E5
000001E6
000001DF
000001D3
000001D4
000001D4
000001D5
000001D4
000001D3
000001D6
000001D7
000001D8
000001D9
000001DA
000001DA
000001DB
000001D3
000001D3
000001D3
000001DC
000001D3
000001DD
000001D3
000001D3
000001D3
000001DE
000001D3
000001DF
000001DF
000001DF
000001E0
000001E1
000001DF
000001E2
000001DF
000001DF
000001E3
000001DF
000001DF
000001DF
000001DF
000001DF
000001DF
000001DF
000001DF
000001DF
000001E4
000001DF
000001DF
000001E5
000001E6
000001DF
000001D3
000001D4
000001D4
000001D5
000001D4
000001D3
000001D6
000001D7
000001D8
000001D9
000001DA
000001DA
000001DB
000001D3
000001D3
000001D3
000001DC
000001D3
000001DD
000001D3
000001D3
000001D3
000001DE
000001D3
000001DF
000001DF
000001DF
000001E0
000001E1
000001DF
000001E2
000001DF
000001DF
000001E3
000001DF
000001DF
000001DF
000001DF
000001DF
000001DF
000001DF
000001DF
000001DF
000001E4
000001DF
000001DF
000001E5
000001E6
000001DF
000001D3
000001D4
000001D4
000001D5
000001D4
000001D3
000001D6
000001D7
000001D8
000001D9
000001DA
000001DA
000001DB
000001D3
000001D3
000001D3
000001DC
000001D3
000001DD
000001D3
000001D3
000001D3
000001DE
000001D3
000001DF
000001DF
000001DF
000001E0
000001E1
000001DF
000001E2
000001DF
000001DF
000001E3
000001DF
000001DF
000001DF
000001DF
000001DF
000001DF
000001DF
000001DF
000001DF
000001E4
000001DF
000001DF
000001E5
000001E6
000001DF
000001D3
000001D4
000001D4
000001D5
000001D4
000001D3
000001D6
000001D7
000001D8
000001D9
000001DA
000001DA
000001DB
000001D3
000001D3
000001D3
000001DC
000001D3
000001DD
000001D3
000001D3
000001D3
000001DE
000001D3
000001DF
000001DF
000001DF
000001E0
000001E1
000001DF
000001E2
000001DF
000001DF
000001E3
000001DF
000001DF
000001DF
000001DF
000001DF
000001DF
000001DF
000001DF
000001DF
000001E4
000001DF
000001DF
000001E5
000001E6
000001DF
000001D3
000001D4
000001D4
000001D5
000001D4
000001D3
000001D6
000001D7
000001D8
000001D9
000001DA
000001DA
000001DB
000001D3
000001D3
000001D3
000001DC
000001D3
000001DD
000001D3
000001D3
000001D3
000001DE
000001D3
000001DF
000001DF
000001DF
000001E0
000001E1
000001DF
000001E2
000001DF
000001DF
000001E3
000001DF
000001DF
000001DF
000001DF
000001DF
000001DF
000001DF
000001DF
000001DF
000001E4
000001DF
000001DF
000001E5
000001E6
000001DF
000001D3
000001D4
000001D4
000001D5
000001D4
000001D3
000001D6
000001D7
000001D8
000001D9
000001DA
000001DA
000001DB
000001D3
000001D3
000001D3
000001DC
000001D3
000001DD
000001D3
000001D3
000001D3
000001DE
000001D3
000001DF
000001DF
000001DF
000001E0
000001E1
000001DF
000001E2
000001DF
000001DF
000001E3
000001DF
000001DF
000001DF
000001DF
000001DF
000001DF
000001DF
000001DF
000001DF
000001E4
000001DF
000001DF
000001E5
000001E6
000001DF
000001D3
000001D4
000001D4
000001D5
000001D4
000001D3
000001D6
000001D7
000001D8
000001D9
000001DA
000001DA
000001DB
000001D3
000001D3
000001D3
000001DC
000001D3
000001DD
000001D3
000001D3
000001D3
000001DE
000001D3
000001DF
000001DF
000001DF
000001E0
000001E1
000001DF
000001E2
000001DF
000001DF
000001E3
000001DF
000001DF
000001DF
000001DF
000001DF
000001DF
000001DF
000001DF
000001DF
000001E4
000001DF
000001DF
000001E5
000001E6
000001DF
000001D3
000001D4
000001D4
000001D5
000001D4
000001D3
000001D6
000001D7
000001D8
000001D9
000001DA
000001DA
000001DB
000001D3
000001D3
000001D3
000001DC
000001D3
000001DD
000001D3
000001D3
000001D3
000001DE
000001D3
000001DF
000001DF
000001DF
000001E0
000001E1
000001DF
000001E2
000001DF
000001DF
000001E3
000001DF
000001DF
000001DF
000001DF
000001DF
000001DF
000001DF
000001DF
000001DF
000001E4
000001DF
000001DF
000001E5
000001E6
000001DF
000001D3
000001D4
000001D4
000001D5
000001D4
000001D3
000001D6
000001D7
000001D8
000001D9
000001DA
000001DA
000001DB
000001D3
000001D3
000001D3
000001DC
000001D3
000001DD
000001D3
000001D3
000001D3
000001DE
000001D3
000001DF
000001DF
000001DF
000001E0
000001E1
000001DF
000001E2
000001DF
000001DF
000001E3
000001DF
000001DF
000001DF
000001DF
000001DF
000001DF
000001DF
000001DF
000001DF
000001E4
000001DF
000001DF
000001E5
000001E6
000001DF
000001D3
000001D4
000001D4
000001D5
000001D4
000001D3
000001D6
000001D7
000001D8
000001D9
000001DA
000001DA
000001DB
000001D3
000001D3
000001D3
000001DC
000001D3
000001DD
000001D3
000001D3
000001D3
000001DE
000001D3
000001DF
000001DF
000001DF
000001E0
000001E1
000001DF
000001E2
000001DF
000001DF
000001E3
000001DF
000001DF
000001DF
000001DF
000001DF
000001DF
000001DF
000001DF
000001DF
000001E4
000001DF
000001DF
000001E5
000001E6
000001DF
000001D3
000001D4
000001D4
000001D5
000001D4
000001D3
000001D6
000001D7
000001D8
000001D9
000001DA
000001DA
000001DB
000001D3
000001D3
000001D3
000001DC
000001D3
000001DD
000001D3
000001D3
000001D3
000001DE
000001D3
000001DF
000001DF
000001DF
000001E0
000001E1
000001DF
000001E2
000001DF
000001DF
000001E3
000001DF
000001DF
000001DF
000001DF
000001DF
000001DF
000001DF
000001DF
000001DF
000001E4
000001DF
000001DF
000001E5
000001E6
000001DF
000001D3
000001D4
000001D4
000001D5
000001D4
000001D3
000001D6
000001D7
000001D8
000001D9
000001DA
000001DA
000001DB
000001D3
000001D3
000001D3
000001DC
000001D3
000001DD
000001D3
000001D3
000001D3
000001DE
000001D3
000001DF
000001DF
000001DF
000001E0
000001E1
000001DF
000001E2
000001DF
000001DF
000001E3
000001DF
000001DF
000001DF
000001DF
000001DF
000001DF
000001DF
000001DF
000001DF
000001E4
000001DF
000001DF
000001E5
000001E6
000001DF
000001D3
000001D4
000001D4
000001D5
000001D4
000001D3
000001D6
000001D7
000001D8
000001D9
000001DA
000001DA
000001DB
000001D3
000001D3
000001D3
000001DC
000001D3
000001DD
000001D3
000001D3
000001D3
000001DE
000001D3
000001DF
000001DF
000001DF
000001E0
000001E1
000001DF
000001E2
000001DF
000001DF
000001E3
000001DF
000001DF
000001DF
000001DF
000001DF
000001DF
000001DF
000001DF
000001DF
000001E4
000001DF
000001DF
000001E5
000001E6
000001DF
000001D3
000001D4
000001D4
000001D5
000001D4
000001D3
000001D6
000001D7
000001D8
000001D9
000001DA
000001DA
000001DB
000001D3
000001D3
000001D3
000001DC
000001D3
000001DD
000001D3
000001D3
000001D3
000001DE
000001D3
000001DF
000001DF
000001DF
000001E0
000001E1
000001DF
000001E2
000001DF
000001DF
000001E3
000001DF
000001DF
000001DF
000001DF
000001DF
000001DF
000001DF
000001DF
000001DF
000001E4
000001DF
000001DF
000001E5
000001E6
000001DF
000001D3
000001D4
000001D4
000001D5
000001D4
000001D3
000001D6
000001D7
000001D8
000001D9
000001DA
000001DA
000001DB
000001D3
000001D3
000001D3
000001DC
000001D3
000001DD
000001D3
000001D3
000001D3
000001DE
000001D3
000001DF
000001DF
000001DF
000001E0
000001E1
000001DF
000001E2
000001DF
000001DF
000001E3
000001DF
000001DF
000001DF
000001DF
000001DF
000001DF
000001DF
000001DF
000001DF
000001E4
000001DF
000001DF
000001E5
000001E6
000001DF
000001D3
000001D4
000001D4
000001D5
000001D4
000001D3
000001D6
000001D7
000001D8
000001D9
000001DA
000001DA
000001DB
000001D3
000001D3
000001D3
000001DC
000001D3
000001DD
000001D3
000001D3
000001D3
000001DE
000001D3
000001DF
000001DF
000001DF
000001E0
000001E1
000001DF
000001E2
000001DF
000001DF
000001E3
000001DF
000001DF
000001DF
000001DF
000001DF
000001DF
000001DF
000001DF
000001DF
000001E4
000001DF
000001DF
000001E5
000001E6
000001DF
000001E7
000001E8
000001E8
000001E9
000001E8
000001E7
000001EA
000001EB
000001EC
000001ED
000001EE
000001EE
000001EF
000001E7
000001E7
000001E7
000001F0
000001E7
000001F1
000001E7
000001E7
000001F2
000001F3
000001E7
000001F4
000001F4
000001F4
000001F5
000001F6
000001F4
000001F7
000001F4
000001F4
000001F8
000001F4
000001F4
000001F4
000001F4
000001F4
000001F4
000001F4
000001F4
000001F4
000001F9
000001F4
000001F4
000001F4
000001FA
000001F4
000001E7
000001E8
000001E8
000001E9
000001E8
000001E7
000001EA
000001EB
000001EC
000001ED
000001EE
000001EE
000001EF
000001E7
000001E7
000001E7
000001F0
000001E7
000001F1
000001E7
000001E7
000001F2
000001F3
000001E7
000001F4
000001F4
000001F4
000001F5
000001F6
000001F4
000001F7
000001F4
000001F4
000001F8
000001F4
000001F4
000001F4
000001F4
000001F4
000001F4
000001F4
000001F4
000001F4
000001F9
000001F4
000001F4
000001F4
000001FA
000001F4
000001E7
000001E8
000001E8
000001E9
000001E8
000001E7
000001EA
000001EB
000001EC
000001ED
000001EE
000001EE
000001EF
000001E7
000001E7
000001E7
000001F0
000001E7
000001F1
000001E7
000001E7
000001F2
000001F3
000001E7
000001F4
000001F4
000001F4
000001F5
000001F6
000001F4
000001F7
000001F4
000001F4
000001F8
000001F4
000001F4
000001F4
000001F4
000001F4
000001F4
000001F4
000001F4
000001F4
000001F9
000001F4
000001F4
000001F4
000001FA
000001F4
000001E7
000001E8
000001E8
000001E9
000001E8
000001E7
000001EA
000001EB
000001EC
000001ED
000001EE
000001EE
000001EF
000001E7
000001E7
000001E7
000001F0
000001E7
000001F1
000001E7
000001E7
000001F2
000001F3
000001E7
000001F4
000001F4
000001F4
000001F5
000001F6
000001F4
000001F7
000001F4
000001F4
000001F8
000001F4
000001F4
000001F4
000001F4
000001F4
000001F4
000001F4
000001F4
000001F4
000001F9
000001F4
000001F4
000001F4
000001FA
000001F4
000001E7
000001E8
000001E8
000001E9
000001E8
000001E7
000001EA
000001EB
000001EC
000001ED
000001EE
000001EE
000001EF
000001E7
000001E7
000001E7
000001F0
000001E7
000001F1
000001E7
000001E7
000001F2
000001F3
000001E7
000001F4
000001F4
000001F4
000001F5
000001F6
000001F4
000001F7
000001F4
000001F4
000001F8
000001F4
000001F4
000001F4
000001F4
000001F4
000001F4
000001F4
000001F4
000001F4
000001F9
000001F4
000001F4
000001F4
000001FA
000001F4
000001E7
000001E8
000001E8
000001E9
000001E8
000001E7
000001EA
000001EB
000001EC
000001ED
000001EE
000001EE
000001EF
000001E7
000001E7
000001E7
000001F0
000001E7
000001F1
000001E7
000001E7
000001F2
000001F3
000001E7
000001F4
000001F4
000001F4
000001F5
000001F6
000001F4
000001F7
000001F4
000001F4
000001F8
000001F4
000001F4
000001F4
000001F4
000001F4
000001F4
000001F4
000001F4
000001F4
000001F9
000001F4
000001F4
000001F4
000001FA
000001F4
000001E7
000001E8
000001E8
000001E9
000001E8
000001E7
000001EA
000001EB
000001EC
000001ED
000001EE
000001EE
000001EF
000001E7
000001E7
000001E7
000001F0
000001E7
000001F1
000001E7
000001E7
000001F2
000001F3
000001E7
000001F4
000001F4
000001F4
000001F5
000001F6
000001F4
000001F7
000001F4
000001F4
000001F8
000001F4
000001F4
000001F4
000001F4
000001F4
000001F4
000001F4
000001F4
000001F4
000001F9
000001F4
000001F4
000001F4
000001FA
000001F4
000001E7
000001E8
000001E8
000001E9
000001E8
000001E7
000001EA
000001EB
000001EC
000001ED
000001EE
000001EE
000001EF
000001E7
000001E7
000001E7
000001F0
000001E7
000001F1
000001E7
000001E7
000001F2
000001F3
000001E7
000001F4
000001F4
000001F4
000001F5
000001F6
000001F4
000001F7
000001F4
000001F4
000001F8
000001F4
000001F4
000001F4
000001F4
000001F4
000001F4
000001F4
000001F4
000001F4
000001F9
000001F4
000001F4
000001F4
000001FA
000001F4
000001E7
000001E8
000001E8
000001E9
000001E8
000001E7
000001EA
000001EB
000001EC
000001ED
000001EE
000001EE
000001EF
000001E7
000001E7
000001E7
000001F0
000001E7
000001F1
000001E7
000001E7
000001F2
000001F3
000001E7
000001F4
000001F4
000001F4
000001F5
000001F6
000001F4
000001F7
000001F4
000001F4
000001F8
000001F4
000001F4
000001F4
000001F4
000001F4
000001F4
000001F4
000001F4
000001F4
000001F9
000001F4
000001F4
000001F4
000001FA
000001F4
000001E7
000001E8
000001E8
000001E9
000001E8
000001E7
000001EA
000001EB
000001EC
000001ED
000001EE
000001EE
000001EF
000001E7
000001E7
000001E7
000001F0
000001E7
000001F1
000001E7
000001E7
000001F2
000001F3
000001E7
000001F4
000001F4
000001F4
000001F5
000001F6
000001F4
000001F7
000001F4
000001F4
000001F8
000001F4
000001F4
000001F4
000001F4
000001F4
000001F4
000001F4
000001F4
000001F4
000001F9
000001F4
000001F4
000001F4
000001FA
000001F4
000001E7
000001E8
000001E8
000001E9
000001E8
000001E7
000001EA
000001EB
000001EC
000001ED
000001EE
000001EE
000001EF
000001E7
000001E7
000001E7
000001F0
000001E7
000001F1
000001E7
000001E7
000001F2
000001F3
000001E7
000001F4
000001F4
000001F4
000001F5
000001F6
000001F4
000001F7
000001F4
000001F4
000001F8
000001F4
000001F4
000001F4
000001F4
000001F4
000001F4
000001F4
000001F4
000001F4
000001F9
000001F4
000001F4
000001F4
000001FA
000001F4
000001E7
000001E8
000001E8
000001E9
000001E8
000001E7
000001EA
000001EB
000001EC
000001ED
000001EE
000001EE
000001EF
000001E7
000001E7
000001E7
000001F0
000001E7
000001F1
000001E7
000001E7
000001F2
000001F3
000001E7
000001F4
000001F4
000001F4
000001F5
000001F6
000001F4
000001F7
000001F4
000001F4
000001F8
000001F4
000001F4
000001F4
000001F4
000001F4
000001F4
000001F4
000001F4
000001F4
000001F9
000001F4
000001F4
000001F4
000001FA
000001F4
000001E7
000001E8
000001E8
000001E9
000001E8
000001E7
000001EA
000001EB
000001EC
000001ED
000001EE
000001EE
000001EF
000001E7
000001E7
000001E7
000001F0
000001E7
000001F1
000001E7
000001E7
000001F2
000001F3
000001E7
000001F4
000001F4
000001F4
000001F5
000001F6
000001F4
000001F7
000001F4
000001F4
000001F8
000001F4
000001F4
000001F4
000001F4
000001F4
000001F4
000001F4
000001F4
000001F4
000001F9
000001F4
000001F4
000001F4
000001FA
000001F4
000001E7
000001E8
000001E8
000001E9
000001E8
000001E7
000001EA
000001EB
000001EC
000001ED
000001EE
000001EE
000001EF
000001E7
000001E7
000001E7
000001F0
000001E7
000001F1
000001E7
000001E7
000001F2
000001F3
000001E7
000001F4
000001F4
000001F4
000001F5
000001F6
000001F4
000001F7
000001F4
000001F4
000001F8
000001F4
000001F4
000001F4
000001F4
000001F4
000001F4
000001F4
000001F4
000001F4
000001F9
000001F4
000001F4
000001F4
000001FA
000001F4
000001E7
000001E8
000001E8
000001E9
000001E8
000001E7
000001EA
000001EB
000001EC
000001ED
000001EE
000001EE
000001EF
000001E7
000001E7
000001E7
000001F0
000001E7
000001F1
000001E7
000001E7
000001F2
000001F3
000001E7
000001F4
000001F4
000001F4
000001F5
000001F6
000001F4
000001F7
000001F4
000001F4
000001F8
000001F4
000001F4
000001F4
000001F4
000001F4
000001F4
000001F4
000001F4
000001F4
000001F9
000001F4
000001F4
000001F4
000001FA
000001F4
000001E7
000001E8
000001E8
000001E9
000001E8
000001E7
000001EA
000001EB
000001EC
000001ED
000001EE
000001EE
000001EF
000001E7
000001E7
000001E7
000001F0
000001E7
000001F1
000001E7
000001E7
000001F2
000001F3
000001E7
000001F4
000001F4
000001F4
000001F5
000001F6
000001F4
000001F7
000001F4
000001F4
000001F8
000001F4
000001F4
000001F4
000001F4
000001F4
000001F4
000001F4
000001F4
000001F4
000001F9
000001F4
000001F4
000001F4
000001FA
000001F4
000001E7
000001E8
000001E8
000001E9
000001E8
000001E7
000001EA
000001EB
000001EC
000001ED
000001EE
000001EE
000001EF
000001E7
000001E7
000001E7
000001F0
000001E7
000001F1
000001E7
000001E7
000001F2
000001F3
000001E7
000001F4
000001F4
000001F4
000001F5
000001F6
000001F4
000001F7
000001F4
000001F4
000001F8
000001F4
000001F4
000001F4
000001F4
000001F4
000001F4
000001F4
000001F4
000001F4
000001F9
000001F4
000001F4
000001F4
000001FA
000001F4
000001E7
000001E8
000001E8
000001E9
000001E8
000001E7
000001EA
000001EB
000001EC
000001ED
000001EE
000001EE
000001EF
000001E7
000001E7
000001E7
000001F0
000001E7
000001F1
000001E7
000001E7
000001F2
000001F3
000001E7
000001F4
000001F4
000001F4
000001F5
000001F6
000001F4
000001F7
000001F4
000001F4
000001F8
000001F4
000001F4
000001F4
000001F4
000001F4
000001F4
000001F4
000001F4
000001F4
000001F9
000001F4
000001F4
000001F4
000001FA
000001F4
000001E7
000001E8
000001E8
000001E9
000001E8
000001E7
000001EA
000001EB
000001EC
000001ED
000001EE
000001EE
000001EF
000001E7
000001E7
000001E7
000001F0
000001E7
000001F1
000001E7
000001E7
000001F2
000001F3
000001E7
000001F4
000001F4
000001F4
000001F5
000001F6
000001F4
000001F7
000001F4
000001F4
000001F8
000001F4
000001F4
000001F4
000001F4
000001F4
000001F4
000001F4
000001F4
000001F4
000001F9
000001F4
000001F4
000001F4
000001FA
000001F4
000001E7
000001E8
000001E8
000001E9
000001E8
000001E7
000001EA
000001EB
000001EC
000001ED
000001EE
000001EE
000001EF
000001E7
000001E7
000001E7
000001F0
000001E7
000001F1
000001E7
000001E7
000001F2
000001F3
000001E7
000001F4
000001F4
000001F4
000001F5
000001F6
000001F4
000001F7
000001F4
000001F4
000001F8
000001F4
000001F4
000001F4
000001F4
000001F4
000001F4
000001F4
000001F4
000001F4
000001F9
000001F4
000001F4
000001F4
000001FA
000001F4
000001E7
000001E8
000001E8
000001E9
000001E8
000001E7
000001EA
000001EB
000001EC
000001ED
000001EE
000001EE
000001EF
000001E7
000001E7
000001E7
000001F0
000001E7
000001F1
000001E7
000001E7
000001F2
000001F3
000001E7
000001F4
000001F4
000001F4
000001F5
000001F6
000001F4
000001F7
000001F4
000001F4
000001F8
000001F4
000001F4
000001F4
000001F4
000001F4
000001F4
000001F4
000001F4
000001F4
000001F9
000001F4
000001F4
000001F4
000001FA
000001F4
000001E7
000001E8
000001E8
000001E9
000001E8
000001E7
000001EA
000001EB
000001EC
000001ED
000001EE
000001EE
000001EF
000001E7
000001E7
000001E7
000001F0
000001E7
000001F1
000001E7
000001E7
000001F2
000001F3
000001E7
000001F4
000001F4
000001F4
000001F5
000001F6
000001F4
000001F7
000001F4
000001F4
000001F8
000001F4
000001F4
000001F4
000001F4
000001F4
000001F4
000001F4
000001F4
000001F4
000001F9
000001F4
000001F4
000001F4
000001FA
000001F4
000001E7
000001E8
000001E8
000001E9
000001E8
000001E7
000001EA
000001EB
000001EC
000001ED
000001EE
000001EE
000001EF
000001E7
000001E7
000001E7
000001F0
000001E7
000001F1
000001E7
000001E7
000001F2
000001F3
000001E7
000001F4
000001F4
000001F4
000001F5
000001F6
000001F4
000001F7
000001F4
000001F4
000001F8
000001F4
000001F4
000001F4
000001F4
000001F4
000001F4
000001F4
000001F4
000001F4
000001F9
000001F4
000001F4
000001F4
000001FA
000001F4
000001FB
000001FC
000001FD
000001FE
000001FF
000001FB
00000200
00000201
00000202
00000203
00000204
00000204
00000205
000001FB
000001FB
000001FB
00000206
000001FB
00000207
000001FB
000001FB
000001FB
00000208
000001FB
00000209
0000020A
0000020B
0000020C
0000020D
00000209
0000020E
00000209
00000209
0000020F
00000209
00000209
00000209
00000209
00000209
00000209
00000209
00000209
00000210
00000211
00000209
00000209
00000209
00000212
00000209
000001FB
000001FC
000001FD
000001FE
000001FF
000001FB
00000200
00000201
00000202
00000203
00000204
00000204
00000205
000001FB
000001FB
000001FB
00000206
000001FB
00000207
000001FB
000001FB
000001FB
00000208
000001FB
00000209
0000020A
0000020B
0000020C
0000020D
00000209
0000020E
00000209
00000209
0000020F
00000209
00000209
00000209
00000209
00000209
00000209
00000209
00000209
00000210
00000211
00000209
00000209
00000209
00000212
00000209
000001FB
000001FC
000001FD
000001FE
000001FF
000001FB
00000200
00000201
00000202
00000203
00000204
00000204
00000205
000001FB
000001FB
000001FB
00000206
000001FB
00000207
000001FB
000001FB
000001FB
00000208
000001FB
00000209
0000020A
0000020B
0000020C
0000020D
00000209
0000020E
00000209
00000209
0000020F
00000209
00000209
00000209
00000209
00000209
00000209
00000209
00000209
00000210
00000211
00000209
00000209
00000209
00000212
00000209
000001FB
000001FC
000001FD
000001FE
000001FF
000001FB
00000200
00000201
00000202
00000203
00000204
00000204
00000205
000001FB
000001FB
000001FB
00000206
000001FB
00000207
000001FB
000001FB
000001FB
00000208
000001FB
00000209
0000020A
0000020B
0000020C
0000020D
00000209
0000020E
00000209
00000209
0000020F
00000209
00000209
00000209
00000209
00000209
00000209
00000209
00000209
00000210
00000211
00000209
00000209
00000209
00000212
00000209
000001FB
000001FC
000001FD
000001FE
000001FF
000001FB
00000200
00000201
00000202
00000203
00000204
00000204
00000205
000001FB
000001FB
000001FB
00000206
000001FB
00000207
000001FB
000001FB
000001FB
00000208
000001FB
00000209
0000020A
0000020B
0000020C
0000020D
00000209
0000020E
00000209
00000209
0000020F
00000209
00000209
00000209
00000209
00000209
00000209
00000209
00000209
00000210
00000211
00000209
00000209
00000209
00000212
00000209
000001FB
000001FC
000001FD
000001FE
000001FF
000001FB
00000200
00000201
00000202
00000203
00000204
00000204
00000205
000001FB
000001FB
000001FB
00000206
000001FB
00000207
000001FB
000001FB
000001FB
00000208
000001FB
00000209
0000020A
0000020B
0000020C
0000020D
00000209
0000020E
00000209
00000209
0000020F
00000209
00000209
00000209
00000209
00000209
00000209
00000209
00000209
00000210
00000211
00000209
00000209
00000209
00000212
00000209
000001FB
000001FC
000001FD
000001FE
000001FF
000001FB
00000200
00000201
00000202
00000203
00000204
00000204
00000205
000001FB
000001FB
000001FB
00000206
000001FB
00000207
000001FB
000001FB
000001FB
00000208
000001FB
00000209
0000020A
0000020B
0000020C
0000020D
00000209
0000020E
00000209
00000209
0000020F
00000209
00000209
00000209
00000209
00000209
00000209
00000209
00000209
00000210
00000211
00000209
00000209
00000209
00000212
00000209
000001FB
000001FC
000001FD
000001FE
000001FF
000001FB
00000200
00000201
00000202
00000203
00000204
00000204
00000205
000001FB
000001FB
000001FB
00000206
000001FB
00000207
000001FB
000001FB
000001FB
00000208
000001FB
00000209
0000020A
0000020B
0000020C
0000020D
00000209
0000020E
00000209
00000209
0000020F
00000209
00000209
00000209
00000209
00000209
00000209
00000209
00000209
00000210
00000211
00000209
00000209
00000209
00000212
00000209
000001FB
000001FC
000001FD
000001FE
000001FF
000001FB
00000200
00000201
00000202
00000203
00000204
00000204
00000205
000001FB
000001FB
000001FB
00000206
000001FB
00000207
000001FB
000001FB
000001FB
00000208
000001FB
00000209
0000020A
0000020B
0000020C
0000020D
00000209
0000020E
00000209
00000209
0000020F
00000209
00000209
00000209
00000209
00000209
00000209
00000209
00000209
00000210
00000211
00000209
00000209
00000209
00000212
00000209
000001FB
000001FC
000001FD
000001FE
000001FF
000001FB
00000200
00000201
00000202
00000203
00000204
00000204
00000205
000001FB
000001FB
000001FB
00000206
000001FB
00000207
000001FB
000001FB
000001FB
00000208
000001FB
00000209
0000020A
0000020B
0000020C
0000020D
00000209
0000020E
00000209
00000209
0000020F
00000209
00000209
00000209
00000209
00000209
00000209
00000209
00000209
00000210
00000211
00000209
00000209
00000209
00000212
00000209
000001FB
000001FC
000001FD
000001FE
000001FF
000001FB
00000200
00000201
00000202
00000203
00000204
00000204
00000205
000001FB
000001FB
000001FB
00000206
000001FB
00000207
000001FB
000001FB
000001FB
00000208
000001FB
00000209
0000020A
0000020B
0000020C
0000020D
00000209
0000020E
00000209
00000209
0000020F
00000209
00000209
00000209
00000209
00000209
00000209
00000209
00000209
00000210
00000211
00000209
00000209
00000209
00000212
00000209
000001FB
000001FC
000001FD
000001FE
000001FF
000001FB
00000200
00000201
00000202
00000203
00000204
00000204
00000205
000001FB
000001FB
000001FB
00000206
000001FB
00000207
000001FB
000001FB
000001FB
00000208
000001FB
00000209
0000020A
0000020B
0000020C
0000020D
00000209
0000020E
00000209
00000209
0000020F
00000209
00000209
00000209
00000209
00000209
00000209
00000209
00000209
00000210
00000211
00000209
00000209
00000209
00000212
00000209
000001FB
000001FC
000001FD
000001FE
000001FF
000001FB
00000200
00000201
00000202
00000203
00000204
00000204
00000205
000001FB
000001FB
000001FB
00000206
000001FB
00000207
000001FB
000001FB
000001FB
00000208
000001FB
00000209
0000020A
0000020B
0000020C
0000020D
00000209
0000020E
00000209
00000209
0000020F
00000209
00000209
00000209
00000209
00000209
00000209
00000209
00000209
00000210
00000211
00000209
00000209
00000209
00000212
00000209
000001FB
000001FC
000001FD
000001FE
000001FF
000001FB
00000200
00000201
00000202
00000203
00000204
00000204
00000205
000001FB
000001FB
000001FB
00000206
000001FB
00000207
000001FB
000001FB
000001FB
00000208
000001FB
00000209
0000020A
0000020B
0000020C
0000020D
00000209
0000020E
00000209
00000209
0000020F
00000209
00000209
00000209
00000209
00000209
00000209
00000209
00000209
00000210
00000211
00000209
00000209
00000209
00000212
00000209
000001FB
000001FC
000001FD
000001FE
000001FF
000001FB
00000200
00000201
00000202
00000203
00000204
00000204
00000205
000001FB
000001FB
000001FB
00000206
000001FB
00000207
000001FB
000001FB
000001FB
00000208
000001FB
00000209
0000020A
0000020B
0000020C
0000020D
00000209
0000020E
00000209
00000209
0000020F
00000209
00000209
00000209
00000209
00000209
00000209
00000209
00000209
00000210
00000211
00000209
00000209
00000209
00000212
00000209
000001FB
000001FC
000001FD
000001FE
000001FF
000001FB
00000200
00000201
00000202
00000203
00000204
00000204
00000205
000001FB
000001FB
000001FB
00000206
000001FB
00000207
000001FB
000001FB
000001FB
00000208
000001FB
00000209
0000020A
0000020B
0000020C
0000020D
00000209
0000020E
00000209
00000209
0000020F
00000209
00000209
00000209
00000209
00000209
00000209
00000209
00000209
00000210
00000211
00000209
00000209
00000209
00000212
00000209
000001FB
000001FC
000001FD
000001FE
000001FF
000001FB
00000200
00000201
00000202
00000203
00000204
00000204
00000205
000001FB
000001FB
000001FB
00000206
000001FB
00000207
000001FB
000001FB
000001FB
00000208
000001FB
00000209
0000020A
0000020B
0000020C
0000020D
00000209
0000020E
00000209
00000209
0000020F
00000209
00000209
00000209
00000209
00000209
00000209
00000209
00000209
00000210
00000211
00000209
00000209
00000209
00000212
00000209
000001FB
000001FC
000001FD
000001FE
000001FF
000001FB
00000200
00000201
00000202
00000203
00000204
00000204
00000205
000001FB
000001FB
000001FB
00000206
000001FB
00000207
000001FB
000001FB
000001FB
00000208
000001FB
00000209
0000020A
0000020B
0000020C
0000020D
00000209
0000020E
00000209
00000209
0000020F
00000209
00000209
00000209
00000209
00000209
00000209
00000209
00000209
00000210
00000211
00000209
00000209
00000209
00000212
00000209
000001FB
000001FC
000001FD
000001FE
000001FF
000001FB
00000200
00000201
00000202
00000203
00000204
00000204
00000205
000001FB
000001FB
000001FB
00000206
000001FB
00000207
000001FB
000001FB
000001FB
00000208
000001FB
00000209
0000020A
0000020B
0000020C
0000020D
00000209
0000020E
00000209
00000209
0000020F
00000209
00000209
00000209
00000209
00000209
00000209
00000209
00000209
00000210
00000211
00000209
00000209
00000209
00000212
00000209
000001FB
000001FC
000001FD
000001FE
000001FF
000001FB
00000200
00000201
00000202
00000203
00000204
00000204
00000205
000001FB
000001FB
000001FB
00000206
000001FB
00000207
000001FB
000001FB
000001FB
00000208
000001FB
00000209
0000020A
0000020B
0000020C
0000020D
00000209
0000020E
00000209
00000209
0000020F
00000209
00000209
00000209
00000209
00000209
00000209
00000209
00000209
00000210
00000211
00000209
00000209
00000209
00000212
00000209
000001FB
000001FC
000001FD
000001FE
000001FF
000001FB
00000200
00000201
00000202
00000203
00000204
00000204
00000205
000001FB
000001FB
000001FB
00000206
000001FB
00000207
000001FB
000001FB
000001FB
00000208
000001FB
00000209
0000020A
0000020B
0000020C
0000020D
00000209
0000020E
00000209
00000209
0000020F
00000209
00000209
00000209
00000209
00000209
00000209
00000209
00000209
00000210
00000211
00000209
00000209
00000209
00000212
00000209
000001FB
000001FC
000001FD
000001FE
000001FF
000001FB
00000200
00000201
00000202
00000203
00000204
00000204
00000205
000001FB
000001FB
000001FB
00000206
000001FB
00000207
000001FB
000001FB
000001FB
00000208
000001FB
00000209
0000020A
0000020B
0000020C
0000020D
00000209
0000020E
00000209
00000209
0000020F
00000209
00000209
00000209
00000209
00000209
00000209
00000209
00000209
00000210
00000211
00000209
00000209
00000209
00000212
00000209
000001FB
000001FC
000001FD
000001FE
000001FF
000001FB
00000200
00000201
00000202
00000203
00000204
00000204
00000205
000001FB
000001FB
000001FB
00000206
000001FB
00000207
000001FB
000001FB
000001FB
00000208
000001FB
00000209
0000020A
0000020B
0000020C
0000020D
00000209
0000020E
00000209
00000209
0000020F
00000209
00000209
00000209
00000209
00000209
00000209
00000209
00000209
00000210
00000211
00000209
00000209
00000209
00000212
00000209
00000213
00000214
00000215
00000216
00000217
00000213
00000218
00000219
0000021A
0000021B
0000021C
0000021C
0000021D
00000213
00000213
00000213
0000021E
00000213
0000021F
00000213
00000213
00000213
00000220
00000213
00000221
00000221
00000221
00000222
00000223
00000221
00000224
00000221
00000221
00000225
00000226
00000221
00000221
00000221
00000221
00000221
00000221
00000221
00000221
00000227
00000221
00000221
00000221
00000228
00000221
00000213
00000214
00000215
00000216
00000217
00000213
00000218
00000219
0000021A
0000021B
0000021C
0000021C
0000021D
00000213
00000213
00000213
0000021E
00000213
0000021F
00000213
00000213
00000213
00000220
00000213
00000221
00000221
00000221
00000222
00000223
00000221
00000224
00000221
00000221
00000225
00000226
00000221
00000221
00000221
00000221
00000221
00000221
00000221
00000221
00000227
00000221
00000221
00000221
00000228
00000221
00000213
00000214
00000215
00000216
00000217
00000213
00000218
00000219
0000021A
0000021B
0000021C
0000021C
0000021D
00000213
00000213
00000213
0000021E
00000213
0000021F
00000213
00000213
00000213
00000220
00000213
00000221
00000221
00000221
00000222
00000223
00000221
00000224
00000221
00000221
00000225
00000226
00000221
00000221
00000221
00000221
00000221
00000221
00000221
00000221
00000227
00000221
00000221
00000221
00000228
00000221
00000213
00000214
00000215
00000216
00000217
00000213
00000218
00000219
0000021A
0000021B
0000021C
0000021C
0000021D
00000213
00000213
00000213
0000021E
00000213
0000021F
00000213
00000213
00000213
00000220
00000213
00000221
00000221
00000221
00000222
00000223
00000221
00000224
00000221
00000221
00000225
00000226
00000221
00000221
00000221
00000221
00000221
00000221
00000221
00000221
00000227
00000221
00000221
00000221
00000228
00000221
00000213
00000214
00000215
00000216
00000217
00000213
00000218
00000219
0000021A
0000021B
0000021C
0000021C
0000021D
00000213
00000213
00000213
0000021E
00000213
0000021F
00000213
00000213
00000213
00000220
00000213
00000221
00000221
00000221
00000222
00000223
00000221
00000224
00000221
00000221
00000225
00000226
00000221
00000221
00000221
00000221
00000221
00000221
00000221
00000221
00000227
00000221
00000221
00000221
00000228
00000221
00000213
00000214
00000215
00000216
00000217
00000213
00000218
00000219
0000021A
0000021B
0000021C
0000021C
0000021D
00000213
00000213
00000213
0000021E
00000213
0000021F
00000213
00000213
00000213
00000220
00000213
00000221
00000221
00000221
00000222
00000223
00000221
00000224
00000221
00000221
00000225
00000226
00000221
00000221
00000221
00000221
00000221
00000221
00000221
00000221
00000227
00000221
00000221
00000221
00000228
00000221
00000213
00000214
00000215
00000216
00000217
00000213
00000218
00000219
0000021A
0000021B
0000021C
0000021C
0000021D
00000213
00000213
00000213
0000021E
00000213
0000021F
00000213
00000213
00000213
00000220
00000213
00000221
00000221
00000221
00000222
00000223
00000221
00000224
00000221
00000221
00000225
00000226
00000221
00000221
00000221
00000221
00000221
00000221
00000221
00000221
00000227
00000221
00000221
00000221
00000228
00000221
00000213
00000214
00000215
00000216
00000217
00000213
00000218
00000219
0000021A
0000021B
0000021C
0000021C
0000021D
00000213
00000213
00000213
0000021E
00000213
0000021F
00000213
00000213
00000213
00000220
00000213
00000221
00000221
00000221
00000222
00000223
00000221
00000224
00000221
00000221
00000225
00000226
00000221
00000221
00000221
00000221
00000221
00000221
00000221
00000221
00000227
00000221
00000221
00000221
00000228
00000221
00000213
00000214
00000215
00000216
00000217
00000213
00000218
00000219
0000021A
0000021B
0000021C
0000021C
0000021D
00000213
00000213
00000213
0000021E
00000213
0000021F
00000213
00000213
00000213
00000220
00000213
00000221
00000221
00000221
00000222
00000223
00000221
00000224
00000221
00000221
00000225
00000226
00000221
00000221
00000221
00000221
00000221
00000221
00000221
00000221
00000227
00000221
00000221
00000221
00000228
00000221
00000213
00000214
00000215
00000216
00000217
00000213
00000218
00000219
0000021A
0000021B
0000021C
0000021C
0000021D
00000213
00000213
00000213
0000021E
00000213
0000021F
00000213
00000213
00000213
00000220
00000213
00000221
00000221
00000221
00000222
00000223
00000221
00000224
00000221
00000221
00000225
00000226
00000221
00000221
00000221
00000221
00000221
00000221
00000221
00000221
00000227
00000221
00000221
00000221
00000228
00000221
00000213
00000214
00000215
00000216
00000217
00000213
00000218
00000219
0000021A
0000021B
0000021C
0000021C
0000021D
00000213
00000213
00000213
0000021E
00000213
0000021F
00000213
00000213
00000213
00000220
00000213
00000221
00000221
00000221
00000222
00000223
00000221
00000224
00000221
00000221
00000225
00000226
00000221
00000221
00000221
00000221
00000221
00000221
00000221
00000221
00000227
00000221
00000221
00000221
00000228
00000221
00000213
00000214
00000215
00000216
00000217
00000213
00000218
00000219
0000021A
0000021B
0000021C
0000021C
0000021D
00000213
00000213
00000213
0000021E
00000213
0000021F
00000213
00000213
00000213
00000220
00000213
00000221
00000221
00000221
00000222
00000223
00000221
00000224
00000221
00000221
00000225
00000226
00000221
00000221
00000221
00000221
00000221
00000221
00000221
00000221
00000227
00000221
00000221
00000221
00000228
00000221
00000213
00000214
00000215
00000216
00000217
00000213
00000218
00000219
0000021A
0000021B
0000021C
0000021C
0000021D
00000213
00000213
00000213
0000021E
00000213
0000021F
00000213
00000213
00000213
00000220
00000213
00000221
00000221
00000221
00000222
00000223
00000221
00000224
00000221
00000221
00000225
00000226
00000221
00000221
00000221
00000221
00000221
00000221
00000221
00000221
00000227
00000221
00000221
00000221
00000228
00000221
00000213
00000214
00000215
00000216
00000217
00000213
00000218
00000219
0000021A
0000021B
0000021C
0000021C
0000021D
00000213
00000213
00000213
0000021E
00000213
0000021F
00000213
00000213
00000213
00000220
00000213
00000221
00000221
00000221
00000222
00000223
00000221
00000224
00000221
00000221
00000225
00000226
00000221
00000221
00000221
00000221
00000221
00000221
00000221
00000221
00000227
00000221
00000221
00000221
00000228
00000221
00000213
00000214
00000215
00000216
00000217
00000213
00000218
00000219
0000021A
0000021B
0000021C
0000021C
0000021D
00000213
00000213
00000213
0000021E
00000213
0000021F
00000213
00000213
00000213
00000220
00000213
00000221
00000221
00000221
00000222
00000223
00000221
00000224
00000221
00000221
00000225
00000226
00000221
00000221
00000221
00000221
00000221
00000221
00000221
00000221
00000227
00000221
00000221
00000221
00000228
00000221
00000213
00000214
00000215
00000216
00000217
00000213
00000218
00000219
0000021A
0000021B
0000021C
0000021C
0000021D
00000213
00000213
00000213
0000021E
00000213
0000021F
00000213
00000213
00000213
00000220
00000213
00000221
00000221
00000221
00000222
00000223
00000221
00000224
00000221
00000221
00000225
00000226
00000221
00000221
00000221
00000221
00000221
00000221
00000221
00000221
00000227
00000221
00000221
00000221
00000228
00000221
00000213
00000214
00000215
00000216
00000217
00000213
00000218
00000219
0000021A
0000021B
0000021C
0000021C
0000021D
00000213
00000213
00000213
0000021E
00000213
0000021F
00000213
00000213
00000213
00000220
00000213
00000221
00000221
00000221
00000222
00000223
00000221
00000224
00000221
00000221
00000225
00000226
00000221
00000221
00000221
00000221
00000221
00000221
00000221
00000221
00000227
00000221
00000221
00000221
00000228
00000221
00000213
00000214
00000215
00000216
00000217
00000213
00000218
00000219
0000021A
0000021B
0000021C
0000021C
0000021D
00000213
00000213
00000213
0000021E
00000213
0000021F
00000213
00000213
00000213
00000220
00000213
00000221
00000221
00000221
00000222
00000223
00000221
00000224
00000221
00000221
00000225
00000226
00000221
00000221
00000221
00000221
00000221
00000221
00000221
00000221
00000227
00000221
00000221
00000221
00000228
00000221
00000213
00000214
00000215
00000216
00000217
00000213
00000218
00000219
0000021A
0000021B
0000021C
0000021C
0000021D
00000213
00000213
00000213
0000021E
00000213
0000021F
00000213
00000213
00000213
00000220
00000213
00000221
00000221
00000221
00000222
00000223
00000221
00000224
00000221
00000221
00000225
00000226
00000221
00000221
00000221
00000221
00000221
00000221
00000221
00000221
00000227
00000221
00000221
00000221
00000228
00000221
00000213
00000214
00000215
00000216
00000217
00000213
00000218
00000219
0000021A
0000021B
0000021C
0000021C
0000021D
00000213
00000213
00000213
0000021E
00000213
0000021F
00000213
00000213
00000213
00000220
00000213
00000221
00000221
00000221
00000222
00000223
00000221
00000224
00000221
00000221
00000225
00000226
00000221
00000221
00000221
00000221
00000221
00000221
00000221
00000221
00000227
00000221
00000221
00000221
00000228
00000221
00000213
00000214
00000215
00000216
00000217
00000213
00000218
00000219
0000021A
0000021B
0000021C
0000021C
0000021D
00000213
00000213
00000213
0000021E
00000213
0000021F
00000213
00000213
00000213
00000220
00000213
00000221
00000221
00000221
00000222
00000223
00000221
00000224
00000221
00000221
00000225
00000226
00000221
00000221
00000221
00000221
00000221
00000221
00000221
00000221
00000227
00000221
00000221
00000221
00000228
00000221
00000213
00000214
00000215
00000216
00000217
00000213
00000218
00000219
0000021A
0000021B
0000021C
0000021C
0000021D
00000213
00000213
00000213
0000021E
00000213
0000021F
00000213
00000213
00000213
00000220
00000213
00000221
00000221
00000221
00000222
00000223
00000221
00000224
00000221
00000221
00000225
00000226
00000221
00000221
00000221
00000221
00000221
00000221
00000221
00000221
00000227
00000221
00000221
00000221
00000228
00000221
00000213
00000214
00000215
00000216
00000217
00000213
00000218
00000219
0000021A
0000021B
0000021C
0000021C
0000021D
00000213
00000213
00000213
0000021E
00000213
0000021F
00000213
00000213
00000213
00000220
00000213
00000221
00000221
00000221
00000222
00000223
00000221
00000224
00000221
00000221
00000225
00000226
00000221
00000221
00000221
00000221
00000221
00000221
00000221
00000221
00000227
00000221
00000221
00000221
00000228
00000221
00000229
0000022A
0000022A
0000022B
0000022C
00000229
0000022D
0000022E
0000022F
00000230
00000231
00000231
00000232
00000233
00000229
00000229
00000234
00000229
00000235
00000236
00000229
00000229
00000237
00000229
00000238
00000238
00000238
00000239
0000023A
00000238
0000023B
00000238
00000238
0000023C
00000238
00000238
00000238
00000238
00000238
00000238
00000238
00000238
00000238
0000023D
00000238
00000238
00000238
0000023E
00000238
00000229
0000022A
0000022A
0000022B
0000022C
00000229
0000022D
0000022E
0000022F
00000230
00000231
00000231
00000232
00000233
00000229
00000229
00000234
00000229
00000235
00000236
00000229
00000229
00000237
00000229
00000238
00000238
00000238
00000239
0000023A
00000238
0000023B
00000238
00000238
0000023C
00000238
00000238
00000238
00000238
00000238
00000238
00000238
00000238
00000238
0000023D
00000238
00000238
00000238
0000023E
00000238
00000229
0000022A
0000022A
0000022B
0000022C
00000229
0000022D
0000022E
0000022F
00000230
00000231
00000231
00000232
00000233
00000229
00000229
00000234
00000229
00000235
00000236
00000229
00000229
00000237
00000229
00000238
00000238
00000238
00000239
0000023A
00000238
0000023B
00000238
00000238
0000023C
00000238
00000238
00000238
00000238
00000238
00000238
00000238
00000238
00000238
0000023D
00000238
00000238
00000238
0000023E
00000238
00000229
0000022A
0000022A
0000022B
0000022C
00000229
0000022D
0000022E
0000022F
00000230
00000231
00000231
00000232
00000233
00000229
00000229
00000234
00000229
00000235
00000236
00000229
00000229
00000237
00000229
00000238
00000238
00000238
00000239
0000023A
00000238
0000023B
00000238
00000238
0000023C
00000238
00000238
00000238
00000238
00000238
00000238
00000238
00000238
00000238
0000023D
00000238
00000238
00000238
0000023E
00000238
00000229
0000022A
0000022A
0000022B
0000022C
00000229
0000022D
0000022E
0000022F
00000230
00000231
00000231
00000232
00000233
00000229
00000229
00000234
00000229
00000235
00000236
00000229
00000229
00000237
00000229
00000238
00000238
00000238
00000239
0000023A
00000238
0000023B
00000238
00000238
0000023C
00000238
00000238
00000238
00000238
00000238
00000238
00000238
00000238
00000238
0000023D
00000238
00000238
00000238
0000023E
00000238
00000229
0000022A
0000022A
0000022B
0000022C
00000229
0000022D
0000022E
0000022F
00000230
00000231
00000231
00000232
00000233
00000229
00000229
00000234
00000229
00000235
00000236
00000229
00000229
00000237
00000229
00000238
00000238
00000238
00000239
0000023A
00000238
0000023B
00000238
00000238
0000023C
00000238
00000238
00000238
00000238
00000238
00000238
00000238
00000238
00000238
0000023D
00000238
00000238
00000238
0000023E
00000238
00000229
0000022A
0000022A
0000022B
0000022C
00000229
0000022D
0000022E
0000022F
00000230
00000231
00000231
00000232
00000233
00000229
00000229
00000234
00000229
00000235
00000236
00000229
00000229
00000237
00000229
00000238
00000238
00000238
00000239
0000023A
00000238
0000023B
00000238
00000238
0000023C
00000238
00000238
00000238
00000238
00000238
00000238
00000238
00000238
00000238
0000023D
00000238
00000238
00000238
0000023E
00000238
0000023F
00000240
00000240
00000241
00000242
0000023F
00000243
00000244
00000245
00000246
00000247
00000247
00000248
00000249
0000023F
0000023F
0000024A
0000023F
0000024B
0000023F
0000024C
0000023F
0000024D
0000023F
0000024E
0000024E
0000024F
00000250
00000251
0000024E
00000252
0000024E
0000024E
00000253
0000024E
0000024E
0000024E
0000024E
0000024E
0000024E
0000024E
0000024E
0000024E
00000254
0000024E
0000024E
0000024E
00000255
0000024E
0000023F
00000240
00000240
00000241
00000242
0000023F
00000243
00000244
00000245
00000246
00000247
00000247
00000248
00000249
0000023F
0000023F
0000024A
0000023F
0000024B
0000023F
0000024C
0000023F
0000024D
0000023F
0000024E
0000024E
0000024F
00000250
00000251
0000024E
00000252
0000024E
0000024E
00000253
0000024E
0000024E
0000024E
0000024E
0000024E
0000024E
0000024E
0000024E
0000024E
00000254
0000024E
0000024E
0000024E
00000255
0000024E
0000023F
00000240
00000240
00000241
00000242
0000023F
00000243
00000244
00000245
00000246
00000247
00000247
00000248
00000249
0000023F
0000023F
0000024A
0000023F
0000024B
0000023F
0000024C
0000023F
0000024D
0000023F
0000024E
0000024E
0000024F
00000250
00000251
0000024E
00000252
0000024E
0000024E
00000253
0000024E
0000024E
0000024E
0000024E
0000024E
0000024E
0000024E
0000024E
0000024E
00000254
0000024E
0000024E
0000024E
00000255
0000024E
0000023F
00000240
00000240
00000241
00000242
0000023F
00000243
00000244
00000245
00000246
00000247
00000247
00000248
00000249
0000023F
0000023F
0000024A
0000023F
0000024B
0000023F
0000024C
0000023F
0000024D
0000023F
0000024E
0000024E
0000024F
00000250
00000251
0000024E
00000252
0000024E
0000024E
00000253
0000024E
0000024E
0000024E
0000024E
0000024E
0000024E
0000024E
0000024E
0000024E
00000254
0000024E
0000024E
0000024E
00000255
0000024E
0000023F
00000240
00000240
00000241
00000242
0000023F
00000243
00000244
00000245
00000246
00000247
00000247
00000248
00000249
0000023F
0000023F
0000024A
0000023F
0000024B
0000023F
0000024C
0000023F
0000024D
0000023F
0000024E
0000024E
0000024F
00000250
00000251
0000024E
00000252
0000024E
0000024E
00000253
0000024E
0000024E
0000024E
0000024E
0000024E
0000024E
0000024E
0000024E
0000024E
00000254
0000024E
0000024E
0000024E
00000255
0000024E
0000023F
00000240
00000240
00000241
00000242
0000023F
00000243
00000244
00000245
00000246
00000247
00000247
00000248
00000249
0000023F
0000023F
0000024A
0000023F
0000024B
0000023F
0000024C
0000023F
0000024D
0000023F
0000024E
0000024E
0000024F
00000250
00000251
0000024E
00000252
0000024E
0000024E
00000253
0000024E
0000024E
0000024E
0000024E
0000024E
0000024E
0000024E
0000024E
0000024E
00000254
0000024E
0000024E
0000024E
00000255
0000024E
00000256
00000257
00000257
00000258
00000259
00000256
0000025A
0000025B
0000025C
0000025D
0000025E
0000025E
0000025F
00000260
00000256
00000256
00000261
00000256
00000262
00000263
00000256
00000256
00000264
00000256
00000265
00000265
00000265
00000266
00000267
00000265
00000268
00000265
00000265
00000269
00000265
00000265
00000265
00000265
00000265
0000026A
00000265
00000265
00000265
0000026B
00000265
00000265
0000026C
0000026D
00000265
0000026E
0000026F
0000026F
00000270
00000271
0000026E
00000272
00000273
00000274
00000275
00000276
00000276
00000277
0000026E
0000026E
00000278
00000279
0000026E
0000027A
0000026E
0000026E
0000026E
0000027B
0000026E
0000027C
0000027C
0000027C
0000027D
0000027E
0000027C
0000027F
0000027C
0000027C
00000280
0000027C
0000027C
0000027C
0000027C
00000281
0000027C
0000027C
0000027C
0000027C
00000282
0000027C
0000027C
0000027C
00000283
0000027C
00000284
00000285
00000285
00000286
00000285
00000284
00000287
00000288
00000289
0000028A
0000028B
0000028B
0000028C
00000284
00000284
00000284
0000028D
00000284
0000028E
00000284
00000284
00000284
0000028F
00000284
00000290
00000290
00000290
00000291
00000292
00000290
00000293
00000290
00000290
00000294
00000290
00000290
00000290
00000290
00000290
00000290
00000290
00000290
00000290
00000295
00000290
00000290
00000290
00000296
00000290
00000297
00000298
00000298
00000299
0000029A
00000297
0000029B
0000029C
0000029D
0000029E
0000029F
0000029F
000002A0
00000297
000002A1
000002A2
000002A3
00000297
000002A4
00000297
00000297
00000297
000002A5
00000297
000002A6
000002A6
000002A7
000002A8
000002A9
000002A6
000002AA
000002A6
000002A6
000002AB
000002A6
000002A6
000002A6
000002A6
000002A6
000002A6
000002A6
000002A6
000002A6
000002AC
000002AD
000002A6
000002A6
000002AE
000002A6
000002AF
000002B0
000002B0
000002B1
000002B2
000002AF
000002B3
000002B4
000002B5
000002B6
000002B7
000002B7
000002B8
000002AF
000002B9
000002AF
000002BA
000002AF
000002BB
000002AF
000002AF
000002AF
000002BC
000002AF
000002BD
000002BD
000002BD
000002BE
000002BF
000002BD
000002C0
000002BD
000002BD
000002C1
000002BD
000002BD
000002BD
000002BD
000002BD
000002BD
000002C2
000002BD
000002BD
000002C3
000002BD
000002BD
000002BD
000002C4
000002BD
000002C5
000002C6
000002C6
000002C7
000002C8
000002C5
000002C9
000002CA
000002CB
000002CC
000002CD
000002CD
000002CE
000002C5
000002C5
000002C5
000002CF
000002C5
000002D0
000002C5
000002C5
000002C5
000002D1
000002C5
000002D2
000002D2
000002D3
000002D4
000002D5
000002D2
000002D6
000002D2
000002D2
000002D7
000002D2
000002D2
000002D2
000002D2
000002D2
000002D2
000002D2
000002D2
000002D2
000002D8
000002D2
000002D2
000002D2
000002D9
000002DA
000002C5
000002C6
000002C6
000002C7
000002C8
000002C5
000002C9
000002CA
000002CB
000002CC
000002CD
000002CD
000002CE
000002C5
000002C5
000002C5
000002CF
000002C5
000002D0
000002C5
000002C5
000002C5
000002D1
000002C5
000002D2
000002D2
000002D3
000002D4
000002D5
000002D2
000002D6
000002D2
000002D2
000002D7
000002D2
000002D2
000002D2
000002D2
000002D2
000002D2
000002D2
000002D2
000002D2
000002D8
000002D2
000002D2
000002D2
000002D9
000002DA
000002C5
000002C6
000002C6
000002C7
000002C8
000002C5
000002C9
000002CA
000002CB
000002CC
000002CD
000002CD
000002CE
000002C5
000002C5
000002C5
000002CF
000002C5
000002D0
000002C5
000002C5
000002C5
000002D1
000002C5
000002D2
000002D2
000002D3
000002D4
000002D5
000002D2
000002D6
000002D2
000002D2
000002D7
000002D2
000002D2
000002D2
000002D2
000002D2
000002D2
000002D2
000002D2
000002D2
000002D8
000002D2
000002D2
000002D2
000002D9
000002DA
000002C5
000002C6
000002C6
000002C7
000002C8
000002C5
000002C9
000002CA
000002CB
000002CC
000002CD
000002CD
000002CE
000002C5
000002C5
000002C5
000002CF
000002C5
000002D0
000002C5
000002C5
000002C5
000002D1
000002C5
000002D2
000002D2
000002D3
000002D4
000002D5
000002D2
000002D6
000002D2
000002D2
000002D7
000002D2
000002D2
000002D2
000002D2
000002D2
000002D2
000002D2
000002D2
000002D2
000002D8
000002D2
000002D2
000002D2
000002D9
000002DA
000002C5
000002C6
000002C6
000002C7
000002C8
000002C5
000002C9
000002CA
000002CB
000002CC
000002CD
000002CD
000002CE
000002C5
000002C5
000002C5
000002CF
000002C5
000002D0
000002C5
000002C5
000002C5
000002D1
000002C5
000002D2
000002D2
000002D3
000002D4
000002D5
000002D2
000002D6
000002D2
000002D2
000002D7
000002D2
000002D2
000002D2
000002D2
000002D2
000002D2
000002D2
000002D2
000002D2
000002D8
000002D2
000002D2
000002D2
000002D9
000002DA
000002DB
000002DC
000002DC
000002DD
000002DC
000002DB
000002DE
000002DF
000002E0
000002E1
000002E2
000002E2
000002E3
000002DB
000002DB
000002DB
000002E4
000002DB
000002E5
000002E6
000002DB
000002DB
000002E7
000002DB
000002E8
000002E8
000002E8
000002E9
000002EA
000002E8
000002EB
000002E8
000002E8
000002EC
000002E8
000002E8
000002E8
000002E8
000002E8
000002E8
000002E8
000002E8
000002E8
000002ED
000002E8
000002E8
000002E8
000002EE
000002E8
000002DB
000002DC
000002DC
000002DD
000002DC
000002DB
000002DE
000002DF
000002E0
000002E1
000002E2
000002E2
000002E3
000002DB
000002DB
000002DB
000002E4
000002DB
000002E5
000002E6
000002DB
000002DB
000002E7
000002DB
000002E8
000002E8
000002E8
000002E9
000002EA
000002E8
000002EB
000002E8
000002E8
000002EC
000002E8
000002E8
000002E8
000002E8
000002E8
000002E8
000002E8
000002E8
000002E8
000002ED
000002E8
000002E8
000002E8
000002EE
000002E8
000002DB
000002DC
000002DC
000002DD
000002DC
000002DB
000002DE
000002DF
000002E0
000002E1
000002E2
000002E2
000002E3
000002DB
000002DB
000002DB
000002E4
000002DB
000002E5
000002E6
000002DB
000002DB
000002E7
000002DB
000002E8
000002E8
000002E8
000002E9
000002EA
000002E8
000002EB
000002E8
000002E8
000002EC
000002E8
000002E8
000002E8
000002E8
000002E8
000002E8
000002E8
000002E8
000002E8
000002ED
000002E8
000002E8
000002E8
000002EE
000002E8
000002DB
000002DC
000002DC
000002DD
000002DC
000002DB
000002DE
000002DF
000002E0
000002E1
000002E2
000002E2
000002E3
000002DB
000002DB
000002DB
000002E4
000002DB
000002E5
000002E6
000002DB
000002DB
000002E7
000002DB
000002E8
000002E8
000002E8
000002E9
000002EA
000002E8
000002EB
000002E8
000002E8
000002EC
000002E8
000002E8
000002E8
000002E8
000002E8
000002E8
000002E8
000002E8
000002E8
000002ED
000002E8
000002E8
000002E8
000002EE
000002E8
000002DB
000002DC
000002DC
000002DD
000002DC
000002DB
000002DE
000002DF
000002E0
000002E1
000002E2
000002E2
000002E3
000002DB
000002DB
000002DB
000002E4
000002DB
000002E5
000002E6
000002DB
000002DB
000002E7
000002DB
000002E8
000002E8
000002E8
000002E9
000002EA
000002E8
000002EB
000002E8
000002E8
000002EC
000002E8
000002E8
000002E8
000002E8
000002E8
000002E8
000002E8
000002E8
000002E8
000002ED
000002E8
000002E8
000002E8
000002EE
000002E8
000002DB
000002DC
000002DC
000002DD
000002DC
000002DB
000002DE
000002DF
000002E0
000002E1
000002E2
000002E2
000002E3
000002DB
000002DB
000002DB
000002E4
000002DB
000002E5
000002E6
000002DB
000002DB
000002E7
000002DB
000002E8
000002E8
000002E8
000002E9
000002EA
000002E8
000002EB
000002E8
000002E8
000002EC
000002E8
000002E8
000002E8
000002E8
000002E8
000002E8
000002E8
000002E8
000002E8
000002ED
000002E8
000002E8
000002E8
000002EE
000002E8
000002DB
000002DC
000002DC
000002DD
000002DC
000002DB
000002DE
000002DF
000002E0
000002E1
000002E2
000002E2
000002E3
000002DB
000002DB
000002DB
000002E4
000002DB
000002E5
000002E6
000002DB
000002DB
000002E7
000002DB
000002E8
000002E8
000002E8
000002E9
000002EA
000002E8
000002EB
000002E8
000002E8
000002EC
000002E8
000002E8
000002E8
000002E8
000002E8
000002E8
000002E8
000002E8
000002E8
000002ED
000002E8
000002E8
000002E8
000002EE
000002E8
000002DB
000002DC
000002DC
000002DD
000002DC
000002DB
000002DE
000002DF
000002E0
000002E1
000002E2
000002E2
000002E3
000002DB
000002DB
000002DB
000002E4
000002DB
000002E5
000002E6
000002DB
000002DB
000002E7
000002DB
000002E8
000002E8
000002E8
000002E9
000002EA
000002E8
000002EB
000002E8
000002E8
000002EC
000002E8
000002E8
000002E8
000002E8
000002E8
000002E8
000002E8
000002E8
000002E8
000002ED
000002E8
000002E8
000002E8
000002EE
000002E8
000002DB
000002DC
000002DC
000002DD
000002DC
000002DB
000002DE
000002DF
000002E0
000002E1
000002E2
000002E2
000002E3
000002DB
000002DB
000002DB
000002E4
000002DB
000002E5
000002E6
000002DB
000002DB
000002E7
000002DB
000002E8
000002E8
000002E8
000002E9
000002EA
000002E8
000002EB
000002E8
000002E8
000002EC
000002E8
000002E8
000002E8
000002E8
000002E8
000002E8
000002E8
000002E8
000002E8
000002ED
000002E8
000002E8
000002E8
000002EE
000002E8
000002DB
000002DC
000002DC
000002DD
000002DC
000002DB
000002DE
000002DF
000002E0
000002E1
000002E2
000002E2
000002E3
000002DB
000002DB
000002DB
000002E4
000002DB
000002E5
000002E6
000002DB
000002DB
000002E7
000002DB
000002E8
000002E8
000002E8
000002E9
000002EA
000002E8
000002EB
000002E8
000002E8
000002EC
000002E8
000002E8
000002E8
000002E8
000002E8
000002E8
000002E8
000002E8
000002E8
000002ED
000002E8
000002E8
000002E8
000002EE
000002E8
000002DB
000002DC
000002DC
000002DD
000002DC
000002DB
000002DE
000002DF
000002E0
000002E1
000002E2
000002E2
000002E3
000002DB
000002DB
000002DB
000002E4
000002DB
000002E5
000002E6
000002DB
000002DB
000002E7
000002DB
000002E8
000002E8
000002E8
000002E9
000002EA
000002E8
000002EB
000002E8
000002E8
000002EC
000002E8
000002E8
000002E8
000002E8
000002E8
000002E8
000002E8
000002E8
000002E8
000002ED
000002E8
000002E8
000002E8
000002EE
000002E8
000002DB
000002DC
000002DC
000002DD
000002DC
000002DB
000002DE
000002DF
000002E0
000002E1
000002E2
000002E2
000002E3
000002DB
000002DB
000002DB
000002E4
000002DB
000002E5
000002E6
000002DB
000002DB
000002E7
000002DB
000002E8
000002E8
000002E8
000002E9
000002EA
000002E8
000002EB
000002E8
000002E8
000002EC
000002E8
000002E8
000002E8
000002E8
000002E8
000002E8
000002E8
000002E8
000002E8
000002ED
000002E8
000002E8
000002E8
000002EE
000002E8
000002DB
000002DC
000002DC
000002DD
000002DC
000002DB
000002DE
000002DF
000002E0
000002E1
000002E2
000002E2
000002E3
000002DB
000002DB
000002DB
000002E4
000002DB
000002E5
000002E6
000002DB
000002DB
000002E7
000002DB
000002E8
000002E8
000002E8
000002E9
000002EA
000002E8
000002EB
000002E8
000002E8
000002EC
000002E8
000002E8
000002E8
000002E8
000002E8
000002E8
000002E8
000002E8
000002E8
000002ED
000002E8
000002E8
000002E8
000002EE
000002E8
000002DB
000002DC
000002DC
000002DD
000002DC
000002DB
000002DE
000002DF
000002E0
000002E1
000002E2
000002E2
000002E3
000002DB
000002DB
000002DB
000002E4
000002DB
000002E5
000002E6
000002DB
000002DB
000002E7
000002DB
000002E8
000002E8
000002E8
000002E9
000002EA
000002E8
000002EB
000002E8
000002E8
000002EC
000002E8
000002E8
000002E8
000002E8
000002E8
000002E8
000002E8
000002E8
000002E8
000002ED
000002E8
000002E8
000002E8
000002EE
000002E8
000002DB
000002DC
000002DC
000002DD
000002DC
000002DB
000002DE
000002DF
000002E0
000002E1
000002E2
000002E2
000002E3
000002DB
000002DB
000002DB
000002E4
000002DB
000002E5
000002E6
000002DB
000002DB
000002E7
000002DB
000002E8
000002E8
000002E8
000002E9
000002EA
000002E8
000002EB
000002E8
000002E8
000002EC
000002E8
000002E8
000002E8
000002E8
000002E8
000002E8
000002E8
000002E8
000002E8
000002ED
000002E8
000002E8
000002E8
000002EE
000002E8
000002DB
000002DC
000002DC
000002DD
000002DC
000002DB
000002DE
000002DF
000002E0
000002E1
000002E2
000002E2
000002E3
000002DB
000002DB
000002DB
000002E4
000002DB
000002E5
000002E6
000002DB
000002DB
000002E7
000002DB
000002E8
000002E8
000002E8
000002E9
000002EA
000002E8
000002EB
000002E8
000002E8
000002EC
000002E8
000002E8
000002E8
000002E8
000002E8
000002E8
000002E8
000002E8
000002E8
000002ED
000002E8
000002E8
000002E8
000002EE
000002E8
000002DB
000002DC
000002DC
000002DD
000002DC
000002DB
000002DE
000002DF
000002E0
000002E1
000002E2
000002E2
000002E3
000002DB
000002DB
000002DB
000002E4
000002DB
000002E5
000002E6
000002DB
000002DB
000002E7
000002DB
000002E8
000002E8
000002E8
000002E9
000002EA
000002E8
000002EB
000002E8
000002E8
000002EC
000002E8
000002E8
000002E8
000002E8
000002E8
000002E8
000002E8
000002E8
000002E8
000002ED
000002E8
000002E8
000002E8
000002EE
000002E8
000002DB
000002DC
000002DC
000002DD
000002DC
000002DB
000002DE
000002DF
000002E0
000002E1
000002E2
000002E2
000002E3
000002DB
000002DB
000002DB
000002E4
000002DB
000002E5
000002E6
000002DB
000002DB
000002E7
000002DB
000002E8
000002E8
000002E8
000002E9
000002EA
000002E8
000002EB
000002E8
000002E8
000002EC
000002E8
000002E8
000002E8
000002E8
000002E8
000002E8
000002E8
000002E8
000002E8
000002ED
000002E8
000002E8
000002E8
000002EE
000002E8
000002DB
000002DC
000002DC
000002DD
000002DC
000002DB
000002DE
000002DF
000002E0
000002E1
000002E2
000002E2
000002E3
000002DB
000002DB
000002DB
000002E4
000002DB
000002E5
000002E6
000002DB
000002DB
000002E7
000002DB
000002E8
000002E8
000002E8
000002E9
000002EA
000002E8
000002EB
000002E8
000002E8
000002EC
000002E8
000002E8
000002E8
000002E8
000002E8
000002E8
000002E8
000002E8
000002E8
000002ED
000002E8
000002E8
000002E8
000002EE
000002E8
000002DB
000002DC
000002DC
000002DD
000002DC
000002DB
000002DE
000002DF
000002E0
000002E1
000002E2
000002E2
000002E3
000002DB
000002DB
000002DB
000002E4
000002DB
000002E5
000002E6
000002DB
000002DB
000002E7
000002DB
000002E8
000002E8
000002E8
000002E9
000002EA
000002E8
000002EB
000002E8
000002E8
000002EC
000002E8
000002E8
000002E8
000002E8
000002E8
000002E8
000002E8
000002E8
000002E8
000002ED
000002E8
000002E8
000002E8
000002EE
000002E8
000002DB
000002DC
000002DC
000002DD
000002DC
000002DB
000002DE
000002DF
000002E0
000002E1
000002E2
000002E2
000002E3
000002DB
000002DB
000002DB
000002E4
000002DB
000002E5
000002E6
000002DB
000002DB
000002E7
000002DB
000002E8
000002E8
000002E8
000002E9
000002EA
000002E8
000002EB
000002E8
000002E8
000002EC
000002E8
000002E8
000002E8
000002E8
000002E8
000002E8
000002E8
000002E8
000002E8
000002ED
000002E8
000002E8
000002E8
000002EE
000002E8
000002DB
000002DC
000002DC
000002DD
000002DC
000002DB
000002DE
000002DF
000002E0
000002E1
000002E2
000002E2
000002E3
000002DB
000002DB
000002DB
000002E4
000002DB
000002E5
000002E6
000002DB
000002DB
000002E7
000002DB
000002E8
000002E8
000002E8
000002E9
000002EA
000002E8
000002EB
000002E8
000002E8
000002EC
000002E8
000002E8
000002E8
000002E8
000002E8
000002E8
000002E8
000002E8
000002E8
000002ED
000002E8
000002E8
000002E8
000002EE
000002E8
000002DB
000002DC
000002DC
000002DD
000002DC
000002DB
000002DE
000002DF
000002E0
000002E1
000002E2
000002E2
000002E3
000002DB
000002DB
000002DB
000002E4
000002DB
000002E5
000002E6
000002DB
000002DB
000002E7
000002DB
000002E8
000002E8
000002E8
000002E9
000002EA
000002E8
000002EB
000002E8
000002E8
000002EC
000002E8
000002E8
000002E8
000002E8
000002E8
000002E8
000002E8
000002E8
000002E8
000002ED
000002E8
000002E8
000002E8
000002EE
000002E8
000002EF
000002F0
000002F0
000002F1
000002F0
000002F2
000002F3
000002F4
000002F5
000002F6
000002F7
000002F7
000002F8
000002F2
000002F2
000002F2
000002F9
000002F2
000002FA
000002F2
000002F2
000002F2
000002FB
000002F2
000002FC
000002FC
000002FD
000002FE
000002FF
00000300
00000301
00000302
00000302
00000303
00000302
00000302
00000304
00000305
00000302
00000302
00000306
00000302
00000302
00000307
00000302
00000302
00000302
00000308
00000302
000002EF
000002F0
000002F0
000002F1
000002F0
000002F2
000002F3
000002F4
000002F5
000002F6
000002F7
000002F7
000002F8
000002F2
000002F2
000002F2
000002F9
000002F2
000002FA
000002F2
000002F2
000002F2
000002FB
000002F2
000002FC
000002FC
000002FD
000002FE
000002FF
00000300
00000301
00000302
00000302
00000303
00000302
00000302
00000304
00000305
00000302
00000302
00000306
00000302
00000302
00000307
00000302
00000302
00000302
00000308
00000302
000002EF
000002F0
000002F0
000002F1
000002F0
000002F2
000002F3
000002F4
000002F5
000002F6
000002F7
000002F7
000002F8
000002F2
000002F2
000002F2
000002F9
000002F2
000002FA
000002F2
000002F2
000002F2
000002FB
000002F2
000002FC
000002FC
000002FD
000002FE
000002FF
00000300
00000301
00000302
00000302
00000303
00000302
00000302
00000304
00000305
00000302
00000302
00000306
00000302
00000302
00000307
00000302
00000302
00000302
00000308
00000302
000002EF
000002F0
000002F0
000002F1
000002F0
000002F2
000002F3
000002F4
000002F5
000002F6
000002F7
000002F7
000002F8
000002F2
000002F2
000002F2
000002F9
000002F2
000002FA
000002F2
000002F2
000002F2
000002FB
000002F2
000002FC
000002FC
000002FD
000002FE
000002FF
00000300
00000301
00000302
00000302
00000303
00000302
00000302
00000304
00000305
00000302
00000302
00000306
00000302
00000302
00000307
00000302
00000302
00000302
00000308
00000302
000002EF
000002F0
000002F0
000002F1
000002F0
000002F2
000002F3
000002F4
000002F5
000002F6
000002F7
000002F7
000002F8
000002F2
000002F2
000002F2
000002F9
000002F2
000002FA
000002F2
000002F2
000002F2
000002FB
000002F2
000002FC
000002FC
000002FD
000002FE
000002FF
00000300
00000301
00000302
00000302
00000303
00000302
00000302
00000304
00000305
00000302
00000302
00000306
00000302
00000302
00000307
00000302
00000302
00000302
00000308
00000302
000002EF
000002F0
000002F0
000002F1
000002F0
000002F2
000002F3
000002F4
000002F5
000002F6
000002F7
000002F7
000002F8
000002F2
000002F2
000002F2
000002F9
000002F2
000002FA
000002F2
000002F2
000002F2
000002FB
000002F2
000002FC
000002FC
000002FD
000002FE
000002FF
00000300
00000301
00000302
00000302
00000303
00000302
00000302
00000304
00000305
00000302
00000302
00000306
00000302
00000302
00000307
00000302
00000302
00000302
00000308
00000302
000002EF
000002F0
000002F0
000002F1
000002F0
000002F2
000002F3
000002F4
000002F5
000002F6
000002F7
000002F7
000002F8
000002F2
000002F2
000002F2
000002F9
000002F2
000002FA
000002F2
000002F2
000002F2
000002FB
000002F2
000002FC
000002FC
000002FD
000002FE
000002FF
00000300
00000301
00000302
00000302
00000303
00000302
00000302
00000304
00000305
00000302
00000302
00000306
00000302
00000302
00000307
00000302
00000302
00000302
00000308
00000302
000002EF
000002F0
000002F0
000002F1
000002F0
000002F2
000002F3
000002F4
000002F5
000002F6
000002F7
000002F7
000002F8
000002F2
000002F2
000002F2
000002F9
000002F2
000002FA
000002F2
000002F2
000002F2
000002FB
000002F2
000002FC
000002FC
000002FD
000002FE
000002FF
00000300
00000301
00000302
00000302
00000303
00000302
00000302
00000304
00000305
00000302
00000302
00000306
00000302
00000302
00000307
00000302
00000302
00000302
00000308
00000302
000002EF
000002F0
000002F0
000002F1
000002F0
000002F2
000002F3
000002F4
000002F5
000002F6
000002F7
000002F7
000002F8
000002F2
000002F2
000002F2
000002F9
000002F2
000002FA
000002F2
000002F2
000002F2
000002FB
000002F2
000002FC
000002FC
000002FD
000002FE
000002FF
00000300
00000301
00000302
00000302
00000303
00000302
00000302
00000304
00000305
00000302
00000302
00000306
00000302
00000302
00000307
00000302
00000302
00000302
00000308
00000302
000002EF
000002F0
000002F0
000002F1
000002F0
000002F2
000002F3
000002F4
000002F5
000002F6
000002F7
000002F7
000002F8
000002F2
000002F2
000002F2
000002F9
000002F2
000002FA
000002F2
000002F2
000002F2
000002FB
000002F2
000002FC
000002FC
000002FD
000002FE
000002FF
00000300
00000301
00000302
00000302
00000303
00000302
00000302
00000304
00000305
00000302
00000302
00000306
00000302
00000302
00000307
00000302
00000302
00000302
00000308
00000302
000002EF
000002F0
000002F0
000002F1
000002F0
000002F2
000002F3
000002F4
000002F5
000002F6
000002F7
000002F7
000002F8
000002F2
000002F2
000002F2
000002F9
000002F2
000002FA
000002F2
000002F2
000002F2
000002FB
000002F2
000002FC
000002FC
000002FD
000002FE
000002FF
00000300
00000301
00000302
00000302
00000303
00000302
00000302
00000304
00000305
00000302
00000302
00000306
00000302
00000302
00000307
00000302
00000302
00000302
00000308
00000302
000002EF
000002F0
000002F0
000002F1
000002F0
000002F2
000002F3
000002F4
000002F5
000002F6
000002F7
000002F7
000002F8
000002F2
000002F2
000002F2
000002F9
000002F2
000002FA
000002F2
000002F2
000002F2
000002FB
000002F2
000002FC
000002FC
000002FD
000002FE
000002FF
00000300
00000301
00000302
00000302
00000303
00000302
00000302
00000304
00000305
00000302
00000302
00000306
00000302
00000302
00000307
00000302
00000302
00000302
00000308
00000302
000002EF
000002F0
000002F0
000002F1
000002F0
000002F2
000002F3
000002F4
000002F5
000002F6
000002F7
000002F7
000002F8
000002F2
000002F2
000002F2
000002F9
000002F2
000002FA
000002F2
000002F2
000002F2
000002FB
000002F2
000002FC
000002FC
000002FD
000002FE
000002FF
00000300
00000301
00000302
00000302
00000303
00000302
00000302
00000304
00000305
00000302
00000302
00000306
00000302
00000302
00000307
00000302
00000302
00000302
00000308
00000302
000002EF
000002F0
000002F0
000002F1
000002F0
000002F2
000002F3
000002F4
000002F5
000002F6
000002F7
000002F7
000002F8
000002F2
000002F2
000002F2
000002F9
000002F2
000002FA
000002F2
000002F2
000002F2
000002FB
000002F2
000002FC
000002FC
000002FD
000002FE
000002FF
00000300
00000301
00000302
00000302
00000303
00000302
00000302
00000304
00000305
00000302
00000302
00000306
00000302
00000302
00000307
00000302
00000302
00000302
00000308
00000302
000002EF
000002F0
000002F0
000002F1
000002F0
000002F2
000002F3
000002F4
000002F5
000002F6
000002F7
000002F7
000002F8
000002F2
000002F2
000002F2
000002F9
000002F2
000002FA
000002F2
000002F2
000002F2
000002FB
000002F2
000002FC
000002FC
000002FD
000002FE
000002FF
00000300
00000301
00000302
00000302
00000303
00000302
00000302
00000304
00000305
00000302
00000302
00000306
00000302
00000302
00000307
00000302
00000302
00000302
00000308
00000302
000002EF
000002F0
000002F0
000002F1
000002F0
000002F2
000002F3
000002F4
000002F5
000002F6
000002F7
000002F7
000002F8
000002F2
000002F2
000002F2
000002F9
000002F2
000002FA
000002F2
000002F2
000002F2
000002FB
000002F2
000002FC
000002FC
000002FD
000002FE
000002FF
00000300
00000301
00000302
00000302
00000303
00000302
00000302
00000304
00000305
00000302
00000302
00000306
00000302
00000302
00000307
00000302
00000302
00000302
00000308
00000302
000002EF
000002F0
000002F0
000002F1
000002F0
000002F2
000002F3
000002F4
000002F5
000002F6
000002F7
000002F7
000002F8
000002F2
000002F2
000002F2
000002F9
000002F2
000002FA
000002F2
000002F2
000002F2
000002FB
000002F2
000002FC
000002FC
000002FD
000002FE
000002FF
00000300
00000301
00000302
00000302
00000303
00000302
00000302
00000304
00000305
00000302
00000302
00000306
00000302
00000302
00000307
00000302
00000302
00000302
00000308
00000302
000002EF
000002F0
000002F0
000002F1
000002F0
000002F2
000002F3
000002F4
000002F5
000002F6
000002F7
000002F7
000002F8
000002F2
000002F2
000002F2
000002F9
000002F2
000002FA
000002F2
000002F2
000002F2
000002FB
000002F2
000002FC
000002FC
000002FD
000002FE
000002FF
00000300
00000301
00000302
00000302
00000303
00000302
00000302
00000304
00000305
00000302
00000302
00000306
00000302
00000302
00000307
00000302
00000302
00000302
00000308
00000302
000002EF
000002F0
000002F0
000002F1
000002F0
000002F2
000002F3
000002F4
000002F5
000002F6
000002F7
000002F7
000002F8
000002F2
000002F2
000002F2
000002F9
000002F2
000002FA
000002F2
000002F2
000002F2
000002FB
000002F2
000002FC
000002FC
000002FD
000002FE
000002FF
00000300
00000301
00000302
00000302
00000303
00000302
00000302
00000304
00000305
00000302
00000302
00000306
00000302
00000302
00000307
00000302
00000302
00000302
00000308
00000302
000002EF
000002F0
000002F0
000002F1
000002F0
000002F2
000002F3
000002F4
000002F5
000002F6
000002F7
000002F7
000002F8
000002F2
000002F2
000002F2
000002F9
000002F2
000002FA
000002F2
000002F2
000002F2
000002FB
000002F2
000002FC
000002FC
000002FD
000002FE
000002FF
00000300
00000301
00000302
00000302
00000303
00000302
00000302
00000304
00000305
00000302
00000302
00000306
00000302
00000302
00000307
00000302
00000302
00000302
00000308
00000302
000002EF
000002F0
000002F0
000002F1
000002F0
000002F2
000002F3
000002F4
000002F5
000002F6
000002F7
000002F7
000002F8
000002F2
000002F2
000002F2
000002F9
000002F2
000002FA
000002F2
000002F2
000002F2
000002FB
000002F2
000002FC
000002FC
000002FD
000002FE
000002FF
00000300
00000301
00000302
00000302
00000303
00000302
00000302
00000304
00000305
00000302
00000302
00000306
00000302
00000302
00000307
00000302
00000302
00000302
00000308
00000302
000002EF
000002F0
000002F0
000002F1
000002F0
000002F2
000002F3
000002F4
000002F5
000002F6
000002F7
000002F7
000002F8
000002F2
000002F2
000002F2
000002F9
000002F2
000002FA
000002F2
000002F2
000002F2
000002FB
000002F2
000002FC
000002FC
000002FD
000002FE
000002FF
00000300
00000301
00000302
00000302
00000303
00000302
00000302
00000304
00000305
00000302
00000302
00000306
00000302
00000302
00000307
00000302
00000302
00000302
00000308
00000302
000002EF
000002F0
000002F0
000002F1
000002F0
000002F2
000002F3
000002F4
000002F5
000002F6
000002F7
000002F7
000002F8
000002F2
000002F2
000002F2
000002F9
000002F2
000002FA
000002F2
000002F2
000002F2
000002FB
000002F2
000002FC
000002FC
000002FD
000002FE
000002FF
00000300
00000301
00000302
00000302
00000303
00000302
00000302
00000304
00000305
00000302
00000302
00000306
00000302
00000302
00000307
00000302
00000302
00000302
00000308
00000302
00000309
0000030A
0000030A
0000030B
0000030A
0000030C
0000030D
0000030E
0000030F
00000310
00000311
00000311
00000312
0000030C
0000030C
0000030C
00000313
00000314
00000315
0000030C
00000316
0000030C
00000317
0000030C
00000318
00000318
00000318
00000319
0000031A
00000318
0000031B
0000031C
0000031C
0000031D
0000031E
0000031C
0000031C
0000031C
0000031C
0000031F
0000031C
0000031C
0000031C
00000320
0000031C
0000031C
0000031C
00000321
0000031C
00000309
0000030A
0000030A
0000030B
0000030A
0000030C
0000030D
0000030E
0000030F
00000310
00000311
00000311
00000312
0000030C
0000030C
0000030C
00000313
00000314
00000315
0000030C
00000316
0000030C
00000317
0000030C
00000318
00000318
00000318
00000319
0000031A
00000318
0000031B
0000031C
0000031C
0000031D
0000031E
0000031C
0000031C
0000031C
0000031C
0000031F
0000031C
0000031C
0000031C
00000320
0000031C
0000031C
0000031C
00000321
0000031C
00000309
0000030A
0000030A
0000030B
0000030A
0000030C
0000030D
0000030E
0000030F
00000310
00000311
00000311
00000312
0000030C
0000030C
0000030C
00000313
00000314
00000315
0000030C
00000316
0000030C
00000317
0000030C
00000318
00000318
00000318
00000319
0000031A
00000318
0000031B
0000031C
0000031C
0000031D
0000031E
0000031C
0000031C
0000031C
0000031C
0000031F
0000031C
0000031C
0000031C
00000320
0000031C
0000031C
0000031C
00000321
0000031C
00000309
0000030A
0000030A
0000030B
0000030A
0000030C
0000030D
0000030E
0000030F
00000310
00000311
00000311
00000312
0000030C
0000030C
0000030C
00000313
00000314
00000315
0000030C
00000316
0000030C
00000317
0000030C
00000318
00000318
00000318
00000319
0000031A
00000318
0000031B
0000031C
0000031C
0000031D
0000031E
0000031C
0000031C
0000031C
0000031C
0000031F
0000031C
0000031C
0000031C
00000320
0000031C
0000031C
0000031C
00000321
0000031C
00000309
0000030A
0000030A
0000030B
0000030A
0000030C
0000030D
0000030E
0000030F
00000310
00000311
00000311
00000312
0000030C
0000030C
0000030C
00000313
00000314
00000315
0000030C
00000316
0000030C
00000317
0000030C
00000318
00000318
00000318
00000319
0000031A
00000318
0000031B
0000031C
0000031C
0000031D
0000031E
0000031C
0000031C
0000031C
0000031C
0000031F
0000031C
0000031C
0000031C
00000320
0000031C
0000031C
0000031C
00000321
0000031C
00000309
0000030A
0000030A
0000030B
0000030A
0000030C
0000030D
0000030E
0000030F
00000310
00000311
00000311
00000312
0000030C
0000030C
0000030C
00000313
00000314
00000315
0000030C
00000316
0000030C
00000317
0000030C
00000318
00000318
00000318
00000319
0000031A
00000318
0000031B
0000031C
0000031C
0000031D
0000031E
0000031C
0000031C
0000031C
0000031C
0000031F
0000031C
0000031C
0000031C
00000320
0000031C
0000031C
0000031C
00000321
0000031C
00000309
0000030A
0000030A
0000030B
0000030A
0000030C
0000030D
0000030E
0000030F
00000310
00000311
00000311
00000312
0000030C
0000030C
0000030C
00000313
00000314
00000315
0000030C
00000316
0000030C
00000317
0000030C
00000318
00000318
00000318
00000319
0000031A
00000318
0000031B
0000031C
0000031C
0000031D
0000031E
0000031C
0000031C
0000031C
0000031C
0000031F
0000031C
0000031C
0000031C
00000320
0000031C
0000031C
0000031C
00000321
0000031C
00000309
0000030A
0000030A
0000030B
0000030A
0000030C
0000030D
0000030E
0000030F
00000310
00000311
00000311
00000312
0000030C
0000030C
0000030C
00000313
00000314
00000315
0000030C
00000316
0000030C
00000317
0000030C
00000318
00000318
00000318
00000319
0000031A
00000318
0000031B
0000031C
0000031C
0000031D
0000031E
0000031C
0000031C
0000031C
0000031C
0000031F
0000031C
0000031C
0000031C
00000320
0000031C
0000031C
0000031C
00000321
0000031C
00000309
0000030A
0000030A
0000030B
0000030A
0000030C
0000030D
0000030E
0000030F
00000310
00000311
00000311
00000312
0000030C
0000030C
0000030C
00000313
00000314
00000315
0000030C
00000316
0000030C
00000317
0000030C
00000318
00000318
00000318
00000319
0000031A
00000318
0000031B
0000031C
0000031C
0000031D
0000031E
0000031C
0000031C
0000031C
0000031C
0000031F
0000031C
0000031C
0000031C
00000320
0000031C
0000031C
0000031C
00000321
0000031C
00000309
0000030A
0000030A
0000030B
0000030A
0000030C
0000030D
0000030E
0000030F
00000310
00000311
00000311
00000312
0000030C
0000030C
0000030C
00000313
00000314
00000315
0000030C
00000316
0000030C
00000317
0000030C
00000318
00000318
00000318
00000319
0000031A
00000318
0000031B
0000031C
0000031C
0000031D
0000031E
0000031C
0000031C
0000031C
0000031C
0000031F
0000031C
0000031C
0000031C
00000320
0000031C
0000031C
0000031C
00000321
0000031C
00000309
0000030A
0000030A
0000030B
0000030A
0000030C
0000030D
0000030E
0000030F
00000310
00000311
00000311
00000312
0000030C
0000030C
0000030C
00000313
00000314
00000315
0000030C
00000316
0000030C
00000317
0000030C
00000318
00000318
00000318
00000319
0000031A
00000318
0000031B
0000031C
0000031C
0000031D
0000031E
0000031C
0000031C
0000031C
0000031C
0000031F
0000031C
0000031C
0000031C
00000320
0000031C
0000031C
0000031C
00000321
0000031C
00000309
0000030A
0000030A
0000030B
0000030A
0000030C
0000030D
0000030E
0000030F
00000310
00000311
00000311
00000312
0000030C
0000030C
0000030C
00000313
00000314
00000315
0000030C
00000316
0000030C
00000317
0000030C
00000318
00000318
00000318
00000319
0000031A
00000318
0000031B
0000031C
0000031C
0000031D
0000031E
0000031C
0000031C
0000031C
0000031C
0000031F
0000031C
0000031C
0000031C
00000320
0000031C
0000031C
0000031C
00000321
0000031C
00000309
0000030A
0000030A
0000030B
0000030A
0000030C
0000030D
0000030E
0000030F
00000310
00000311
00000311
00000312
0000030C
0000030C
0000030C
00000313
00000314
00000315
0000030C
00000316
0000030C
00000317
0000030C
00000318
00000318
00000318
00000319
0000031A
00000318
0000031B
0000031C
0000031C
0000031D
0000031E
0000031C
0000031C
0000031C
0000031C
0000031F
0000031C
0000031C
0000031C
00000320
0000031C
0000031C
0000031C
00000321
0000031C
00000309
0000030A
0000030A
0000030B
0000030A
0000030C
0000030D
0000030E
0000030F
00000310
00000311
00000311
00000312
0000030C
0000030C
0000030C
00000313
00000314
00000315
0000030C
00000316
0000030C
00000317
0000030C
00000318
00000318
00000318
00000319
0000031A
00000318
0000031B
0000031C
0000031C
0000031D
0000031E
0000031C
0000031C
0000031C
0000031C
0000031F
0000031C
0000031C
0000031C
00000320
0000031C
0000031C
0000031C
00000321
0000031C
00000309
0000030A
0000030A
0000030B
0000030A
0000030C
0000030D
0000030E
0000030F
00000310
00000311
00000311
00000312
0000030C
0000030C
0000030C
00000313
00000314
00000315
0000030C
00000316
0000030C
00000317
0000030C
00000318
00000318
00000318
00000319
0000031A
00000318
0000031B
0000031C
0000031C
0000031D
0000031E
0000031C
0000031C
0000031C
0000031C
0000031F
0000031C
0000031C
0000031C
00000320
0000031C
0000031C
0000031C
00000321
0000031C
00000309
0000030A
0000030A
0000030B
0000030A
0000030C
0000030D
0000030E
0000030F
00000310
00000311
00000311
00000312
0000030C
0000030C
0000030C
00000313
00000314
00000315
0000030C
00000316
0000030C
00000317
0000030C
00000318
00000318
00000318
00000319
0000031A
00000318
0000031B
0000031C
0000031C
0000031D
0000031E
0000031C
0000031C
0000031C
0000031C
0000031F
0000031C
0000031C
0000031C
00000320
0000031C
0000031C
0000031C
00000321
0000031C
00000309
0000030A
0000030A
0000030B
0000030A
0000030C
0000030D
0000030E
0000030F
00000310
00000311
00000311
00000312
0000030C
0000030C
0000030C
00000313
00000314
00000315
0000030C
00000316
0000030C
00000317
0000030C
00000318
00000318
00000318
00000319
0000031A
00000318
0000031B
0000031C
0000031C
0000031D
0000031E
0000031C
0000031C
0000031C
0000031C
0000031F
0000031C
0000031C
0000031C
00000320
0000031C
0000031C
0000031C
00000321
0000031C
00000309
0000030A
0000030A
0000030B
0000030A
0000030C
0000030D
0000030E
0000030F
00000310
00000311
00000311
00000312
0000030C
0000030C
0000030C
00000313
00000314
00000315
0000030C
00000316
0000030C
00000317
0000030C
00000318
00000318
00000318
00000319
0000031A
00000318
0000031B
0000031C
0000031C
0000031D
0000031E
0000031C
0000031C
0000031C
0000031C
0000031F
0000031C
0000031C
0000031C
00000320
0000031C
0000031C
0000031C
00000321
0000031C
00000309
0000030A
0000030A
0000030B
0000030A
0000030C
0000030D
0000030E
0000030F
00000310
00000311
00000311
00000312
0000030C
0000030C
0000030C
00000313
00000314
00000315
0000030C
00000316
0000030C
00000317
0000030C
00000318
00000318
00000318
00000319
0000031A
00000318
0000031B
0000031C
0000031C
0000031D
0000031E
0000031C
0000031C
0000031C
0000031C
0000031F
0000031C
0000031C
0000031C
00000320
0000031C
0000031C
0000031C
00000321
0000031C
00000309
0000030A
0000030A
0000030B
0000030A
0000030C
0000030D
0000030E
0000030F
00000310
00000311
00000311
00000312
0000030C
0000030C
0000030C
00000313
00000314
00000315
0000030C
00000316
0000030C
00000317
0000030C
00000318
00000318
00000318
00000319
0000031A
00000318
0000031B
0000031C
0000031C
0000031D
0000031E
0000031C
0000031C
0000031C
0000031C
0000031F
0000031C
0000031C
0000031C
00000320
0000031C
0000031C
0000031C
00000321
0000031C
00000309
0000030A
0000030A
0000030B
0000030A
0000030C
0000030D
0000030E
0000030F
00000310
00000311
00000311
00000312
0000030C
0000030C
0000030C
00000313
00000314
00000315
0000030C
00000316
0000030C
00000317
0000030C
00000318
00000318
00000318
00000319
0000031A
00000318
0000031B
0000031C
0000031C
0000031D
0000031E
0000031C
0000031C
0000031C
0000031C
0000031F
0000031C
0000031C
0000031C
00000320
0000031C
0000031C
0000031C
00000321
0000031C
00000309
0000030A
0000030A
0000030B
0000030A
0000030C
0000030D
0000030E
0000030F
00000310
00000311
00000311
00000312
0000030C
0000030C
0000030C
00000313
00000314
00000315
0000030C
00000316
0000030C
00000317
0000030C
00000318
00000318
00000318
00000319
0000031A
00000318
0000031B
0000031C
0000031C
0000031D
0000031E
0000031C
0000031C
0000031C
0000031C
0000031F
0000031C
0000031C
0000031C
00000320
0000031C
0000031C
0000031C
00000321
0000031C
00000309
0000030A
0000030A
0000030B
0000030A
0000030C
0000030D
0000030E
0000030F
00000310
00000311
00000311
00000312
0000030C
0000030C
0000030C
00000313
00000314
00000315
0000030C
00000316
0000030C
00000317
0000030C
00000318
00000318
00000318
00000319
0000031A
00000318
0000031B
0000031C
0000031C
0000031D
0000031E
0000031C
0000031C
0000031C
0000031C
0000031F
0000031C
0000031C
0000031C
00000320
0000031C
0000031C
0000031C
00000321
0000031C
00000322
00000323
00000323
00000324
00000323
00000322
00000325
00000326
00000327
00000328
00000329
00000329
0000032A
00000322
00000322
00000322
0000032B
00000322
0000032C
0000032D
00000322
00000322
0000032E
00000322
0000032F
0000032F
0000032F
00000330
00000331
0000032F
00000332
0000032F
0000032F
00000333
0000032F
0000032F
0000032F
0000032F
0000032F
0000032F
0000032F
0000032F
0000032F
00000334
0000032F
0000032F
0000032F
00000335
0000032F
00000322
00000323
00000323
00000324
00000323
00000322
00000325
00000326
00000327
00000328
00000329
00000329
0000032A
00000322
00000322
00000322
0000032B
00000322
0000032C
0000032D
00000322
00000322
0000032E
00000322
0000032F
0000032F
0000032F
00000330
00000331
0000032F
00000332
0000032F
0000032F
00000333
0000032F
0000032F
0000032F
0000032F
0000032F
0000032F
0000032F
0000032F
0000032F
00000334
0000032F
0000032F
0000032F
00000335
0000032F
00000322
00000323
00000323
00000324
00000323
00000322
00000325
00000326
00000327
00000328
00000329
00000329
0000032A
00000322
00000322
00000322
0000032B
00000322
0000032C
0000032D
00000322
00000322
0000032E
00000322
0000032F
0000032F
0000032F
00000330
00000331
0000032F
00000332
0000032F
0000032F
00000333
0000032F
0000032F
0000032F
0000032F
0000032F
0000032F
0000032F
0000032F
0000032F
00000334
0000032F
0000032F
0000032F
00000335
0000032F
00000322
00000323
00000323
00000324
00000323
00000322
00000325
00000326
00000327
00000328
00000329
00000329
0000032A
00000322
00000322
00000322
0000032B
00000322
0000032C
0000032D
00000322
00000322
0000032E
00000322
0000032F
0000032F
0000032F
00000330
00000331
0000032F
00000332
0000032F
0000032F
00000333
0000032F
0000032F
0000032F
0000032F
0000032F
0000032F
0000032F
0000032F
0000032F
00000334
0000032F
0000032F
0000032F
00000335
0000032F
00000322
00000323
00000323
00000324
00000323
00000322
00000325
00000326
00000327
00000328
00000329
00000329
0000032A
00000322
00000322
00000322
0000032B
00000322
0000032C
0000032D
00000322
00000322
0000032E
00000322
0000032F
0000032F
0000032F
00000330
00000331
0000032F
00000332
0000032F
0000032F
00000333
0000032F
0000032F
0000032F
0000032F
0000032F
0000032F
0000032F
0000032F
0000032F
00000334
0000032F
0000032F
0000032F
00000335
0000032F
00000322
00000323
00000323
00000324
00000323
00000322
00000325
00000326
00000327
00000328
00000329
00000329
0000032A
00000322
00000322
00000322
0000032B
00000322
0000032C
0000032D
00000322
00000322
0000032E
00000322
0000032F
0000032F
0000032F
00000330
00000331
0000032F
00000332
0000032F
0000032F
00000333
0000032F
0000032F
0000032F
0000032F
0000032F
0000032F
0000032F
0000032F
0000032F
00000334
0000032F
0000032F
0000032F
00000335
0000032F
00000322
00000323
00000323
00000324
00000323
00000322
00000325
00000326
00000327
00000328
00000329
00000329
0000032A
00000322
00000322
00000322
0000032B
00000322
0000032C
0000032D
00000322
00000322
0000032E
00000322
0000032F
0000032F
0000032F
00000330
00000331
0000032F
00000332
0000032F
0000032F
00000333
0000032F
0000032F
0000032F
0000032F
0000032F
0000032F
0000032F
0000032F
0000032F
00000334
0000032F
0000032F
0000032F
00000335
0000032F
00000322
00000323
00000323
00000324
00000323
00000322
00000325
00000326
00000327
00000328
00000329
00000329
0000032A
00000322
00000322
00000322
0000032B
00000322
0000032C
0000032D
00000322
00000322
0000032E
00000322
0000032F
0000032F
0000032F
00000330
00000331
0000032F
00000332
0000032F
0000032F
00000333
0000032F
0000032F
0000032F
0000032F
0000032F
0000032F
0000032F
0000032F
0000032F
00000334
0000032F
0000032F
0000032F
00000335
0000032F
00000322
00000323
00000323
00000324
00000323
00000322
00000325
00000326
00000327
00000328
00000329
00000329
0000032A
00000322
00000322
00000322
0000032B
00000322
0000032C
0000032D
00000322
00000322
0000032E
00000322
0000032F
0000032F
0000032F
00000330
00000331
0000032F
00000332
0000032F
0000032F
00000333
0000032F
0000032F
0000032F
0000032F
0000032F
0000032F
0000032F
0000032F
0000032F
00000334
0000032F
0000032F
0000032F
00000335
0000032F
00000322
00000323
00000323
00000324
00000323
00000322
00000325
00000326
00000327
00000328
00000329
00000329
0000032A
00000322
00000322
00000322
0000032B
00000322
0000032C
0000032D
00000322
00000322
0000032E
00000322
0000032F
0000032F
0000032F
00000330
00000331
0000032F
00000332
0000032F
0000032F
00000333
0000032F
0000032F
0000032F
0000032F
0000032F
0000032F
0000032F
0000032F
0000032F
00000334
0000032F
0000032F
0000032F
00000335
0000032F
00000322
00000323
00000323
00000324
00000323
00000322
00000325
00000326
00000327
00000328
00000329
00000329
0000032A
00000322
00000322
00000322
0000032B
00000322
0000032C
0000032D
00000322
00000322
0000032E
00000322
0000032F
0000032F
0000032F
00000330
00000331
0000032F
00000332
0000032F
0000032F
00000333
0000032F
0000032F
0000032F
0000032F
0000032F
0000032F
0000032F
0000032F
0000032F
00000334
0000032F
0000032F
0000032F
00000335
0000032F
00000322
00000323
00000323
00000324
00000323
00000322
00000325
00000326
00000327
00000328
00000329
00000329
0000032A
00000322
00000322
00000322
0000032B
00000322
0000032C
0000032D
00000322
00000322
0000032E
00000322
0000032F
0000032F
0000032F
00000330
00000331
0000032F
00000332
0000032F
0000032F
00000333
0000032F
0000032F
0000032F
0000032F
0000032F
0000032F
0000032F
0000032F
0000032F
00000334
0000032F
0000032F
0000032F
00000335
0000032F
00000322
00000323
00000323
00000324
00000323
00000322
00000325
00000326
00000327
00000328
00000329
00000329
0000032A
00000322
00000322
00000322
0000032B
00000322
0000032C
0000032D
00000322
00000322
0000032E
00000322
0000032F
0000032F
0000032F
00000330
00000331
0000032F
00000332
0000032F
0000032F
00000333
0000032F
0000032F
0000032F
0000032F
0000032F
0000032F
0000032F
0000032F
0000032F
00000334
0000032F
0000032F
0000032F
00000335
0000032F
00000322
00000323
00000323
00000324
00000323
00000322
00000325
00000326
00000327
00000328
00000329
00000329
0000032A
00000322
00000322
00000322
0000032B
00000322
0000032C
0000032D
00000322
00000322
0000032E
00000322
0000032F
0000032F
0000032F
00000330
00000331
0000032F
00000332
0000032F
0000032F
00000333
0000032F
0000032F
0000032F
0000032F
0000032F
0000032F
0000032F
0000032F
0000032F
00000334
0000032F
0000032F
0000032F
00000335
0000032F
00000322
00000323
00000323
00000324
00000323
00000322
00000325
00000326
00000327
00000328
00000329
00000329
0000032A
00000322
00000322
00000322
0000032B
00000322
0000032C
0000032D
00000322
00000322
0000032E
00000322
0000032F
0000032F
0000032F
00000330
00000331
0000032F
00000332
0000032F
0000032F
00000333
0000032F
0000032F
0000032F
0000032F
0000032F
0000032F
0000032F
0000032F
0000032F
00000334
0000032F
0000032F
0000032F
00000335
0000032F
00000322
00000323
00000323
00000324
00000323
00000322
00000325
00000326
00000327
00000328
00000329
00000329
0000032A
00000322
00000322
00000322
0000032B
00000322
0000032C
0000032D
00000322
00000322
0000032E
00000322
0000032F
0000032F
0000032F
00000330
00000331
0000032F
00000332
0000032F
0000032F
00000333
0000032F
0000032F
0000032F
0000032F
0000032F
0000032F
0000032F
0000032F
0000032F
00000334
0000032F
0000032F
0000032F
00000335
0000032F
00000322
00000323
00000323
00000324
00000323
00000322
00000325
00000326
00000327
00000328
00000329
00000329
0000032A
00000322
00000322
00000322
0000032B
00000322
0000032C
0000032D
00000322
00000322
0000032E
00000322
0000032F
0000032F
0000032F
00000330
00000331
0000032F
00000332
0000032F
0000032F
00000333
0000032F
0000032F
0000032F
0000032F
0000032F
0000032F
0000032F
0000032F
0000032F
00000334
0000032F
0000032F
0000032F
00000335
0000032F
00000322
00000323
00000323
00000324
00000323
00000322
00000325
00000326
00000327
00000328
00000329
00000329
0000032A
00000322
00000322
00000322
0000032B
00000322
0000032C
0000032D
00000322
00000322
0000032E
00000322
0000032F
0000032F
0000032F
00000330
00000331
0000032F
00000332
0000032F
0000032F
00000333
0000032F
0000032F
0000032F
0000032F
0000032F
0000032F
0000032F
0000032F
0000032F
00000334
0000032F
0000032F
0000032F
00000335
0000032F
00000322
00000323
00000323
00000324
00000323
00000322
00000325
00000326
00000327
00000328
00000329
00000329
0000032A
00000322
00000322
00000322
0000032B
00000322
0000032C
0000032D
00000322
00000322
0000032E
00000322
0000032F
0000032F
0000032F
00000330
00000331
0000032F
00000332
0000032F
0000032F
00000333
0000032F
0000032F
0000032F
0000032F
0000032F
0000032F
0000032F
0000032F
0000032F
00000334
0000032F
0000032F
0000032F
00000335
0000032F
00000322
00000323
00000323
00000324
00000323
00000322
00000325
00000326
00000327
00000328
00000329
00000329
0000032A
00000322
00000322
00000322
0000032B
00000322
0000032C
0000032D
00000322
00000322
0000032E
00000322
0000032F
0000032F
0000032F
00000330
00000331
0000032F
00000332
0000032F
0000032F
00000333
0000032F
0000032F
0000032F
0000032F
0000032F
0000032F
0000032F
0000032F
0000032F
00000334
0000032F
0000032F
0000032F
00000335
0000032F
00000322
00000323
00000323
00000324
00000323
00000322
00000325
00000326
00000327
00000328
00000329
00000329
0000032A
00000322
00000322
00000322
0000032B
00000322
0000032C
0000032D
00000322
00000322
0000032E
00000322
0000032F
0000032F
0000032F
00000330
00000331
0000032F
00000332
0000032F
0000032F
00000333
0000032F
0000032F
0000032F
0000032F
0000032F
0000032F
0000032F
0000032F
0000032F
00000334
0000032F
0000032F
0000032F
00000335
0000032F
00000322
00000323
00000323
00000324
00000323
00000322
00000325
00000326
00000327
00000328
00000329
00000329
0000032A
00000322
00000322
00000322
0000032B
00000322
0000032C
0000032D
00000322
00000322
0000032E
00000322
0000032F
0000032F
0000032F
00000330
00000331
0000032F
00000332
0000032F
0000032F
00000333
0000032F
0000032F
0000032F
0000032F
0000032F
0000032F
0000032F
0000032F
0000032F
00000334
0000032F
0000032F
0000032F
00000335
0000032F
00000322
00000323
00000323
00000324
00000323
00000322
00000325
00000326
00000327
00000328
00000329
00000329
0000032A
00000322
00000322
00000322
0000032B
00000322
0000032C
0000032D
00000322
00000322
0000032E
00000322
0000032F
0000032F
0000032F
00000330
00000331
0000032F
00000332
0000032F
0000032F
00000333
0000032F
0000032F
0000032F
0000032F
0000032F
0000032F
0000032F
0000032F
0000032F
00000334
0000032F
0000032F
0000032F
00000335
0000032F
00000336
00000337
00000337
00000338
00000339
00000336
0000033A
0000033B
0000033C
0000033D
0000033E
0000033E
0000033F
00000336
00000336
00000336
00000340
00000341
00000342
00000336
00000336
00000343
00000344
00000336
00000345
00000345
00000346
00000347
00000348
00000345
00000349
00000345
00000345
0000034A
00000345
00000345
00000345
00000345
00000345
00000345
00000345
00000345
00000345
0000034B
00000345
00000345
00000345
0000034C
00000345
00000336
00000337
00000337
00000338
00000339
00000336
0000033A
0000033B
0000033C
0000033D
0000033E
0000033E
0000033F
00000336
00000336
00000336
00000340
00000341
00000342
00000336
00000336
00000343
00000344
00000336
00000345
00000345
00000346
00000347
00000348
00000345
00000349
00000345
00000345
0000034A
00000345
00000345
00000345
00000345
00000345
00000345
00000345
00000345
00000345
0000034B
00000345
00000345
00000345
0000034C
00000345
00000336
00000337
00000337
00000338
00000339
00000336
0000033A
0000033B
0000033C
0000033D
0000033E
0000033E
0000033F
00000336
00000336
00000336
00000340
00000341
00000342
00000336
00000336
00000343
00000344
00000336
00000345
00000345
00000346
00000347
00000348
00000345
00000349
00000345
00000345
0000034A
00000345
00000345
00000345
00000345
00000345
00000345
00000345
00000345
00000345
0000034B
00000345
00000345
00000345
0000034C
00000345
00000336
00000337
00000337
00000338
00000339
00000336
0000033A
0000033B
0000033C
0000033D
0000033E
0000033E
0000033F
00000336
00000336
00000336
00000340
00000341
00000342
00000336
00000336
00000343
00000344
00000336
00000345
00000345
00000346
00000347
00000348
00000345
00000349
00000345
00000345
0000034A
00000345
00000345
00000345
00000345
00000345
00000345
00000345
00000345
00000345
0000034B
00000345
00000345
00000345
0000034C
00000345
00000336
00000337
00000337
00000338
00000339
00000336
0000033A
0000033B
0000033C
0000033D
0000033E
0000033E
0000033F
00000336
00000336
00000336
00000340
00000341
00000342
00000336
00000336
00000343
00000344
00000336
00000345
00000345
00000346
00000347
00000348
00000345
00000349
00000345
00000345
0000034A
00000345
00000345
00000345
00000345
00000345
00000345
00000345
00000345
00000345
0000034B
00000345
00000345
00000345
0000034C
00000345
00000336
00000337
00000337
00000338
00000339
00000336
0000033A
0000033B
0000033C
0000033D
0000033E
0000033E
0000033F
00000336
00000336
00000336
00000340
00000341
00000342
00000336
00000336
00000343
00000344
00000336
00000345
00000345
00000346
00000347
00000348
00000345
00000349
00000345
00000345
0000034A
00000345
00000345
00000345
00000345
00000345
00000345
00000345
00000345
00000345
0000034B
00000345
00000345
00000345
0000034C
00000345
00000336
00000337
00000337
00000338
00000339
00000336
0000033A
0000033B
0000033C
0000033D
0000033E
0000033E
0000033F
00000336
00000336
00000336
00000340
00000341
00000342
00000336
00000336
00000343
00000344
00000336
00000345
00000345
00000346
00000347
00000348
00000345
00000349
00000345
00000345
0000034A
00000345
00000345
00000345
00000345
00000345
00000345
00000345
00000345
00000345
0000034B
00000345
00000345
00000345
0000034C
00000345
00000336
00000337
00000337
00000338
00000339
00000336
0000033A
0000033B
0000033C
0000033D
0000033E
0000033E
0000033F
00000336
00000336
00000336
00000340
00000341
00000342
00000336
00000336
00000343
00000344
00000336
00000345
00000345
00000346
00000347
00000348
00000345
00000349
00000345
00000345
0000034A
00000345
00000345
00000345
00000345
00000345
00000345
00000345
00000345
00000345
0000034B
00000345
00000345
00000345
0000034C
00000345
00000336
00000337
00000337
00000338
00000339
00000336
0000033A
0000033B
0000033C
0000033D
0000033E
0000033E
0000033F
00000336
00000336
00000336
00000340
00000341
00000342
00000336
00000336
00000343
00000344
00000336
00000345
00000345
00000346
00000347
00000348
00000345
00000349
00000345
00000345
0000034A
00000345
00000345
00000345
00000345
00000345
00000345
00000345
00000345
00000345
0000034B
00000345
00000345
00000345
0000034C
00000345
00000336
00000337
00000337
00000338
00000339
00000336
0000033A
0000033B
0000033C
0000033D
0000033E
0000033E
0000033F
00000336
00000336
00000336
00000340
00000341
00000342
00000336
00000336
00000343
00000344
00000336
00000345
00000345
00000346
00000347
00000348
00000345
00000349
00000345
00000345
0000034A
00000345
00000345
00000345
00000345
00000345
00000345
00000345
00000345
00000345
0000034B
00000345
00000345
00000345
0000034C
00000345
00000336
00000337
00000337
00000338
00000339
00000336
0000033A
0000033B
0000033C
0000033D
0000033E
0000033E
0000033F
00000336
00000336
00000336
00000340
00000341
00000342
00000336
00000336
00000343
00000344
00000336
00000345
00000345
00000346
00000347
00000348
00000345
00000349
00000345
00000345
0000034A
00000345
00000345
00000345
00000345
00000345
00000345
00000345
00000345
00000345
0000034B
00000345
00000345
00000345
0000034C
00000345
00000336
00000337
00000337
00000338
00000339
00000336
0000033A
0000033B
0000033C
0000033D
0000033E
0000033E
0000033F
00000336
00000336
00000336
00000340
00000341
00000342
00000336
00000336
00000343
00000344
00000336
00000345
00000345
00000346
00000347
00000348
00000345
00000349
00000345
00000345
0000034A
00000345
00000345
00000345
00000345
00000345
00000345
00000345
00000345
00000345
0000034B
00000345
00000345
00000345
0000034C
00000345
00000336
00000337
00000337
00000338
00000339
00000336
0000033A
0000033B
0000033C
0000033D
0000033E
0000033E
0000033F
00000336
00000336
00000336
00000340
00000341
00000342
00000336
00000336
00000343
00000344
00000336
00000345
00000345
00000346
00000347
00000348
00000345
00000349
00000345
00000345
0000034A
00000345
00000345
00000345
00000345
00000345
00000345
00000345
00000345
00000345
0000034B
00000345
00000345
00000345
0000034C
00000345
00000336
00000337
00000337
00000338
00000339
00000336
0000033A
0000033B
0000033C
0000033D
0000033E
0000033E
0000033F
00000336
00000336
00000336
00000340
00000341
00000342
00000336
00000336
00000343
00000344
00000336
00000345
00000345
00000346
00000347
00000348
00000345
00000349
00000345
00000345
0000034A
00000345
00000345
00000345
00000345
00000345
00000345
00000345
00000345
00000345
0000034B
00000345
00000345
00000345
0000034C
00000345
00000336
00000337
00000337
00000338
00000339
00000336
0000033A
0000033B
0000033C
0000033D
0000033E
0000033E
0000033F
00000336
00000336
00000336
00000340
00000341
00000342
00000336
00000336
00000343
00000344
00000336
00000345
00000345
00000346
00000347
00000348
00000345
00000349
00000345
00000345
0000034A
00000345
00000345
00000345
00000345
00000345
00000345
00000345
00000345
00000345
0000034B
00000345
00000345
00000345
0000034C
00000345
00000336
00000337
00000337
00000338
00000339
00000336
0000033A
0000033B
0000033C
0000033D
0000033E
0000033E
0000033F
00000336
00000336
00000336
00000340
00000341
00000342
00000336
00000336
00000343
00000344
00000336
00000345
00000345
00000346
00000347
00000348
00000345
00000349
00000345
00000345
0000034A
00000345
00000345
00000345
00000345
00000345
00000345
00000345
00000345
00000345
0000034B
00000345
00000345
00000345
0000034C
00000345
00000336
00000337
00000337
00000338
00000339
00000336
0000033A
0000033B
0000033C
0000033D
0000033E
0000033E
0000033F
00000336
00000336
00000336
00000340
00000341
00000342
00000336
00000336
00000343
00000344
00000336
00000345
00000345
00000346
00000347
00000348
00000345
00000349
00000345
00000345
0000034A
00000345
00000345
00000345
00000345
00000345
00000345
00000345
00000345
00000345
0000034B
00000345
00000345
00000345
0000034C
00000345
00000336
00000337
00000337
00000338
00000339
00000336
0000033A
0000033B
0000033C
0000033D
0000033E
0000033E
0000033F
00000336
00000336
00000336
00000340
00000341
00000342
00000336
00000336
00000343
00000344
00000336
00000345
00000345
00000346
00000347
00000348
00000345
00000349
00000345
00000345
0000034A
00000345
00000345
00000345
00000345
00000345
00000345
00000345
00000345
00000345
0000034B
00000345
00000345
00000345
0000034C
00000345
00000336
00000337
00000337
00000338
00000339
00000336
0000033A
0000033B
0000033C
0000033D
0000033E
0000033E
0000033F
00000336
00000336
00000336
00000340
00000341
00000342
00000336
00000336
00000343
00000344
00000336
00000345
00000345
00000346
00000347
00000348
00000345
00000349
00000345
00000345
0000034A
00000345
00000345
00000345
00000345
00000345
00000345
00000345
00000345
00000345
0000034B
00000345
00000345
00000345
0000034C
00000345
00000336
00000337
00000337
00000338
00000339
00000336
0000033A
0000033B
0000033C
0000033D
0000033E
0000033E
0000033F
00000336
00000336
00000336
00000340
00000341
00000342
00000336
00000336
00000343
00000344
00000336
00000345
00000345
00000346
00000347
00000348
00000345
00000349
00000345
00000345
0000034A
00000345
00000345
00000345
00000345
00000345
00000345
00000345
00000345
00000345
0000034B
00000345
00000345
00000345
0000034C
00000345
00000336
00000337
00000337
00000338
00000339
00000336
0000033A
0000033B
0000033C
0000033D
0000033E
0000033E
0000033F
00000336
00000336
00000336
00000340
00000341
00000342
00000336
00000336
00000343
00000344
00000336
00000345
00000345
00000346
00000347
00000348
00000345
00000349
00000345
00000345
0000034A
00000345
00000345
00000345
00000345
00000345
00000345
00000345
00000345
00000345
0000034B
00000345
00000345
00000345
0000034C
00000345
00000336
00000337
00000337
00000338
00000339
00000336
0000033A
0000033B
0000033C
0000033D
0000033E
0000033E
0000033F
00000336
00000336
00000336
00000340
00000341
00000342
00000336
00000336
00000343
00000344
00000336
00000345
00000345
00000346
00000347
00000348
00000345
00000349
00000345
00000345
0000034A
00000345
00000345
00000345
00000345
00000345
00000345
00000345
00000345
00000345
0000034B
00000345
00000345
00000345
0000034C
00000345
00000336
00000337
00000337
00000338
00000339
00000336
0000033A
0000033B
0000033C
0000033D
0000033E
0000033E
0000033F
00000336
00000336
00000336
00000340
00000341
00000342
00000336
00000336
00000343
00000344
00000336
00000345
00000345
00000346
00000347
00000348
00000345
00000349
00000345
00000345
0000034A
00000345
00000345
00000345
00000345
00000345
00000345
00000345
00000345
00000345
0000034B
00000345
00000345
00000345
0000034C
00000345
0000034D
0000034E
0000034E
0000034F
0000034E
00000350
00000351
00000352
00000353
00000354
00000355
00000355
00000356
00000350
00000350
00000350
00000357
00000350
00000358
00000350
00000350
00000350
00000359
00000350
0000035A
0000035A
0000035A
0000035B
0000035C
0000035A
0000035D
0000035E
0000035F
00000360
0000035E
0000035E
0000035E
0000035E
0000035E
0000035E
0000035E
0000035E
0000035E
00000361
0000035E
0000035E
0000035E
00000362
0000035E
0000034D
0000034E
0000034E
0000034F
0000034E
00000350
00000351
00000352
00000353
00000354
00000355
00000355
00000356
00000350
00000350
00000350
00000357
00000350
00000358
00000350
00000350
00000350
00000359
00000350
0000035A
0000035A
0000035A
0000035B
0000035C
0000035A
0000035D
0000035E
0000035F
00000360
0000035E
0000035E
0000035E
0000035E
0000035E
0000035E
0000035E
0000035E
0000035E
00000361
0000035E
0000035E
0000035E
00000362
0000035E
0000034D
0000034E
0000034E
0000034F
0000034E
00000350
00000351
00000352
00000353
00000354
00000355
00000355
00000356
00000350
00000350
00000350
00000357
00000350
00000358
00000350
00000350
00000350
00000359
00000350
0000035A
0000035A
0000035A
0000035B
0000035C
0000035A
0000035D
0000035E
0000035F
00000360
0000035E
0000035E
0000035E
0000035E
0000035E
0000035E
0000035E
0000035E
0000035E
00000361
0000035E
0000035E
0000035E
00000362
0000035E
0000034D
0000034E
0000034E
0000034F
0000034E
00000350
00000351
00000352
00000353
00000354
00000355
00000355
00000356
00000350
00000350
00000350
00000357
00000350
00000358
00000350
00000350
00000350
00000359
00000350
0000035A
0000035A
0000035A
0000035B
0000035C
0000035A
0000035D
0000035E
0000035F
00000360
0000035E
0000035E
0000035E
0000035E
0000035E
0000035E
0000035E
0000035E
0000035E
00000361
0000035E
0000035E
0000035E
00000362
0000035E
0000034D
0000034E
0000034E
0000034F
0000034E
00000350
00000351
00000352
00000353
00000354
00000355
00000355
00000356
00000350
00000350
00000350
00000357
00000350
00000358
00000350
00000350
00000350
00000359
00000350
0000035A
0000035A
0000035A
0000035B
0000035C
0000035A
0000035D
0000035E
0000035F
00000360
0000035E
0000035E
0000035E
0000035E
0000035E
0000035E
0000035E
0000035E
0000035E
00000361
0000035E
0000035E
0000035E
00000362
0000035E
0000034D
0000034E
0000034E
0000034F
0000034E
00000350
00000351
00000352
00000353
00000354
00000355
00000355
00000356
00000350
00000350
00000350
00000357
00000350
00000358
00000350
00000350
00000350
00000359
00000350
0000035A
0000035A
0000035A
0000035B
0000035C
0000035A
0000035D
0000035E
0000035F
00000360
0000035E
0000035E
0000035E
0000035E
0000035E
0000035E
0000035E
0000035E
0000035E
00000361
0000035E
0000035E
0000035E
00000362
0000035E
0000034D
0000034E
0000034E
0000034F
0000034E
00000350
00000351
00000352
00000353
00000354
00000355
00000355
00000356
00000350
00000350
00000350
00000357
00000350
00000358
00000350
00000350
00000350
00000359
00000350
0000035A
0000035A
0000035A
0000035B
0000035C
0000035A
0000035D
0000035E
0000035F
00000360
0000035E
0000035E
0000035E
0000035E
0000035E
0000035E
0000035E
0000035E
0000035E
00000361
0000035E
0000035E
0000035E
00000362
0000035E
0000034D
0000034E
0000034E
0000034F
0000034E
00000350
00000351
00000352
00000353
00000354
00000355
00000355
00000356
00000350
00000350
00000350
00000357
00000350
00000358
00000350
00000350
00000350
00000359
00000350
0000035A
0000035A
0000035A
0000035B
0000035C
0000035A
0000035D
0000035E
0000035F
00000360
0000035E
0000035E
0000035E
0000035E
0000035E
0000035E
0000035E
0000035E
0000035E
00000361
0000035E
0000035E
0000035E
00000362
0000035E
0000034D
0000034E
0000034E
0000034F
0000034E
00000350
00000351
00000352
00000353
00000354
00000355
00000355
00000356
00000350
00000350
00000350
00000357
00000350
00000358
00000350
00000350
00000350
00000359
00000350
0000035A
0000035A
0000035A
0000035B
0000035C
0000035A
0000035D
0000035E
0000035F
00000360
0000035E
0000035E
0000035E
0000035E
0000035E
0000035E
0000035E
0000035E
0000035E
00000361
0000035E
0000035E
0000035E
00000362
0000035E
0000034D
0000034E
0000034E
0000034F
0000034E
00000350
00000351
00000352
00000353
00000354
00000355
00000355
00000356
00000350
00000350
00000350
00000357
00000350
00000358
00000350
00000350
00000350
00000359
00000350
0000035A
0000035A
0000035A
0000035B
0000035C
0000035A
0000035D
0000035E
0000035F
00000360
0000035E
0000035E
0000035E
0000035E
0000035E
0000035E
0000035E
0000035E
0000035E
00000361
0000035E
0000035E
0000035E
00000362
0000035E
0000034D
0000034E
0000034E
0000034F
0000034E
00000350
00000351
00000352
00000353
00000354
00000355
00000355
00000356
00000350
00000350
00000350
00000357
00000350
00000358
00000350
00000350
00000350
00000359
00000350
0000035A
0000035A
0000035A
0000035B
0000035C
0000035A
0000035D
0000035E
0000035F
00000360
0000035E
0000035E
0000035E
0000035E
0000035E
0000035E
0000035E
0000035E
0000035E
00000361
0000035E
0000035E
0000035E
00000362
0000035E
0000034D
0000034E
0000034E
0000034F
0000034E
00000350
00000351
00000352
00000353
00000354
00000355
00000355
00000356
00000350
00000350
00000350
00000357
00000350
00000358
00000350
00000350
00000350
00000359
00000350
0000035A
0000035A
0000035A
0000035B
0000035C
0000035A
0000035D
0000035E
0000035F
00000360
0000035E
0000035E
0000035E
0000035E
0000035E
0000035E
0000035E
0000035E
0000035E
00000361
0000035E
0000035E
0000035E
00000362
0000035E
0000034D
0000034E
0000034E
0000034F
0000034E
00000350
00000351
00000352
00000353
00000354
00000355
00000355
00000356
00000350
00000350
00000350
00000357
00000350
00000358
00000350
00000350
00000350
00000359
00000350
0000035A
0000035A
0000035A
0000035B
0000035C
0000035A
0000035D
0000035E
0000035F
00000360
0000035E
0000035E
0000035E
0000035E
0000035E
0000035E
0000035E
0000035E
0000035E
00000361
0000035E
0000035E
0000035E
00000362
0000035E
0000034D
0000034E
0000034E
0000034F
0000034E
00000350
00000351
00000352
00000353
00000354
00000355
00000355
00000356
00000350
00000350
00000350
00000357
00000350
00000358
00000350
00000350
00000350
00000359
00000350
0000035A
0000035A
0000035A
0000035B
0000035C
0000035A
0000035D
0000035E
0000035F
00000360
0000035E
0000035E
0000035E
0000035E
0000035E
0000035E
0000035E
0000035E
0000035E
00000361
0000035E
0000035E
0000035E
00000362
0000035E
0000034D
0000034E
0000034E
0000034F
0000034E
00000350
00000351
00000352
00000353
00000354
00000355
00000355
00000356
00000350
00000350
00000350
00000357
00000350
00000358
00000350
00000350
00000350
00000359
00000350
0000035A
0000035A
0000035A
0000035B
0000035C
0000035A
0000035D
0000035E
0000035F
00000360
0000035E
0000035E
0000035E
0000035E
0000035E
0000035E
0000035E
0000035E
0000035E
00000361
0000035E
0000035E
0000035E
00000362
0000035E
0000034D
0000034E
0000034E
0000034F
0000034E
00000350
00000351
00000352
00000353
00000354
00000355
00000355
00000356
00000350
00000350
00000350
00000357
00000350
00000358
00000350
00000350
00000350
00000359
00000350
0000035A
0000035A
0000035A
0000035B
0000035C
0000035A
0000035D
0000035E
0000035F
00000360
0000035E
0000035E
0000035E
0000035E
0000035E
0000035E
0000035E
0000035E
0000035E
00000361
0000035E
0000035E
0000035E
00000362
0000035E
0000034D
0000034E
0000034E
0000034F
0000034E
00000350
00000351
00000352
00000353
00000354
00000355
00000355
00000356
00000350
00000350
00000350
00000357
00000350
00000358
00000350
00000350
00000350
00000359
00000350
0000035A
0000035A
0000035A
0000035B
0000035C
0000035A
0000035D
0000035E
0000035F
00000360
0000035E
0000035E
0000035E
0000035E
0000035E
0000035E
0000035E
0000035E
0000035E
00000361
0000035E
0000035E
0000035E
00000362
0000035E
0000034D
0000034E
0000034E
0000034F
0000034E
00000350
00000351
00000352
00000353
00000354
00000355
00000355
00000356
00000350
00000350
00000350
00000357
00000350
00000358
00000350
00000350
00000350
00000359
00000350
0000035A
0000035A
0000035A
0000035B
0000035C
0000035A
0000035D
0000035E
0000035F
00000360
0000035E
0000035E
0000035E
0000035E
0000035E
0000035E
0000035E
0000035E
0000035E
00000361
0000035E
0000035E
0000035E
00000362
0000035E
0000034D
0000034E
0000034E
0000034F
0000034E
00000350
00000351
00000352
00000353
00000354
00000355
00000355
00000356
00000350
00000350
00000350
00000357
00000350
00000358
00000350
00000350
00000350
00000359
00000350
0000035A
0000035A
0000035A
0000035B
0000035C
0000035A
0000035D
0000035E
0000035F
00000360
0000035E
0000035E
0000035E
0000035E
0000035E
0000035E
0000035E
0000035E
0000035E
00000361
0000035E
0000035E
0000035E
00000362
0000035E
0000034D
0000034E
0000034E
0000034F
0000034E
00000350
00000351
00000352
00000353
00000354
00000355
00000355
00000356
00000350
00000350
00000350
00000357
00000350
00000358
00000350
00000350
00000350
00000359
00000350
0000035A
0000035A
0000035A
0000035B
0000035C
0000035A
0000035D
0000035E
0000035F
00000360
0000035E
0000035E
0000035E
0000035E
0000035E
0000035E
0000035E
0000035E
0000035E
00000361
0000035E
0000035E
0000035E
00000362
0000035E
0000034D
0000034E
0000034E
0000034F
0000034E
00000350
00000351
00000352
00000353
00000354
00000355
00000355
00000356
00000350
00000350
00000350
00000357
00000350
00000358
00000350
00000350
00000350
00000359
00000350
0000035A
0000035A
0000035A
0000035B
0000035C
0000035A
0000035D
0000035E
0000035F
00000360
0000035E
0000035E
0000035E
0000035E
0000035E
0000035E
0000035E
0000035E
0000035E
00000361
0000035E
0000035E
0000035E
00000362
0000035E
0000034D
0000034E
0000034E
0000034F
0000034E
00000350
00000351
00000352
00000353
00000354
00000355
00000355
00000356
00000350
00000350
00000350
00000357
00000350
00000358
00000350
00000350
00000350
00000359
00000350
0000035A
0000035A
0000035A
0000035B
0000035C
0000035A
0000035D
0000035E
0000035F
00000360
0000035E
0000035E
0000035E
0000035E
0000035E
0000035E
0000035E
0000035E
0000035E
00000361
0000035E
0000035E
0000035E
00000362
0000035E
0000034D
0000034E
0000034E
0000034F
0000034E
00000350
00000351
00000352
00000353
00000354
00000355
00000355
00000356
00000350
00000350
00000350
00000357
00000350
00000358
00000350
00000350
00000350
00000359
00000350
0000035A
0000035A
0000035A
0000035B
0000035C
0000035A
0000035D
0000035E
0000035F
00000360
0000035E
0000035E
0000035E
0000035E
0000035E
0000035E
0000035E
0000035E
0000035E
00000361
0000035E
0000035E
0000035E
00000362
0000035E
00000363
00000364
00000364
00000365
00000366
00000363
00000367
00000368
00000369
0000036A
0000036B
0000036B
0000036C
00000363
00000363
00000363
0000036D
00000363
0000036E
0000036F
00000363
00000363
00000370
00000363
00000371
00000371
00000371
00000372
00000373
00000371
00000374
00000371
00000371
00000375
00000371
00000371
00000371
00000371
00000371
00000371
00000371
00000371
00000371
00000376
00000371
00000371
00000371
00000377
00000371
00000363
00000364
00000364
00000365
00000366
00000363
00000367
00000368
00000369
0000036A
0000036B
0000036B
0000036C
00000363
00000363
00000363
0000036D
00000363
0000036E
0000036F
00000363
00000363
00000370
00000363
00000371
00000371
00000371
00000372
00000373
00000371
00000374
00000371
00000371
00000375
00000371
00000371
00000371
00000371
00000371
00000371
00000371
00000371
00000371
00000376
00000371
00000371
00000371
00000377
00000371
00000363
00000364
00000364
00000365
00000366
00000363
00000367
00000368
00000369
0000036A
0000036B
0000036B
0000036C
00000363
00000363
00000363
0000036D
00000363
0000036E
0000036F
00000363
00000363
00000370
00000363
00000371
00000371
00000371
00000372
00000373
00000371
00000374
00000371
00000371
00000375
00000371
00000371
00000371
00000371
00000371
00000371
00000371
00000371
00000371
00000376
00000371
00000371
00000371
00000377
00000371
00000363
00000364
00000364
00000365
00000366
00000363
00000367
00000368
00000369
0000036A
0000036B
0000036B
0000036C
00000363
00000363
00000363
0000036D
00000363
0000036E
0000036F
00000363
00000363
00000370
00000363
00000371
00000371
00000371
00000372
00000373
00000371
00000374
00000371
00000371
00000375
00000371
00000371
00000371
00000371
00000371
00000371
00000371
00000371
00000371
00000376
00000371
00000371
00000371
00000377
00000371
00000363
00000364
00000364
00000365
00000366
00000363
00000367
00000368
00000369
0000036A
0000036B
0000036B
0000036C
00000363
00000363
00000363
0000036D
00000363
0000036E
0000036F
00000363
00000363
00000370
00000363
00000371
00000371
00000371
00000372
00000373
00000371
00000374
00000371
00000371
00000375
00000371
00000371
00000371
00000371
00000371
00000371
00000371
00000371
00000371
00000376
00000371
00000371
00000371
00000377
00000371
00000363
00000364
00000364
00000365
00000366
00000363
00000367
00000368
00000369
0000036A
0000036B
0000036B
0000036C
00000363
00000363
00000363
0000036D
00000363
0000036E
0000036F
00000363
00000363
00000370
00000363
00000371
00000371
00000371
00000372
00000373
00000371
00000374
00000371
00000371
00000375
00000371
00000371
00000371
00000371
00000371
00000371
00000371
00000371
00000371
00000376
00000371
00000371
00000371
00000377
00000371
00000363
00000364
00000364
00000365
00000366
00000363
00000367
00000368
00000369
0000036A
0000036B
0000036B
0000036C
00000363
00000363
00000363
0000036D
00000363
0000036E
0000036F
00000363
00000363
00000370
00000363
00000371
00000371
00000371
00000372
00000373
00000371
00000374
00000371
00000371
00000375
00000371
00000371
00000371
00000371
00000371
00000371
00000371
00000371
00000371
00000376
00000371
00000371
00000371
00000377
00000371
00000363
00000364
00000364
00000365
00000366
00000363
00000367
00000368
00000369
0000036A
0000036B
0000036B
0000036C
00000363
00000363
00000363
0000036D
00000363
0000036E
0000036F
00000363
00000363
00000370
00000363
00000371
00000371
00000371
00000372
00000373
00000371
00000374
00000371
00000371
00000375
00000371
00000371
00000371
00000371
00000371
00000371
00000371
00000371
00000371
00000376
00000371
00000371
00000371
00000377
00000371
00000363
00000364
00000364
00000365
00000366
00000363
00000367
00000368
00000369
0000036A
0000036B
0000036B
0000036C
00000363
00000363
00000363
0000036D
00000363
0000036E
0000036F
00000363
00000363
00000370
00000363
00000371
00000371
00000371
00000372
00000373
00000371
00000374
00000371
00000371
00000375
00000371
00000371
00000371
00000371
00000371
00000371
00000371
00000371
00000371
00000376
00000371
00000371
00000371
00000377
00000371
00000363
00000364
00000364
00000365
00000366
00000363
00000367
00000368
00000369
0000036A
0000036B
0000036B
0000036C
00000363
00000363
00000363
0000036D
00000363
0000036E
0000036F
00000363
00000363
00000370
00000363
00000371
00000371
00000371
00000372
00000373
00000371
00000374
00000371
00000371
00000375
00000371
00000371
00000371
00000371
00000371
00000371
00000371
00000371
00000371
00000376
00000371
00000371
00000371
00000377
00000371
00000363
00000364
00000364
00000365
00000366
00000363
00000367
00000368
00000369
0000036A
0000036B
0000036B
0000036C
00000363
00000363
00000363
0000036D
00000363
0000036E
0000036F
00000363
00000363
00000370
00000363
00000371
00000371
00000371
00000372
00000373
00000371
00000374
00000371
00000371
00000375
00000371
00000371
00000371
00000371
00000371
00000371
00000371
00000371
00000371
00000376
00000371
00000371
00000371
00000377
00000371
00000363
00000364
00000364
00000365
00000366
00000363
00000367
00000368
00000369
0000036A
0000036B
0000036B
0000036C
00000363
00000363
00000363
0000036D
00000363
0000036E
0000036F
00000363
00000363
00000370
00000363
00000371
00000371
00000371
00000372
00000373
00000371
00000374
00000371
00000371
00000375
00000371
00000371
00000371
00000371
00000371
00000371
00000371
00000371
00000371
00000376
00000371
00000371
00000371
00000377
00000371
00000363
00000364
00000364
00000365
00000366
00000363
00000367
00000368
00000369
0000036A
0000036B
0000036B
0000036C
00000363
00000363
00000363
0000036D
00000363
0000036E
0000036F
00000363
00000363
00000370
00000363
00000371
00000371
00000371
00000372
00000373
00000371
00000374
00000371
00000371
00000375
00000371
00000371
00000371
00000371
00000371
00000371
00000371
00000371
00000371
00000376
00000371
00000371
00000371
00000377
00000371
00000363
00000364
00000364
00000365
00000366
00000363
00000367
00000368
00000369
0000036A
0000036B
0000036B
0000036C
00000363
00000363
00000363
0000036D
00000363
0000036E
0000036F
00000363
00000363
00000370
00000363
00000371
00000371
00000371
00000372
00000373
00000371
00000374
00000371
00000371
00000375
00000371
00000371
00000371
00000371
00000371
00000371
00000371
00000371
00000371
00000376
00000371
00000371
00000371
00000377
00000371
00000363
00000364
00000364
00000365
00000366
00000363
00000367
00000368
00000369
0000036A
0000036B
0000036B
0000036C
00000363
00000363
00000363
0000036D
00000363
0000036E
0000036F
00000363
00000363
00000370
00000363
00000371
00000371
00000371
00000372
00000373
00000371
00000374
00000371
00000371
00000375
00000371
00000371
00000371
00000371
00000371
00000371
00000371
00000371
00000371
00000376
00000371
00000371
00000371
00000377
00000371
00000363
00000364
00000364
00000365
00000366
00000363
00000367
00000368
00000369
0000036A
0000036B
0000036B
0000036C
00000363
00000363
00000363
0000036D
00000363
0000036E
0000036F
00000363
00000363
00000370
00000363
00000371
00000371
00000371
00000372
00000373
00000371
00000374
00000371
00000371
00000375
00000371
00000371
00000371
00000371
00000371
00000371
00000371
00000371
00000371
00000376
00000371
00000371
00000371
00000377
00000371
00000363
00000364
00000364
00000365
00000366
00000363
00000367
00000368
00000369
0000036A
0000036B
0000036B
0000036C
00000363
00000363
00000363
0000036D
00000363
0000036E
0000036F
00000363
00000363
00000370
00000363
00000371
00000371
00000371
00000372
00000373
00000371
00000374
00000371
00000371
00000375
00000371
00000371
00000371
00000371
00000371
00000371
00000371
00000371
00000371
00000376
00000371
00000371
00000371
00000377
00000371
00000363
00000364
00000364
00000365
00000366
00000363
00000367
00000368
00000369
0000036A
0000036B
0000036B
0000036C
00000363
00000363
00000363
0000036D
00000363
0000036E
0000036F
00000363
00000363
00000370
00000363
00000371
00000371
00000371
00000372
00000373
00000371
00000374
00000371
00000371
00000375
00000371
00000371
00000371
00000371
00000371
00000371
00000371
00000371
00000371
00000376
00000371
00000371
00000371
00000377
00000371
00000363
00000364
00000364
00000365
00000366
00000363
00000367
00000368
00000369
0000036A
0000036B
0000036B
0000036C
00000363
00000363
00000363
0000036D
00000363
0000036E
0000036F
00000363
00000363
00000370
00000363
00000371
00000371
00000371
00000372
00000373
00000371
00000374
00000371
00000371
00000375
00000371
00000371
00000371
00000371
00000371
00000371
00000371
00000371
00000371
00000376
00000371
00000371
00000371
00000377
00000371
00000363
00000364
00000364
00000365
00000366
00000363
00000367
00000368
00000369
0000036A
0000036B
0000036B
0000036C
00000363
00000363
00000363
0000036D
00000363
0000036E
0000036F
00000363
00000363
00000370
00000363
00000371
00000371
00000371
00000372
00000373
00000371
00000374
00000371
00000371
00000375
00000371
00000371
00000371
00000371
00000371
00000371
00000371
00000371
00000371
00000376
00000371
00000371
00000371
00000377
00000371
00000363
00000364
00000364
00000365
00000366
00000363
00000367
00000368
00000369
0000036A
0000036B
0000036B
0000036C
00000363
00000363
00000363
0000036D
00000363
0000036E
0000036F
00000363
00000363
00000370
00000363
00000371
00000371
00000371
00000372
00000373
00000371
00000374
00000371
00000371
00000375
00000371
00000371
00000371
00000371
00000371
00000371
00000371
00000371
00000371
00000376
00000371
00000371
00000371
00000377
00000371
00000363
00000364
00000364
00000365
00000366
00000363
00000367
00000368
00000369
0000036A
0000036B
0000036B
0000036C
00000363
00000363
00000363
0000036D
00000363
0000036E
0000036F
00000363
00000363
00000370
00000363
00000371
00000371
00000371
00000372
00000373
00000371
00000374
00000371
00000371
00000375
00000371
00000371
00000371
00000371
00000371
00000371
00000371
00000371
00000371
00000376
00000371
00000371
00000371
00000377
00000371
00000363
00000364
00000364
00000365
00000366
00000363
00000367
00000368
00000369
0000036A
0000036B
0000036B
0000036C
00000363
00000363
00000363
0000036D
00000363
0000036E
0000036F
00000363
00000363
00000370
00000363
00000371
00000371
00000371
00000372
00000373
00000371
00000374
00000371
00000371
00000375
00000371
00000371
00000371
00000371
00000371
00000371
00000371
00000371
00000371
00000376
00000371
00000371
00000371
00000377
00000371
00000378
00000379
0000037A
0000037B
0000037C
00000378
0000037D
0000037E
0000037F
00000380
00000381
00000381
00000382
00000378
00000378
00000378
00000383
00000384
00000385
00000378
00000378
00000378
00000386
00000378
00000387
00000387
00000387
00000388
00000389
00000387
0000038A
00000387
00000387
0000038B
0000038C
00000387
00000387
00000387
00000387
00000387
00000387
00000387
00000387
0000038D
00000387
00000387
00000387
0000038E
00000387
00000378
00000379
0000037A
0000037B
0000037C
00000378
0000037D
0000037E
0000037F
00000380
00000381
00000381
00000382
00000378
00000378
00000378
00000383
00000384
00000385
00000378
00000378
00000378
00000386
00000378
00000387
00000387
00000387
00000388
00000389
00000387
0000038A
00000387
00000387
0000038B
0000038C
00000387
00000387
00000387
00000387
00000387
00000387
00000387
00000387
0000038D
00000387
00000387
00000387
0000038E
00000387
00000378
00000379
0000037A
0000037B
0000037C
00000378
0000037D
0000037E
0000037F
00000380
00000381
00000381
00000382
00000378
00000378
00000378
00000383
00000384
00000385
00000378
00000378
00000378
00000386
00000378
00000387
00000387
00000387
00000388
00000389
00000387
0000038A
00000387
00000387
0000038B
0000038C
00000387
00000387
00000387
00000387
00000387
00000387
00000387
00000387
0000038D
00000387
00000387
00000387
0000038E
00000387
00000378
00000379
0000037A
0000037B
0000037C
00000378
0000037D
0000037E
0000037F
00000380
00000381
00000381
00000382
00000378
00000378
00000378
00000383
00000384
00000385
00000378
00000378
00000378
00000386
00000378
00000387
00000387
00000387
00000388
00000389
00000387
0000038A
00000387
00000387
0000038B
0000038C
00000387
00000387
00000387
00000387
00000387
00000387
00000387
00000387
0000038D
00000387
00000387
00000387
0000038E
00000387
00000378
00000379
0000037A
0000037B
0000037C
00000378
0000037D
0000037E
0000037F
00000380
00000381
00000381
00000382
00000378
00000378
00000378
00000383
00000384
00000385
00000378
00000378
00000378
00000386
00000378
00000387
00000387
00000387
00000388
00000389
00000387
0000038A
00000387
00000387
0000038B
0000038C
00000387
00000387
00000387
00000387
00000387
00000387
00000387
00000387
0000038D
00000387
00000387
00000387
0000038E
00000387
00000378
00000379
0000037A
0000037B
0000037C
00000378
0000037D
0000037E
0000037F
00000380
00000381
00000381
00000382
00000378
00000378
00000378
00000383
00000384
00000385
00000378
00000378
00000378
00000386
00000378
00000387
00000387
00000387
00000388
00000389
00000387
0000038A
00000387
00000387
0000038B
0000038C
00000387
00000387
00000387
00000387
00000387
00000387
00000387
00000387
0000038D
00000387
00000387
00000387
0000038E
00000387
00000378
00000379
0000037A
0000037B
0000037C
00000378
0000037D
0000037E
0000037F
00000380
00000381
00000381
00000382
00000378
00000378
00000378
00000383
00000384
00000385
00000378
00000378
00000378
00000386
00000378
00000387
00000387
00000387
00000388
00000389
00000387
0000038A
00000387
00000387
0000038B
0000038C
00000387
00000387
00000387
00000387
00000387
00000387
00000387
00000387
0000038D
00000387
00000387
00000387
0000038E
00000387
00000378
00000379
0000037A
0000037B
0000037C
00000378
0000037D
0000037E
0000037F
00000380
00000381
00000381
00000382
00000378
00000378
00000378
00000383
00000384
00000385
00000378
00000378
00000378
00000386
00000378
00000387
00000387
00000387
00000388
00000389
00000387
0000038A
00000387
00000387
0000038B
0000038C
00000387
00000387
00000387
00000387
00000387
00000387
00000387
00000387
0000038D
00000387
00000387
00000387
0000038E
00000387
00000378
00000379
0000037A
0000037B
0000037C
00000378
0000037D
0000037E
0000037F
00000380
00000381
00000381
00000382
00000378
00000378
00000378
00000383
00000384
00000385
00000378
00000378
00000378
00000386
00000378
00000387
00000387
00000387
00000388
00000389
00000387
0000038A
00000387
00000387
0000038B
0000038C
00000387
00000387
00000387
00000387
00000387
00000387
00000387
00000387
0000038D
00000387
00000387
00000387
0000038E
00000387
00000378
00000379
0000037A
0000037B
0000037C
00000378
0000037D
0000037E
0000037F
00000380
00000381
00000381
00000382
00000378
00000378
00000378
00000383
00000384
00000385
00000378
00000378
00000378
00000386
00000378
00000387
00000387
00000387
00000388
00000389
00000387
0000038A
00000387
00000387
0000038B
0000038C
00000387
00000387
00000387
00000387
00000387
00000387
00000387
00000387
0000038D
00000387
00000387
00000387
0000038E
00000387
00000378
00000379
0000037A
0000037B
0000037C
00000378
0000037D
0000037E
0000037F
00000380
00000381
00000381
00000382
00000378
00000378
00000378
00000383
00000384
00000385
00000378
00000378
00000378
00000386
00000378
00000387
00000387
00000387
00000388
00000389
00000387
0000038A
00000387
00000387
0000038B
0000038C
00000387
00000387
00000387
00000387
00000387
00000387
00000387
00000387
0000038D
00000387
00000387
00000387
0000038E
00000387
00000378
00000379
0000037A
0000037B
0000037C
00000378
0000037D
0000037E
0000037F
00000380
00000381
00000381
00000382
00000378
00000378
00000378
00000383
00000384
00000385
00000378
00000378
00000378
00000386
00000378
00000387
00000387
00000387
00000388
00000389
00000387
0000038A
00000387
00000387
0000038B
0000038C
00000387
00000387
00000387
00000387
00000387
00000387
00000387
00000387
0000038D
00000387
00000387
00000387
0000038E
00000387
00000378
00000379
0000037A
0000037B
0000037C
00000378
0000037D
0000037E
0000037F
00000380
00000381
00000381
00000382
00000378
00000378
00000378
00000383
00000384
00000385
00000378
00000378
00000378
00000386
00000378
00000387
00000387
00000387
00000388
00000389
00000387
0000038A
00000387
00000387
0000038B
0000038C
00000387
00000387
00000387
00000387
00000387
00000387
00000387
00000387
0000038D
00000387
00000387
00000387
0000038E
00000387
00000378
00000379
0000037A
0000037B
0000037C
00000378
0000037D
0000037E
0000037F
00000380
00000381
00000381
00000382
00000378
00000378
00000378
00000383
00000384
00000385
00000378
00000378
00000378
00000386
00000378
00000387
00000387
00000387
00000388
00000389
00000387
0000038A
00000387
00000387
0000038B
0000038C
00000387
00000387
00000387
00000387
00000387
00000387
00000387
00000387
0000038D
00000387
00000387
00000387
0000038E
00000387
00000378
00000379
0000037A
0000037B
0000037C
00000378
0000037D
0000037E
0000037F
00000380
00000381
00000381
00000382
00000378
00000378
00000378
00000383
00000384
00000385
00000378
00000378
00000378
00000386
00000378
00000387
00000387
00000387
00000388
00000389
00000387
0000038A
00000387
00000387
0000038B
0000038C
00000387
00000387
00000387
00000387
00000387
00000387
00000387
00000387
0000038D
00000387
00000387
00000387
0000038E
00000387
00000378
00000379
0000037A
0000037B
0000037C
00000378
0000037D
0000037E
0000037F
00000380
00000381
00000381
00000382
00000378
00000378
00000378
00000383
00000384
00000385
00000378
00000378
00000378
00000386
00000378
00000387
00000387
00000387
00000388
00000389
00000387
0000038A
00000387
00000387
0000038B
0000038C
00000387
00000387
00000387
00000387
00000387
00000387
00000387
00000387
0000038D
00000387
00000387
00000387
0000038E
00000387
00000378
00000379
0000037A
0000037B
0000037C
00000378
0000037D
0000037E
0000037F
00000380
00000381
00000381
00000382
00000378
00000378
00000378
00000383
00000384
00000385
00000378
00000378
00000378
00000386
00000378
00000387
00000387
00000387
00000388
00000389
00000387
0000038A
00000387
00000387
0000038B
0000038C
00000387
00000387
00000387
00000387
00000387
00000387
00000387
00000387
0000038D
00000387
00000387
00000387
0000038E
00000387
00000378
00000379
0000037A
0000037B
0000037C
00000378
0000037D
0000037E
0000037F
00000380
00000381
00000381
00000382
00000378
00000378
00000378
00000383
00000384
00000385
00000378
00000378
00000378
00000386
00000378
00000387
00000387
00000387
00000388
00000389
00000387
0000038A
00000387
00000387
0000038B
0000038C
00000387
00000387
00000387
00000387
00000387
00000387
00000387
00000387
0000038D
00000387
00000387
00000387
0000038E
00000387
00000378
00000379
0000037A
0000037B
0000037C
00000378
0000037D
0000037E
0000037F
00000380
00000381
00000381
00000382
00000378
00000378
00000378
00000383
00000384
00000385
00000378
00000378
00000378
00000386
00000378
00000387
00000387
00000387
00000388
00000389
00000387
0000038A
00000387
00000387
0000038B
0000038C
00000387
00000387
00000387
00000387
00000387
00000387
00000387
00000387
0000038D
00000387
00000387
00000387
0000038E
00000387
00000378
00000379
0000037A
0000037B
0000037C
00000378
0000037D
0000037E
0000037F
00000380
00000381
00000381
00000382
00000378
00000378
00000378
00000383
00000384
00000385
00000378
00000378
00000378
00000386
00000378
00000387
00000387
00000387
00000388
00000389
00000387
0000038A
00000387
00000387
0000038B
0000038C
00000387
00000387
00000387
00000387
00000387
00000387
00000387
00000387
0000038D
00000387
00000387
00000387
0000038E
00000387
00000378
00000379
0000037A
0000037B
0000037C
00000378
0000037D
0000037E
0000037F
00000380
00000381
00000381
00000382
00000378
00000378
00000378
00000383
00000384
00000385
00000378
00000378
00000378
00000386
00000378
00000387
00000387
00000387
00000388
00000389
00000387
0000038A
00000387
00000387
0000038B
0000038C
00000387
00000387
00000387
00000387
00000387
00000387
00000387
00000387
0000038D
00000387
00000387
00000387
0000038E
00000387
00000378
00000379
0000037A
0000037B
0000037C
00000378
0000037D
0000037E
0000037F
00000380
00000381
00000381
00000382
00000378
00000378
00000378
00000383
00000384
00000385
00000378
00000378
00000378
00000386
00000378
00000387
00000387
00000387
00000388
00000389
00000387
0000038A
00000387
00000387
0000038B
0000038C
00000387
00000387
00000387
00000387
00000387
00000387
00000387
00000387
0000038D
00000387
00000387
00000387
0000038E
00000387
00000378
00000379
0000037A
0000037B
0000037C
00000378
0000037D
0000037E
0000037F
00000380
00000381
00000381
00000382
00000378
00000378
00000378
00000383
00000384
00000385
00000378
00000378
00000378
00000386
00000378
00000387
00000387
00000387
00000388
00000389
00000387
0000038A
00000387
00000387
0000038B
0000038C
00000387
00000387
00000387
00000387
00000387
00000387
00000387
00000387
0000038D
00000387
00000387
00000387
0000038E
00000387
0000038F
00000390
00000390
00000391
00000390
0000038F
00000392
00000393
00000394
00000395
00000396
00000396
00000397
0000038F
0000038F
0000038F
00000398
0000038F
00000399
0000039A
0000038F
0000038F
0000039B
0000038F
0000039C
0000039C
0000039C
0000039D
0000039E
0000039C
0000039F
0000039C
0000039C
000003A0
0000039C
0000039C
0000039C
0000039C
0000039C
0000039C
000003A1
0000039C
0000039C
000003A2
0000039C
0000039C
0000039C
000003A3
0000039C
0000038F
00000390
00000390
00000391
00000390
0000038F
00000392
00000393
00000394
00000395
00000396
00000396
00000397
0000038F
0000038F
0000038F
00000398
0000038F
00000399
0000039A
0000038F
0000038F
0000039B
0000038F
0000039C
0000039C
0000039C
0000039D
0000039E
0000039C
0000039F
0000039C
0000039C
000003A0
0000039C
0000039C
0000039C
0000039C
0000039C
0000039C
000003A1
0000039C
0000039C
000003A2
0000039C
0000039C
0000039C
000003A3
0000039C
0000038F
00000390
00000390
00000391
00000390
0000038F
00000392
00000393
00000394
00000395
00000396
00000396
00000397
0000038F
0000038F
0000038F
00000398
0000038F
00000399
0000039A
0000038F
0000038F
0000039B
0000038F
0000039C
0000039C
0000039C
0000039D
0000039E
0000039C
0000039F
0000039C
0000039C
000003A0
0000039C
0000039C
0000039C
0000039C
0000039C
0000039C
000003A1
0000039C
0000039C
000003A2
0000039C
0000039C
0000039C
000003A3
0000039C
0000038F
00000390
00000390
00000391
00000390
0000038F
00000392
00000393
00000394
00000395
00000396
00000396
00000397
0000038F
0000038F
0000038F
00000398
0000038F
00000399
0000039A
0000038F
0000038F
0000039B
0000038F
0000039C
0000039C
0000039C
0000039D
0000039E
0000039C
0000039F
0000039C
0000039C
000003A0
0000039C
0000039C
0000039C
0000039C
0000039C
0000039C
000003A1
0000039C
0000039C
000003A2
0000039C
0000039C
0000039C
000003A3
0000039C
0000038F
00000390
00000390
00000391
00000390
0000038F
00000392
00000393
00000394
00000395
00000396
00000396
00000397
0000038F
0000038F
0000038F
00000398
0000038F
00000399
0000039A
0000038F
0000038F
0000039B
0000038F
0000039C
0000039C
0000039C
0000039D
0000039E
0000039C
0000039F
0000039C
0000039C
000003A0
0000039C
0000039C
0000039C
0000039C
0000039C
0000039C
000003A1
0000039C
0000039C
000003A2
0000039C
0000039C
0000039C
000003A3
0000039C
0000038F
00000390
00000390
00000391
00000390
0000038F
00000392
00000393
00000394
00000395
00000396
00000396
00000397
0000038F
0000038F
0000038F
00000398
0000038F
00000399
0000039A
0000038F
0000038F
0000039B
0000038F
0000039C
0000039C
0000039C
0000039D
0000039E
0000039C
0000039F
0000039C
0000039C
000003A0
0000039C
0000039C
0000039C
0000039C
0000039C
0000039C
000003A1
0000039C
0000039C
000003A2
0000039C
0000039C
0000039C
000003A3
0000039C
0000038F
00000390
00000390
00000391
00000390
0000038F
00000392
00000393
00000394
00000395
00000396
00000396
00000397
0000038F
0000038F
0000038F
00000398
0000038F
00000399
0000039A
0000038F
0000038F
0000039B
0000038F
0000039C
0000039C
0000039C
0000039D
0000039E
0000039C
0000039F
0000039C
0000039C
000003A0
0000039C
0000039C
0000039C
0000039C
0000039C
0000039C
000003A1
0000039C
0000039C
000003A2
0000039C
0000039C
0000039C
000003A3
0000039C
0000038F
00000390
00000390
00000391
00000390
0000038F
00000392
00000393
00000394
00000395
00000396
00000396
00000397
0000038F
0000038F
0000038F
00000398
0000038F
00000399
0000039A
0000038F
0000038F
0000039B
0000038F
0000039C
0000039C
0000039C
0000039D
0000039E
0000039C
0000039F
0000039C
0000039C
000003A0
0000039C
0000039C
0000039C
0000039C
0000039C
0000039C
000003A1
0000039C
0000039C
000003A2
0000039C
0000039C
0000039C
000003A3
0000039C
0000038F
00000390
00000390
00000391
00000390
0000038F
00000392
00000393
00000394
00000395
00000396
00000396
00000397
0000038F
0000038F
0000038F
00000398
0000038F
00000399
0000039A
0000038F
0000038F
0000039B
0000038F
0000039C
0000039C
0000039C
0000039D
0000039E
0000039C
0000039F
0000039C
0000039C
000003A0
0000039C
0000039C
0000039C
0000039C
0000039C
0000039C
000003A1
0000039C
0000039C
000003A2
0000039C
0000039C
0000039C
000003A3
0000039C
0000038F
00000390
00000390
00000391
00000390
0000038F
00000392
00000393
00000394
00000395
00000396
00000396
00000397
0000038F
0000038F
0000038F
00000398
0000038F
00000399
0000039A
0000038F
0000038F
0000039B
0000038F
0000039C
0000039C
0000039C
0000039D
0000039E
0000039C
0000039F
0000039C
0000039C
000003A0
0000039C
0000039C
0000039C
0000039C
0000039C
0000039C
000003A1
0000039C
0000039C
000003A2
0000039C
0000039C
0000039C
000003A3
0000039C
0000038F
00000390
00000390
00000391
00000390
0000038F
00000392
00000393
00000394
00000395
00000396
00000396
00000397
0000038F
0000038F
0000038F
00000398
0000038F
00000399
0000039A
0000038F
0000038F
0000039B
0000038F
0000039C
0000039C
0000039C
0000039D
0000039E
0000039C
0000039F
0000039C
0000039C
000003A0
0000039C
0000039C
0000039C
0000039C
0000039C
0000039C
000003A1
0000039C
0000039C
000003A2
0000039C
0000039C
0000039C
000003A3
0000039C
0000038F
00000390
00000390
00000391
00000390
0000038F
00000392
00000393
00000394
00000395
00000396
00000396
00000397
0000038F
0000038F
0000038F
00000398
0000038F
00000399
0000039A
0000038F
0000038F
0000039B
0000038F
0000039C
0000039C
0000039C
0000039D
0000039E
0000039C
0000039F
0000039C
0000039C
000003A0
0000039C
0000039C
0000039C
0000039C
0000039C
0000039C
000003A1
0000039C
0000039C
000003A2
0000039C
0000039C
0000039C
000003A3
0000039C
0000038F
00000390
00000390
00000391
00000390
0000038F
00000392
00000393
00000394
00000395
00000396
00000396
00000397
0000038F
0000038F
0000038F
00000398
0000038F
00000399
0000039A
0000038F
0000038F
0000039B
0000038F
0000039C
0000039C
0000039C
0000039D
0000039E
0000039C
0000039F
0000039C
0000039C
000003A0
0000039C
0000039C
0000039C
0000039C
0000039C
0000039C
000003A1
0000039C
0000039C
000003A2
0000039C
0000039C
0000039C
000003A3
0000039C
0000038F
00000390
00000390
00000391
00000390
0000038F
00000392
00000393
00000394
00000395
00000396
00000396
00000397
0000038F
0000038F
0000038F
00000398
0000038F
00000399
0000039A
0000038F
0000038F
0000039B
0000038F
0000039C
0000039C
0000039C
0000039D
0000039E
0000039C
0000039F
0000039C
0000039C
000003A0
0000039C
0000039C
0000039C
0000039C
0000039C
0000039C
000003A1
0000039C
0000039C
000003A2
0000039C
0000039C
0000039C
000003A3
0000039C
0000038F
00000390
00000390
00000391
00000390
0000038F
00000392
00000393
00000394
00000395
00000396
00000396
00000397
0000038F
0000038F
0000038F
00000398
0000038F
00000399
0000039A
0000038F
0000038F
0000039B
0000038F
0000039C
0000039C
0000039C
0000039D
0000039E
0000039C
0000039F
0000039C
0000039C
000003A0
0000039C
0000039C
0000039C
0000039C
0000039C
0000039C
000003A1
0000039C
0000039C
000003A2
0000039C
0000039C
0000039C
000003A3
0000039C
0000038F
00000390
00000390
00000391
00000390
0000038F
00000392
00000393
00000394
00000395
00000396
00000396
00000397
0000038F
0000038F
0000038F
00000398
0000038F
00000399
0000039A
0000038F
0000038F
0000039B
0000038F
0000039C
0000039C
0000039C
0000039D
0000039E
0000039C
0000039F
0000039C
0000039C
000003A0
0000039C
0000039C
0000039C
0000039C
0000039C
0000039C
000003A1
0000039C
0000039C
000003A2
0000039C
0000039C
0000039C
000003A3
0000039C
0000038F
00000390
00000390
00000391
00000390
0000038F
00000392
00000393
00000394
00000395
00000396
00000396
00000397
0000038F
0000038F
0000038F
00000398
0000038F
00000399
0000039A
0000038F
0000038F
0000039B
0000038F
0000039C
0000039C
0000039C
0000039D
0000039E
0000039C
0000039F
0000039C
0000039C
000003A0
0000039C
0000039C
0000039C
0000039C
0000039C
0000039C
000003A1
0000039C
0000039C
000003A2
0000039C
0000039C
0000039C
000003A3
0000039C
0000038F
00000390
00000390
00000391
00000390
0000038F
00000392
00000393
00000394
00000395
00000396
00000396
00000397
0000038F
0000038F
0000038F
00000398
0000038F
00000399
0000039A
0000038F
0000038F
0000039B
0000038F
0000039C
0000039C
0000039C
0000039D
0000039E
0000039C
0000039F
0000039C
0000039C
000003A0
0000039C
0000039C
0000039C
0000039C
0000039C
0000039C
000003A1
0000039C
0000039C
000003A2
0000039C
0000039C
0000039C
000003A3
0000039C
0000038F
00000390
00000390
00000391
00000390
0000038F
00000392
00000393
00000394
00000395
00000396
00000396
00000397
0000038F
0000038F
0000038F
00000398
0000038F
00000399
0000039A
0000038F
0000038F
0000039B
0000038F
0000039C
0000039C
0000039C
0000039D
0000039E
0000039C
0000039F
0000039C
0000039C
000003A0
0000039C
0000039C
0000039C
0000039C
0000039C
0000039C
000003A1
0000039C
0000039C
000003A2
0000039C
0000039C
0000039C
000003A3
0000039C
0000038F
00000390
00000390
00000391
00000390
0000038F
00000392
00000393
00000394
00000395
00000396
00000396
00000397
0000038F
0000038F
0000038F
00000398
0000038F
00000399
0000039A
0000038F
0000038F
0000039B
0000038F
0000039C
0000039C
0000039C
0000039D
0000039E
0000039C
0000039F
0000039C
0000039C
000003A0
0000039C
0000039C
0000039C
0000039C
0000039C
0000039C
000003A1
0000039C
0000039C
000003A2
0000039C
0000039C
0000039C
000003A3
0000039C
0000038F
00000390
00000390
00000391
00000390
0000038F
00000392
00000393
00000394
00000395
00000396
00000396
00000397
0000038F
0000038F
0000038F
00000398
0000038F
00000399
0000039A
0000038F
0000038F
0000039B
0000038F
0000039C
0000039C
0000039C
0000039D
0000039E
0000039C
0000039F
0000039C
0000039C
000003A0
0000039C
0000039C
0000039C
0000039C
0000039C
0000039C
000003A1
0000039C
0000039C
000003A2
0000039C
0000039C
0000039C
000003A3
0000039C
0000038F
00000390
00000390
00000391
00000390
0000038F
00000392
00000393
00000394
00000395
00000396
00000396
00000397
0000038F
0000038F
0000038F
00000398
0000038F
00000399
0000039A
0000038F
0000038F
0000039B
0000038F
0000039C
0000039C
0000039C
0000039D
0000039E
0000039C
0000039F
0000039C
0000039C
000003A0
0000039C
0000039C
0000039C
0000039C
0000039C
0000039C
000003A1
0000039C
0000039C
000003A2
0000039C
0000039C
0000039C
000003A3
0000039C
0000038F
00000390
00000390
00000391
00000390
0000038F
00000392
00000393
00000394
00000395
00000396
00000396
00000397
0000038F
0000038F
0000038F
00000398
0000038F
00000399
0000039A
0000038F
0000038F
0000039B
0000038F
0000039C
0000039C
0000039C
0000039D
0000039E
0000039C
0000039F
0000039C
0000039C
000003A0
0000039C
0000039C
0000039C
0000039C
0000039C
0000039C
000003A1
0000039C
0000039C
000003A2
0000039C
0000039C
0000039C
000003A3
0000039C
000003A4
000003A5
000003A5
000003A6
000003A5
000003A4
000003A7
000003A8
000003A9
000003AA
000003AB
000003AB
000003AC
000003AD
000003A4
000003A4
000003AE
000003A4
000003AF
000003A4
000003A4
000003A4
000003B0
000003A4
000003B1
000003B1
000003B2
000003B3
000003B4
000003B1
000003B5
000003B1
000003B1
000003B6
000003B1
000003B1
000003B1
000003B1
000003B1
000003B1
000003B1
000003B1
000003B1
000003B7
000003B1
000003B1
000003B1
000003B8
000003B1
000003A4
000003A5
000003A5
000003A6
000003A5
000003A4
000003A7
000003A8
000003A9
000003AA
000003AB
000003AB
000003AC
000003AD
000003A4
000003A4
000003AE
000003A4
000003AF
000003A4
000003A4
000003A4
000003B0
000003A4
000003B1
000003B1
000003B2
000003B3
000003B4
000003B1
000003B5
000003B1
000003B1
000003B6
000003B1
000003B1
000003B1
000003B1
000003B1
000003B1
000003B1
000003B1
000003B1
000003B7
000003B1
000003B1
000003B1
000003B8
000003B1
000003A4
000003A5
000003A5
000003A6
000003A5
000003A4
000003A7
000003A8
000003A9
000003AA
000003AB
000003AB
000003AC
000003AD
000003A4
000003A4
000003AE
000003A4
000003AF
000003A4
000003A4
000003A4
000003B0
000003A4
000003B1
000003B1
000003B2
000003B3
000003B4
000003B1
000003B5
000003B1
000003B1
000003B6
000003B1
000003B1
000003B1
000003B1
000003B1
000003B1
000003B1
000003B1
000003B1
000003B7
000003B1
000003B1
000003B1
000003B8
000003B1
000003A4
000003A5
000003A5
000003A6
000003A5
000003A4
000003A7
000003A8
000003A9
000003AA
000003AB
000003AB
000003AC
000003AD
000003A4
000003A4
000003AE
000003A4
000003AF
000003A4
000003A4
000003A4
000003B0
000003A4
000003B1
000003B1
000003B2
000003B3
000003B4
000003B1
000003B5
000003B1
000003B1
000003B6
000003B1
000003B1
000003B1
000003B1
000003B1
000003B1
000003B1
000003B1
000003B1
000003B7
000003B1
000003B1
000003B1
000003B8
000003B1
000003A4
000003A5
000003A5
000003A6
000003A5
000003A4
000003A7
000003A8
000003A9
000003AA
000003AB
000003AB
000003AC
000003AD
000003A4
000003A4
000003AE
000003A4
000003AF
000003A4
000003A4
000003A4
000003B0
000003A4
000003B1
000003B1
000003B2
000003B3
000003B4
000003B1
000003B5
000003B1
000003B1
000003B6
000003B1
000003B1
000003B1
000003B1
000003B1
000003B1
000003B1
000003B1
000003B1
000003B7
000003B1
000003B1
000003B1
000003B8
000003B1
000003A4
000003A5
000003A5
000003A6
000003A5
000003A4
000003A7
000003A8
000003A9
000003AA
000003AB
000003AB
000003AC
000003AD
000003A4
000003A4
000003AE
000003A4
000003AF
000003A4
000003A4
000003A4
000003B0
000003A4
000003B1
000003B1
000003B2
000003B3
000003B4
000003B1
000003B5
000003B1
000003B1
000003B6
000003B1
000003B1
000003B1
000003B1
000003B1
000003B1
000003B1
000003B1
000003B1
000003B7
000003B1
000003B1
000003B1
000003B8
000003B1
000003A4
000003A5
000003A5
000003A6
000003A5
000003A4
000003A7
000003A8
000003A9
000003AA
000003AB
000003AB
000003AC
000003AD
000003A4
000003A4
000003AE
000003A4
000003AF
000003A4
000003A4
000003A4
000003B0
000003A4
000003B1
000003B1
000003B2
000003B3
000003B4
000003B1
000003B5
000003B1
000003B1
000003B6
000003B1
000003B1
000003B1
000003B1
000003B1
000003B1
000003B1
000003B1
000003B1
000003B7
000003B1
000003B1
000003B1
000003B8
000003B1
000003A4
000003A5
000003A5
000003A6
000003A5
000003A4
000003A7
000003A8
000003A9
000003AA
000003AB
000003AB
000003AC
000003AD
000003A4
000003A4
000003AE
000003A4
000003AF
000003A4
000003A4
000003A4
000003B0
000003A4
000003B1
000003B1
000003B2
000003B3
000003B4
000003B1
000003B5
000003B1
000003B1
000003B6
000003B1
000003B1
000003B1
000003B1
000003B1
000003B1
000003B1
000003B1
000003B1
000003B7
000003B1
000003B1
000003B1
000003B8
000003B1
000003A4
000003A5
000003A5
000003A6
000003A5
000003A4
000003A7
000003A8
000003A9
000003AA
000003AB
000003AB
000003AC
000003AD
000003A4
000003A4
000003AE
000003A4
000003AF
000003A4
000003A4
000003A4
000003B0
000003A4
000003B1
000003B1
000003B2
000003B3
000003B4
000003B1
000003B5
000003B1
000003B1
000003B6
000003B1
000003B1
000003B1
000003B1
000003B1
000003B1
000003B1
000003B1
000003B1
000003B7
000003B1
000003B1
000003B1
000003B8
000003B1
000003A4
000003A5
000003A5
000003A6
000003A5
000003A4
000003A7
000003A8
000003A9
000003AA
000003AB
000003AB
000003AC
000003AD
000003A4
000003A4
000003AE
000003A4
000003AF
000003A4
000003A4
000003A4
000003B0
000003A4
000003B1
000003B1
000003B2
000003B3
000003B4
000003B1
000003B5
000003B1
000003B1
000003B6
000003B1
000003B1
000003B1
000003B1
000003B1
000003B1
000003B1
000003B1
000003B1
000003B7
000003B1
000003B1
000003B1
000003B8
000003B1
000003A4
000003A5
000003A5
000003A6
000003A5
000003A4
000003A7
000003A8
000003A9
000003AA
000003AB
000003AB
000003AC
000003AD
000003A4
000003A4
000003AE
000003A4
000003AF
000003A4
000003A4
000003A4
000003B0
000003A4
000003B1
000003B1
000003B2
000003B3
000003B4
000003B1
000003B5
000003B1
000003B1
000003B6
000003B1
000003B1
000003B1
000003B1
000003B1
000003B1
000003B1
000003B1
000003B1
000003B7
000003B1
000003B1
000003B1
000003B8
000003B1
000003A4
000003A5
000003A5
000003A6
000003A5
000003A4
000003A7
000003A8
000003A9
000003AA
000003AB
000003AB
000003AC
000003AD
000003A4
000003A4
000003AE
000003A4
000003AF
000003A4
000003A4
000003A4
000003B0
000003A4
000003B1
000003B1
000003B2
000003B3
000003B4
000003B1
000003B5
000003B1
000003B1
000003B6
000003B1
000003B1
000003B1
000003B1
000003B1
000003B1
000003B1
000003B1
000003B1
000003B7
000003B1
000003B1
000003B1
000003B8
000003B1
000003A4
000003A5
000003A5
000003A6
000003A5
000003A4
000003A7
000003A8
000003A9
000003AA
000003AB
000003AB
000003AC
000003AD
000003A4
000003A4
000003AE
000003A4
000003AF
000003A4
000003A4
000003A4
000003B0
000003A4
000003B1
000003B1
000003B2
000003B3
000003B4
000003B1
000003B5
000003B1
000003B1
000003B6
000003B1
000003B1
000003B1
000003B1
000003B1
000003B1
000003B1
000003B1
000003B1
000003B7
000003B1
000003B1
000003B1
000003B8
000003B1
000003A4
000003A5
000003A5
000003A6
000003A5
000003A4
000003A7
000003A8
000003A9
000003AA
000003AB
000003AB
000003AC
000003AD
000003A4
000003A4
000003AE
000003A4
000003AF
000003A4
000003A4
000003A4
000003B0
000003A4
000003B1
000003B1
000003B2
000003B3
000003B4
000003B1
000003B5
000003B1
000003B1
000003B6
000003B1
000003B1
000003B1
000003B1
000003B1
000003B1
000003B1
000003B1
000003B1
000003B7
000003B1
000003B1
000003B1
000003B8
000003B1
000003A4
000003A5
000003A5
000003A6
000003A5
000003A4
000003A7
000003A8
000003A9
000003AA
000003AB
000003AB
000003AC
000003AD
000003A4
000003A4
000003AE
000003A4
000003AF
000003A4
000003A4
000003A4
000003B0
000003A4
000003B1
000003B1
000003B2
000003B3
000003B4
000003B1
000003B5
000003B1
000003B1
000003B6
000003B1
000003B1
000003B1
000003B1
000003B1
000003B1
000003B1
000003B1
000003B1
000003B7
000003B1
000003B1
000003B1
000003B8
000003B1
000003A4
000003A5
000003A5
000003A6
000003A5
000003A4
000003A7
000003A8
000003A9
000003AA
000003AB
000003AB
000003AC
000003AD
000003A4
000003A4
000003AE
000003A4
000003AF
000003A4
000003A4
000003A4
000003B0
000003A4
000003B1
000003B1
000003B2
000003B3
000003B4
000003B1
000003B5
000003B1
000003B1
000003B6
000003B1
000003B1
000003B1
000003B1
000003B1
000003B1
000003B1
000003B1
000003B1
000003B7
000003B1
000003B1
000003B1
000003B8
000003B1
000003A4
000003A5
000003A5
000003A6
000003A5
000003A4
000003A7
000003A8
000003A9
000003AA
000003AB
000003AB
000003AC
000003AD
000003A4
000003A4
000003AE
000003A4
000003AF
000003A4
000003A4
000003A4
000003B0
000003A4
000003B1
000003B1
000003B2
000003B3
000003B4
000003B1
000003B5
000003B1
000003B1
000003B6
000003B1
000003B1
000003B1
000003B1
000003B1
000003B1
000003B1
000003B1
000003B1
000003B7
000003B1
000003B1
000003B1
000003B8
000003B1
000003A4
000003A5
000003A5
000003A6
000003A5
000003A4
000003A7
000003A8
000003A9
000003AA
000003AB
000003AB
000003AC
000003AD
000003A4
000003A4
000003AE
000003A4
000003AF
000003A4
000003A4
000003A4
000003B0
000003A4
000003B1
000003B1
000003B2
000003B3
000003B4
000003B1
000003B5
000003B1
000003B1
000003B6
000003B1
000003B1
000003B1
000003B1
000003B1
000003B1
000003B1
000003B1
000003B1
000003B7
000003B1
000003B1
000003B1
000003B8
000003B1
000003A4
000003A5
000003A5
000003A6
000003A5
000003A4
000003A7
000003A8
000003A9
000003AA
000003AB
000003AB
000003AC
000003AD
000003A4
000003A4
000003AE
000003A4
000003AF
000003A4
000003A4
000003A4
000003B0
000003A4
000003B1
000003B1
000003B2
000003B3
000003B4
000003B1
000003B5
000003B1
000003B1
000003B6
000003B1
000003B1
000003B1
000003B1
000003B1
000003B1
000003B1
000003B1
000003B1
000003B7
000003B1
000003B1
000003B1
000003B8
000003B1
000003A4
000003A5
000003A5
000003A6
000003A5
000003A4
000003A7
000003A8
000003A9
000003AA
000003AB
000003AB
000003AC
000003AD
000003A4
000003A4
000003AE
000003A4
000003AF
000003A4
000003A4
000003A4
000003B0
000003A4
000003B1
000003B1
000003B2
000003B3
000003B4
000003B1
000003B5
000003B1
000003B1
000003B6
000003B1
000003B1
000003B1
000003B1
000003B1
000003B1
000003B1
000003B1
000003B1
000003B7
000003B1
000003B1
000003B1
000003B8
000003B1
000003A4
000003A5
000003A5
000003A6
000003A5
000003A4
000003A7
000003A8
000003A9
000003AA
000003AB
000003AB
000003AC
000003AD
000003A4
000003A4
000003AE
000003A4
000003AF
000003A4
000003A4
000003A4
000003B0
000003A4
000003B1
000003B1
000003B2
000003B3
000003B4
000003B1
000003B5
000003B1
000003B1
000003B6
000003B1
000003B1
000003B1
000003B1
000003B1
000003B1
000003B1
000003B1
000003B1
000003B7
000003B1
000003B1
000003B1
000003B8
000003B1
000003A4
000003A5
000003A5
000003A6
000003A5
000003A4
000003A7
000003A8
000003A9
000003AA
000003AB
000003AB
000003AC
000003AD
000003A4
000003A4
000003AE
000003A4
000003AF
000003A4
000003A4
000003A4
000003B0
000003A4
000003B1
000003B1
000003B2
000003B3
000003B4
000003B1
000003B5
000003B1
000003B1
000003B6
000003B1
000003B1
000003B1
000003B1
000003B1
000003B1
000003B1
000003B1
000003B1
000003B7
000003B1
000003B1
000003B1
000003B8
000003B1
000003A4
000003A5
000003A5
000003A6
000003A5
000003A4
000003A7
000003A8
000003A9
000003AA
000003AB
000003AB
000003AC
000003AD
000003A4
000003A4
000003AE
000003A4
000003AF
000003A4
000003A4
000003A4
000003B0
000003A4
000003B1
000003B1
000003B2
000003B3
000003B4
000003B1
000003B5
000003B1
000003B1
000003B6
000003B1
000003B1
000003B1
000003B1
000003B1
000003B1
000003B1
000003B1
000003B1
000003B7
000003B1
000003B1
000003B1
000003B8
000003B1
000003B9
000003BA
000003BA
000003BB
000003BC
000003B9
000003BD
000003BE
000003BF
000003C0
000003C1
000003C1
000003C2
000003B9
000003B9
000003B9
000003C3
000003B9
000003B9
000003C4
000003B9
000003B9
000003C5
000003B9
000003C6
000003C6
000003C7
000003C8
000003C9
000003C6
000003CA
000003C6
000003C6
000003C6
000003C6
000003C6
000003C6
000003C6
000003CB
000003C6
000003C6
000003C6
000003C6
000003CC
000003C6
000003C6
000003CD
000003CE
000003C6
000003B9
000003BA
000003BA
000003BB
000003BC
000003B9
000003BD
000003BE
000003BF
000003C0
000003C1
000003C1
000003C2
000003B9
000003B9
000003B9
000003C3
000003B9
000003B9
000003C4
000003B9
000003B9
000003C5
000003B9
000003C6
000003C6
000003C7
000003C8
000003C9
000003C6
000003CA
000003C6
000003C6
000003C6
000003C6
000003C6
000003C6
000003C6
000003CB
000003C6
000003C6
000003C6
000003C6
000003CC
000003C6
000003C6
000003CD
000003CE
000003C6
000003B9
000003BA
000003BA
000003BB
000003BC
000003B9
000003BD
000003BE
000003BF
000003C0
000003C1
000003C1
000003C2
000003B9
000003B9
000003B9
000003C3
000003B9
000003B9
000003C4
000003B9
000003B9
000003C5
000003B9
000003C6
000003C6
000003C7
000003C8
000003C9
000003C6
000003CA
000003C6
000003C6
000003C6
000003C6
000003C6
000003C6
000003C6
000003CB
000003C6
000003C6
000003C6
000003C6
000003CC
000003C6
000003C6
000003CD
000003CE
000003C6
000003B9
000003BA
000003BA
000003BB
000003BC
000003B9
000003BD
000003BE
000003BF
000003C0
000003C1
000003C1
000003C2
000003B9
000003B9
000003B9
000003C3
000003B9
000003B9
000003C4
000003B9
000003B9
000003C5
000003B9
000003C6
000003C6
000003C7
000003C8
000003C9
000003C6
000003CA
000003C6
000003C6
000003C6
000003C6
000003C6
000003C6
000003C6
000003CB
000003C6
000003C6
000003C6
000003C6
000003CC
000003C6
000003C6
000003CD
000003CE
000003C6
000003B9
000003BA
000003BA
000003BB
000003BC
000003B9
000003BD
000003BE
000003BF
000003C0
000003C1
000003C1
000003C2
000003B9
000003B9
000003B9
000003C3
000003B9
000003B9
000003C4
000003B9
000003B9
000003C5
000003B9
000003C6
000003C6
000003C7
000003C8
000003C9
000003C6
000003CA
000003C6
000003C6
000003C6
000003C6
000003C6
000003C6
000003C6
000003CB
000003C6
000003C6
000003C6
000003C6
000003CC
000003C6
000003C6
000003CD
000003CE
000003C6
000003B9
000003BA
000003BA
000003BB
000003BC
000003B9
000003BD
000003BE
000003BF
000003C0
000003C1
000003C1
000003C2
000003B9
000003B9
000003B9
000003C3
000003B9
000003B9
000003C4
000003B9
000003B9
000003C5
000003B9
000003C6
000003C6
000003C7
000003C8
000003C9
000003C6
000003CA
000003C6
000003C6
000003C6
000003C6
000003C6
000003C6
000003C6
000003CB
000003C6
000003C6
000003C6
000003C6
000003CC
000003C6
000003C6
000003CD
000003CE
000003C6
000003B9
000003BA
000003BA
000003BB
000003BC
000003B9
000003BD
000003BE
000003BF
000003C0
000003C1
000003C1
000003C2
000003B9
000003B9
000003B9
000003C3
000003B9
000003B9
000003C4
000003B9
000003B9
000003C5
000003B9
000003C6
000003C6
000003C7
000003C8
000003C9
000003C6
000003CA
000003C6
000003C6
000003C6
000003C6
000003C6
000003C6
000003C6
000003CB
000003C6
000003C6
000003C6
000003C6
000003CC
000003C6
000003C6
000003CD
000003CE
000003C6
000003B9
000003BA
000003BA
000003BB
000003BC
000003B9
000003BD
000003BE
000003BF
000003C0
000003C1
000003C1
000003C2
000003B9
000003B9
000003B9
000003C3
000003B9
000003B9
000003C4
000003B9
000003B9
000003C5
000003B9
000003C6
000003C6
000003C7
000003C8
000003C9
000003C6
000003CA
000003C6
000003C6
000003C6
000003C6
000003C6
000003C6
000003C6
000003CB
000003C6
000003C6
000003C6
000003C6
000003CC
000003C6
000003C6
000003CD
000003CE
000003C6
000003B9
000003BA
000003BA
000003BB
000003BC
000003B9
000003BD
000003BE
000003BF
000003C0
000003C1
000003C1
000003C2
000003B9
000003B9
000003B9
000003C3
000003B9
000003B9
000003C4
000003B9
000003B9
000003C5
000003B9
000003C6
000003C6
000003C7
000003C8
000003C9
000003C6
000003CA
000003C6
000003C6
000003C6
000003C6
000003C6
000003C6
000003C6
000003CB
000003C6
000003C6
000003C6
000003C6
000003CC
000003C6
000003C6
000003CD
000003CE
000003C6
000003B9
000003BA
000003BA
000003BB
000003BC
000003B9
000003BD
000003BE
000003BF
000003C0
000003C1
000003C1
000003C2
000003B9
000003B9
000003B9
000003C3
000003B9
000003B9
000003C4
000003B9
000003B9
000003C5
000003B9
000003C6
000003C6
000003C7
000003C8
000003C9
000003C6
000003CA
000003C6
000003C6
000003C6
000003C6
000003C6
000003C6
000003C6
000003CB
000003C6
000003C6
000003C6
000003C6
000003CC
000003C6
000003C6
000003CD
000003CE
000003C6
000003B9
000003BA
000003BA
000003BB
000003BC
000003B9
000003BD
000003BE
000003BF
000003C0
000003C1
000003C1
000003C2
000003B9
000003B9
000003B9
000003C3
000003B9
000003B9
000003C4
000003B9
000003B9
000003C5
000003B9
000003C6
000003C6
000003C7
000003C8
000003C9
000003C6
000003CA
000003C6
000003C6
000003C6
000003C6
000003C6
000003C6
000003C6
000003CB
000003C6
000003C6
000003C6
000003C6
000003CC
000003C6
000003C6
000003CD
000003CE
000003C6
000003B9
000003BA
000003BA
000003BB
000003BC
000003B9
000003BD
000003BE
000003BF
000003C0
000003C1
000003C1
000003C2
000003B9
000003B9
000003B9
000003C3
000003B9
000003B9
000003C4
000003B9
000003B9
000003C5
000003B9
000003C6
000003C6
000003C7
000003C8
000003C9
000003C6
000003CA
000003C6
000003C6
000003C6
000003C6
000003C6
000003C6
000003C6
000003CB
000003C6
000003C6
000003C6
000003C6
000003CC
000003C6
000003C6
000003CD
000003CE
000003C6
000003B9
000003BA
000003BA
000003BB
000003BC
000003B9
000003BD
000003BE
000003BF
000003C0
000003C1
000003C1
000003C2
000003B9
000003B9
000003B9
000003C3
000003B9
000003B9
000003C4
000003B9
000003B9
000003C5
000003B9
000003C6
000003C6
000003C7
000003C8
000003C9
000003C6
000003CA
000003C6
000003C6
000003C6
000003C6
000003C6
000003C6
000003C6
000003CB
000003C6
000003C6
000003C6
000003C6
000003CC
000003C6
000003C6
000003CD
000003CE
000003C6
000003B9
000003BA
000003BA
000003BB
000003BC
000003B9
000003BD
000003BE
000003BF
000003C0
000003C1
000003C1
000003C2
000003B9
000003B9
000003B9
000003C3
000003B9
000003B9
000003C4
000003B9
000003B9
000003C5
000003B9
000003C6
000003C6
000003C7
000003C8
000003C9
000003C6
000003CA
000003C6
000003C6
000003C6
000003C6
000003C6
000003C6
000003C6
000003CB
000003C6
000003C6
000003C6
000003C6
000003CC
000003C6
000003C6
000003CD
000003CE
000003C6
000003B9
000003BA
000003BA
000003BB
000003BC
000003B9
000003BD
000003BE
000003BF
000003C0
000003C1
000003C1
000003C2
000003B9
000003B9
000003B9
000003C3
000003B9
000003B9
000003C4
000003B9
000003B9
000003C5
000003B9
000003C6
000003C6
000003C7
000003C8
000003C9
000003C6
000003CA
000003C6
000003C6
000003C6
000003C6
000003C6
000003C6
000003C6
000003CB
000003C6
000003C6
000003C6
000003C6
000003CC
000003C6
000003C6
000003CD
000003CE
000003C6
000003B9
000003BA
000003BA
000003BB
000003BC
000003B9
000003BD
000003BE
000003BF
000003C0
000003C1
000003C1
000003C2
000003B9
000003B9
000003B9
000003C3
000003B9
000003B9
000003C4
000003B9
000003B9
000003C5
000003B9
000003C6
000003C6
000003C7
000003C8
000003C9
000003C6
000003CA
000003C6
000003C6
000003C6
000003C6
000003C6
000003C6
000003C6
000003CB
000003C6
000003C6
000003C6
000003C6
000003CC
000003C6
000003C6
000003CD
000003CE
000003C6
000003B9
000003BA
000003BA
000003BB
000003BC
000003B9
000003BD
000003BE
000003BF
000003C0
000003C1
000003C1
000003C2
000003B9
000003B9
000003B9
000003C3
000003B9
000003B9
000003C4
000003B9
000003B9
000003C5
000003B9
000003C6
000003C6
000003C7
000003C8
000003C9
000003C6
000003CA
000003C6
000003C6
000003C6
000003C6
000003C6
000003C6
000003C6
000003CB
000003C6
000003C6
000003C6
000003C6
000003CC
000003C6
000003C6
000003CD
000003CE
000003C6
000003B9
000003BA
000003BA
000003BB
000003BC
000003B9
000003BD
000003BE
000003BF
000003C0
000003C1
000003C1
000003C2
000003B9
000003B9
000003B9
000003C3
000003B9
000003B9
000003C4
000003B9
000003B9
000003C5
000003B9
000003C6
000003C6
000003C7
000003C8
000003C9
000003C6
000003CA
000003C6
000003C6
000003C6
000003C6
000003C6
000003C6
000003C6
000003CB
000003C6
000003C6
000003C6
000003C6
000003CC
000003C6
000003C6
000003CD
000003CE
000003C6
000003B9
000003BA
000003BA
000003BB
000003BC
000003B9
000003BD
000003BE
000003BF
000003C0
000003C1
000003C1
000003C2
000003B9
000003B9
000003B9
000003C3
000003B9
000003B9
000003C4
000003B9
000003B9
000003C5
000003B9
000003C6
000003C6
000003C7
000003C8
000003C9
000003C6
000003CA
000003C6
000003C6
000003C6
000003C6
000003C6
000003C6
000003C6
000003CB
000003C6
000003C6
000003C6
000003C6
000003CC
000003C6
000003C6
000003CD
000003CE
000003C6
000003B9
000003BA
000003BA
000003BB
000003BC
000003B9
000003BD
000003BE
000003BF
000003C0
000003C1
000003C1
000003C2
000003B9
000003B9
000003B9
000003C3
000003B9
000003B9
000003C4
000003B9
000003B9
000003C5
000003B9
000003C6
000003C6
000003C7
000003C8
000003C9
000003C6
000003CA
000003C6
000003C6
000003C6
000003C6
000003C6
000003C6
000003C6
000003CB
000003C6
000003C6
000003C6
000003C6
000003CC
000003C6
000003C6
000003CD
000003CE
000003C6
000003B9
000003BA
000003BA
000003BB
000003BC
000003B9
000003BD
000003BE
000003BF
000003C0
000003C1
000003C1
000003C2
000003B9
000003B9
000003B9
000003C3
000003B9
000003B9
000003C4
000003B9
000003B9
000003C5
000003B9
000003C6
000003C6
000003C7
000003C8
000003C9
000003C6
000003CA
000003C6
000003C6
000003C6
000003C6
000003C6
000003C6
000003C6
000003CB
000003C6
000003C6
000003C6
000003C6
000003CC
000003C6
000003C6
000003CD
000003CE
000003C6
000003B9
000003BA
000003BA
000003BB
000003BC
000003B9
000003BD
000003BE
000003BF
000003C0
000003C1
000003C1
000003C2
000003B9
000003B9
000003B9
000003C3
000003B9
000003B9
000003C4
000003B9
000003B9
000003C5
000003B9
000003C6
000003C6
000003C7
000003C8
000003C9
000003C6
000003CA
000003C6
000003C6
000003C6
000003C6
000003C6
000003C6
000003C6
000003CB
000003C6
000003C6
000003C6
000003C6
000003CC
000003C6
000003C6
000003CD
000003CE
000003C6
000003B9
000003BA
000003BA
000003BB
000003BC
000003B9
000003BD
000003BE
000003BF
000003C0
000003C1
000003C1
000003C2
000003B9
000003B9
000003B9
000003C3
000003B9
000003B9
000003C4
000003B9
000003B9
000003C5
000003B9
000003C6
000003C6
000003C7
000003C8
000003C9
000003C6
000003CA
000003C6
000003C6
000003C6
000003C6
000003C6
000003C6
000003C6
000003CB
000003C6
000003C6
000003C6
000003C6
000003CC
000003C6
000003C6
000003CD
000003CE
000003C6
000003CF
000003D0
000003D0
000003D1
000003D0
000003CF
000003D2
000003D3
000003D4
000003D5
000003D6
000003D6
000003D7
000003CF
000003CF
000003CF
000003D8
000003CF
000003CF
000003D9
000003CF
000003CF
000003DA
000003CF
000003DB
000003DB
000003DC
000003DD
000003DB
000003DB
000003DE
000003DB
000003DB
000003DB
000003DB
000003DB
000003DB
000003DB
000003DF
000003DB
000003DB
000003DB
000003DB
000003E0
000003DB
000003DB
000003E1
000003E2
000003DB
000003CF
000003D0
000003D0
000003D1
000003D0
000003CF
000003D2
000003D3
000003D4
000003D5
000003D6
000003D6
000003D7
000003CF
000003CF
000003CF
000003D8
000003CF
000003CF
000003D9
000003CF
000003CF
000003DA
000003CF
000003DB
000003DB
000003DC
000003DD
000003DB
000003DB
000003DE
000003DB
000003DB
000003DB
000003DB
000003DB
000003DB
000003DB
000003DF
000003DB
000003DB
000003DB
000003DB
000003E0
000003DB
000003DB
000003E1
000003E2
000003DB
000003CF
000003D0
000003D0
000003D1
000003D0
000003CF
000003D2
000003D3
000003D4
000003D5
000003D6
000003D6
000003D7
000003CF
000003CF
000003CF
000003D8
000003CF
000003CF
000003D9
000003CF
000003CF
000003DA
000003CF
000003DB
000003DB
000003DC
000003DD
000003DB
000003DB
000003DE
000003DB
000003DB
000003DB
000003DB
000003DB
000003DB
000003DB
000003DF
000003DB
000003DB
000003DB
000003DB
000003E0
000003DB
000003DB
000003E1
000003E2
000003DB
000003CF
000003D0
000003D0
000003D1
000003D0
000003CF
000003D2
000003D3
000003D4
000003D5
000003D6
000003D6
000003D7
000003CF
000003CF
000003CF
000003D8
000003CF
000003CF
000003D9
000003CF
000003CF
000003DA
000003CF
000003DB
000003DB
000003DC
000003DD
000003DB
000003DB
000003DE
000003DB
000003DB
000003DB
000003DB
000003DB
000003DB
000003DB
000003DF
000003DB
000003DB
000003DB
000003DB
000003E0
000003DB
000003DB
000003E1
000003E2
000003DB
000003CF
000003D0
000003D0
000003D1
000003D0
000003CF
000003D2
000003D3
000003D4
000003D5
000003D6
000003D6
000003D7
000003CF
000003CF
000003CF
000003D8
000003CF
000003CF
000003D9
000003CF
000003CF
000003DA
000003CF
000003DB
000003DB
000003DC
000003DD
000003DB
000003DB
000003DE
000003DB
000003DB
000003DB
000003DB
000003DB
000003DB
000003DB
000003DF
000003DB
000003DB
000003DB
000003DB
000003E0
000003DB
000003DB
000003E1
000003E2
000003DB
000003CF
000003D0
000003D0
000003D1
000003D0
000003CF
000003D2
000003D3
000003D4
000003D5
000003D6
000003D6
000003D7
000003CF
000003CF
000003CF
000003D8
000003CF
000003CF
000003D9
000003CF
000003CF
000003DA
000003CF
000003DB
000003DB
000003DC
000003DD
000003DB
000003DB
000003DE
000003DB
000003DB
000003DB
000003DB
000003DB
000003DB
000003DB
000003DF
000003DB
000003DB
000003DB
000003DB
000003E0
000003DB
000003DB
000003E1
000003E2
000003DB
000003CF
000003D0
000003D0
000003D1
000003D0
000003CF
000003D2
000003D3
000003D4
000003D5
000003D6
000003D6
000003D7
000003CF
000003CF
000003CF
000003D8
000003CF
000003CF
000003D9
000003CF
000003CF
000003DA
000003CF
000003DB
000003DB
000003DC
000003DD
000003DB
000003DB
000003DE
000003DB
000003DB
000003DB
000003DB
000003DB
000003DB
000003DB
000003DF
000003DB
000003DB
000003DB
000003DB
000003E0
000003DB
000003DB
000003E1
000003E2
000003DB
000003CF
000003D0
000003D0
000003D1
000003D0
000003CF
000003D2
000003D3
000003D4
000003D5
000003D6
000003D6
000003D7
000003CF
000003CF
000003CF
000003D8
000003CF
000003CF
000003D9
000003CF
000003CF
000003DA
000003CF
000003DB
000003DB
000003DC
000003DD
000003DB
000003DB
000003DE
000003DB
000003DB
000003DB
000003DB
000003DB
000003DB
000003DB
000003DF
000003DB
000003DB
000003DB
000003DB
000003E0
000003DB
000003DB
000003E1
000003E2
000003DB
000003CF
000003D0
000003D0
000003D1
000003D0
000003CF
000003D2
000003D3
000003D4
000003D5
000003D6
000003D6
000003D7
000003CF
000003CF
000003CF
000003D8
000003CF
000003CF
000003D9
000003CF
000003CF
000003DA
000003CF
000003DB
000003DB
000003DC
000003DD
000003DB
000003DB
000003DE
000003DB
000003DB
000003DB
000003DB
000003DB
000003DB
000003DB
000003DF
000003DB
000003DB
000003DB
000003DB
000003E0
000003DB
000003DB
000003E1
000003E2
000003DB
000003CF
000003D0
000003D0
000003D1
000003D0
000003CF
000003D2
000003D3
000003D4
000003D5
000003D6
000003D6
000003D7
000003CF
000003CF
000003CF
000003D8
000003CF
000003CF
000003D9
000003CF
000003CF
000003DA
000003CF
000003DB
000003DB
000003DC
000003DD
000003DB
000003DB
000003DE
000003DB
000003DB
000003DB
000003DB
000003DB
000003DB
000003DB
000003DF
000003DB
000003DB
000003DB
000003DB
000003E0
000003DB
000003DB
000003E1
000003E2
000003DB
000003CF
000003D0
000003D0
000003D1
000003D0
000003CF
000003D2
000003D3
000003D4
000003D5
000003D6
000003D6
000003D7
000003CF
000003CF
000003CF
000003D8
000003CF
000003CF
000003D9
000003CF
000003CF
000003DA
000003CF
000003DB
000003DB
000003DC
000003DD
000003DB
000003DB
000003DE
000003DB
000003DB
000003DB
000003DB
000003DB
000003DB
000003DB
000003DF
000003DB
000003DB
000003DB
000003DB
000003E0
000003DB
000003DB
000003E1
000003E2
000003DB
000003CF
000003D0
000003D0
000003D1
000003D0
000003CF
000003D2
000003D3
000003D4
000003D5
000003D6
000003D6
000003D7
000003CF
000003CF
000003CF
000003D8
000003CF
000003CF
000003D9
000003CF
000003CF
000003DA
000003CF
000003DB
000003DB
000003DC
000003DD
000003DB
000003DB
000003DE
000003DB
000003DB
000003DB
000003DB
000003DB
000003DB
000003DB
000003DF
000003DB
000003DB
000003DB
000003DB
000003E0
000003DB
000003DB
000003E1
000003E2
000003DB
000003CF
000003D0
000003D0
000003D1
000003D0
000003CF
000003D2
000003D3
000003D4
000003D5
000003D6
000003D6
000003D7
000003CF
000003CF
000003CF
000003D8
000003CF
000003CF
000003D9
000003CF
000003CF
000003DA
000003CF
000003DB
000003DB
000003DC
000003DD
000003DB
000003DB
000003DE
000003DB
000003DB
000003DB
000003DB
000003DB
000003DB
000003DB
000003DF
000003DB
000003DB
000003DB
000003DB
000003E0
000003DB
000003DB
000003E1
000003E2
000003DB
000003CF
000003D0
000003D0
000003D1
000003D0
000003CF
000003D2
000003D3
000003D4
000003D5
000003D6
000003D6
000003D7
000003CF
000003CF
000003CF
000003D8
000003CF
000003CF
000003D9
000003CF
000003CF
000003DA
000003CF
000003DB
000003DB
000003DC
000003DD
000003DB
000003DB
000003DE
000003DB
000003DB
000003DB
000003DB
000003DB
000003DB
000003DB
000003DF
000003DB
000003DB
000003DB
000003DB
000003E0
000003DB
000003DB
000003E1
000003E2
000003DB
000003CF
000003D0
000003D0
000003D1
000003D0
000003CF
000003D2
000003D3
000003D4
000003D5
000003D6
000003D6
000003D7
000003CF
000003CF
000003CF
000003D8
000003CF
000003CF
000003D9
000003CF
000003CF
000003DA
000003CF
000003DB
000003DB
000003DC
000003DD
000003DB
000003DB
000003DE
000003DB
000003DB
000003DB
000003DB
000003DB
000003DB
000003DB
000003DF
000003DB
000003DB
000003DB
000003DB
000003E0
000003DB
000003DB
000003E1
000003E2
000003DB
000003CF
000003D0
000003D0
000003D1
000003D0
000003CF
000003D2
000003D3
000003D4
000003D5
000003D6
000003D6
000003D7
000003CF
000003CF
000003CF
000003D8
000003CF
000003CF
000003D9
000003CF
000003CF
000003DA
000003CF
000003DB
000003DB
000003DC
000003DD
000003DB
000003DB
000003DE
000003DB
000003DB
000003DB
000003DB
000003DB
000003DB
000003DB
000003DF
000003DB
000003DB
000003DB
000003DB
000003E0
000003DB
000003DB
000003E1
000003E2
000003DB
000003CF
000003D0
000003D0
000003D1
000003D0
000003CF
000003D2
000003D3
000003D4
000003D5
000003D6
000003D6
000003D7
000003CF
000003CF
000003CF
000003D8
000003CF
000003CF
000003D9
000003CF
000003CF
000003DA
000003CF
000003DB
000003DB
000003DC
000003DD
000003DB
000003DB
000003DE
000003DB
000003DB
000003DB
000003DB
000003DB
000003DB
000003DB
000003DF
000003DB
000003DB
000003DB
000003DB
000003E0
000003DB
000003DB
000003E1
000003E2
000003DB
000003CF
000003D0
000003D0
000003D1
000003D0
000003CF
000003D2
000003D3
000003D4
000003D5
000003D6
000003D6
000003D7
000003CF
000003CF
000003CF
000003D8
000003CF
000003CF
000003D9
000003CF
000003CF
000003DA
000003CF
000003DB
000003DB
000003DC
000003DD
000003DB
000003DB
000003DE
000003DB
000003DB
000003DB
000003DB
000003DB
000003DB
000003DB
000003DF
000003DB
000003DB
000003DB
000003DB
000003E0
000003DB
000003DB
000003E1
000003E2
000003DB
000003CF
000003D0
000003D0
000003D1
000003D0
000003CF
000003D2
000003D3
000003D4
000003D5
000003D6
000003D6
000003D7
000003CF
000003CF
000003CF
000003D8
000003CF
000003CF
000003D9
000003CF
000003CF
000003DA
000003CF
000003DB
000003DB
000003DC
000003DD
000003DB
000003DB
000003DE
000003DB
000003DB
000003DB
000003DB
000003DB
000003DB
000003DB
000003DF
000003DB
000003DB
000003DB
000003DB
000003E0
000003DB
000003DB
000003E1
000003E2
000003DB
000003CF
000003D0
000003D0
000003D1
000003D0
000003CF
000003D2
000003D3
000003D4
000003D5
000003D6
000003D6
000003D7
000003CF
000003CF
000003CF
000003D8
000003CF
000003CF
000003D9
000003CF
000003CF
000003DA
000003CF
000003DB
000003DB
000003DC
000003DD
000003DB
000003DB
000003DE
000003DB
000003DB
000003DB
000003DB
000003DB
000003DB
000003DB
000003DF
000003DB
000003DB
000003DB
000003DB
000003E0
000003DB
000003DB
000003E1
000003E2
000003DB
000003CF
000003D0
000003D0
000003D1
000003D0
000003CF
000003D2
000003D3
000003D4
000003D5
000003D6
000003D6
000003D7
000003CF
000003CF
000003CF
000003D8
000003CF
000003CF
000003D9
000003CF
000003CF
000003DA
000003CF
000003DB
000003DB
000003DC
000003DD
000003DB
000003DB
000003DE
000003DB
000003DB
000003DB
000003DB
000003DB
000003DB
000003DB
000003DF
000003DB
000003DB
000003DB
000003DB
000003E0
000003DB
000003DB
000003E1
000003E2
000003DB
000003CF
000003D0
000003D0
000003D1
000003D0
000003CF
000003D2
000003D3
000003D4
000003D5
000003D6
000003D6
000003D7
000003CF
000003CF
000003CF
000003D8
000003CF
000003CF
000003D9
000003CF
000003CF
000003DA
000003CF
000003DB
000003DB
000003DC
000003DD
000003DB
000003DB
000003DE
000003DB
000003DB
000003DB
000003DB
000003DB
000003DB
000003DB
000003DF
000003DB
000003DB
000003DB
000003DB
000003E0
000003DB
000003DB
000003E1
000003E2
000003DB
000003CF
000003D0
000003D0
000003D1
000003D0
000003CF
000003D2
000003D3
000003D4
000003D5
000003D6
000003D6
000003D7
000003CF
000003CF
000003CF
000003D8
000003CF
000003CF
000003D9
000003CF
000003CF
000003DA
000003CF
000003DB
000003DB
000003DC
000003DD
000003DB
000003DB
000003DE
000003DB
000003DB
000003DB
000003DB
000003DB
000003DB
000003DB
000003DF
000003DB
000003DB
000003DB
000003DB
000003E0
000003DB
000003DB
000003E1
000003E2
000003DB
000003E3
000003E4
000003E4
000003E5
000003E6
000003E3
000003E7
000003E8
000003E9
000003EA
000003EB
000003EB
000003EC
000003E3
000003E3
000003E3
000003ED
000003E3
000003E3
000003EE
000003EF
000003E3
000003F0
000003E3
000003F1
000003F1
000003F2
000003F3
000003F4
000003F1
000003F5
000003F1
000003F1
000003F1
000003F1
000003F1
000003F1
000003F1
000003F6
000003F1
000003F1
000003F1
000003F1
000003F7
000003F1
000003F1
000003F8
000003F9
000003F1
000003E3
000003E4
000003E4
000003E5
000003E6
000003E3
000003E7
000003E8
000003E9
000003EA
000003EB
000003EB
000003EC
000003E3
000003E3
000003E3
000003ED
000003E3
000003E3
000003EE
000003EF
000003E3
000003F0
000003E3
000003F1
000003F1
000003F2
000003F3
000003F4
000003F1
000003F5
000003F1
000003F1
000003F1
000003F1
000003F1
000003F1
000003F1
000003F6
000003F1
000003F1
000003F1
000003F1
000003F7
000003F1
000003F1
000003F8
000003F9
000003F1
000003E3
000003E4
000003E4
000003E5
000003E6
000003E3
000003E7
000003E8
000003E9
000003EA
000003EB
000003EB
000003EC
000003E3
000003E3
000003E3
000003ED
000003E3
000003E3
000003EE
000003EF
000003E3
000003F0
000003E3
000003F1
000003F1
000003F2
000003F3
000003F4
000003F1
000003F5
000003F1
000003F1
000003F1
000003F1
000003F1
000003F1
000003F1
000003F6
000003F1
000003F1
000003F1
000003F1
000003F7
000003F1
000003F1
000003F8
000003F9
000003F1
000003E3
000003E4
000003E4
000003E5
000003E6
000003E3
000003E7
000003E8
000003E9
000003EA
000003EB
000003EB
000003EC
000003E3
000003E3
000003E3
000003ED
000003E3
000003E3
000003EE
000003EF
000003E3
000003F0
000003E3
000003F1
000003F1
000003F2
000003F3
000003F4
000003F1
000003F5
000003F1
000003F1
000003F1
000003F1
000003F1
000003F1
000003F1
000003F6
000003F1
000003F1
000003F1
000003F1
000003F7
000003F1
000003F1
000003F8
000003F9
000003F1
000003E3
000003E4
000003E4
000003E5
000003E6
000003E3
000003E7
000003E8
000003E9
000003EA
000003EB
000003EB
000003EC
000003E3
000003E3
000003E3
000003ED
000003E3
000003E3
000003EE
000003EF
000003E3
000003F0
000003E3
000003F1
000003F1
000003F2
000003F3
000003F4
000003F1
000003F5
000003F1
000003F1
000003F1
000003F1
000003F1
000003F1
000003F1
000003F6
000003F1
000003F1
000003F1
000003F1
000003F7
000003F1
000003F1
000003F8
000003F9
000003F1
000003E3
000003E4
000003E4
000003E5
000003E6
000003E3
000003E7
000003E8
000003E9
000003EA
000003EB
000003EB
000003EC
000003E3
000003E3
000003E3
000003ED
000003E3
000003E3
000003EE
000003EF
000003E3
000003F0
000003E3
000003F1
000003F1
000003F2
000003F3
000003F4
000003F1
000003F5
000003F1
000003F1
000003F1
000003F1
000003F1
000003F1
000003F1
000003F6
000003F1
000003F1
000003F1
000003F1
000003F7
000003F1
000003F1
000003F8
000003F9
000003F1
000003E3
000003E4
000003E4
000003E5
000003E6
000003E3
000003E7
000003E8
000003E9
000003EA
000003EB
000003EB
000003EC
000003E3
000003E3
000003E3
000003ED
000003E3
000003E3
000003EE
000003EF
000003E3
000003F0
000003E3
000003F1
000003F1
000003F2
000003F3
000003F4
000003F1
000003F5
000003F1
000003F1
000003F1
000003F1
000003F1
000003F1
000003F1
000003F6
000003F1
000003F1
000003F1
000003F1
000003F7
000003F1
000003F1
000003F8
000003F9
000003F1
000003E3
000003E4
000003E4
000003E5
000003E6
000003E3
000003E7
000003E8
000003E9
000003EA
000003EB
000003EB
000003EC
000003E3
000003E3
000003E3
000003ED
000003E3
000003E3
000003EE
000003EF
000003E3
000003F0
000003E3
000003F1
000003F1
000003F2
000003F3
000003F4
000003F1
000003F5
000003F1
000003F1
000003F1
000003F1
000003F1
000003F1
000003F1
000003F6
000003F1
000003F1
000003F1
000003F1
000003F7
000003F1
000003F1
000003F8
000003F9
000003F1
000003E3
000003E4
000003E4
000003E5
000003E6
000003E3
000003E7
000003E8
000003E9
000003EA
000003EB
000003EB
000003EC
000003E3
000003E3
000003E3
000003ED
000003E3
000003E3
000003EE
000003EF
000003E3
000003F0
000003E3
000003F1
000003F1
000003F2
000003F3
000003F4
000003F1
000003F5
000003F1
000003F1
000003F1
000003F1
000003F1
000003F1
000003F1
000003F6
000003F1
000003F1
000003F1
000003F1
000003F7
000003F1
000003F1
000003F8
000003F9
000003F1
000003E3
000003E4
000003E4
000003E5
000003E6
000003E3
000003E7
000003E8
000003E9
000003EA
000003EB
000003EB
000003EC
000003E3
000003E3
000003E3
000003ED
000003E3
000003E3
000003EE
000003EF
000003E3
000003F0
000003E3
000003F1
000003F1
000003F2
000003F3
000003F4
000003F1
000003F5
000003F1
000003F1
000003F1
000003F1
000003F1
000003F1
000003F1
000003F6
000003F1
000003F1
000003F1
000003F1
000003F7
000003F1
000003F1
000003F8
000003F9
000003F1
000003E3
000003E4
000003E4
000003E5
000003E6
000003E3
000003E7
000003E8
000003E9
000003EA
000003EB
000003EB
000003EC
000003E3
000003E3
000003E3
000003ED
000003E3
000003E3
000003EE
000003EF
000003E3
000003F0
000003E3
000003F1
000003F1
000003F2
000003F3
000003F4
000003F1
000003F5
000003F1
000003F1
000003F1
000003F1
000003F1
000003F1
000003F1
000003F6
000003F1
000003F1
000003F1
000003F1
000003F7
000003F1
000003F1
000003F8
000003F9
000003F1
000003E3
000003E4
000003E4
000003E5
000003E6
000003E3
000003E7
000003E8
000003E9
000003EA
000003EB
000003EB
000003EC
000003E3
000003E3
000003E3
000003ED
000003E3
000003E3
000003EE
000003EF
000003E3
000003F0
000003E3
000003F1
000003F1
000003F2
000003F3
000003F4
000003F1
000003F5
000003F1
000003F1
000003F1
000003F1
000003F1
000003F1
000003F1
000003F6
000003F1
000003F1
000003F1
000003F1
000003F7
000003F1
000003F1
000003F8
000003F9
000003F1
000003E3
000003E4
000003E4
000003E5
000003E6
000003E3
000003E7
000003E8
000003E9
000003EA
000003EB
000003EB
000003EC
000003E3
000003E3
000003E3
000003ED
000003E3
000003E3
000003EE
000003EF
000003E3
000003F0
000003E3
000003F1
000003F1
000003F2
000003F3
000003F4
000003F1
000003F5
000003F1
000003F1
000003F1
000003F1
000003F1
000003F1
000003F1
000003F6
000003F1
000003F1
000003F1
000003F1
000003F7
000003F1
000003F1
000003F8
000003F9
000003F1
000003E3
000003E4
000003E4
000003E5
000003E6
000003E3
000003E7
000003E8
000003E9
000003EA
000003EB
000003EB
000003EC
000003E3
000003E3
000003E3
000003ED
000003E3
000003E3
000003EE
000003EF
000003E3
000003F0
000003E3
000003F1
000003F1
000003F2
000003F3
000003F4
000003F1
000003F5
000003F1
000003F1
000003F1
000003F1
000003F1
000003F1
000003F1
000003F6
000003F1
000003F1
000003F1
000003F1
000003F7
000003F1
000003F1
000003F8
000003F9
000003F1
000003E3
000003E4
000003E4
000003E5
000003E6
000003E3
000003E7
000003E8
000003E9
000003EA
000003EB
000003EB
000003EC
000003E3
000003E3
000003E3
000003ED
000003E3
000003E3
000003EE
000003EF
000003E3
000003F0
000003E3
000003F1
000003F1
000003F2
000003F3
000003F4
000003F1
000003F5
000003F1
000003F1
000003F1
000003F1
000003F1
000003F1
000003F1
000003F6
000003F1
000003F1
000003F1
000003F1
000003F7
000003F1
000003F1
000003F8
000003F9
000003F1
000003E3
000003E4
000003E4
000003E5
000003E6
000003E3
000003E7
000003E8
000003E9
000003EA
000003EB
000003EB
000003EC
000003E3
000003E3
000003E3
000003ED
000003E3
000003E3
000003EE
000003EF
000003E3
000003F0
000003E3
000003F1
000003F1
000003F2
000003F3
000003F4
000003F1
000003F5
000003F1
000003F1
000003F1
000003F1
000003F1
000003F1
000003F1
000003F6
000003F1
000003F1
000003F1
000003F1
000003F7
000003F1
000003F1
000003F8
000003F9
000003F1
000003E3
000003E4
000003E4
000003E5
000003E6
000003E3
000003E7
000003E8
000003E9
000003EA
000003EB
000003EB
000003EC
000003E3
000003E3
000003E3
000003ED
000003E3
000003E3
000003EE
000003EF
000003E3
000003F0
000003E3
000003F1
000003F1
000003F2
000003F3
000003F4
000003F1
000003F5
000003F1
000003F1
000003F1
000003F1
000003F1
000003F1
000003F1
000003F6
000003F1
000003F1
000003F1
000003F1
000003F7
000003F1
000003F1
000003F8
000003F9
000003F1
000003E3
000003E4
000003E4
000003E5
000003E6
000003E3
000003E7
000003E8
000003E9
000003EA
000003EB
000003EB
000003EC
000003E3
000003E3
000003E3
000003ED
000003E3
000003E3
000003EE
000003EF
000003E3
000003F0
000003E3
000003F1
000003F1
000003F2
000003F3
000003F4
000003F1
000003F5
000003F1
000003F1
000003F1
000003F1
000003F1
000003F1
000003F1
000003F6
000003F1
000003F1
000003F1
000003F1
000003F7
000003F1
000003F1
000003F8
000003F9
000003F1
000003E3
000003E4
000003E4
000003E5
000003E6
000003E3
000003E7
000003E8
000003E9
000003EA
000003EB
000003EB
000003EC
000003E3
000003E3
000003E3
000003ED
000003E3
000003E3
000003EE
000003EF
000003E3
000003F0
000003E3
000003F1
000003F1
000003F2
000003F3
000003F4
000003F1
000003F5
000003F1
000003F1
000003F1
000003F1
000003F1
000003F1
000003F1
000003F6
000003F1
000003F1
000003F1
000003F1
000003F7
000003F1
000003F1
000003F8
000003F9
000003F1
000003E3
000003E4
000003E4
000003E5
000003E6
000003E3
000003E7
000003E8
000003E9
000003EA
000003EB
000003EB
000003EC
000003E3
000003E3
000003E3
000003ED
000003E3
000003E3
000003EE
000003EF
000003E3
000003F0
000003E3
000003F1
000003F1
000003F2
000003F3
000003F4
000003F1
000003F5
000003F1
000003F1
000003F1
000003F1
000003F1
000003F1
000003F1
000003F6
000003F1
000003F1
000003F1
000003F1
000003F7
000003F1
000003F1
000003F8
000003F9
000003F1
000003E3
000003E4
000003E4
000003E5
000003E6
000003E3
000003E7
000003E8
000003E9
000003EA
000003EB
000003EB
000003EC
000003E3
000003E3
000003E3
000003ED
000003E3
000003E3
000003EE
000003EF
000003E3
000003F0
000003E3
000003F1
000003F1
000003F2
000003F3
000003F4
000003F1
000003F5
000003F1
000003F1
000003F1
000003F1
000003F1
000003F1
000003F1
000003F6
000003F1
000003F1
000003F1
000003F1
000003F7
000003F1
000003F1
000003F8
000003F9
000003F1
000003E3
000003E4
000003E4
000003E5
000003E6
000003E3
000003E7
000003E8
000003E9
000003EA
000003EB
000003EB
000003EC
000003E3
000003E3
000003E3
000003ED
000003E3
000003E3
000003EE
000003EF
000003E3
000003F0
000003E3
000003F1
000003F1
000003F2
000003F3
000003F4
000003F1
000003F5
000003F1
000003F1
000003F1
000003F1
000003F1
000003F1
000003F1
000003F6
000003F1
000003F1
000003F1
000003F1
000003F7
000003F1
000003F1
000003F8
000003F9
000003F1
000003E3
000003E4
000003E4
000003E5
000003E6
000003E3
000003E7
000003E8
000003E9
000003EA
000003EB
000003EB
000003EC
000003E3
000003E3
000003E3
000003ED
000003E3
000003E3
000003EE
000003EF
000003E3
000003F0
000003E3
000003F1
000003F1
000003F2
000003F3
000003F4
000003F1
000003F5
000003F1
000003F1
000003F1
000003F1
000003F1
000003F1
000003F1
000003F6
000003F1
000003F1
000003F1
000003F1
000003F7
000003F1
000003F1
000003F8
000003F9
000003F1
000003FA
000003FB
000003FB
000003FC
000003FD
000003FA
000003FE
000003FF
00000400
00000401
00000402
00000402
00000403
000003FA
000003FA
000003FA
00000404
000003FA
000003FA
00000405
000003FA
000003FA
00000406
000003FA
00000407
00000407
00000408
00000409
00000407
00000407
0000040A
00000407
00000407
00000407
00000407
00000407
00000407
00000407
0000040B
00000407
00000407
00000407
00000407
0000040C
00000407
00000407
0000040D
0000040E
00000407
000003FA
000003FB
000003FB
000003FC
000003FD
000003FA
000003FE
000003FF
00000400
00000401
00000402
00000402
00000403
000003FA
000003FA
000003FA
00000404
000003FA
000003FA
00000405
000003FA
000003FA
00000406
000003FA
00000407
00000407
00000408
00000409
00000407
00000407
0000040A
00000407
00000407
00000407
00000407
00000407
00000407
00000407
0000040B
00000407
00000407
00000407
00000407
0000040C
00000407
00000407
0000040D
0000040E
00000407
000003FA
000003FB
000003FB
000003FC
000003FD
000003FA
000003FE
000003FF
00000400
00000401
00000402
00000402
00000403
000003FA
000003FA
000003FA
00000404
000003FA
000003FA
00000405
000003FA
000003FA
00000406
000003FA
00000407
00000407
00000408
00000409
00000407
00000407
0000040A
00000407
00000407
00000407
00000407
00000407
00000407
00000407
0000040B
00000407
00000407
00000407
00000407
0000040C
00000407
00000407
0000040D
0000040E
00000407
000003FA
000003FB
000003FB
000003FC
000003FD
000003FA
000003FE
000003FF
00000400
00000401
00000402
00000402
00000403
000003FA
000003FA
000003FA
00000404
000003FA
000003FA
00000405
000003FA
000003FA
00000406
000003FA
00000407
00000407
00000408
00000409
00000407
00000407
0000040A
00000407
00000407
00000407
00000407
00000407
00000407
00000407
0000040B
00000407
00000407
00000407
00000407
0000040C
00000407
00000407
0000040D
0000040E
00000407
000003FA
000003FB
000003FB
000003FC
000003FD
000003FA
000003FE
000003FF
00000400
00000401
00000402
00000402
00000403
000003FA
000003FA
000003FA
00000404
000003FA
000003FA
00000405
000003FA
000003FA
00000406
000003FA
00000407
00000407
00000408
00000409
00000407
00000407
0000040A
00000407
00000407
00000407
00000407
00000407
00000407
00000407
0000040B
00000407
00000407
00000407
00000407
0000040C
00000407
00000407
0000040D
0000040E
00000407
000003FA
000003FB
000003FB
000003FC
000003FD
000003FA
000003FE
000003FF
00000400
00000401
00000402
00000402
00000403
000003FA
000003FA
000003FA
00000404
000003FA
000003FA
00000405
000003FA
000003FA
00000406
000003FA
00000407
00000407
00000408
00000409
00000407
00000407
0000040A
00000407
00000407
00000407
00000407
00000407
00000407
00000407
0000040B
00000407
00000407
00000407
00000407
0000040C
00000407
00000407
0000040D
0000040E
00000407
000003FA
000003FB
000003FB
000003FC
000003FD
000003FA
000003FE
000003FF
00000400
00000401
00000402
00000402
00000403
000003FA
000003FA
000003FA
00000404
000003FA
000003FA
00000405
000003FA
000003FA
00000406
000003FA
00000407
00000407
00000408
00000409
00000407
00000407
0000040A
00000407
00000407
00000407
00000407
00000407
00000407
00000407
0000040B
00000407
00000407
00000407
00000407
0000040C
00000407
00000407
0000040D
0000040E
00000407
0000040F
00000410
00000410
00000411
00000412
0000040F
00000413
00000414
00000415
00000416
00000417
00000417
00000418
0000040F
0000040F
0000040F
00000419
0000040F
0000040F
0000041A
0000041B
0000040F
0000041C
0000040F
0000041D
0000041D
0000041E
0000041F
00000420
0000041D
00000421
0000041D
0000041D
0000041D
0000041D
0000041D
0000041D
0000041D
00000422
0000041D
0000041D
0000041D
0000041D
00000423
0000041D
0000041D
00000424
00000425
0000041D
0000040F
00000410
00000410
00000411
00000412
0000040F
00000413
00000414
00000415
00000416
00000417
00000417
00000418
0000040F
0000040F
0000040F
00000419
0000040F
0000040F
0000041A
0000041B
0000040F
0000041C
0000040F
0000041D
0000041D
0000041E
0000041F
00000420
0000041D
00000421
0000041D
0000041D
0000041D
0000041D
0000041D
0000041D
0000041D
00000422
0000041D
0000041D
0000041D
0000041D
00000423
0000041D
0000041D
00000424
00000425
0000041D
0000040F
00000410
00000410
00000411
00000412
0000040F
00000413
00000414
00000415
00000416
00000417
00000417
00000418
0000040F
0000040F
0000040F
00000419
0000040F
0000040F
0000041A
0000041B
0000040F
0000041C
0000040F
0000041D
0000041D
0000041E
0000041F
00000420
0000041D
00000421
0000041D
0000041D
0000041D
0000041D
0000041D
0000041D
0000041D
00000422
0000041D
0000041D
0000041D
0000041D
00000423
0000041D
0000041D
00000424
00000425
0000041D
0000040F
00000410
00000410
00000411
00000412
0000040F
00000413
00000414
00000415
00000416
00000417
00000417
00000418
0000040F
0000040F
0000040F
00000419
0000040F
0000040F
0000041A
0000041B
0000040F
0000041C
0000040F
0000041D
0000041D
0000041E
0000041F
00000420
0000041D
00000421
0000041D
0000041D
0000041D
0000041D
0000041D
0000041D
0000041D
00000422
0000041D
0000041D
0000041D
0000041D
00000423
0000041D
0000041D
00000424
00000425
0000041D
0000040F
00000410
00000410
00000411
00000412
0000040F
00000413
00000414
00000415
00000416
00000417
00000417
00000418
0000040F
0000040F
0000040F
00000419
0000040F
0000040F
0000041A
0000041B
0000040F
0000041C
0000040F
0000041D
0000041D
0000041E
0000041F
00000420
0000041D
00000421
0000041D
0000041D
0000041D
0000041D
0000041D
0000041D
0000041D
00000422
0000041D
0000041D
0000041D
0000041D
00000423
0000041D
0000041D
00000424
00000425
0000041D
0000040F
00000410
00000410
00000411
00000412
0000040F
00000413
00000414
00000415
00000416
00000417
00000417
00000418
0000040F
0000040F
0000040F
00000419
0000040F
0000040F
0000041A
0000041B
0000040F
0000041C
0000040F
0000041D
0000041D
0000041E
0000041F
00000420
0000041D
00000421
0000041D
0000041D
0000041D
0000041D
0000041D
0000041D
0000041D
00000422
0000041D
0000041D
0000041D
0000041D
00000423
0000041D
0000041D
00000424
00000425
0000041D
00000426
00000427
00000427
00000428
00000427
00000426
00000429
0000042A
0000042B
0000042C
0000042D
0000042D
0000042E
00000426
00000426
00000426
0000042F
00000426
00000426
00000430
00000426
00000426
00000431
00000426
00000432
00000432
00000433
00000434
00000435
00000432
00000436
00000432
00000432
00000432
00000432
00000432
00000432
00000432
00000437
00000432
00000432
00000432
00000432
00000438
00000432
00000432
00000439
0000043A
00000432
00000426
00000427
00000427
00000428
00000427
00000426
00000429
0000042A
0000042B
0000042C
0000042D
0000042D
0000042E
00000426
00000426
00000426
0000042F
00000426
00000426
00000430
00000426
00000426
00000431
00000426
00000432
00000432
00000433
00000434
00000435
00000432
00000436
00000432
00000432
00000432
00000432
00000432
00000432
00000432
00000437
00000432
00000432
00000432
00000432
00000438
00000432
00000432
00000439
0000043A
00000432
00000426
00000427
00000427
00000428
00000427
00000426
00000429
0000042A
0000042B
0000042C
0000042D
0000042D
0000042E
00000426
00000426
00000426
0000042F
00000426
00000426
00000430
00000426
00000426
00000431
00000426
00000432
00000432
00000433
00000434
00000435
00000432
00000436
00000432
00000432
00000432
00000432
00000432
00000432
00000432
00000437
00000432
00000432
00000432
00000432
00000438
00000432
00000432
00000439
0000043A
00000432
00000426
00000427
00000427
00000428
00000427
00000426
00000429
0000042A
0000042B
0000042C
0000042D
0000042D
0000042E
00000426
00000426
00000426
0000042F
00000426
00000426
00000430
00000426
00000426
00000431
00000426
00000432
00000432
00000433
00000434
00000435
00000432
00000436
00000432
00000432
00000432
00000432
00000432
00000432
00000432
00000437
00000432
00000432
00000432
00000432
00000438
00000432
00000432
00000439
0000043A
00000432
00000426
00000427
00000427
00000428
00000427
00000426
00000429
0000042A
0000042B
0000042C
0000042D
0000042D
0000042E
00000426
00000426
00000426
0000042F
00000426
00000426
00000430
00000426
00000426
00000431
00000426
00000432
00000432
00000433
00000434
00000435
00000432
00000436
00000432
00000432
00000432
00000432
00000432
00000432
00000432
00000437
00000432
00000432
00000432
00000432
00000438
00000432
00000432
00000439
0000043A
00000432
0000043B
0000043C
0000043C
0000043D
0000043C
0000043B
0000043E
0000043F
00000440
00000441
00000442
00000442
00000443
0000043B
0000043B
0000043B
00000444
0000043B
0000043B
00000445
0000043B
0000043B
00000446
0000043B
00000447
00000447
00000448
00000449
00000447
00000447
0000044A
00000447
00000447
00000447
00000447
00000447
00000447
00000447
0000044B
00000447
00000447
00000447
00000447
0000044C
00000447
00000447
0000044D
0000044E
00000447
0000044F
00000450
00000450
00000451
00000452
0000044F
00000453
00000454
00000455
00000456
00000457
00000457
00000458
0000044F
0000044F
0000044F
00000459
0000044F
0000044F
0000045A
0000044F
0000044F
0000045B
0000044F
0000045C
0000045C
0000045D
0000045E
0000045F
0000045C
00000460
0000045C
0000045C
0000045C
0000045C
0000045C
0000045C
0000045C
00000461
0000045C
0000045C
0000045C
0000045C
00000462
0000045C
0000045C
00000463
00000464
0000045C
00000465
00000466
00000466
00000467
00000468
00000465
00000469
0000046A
0000046B
0000046C
0000046D
0000046D
0000046E
00000465
00000465
00000465
0000046F
00000465
00000465
00000470
00000465
00000465
00000471
00000465
00000472
00000472
00000473
00000474
00000472
00000475
00000476
00000472
00000472
00000472
00000472
00000472
00000472
00000472
00000477
00000472
00000472
00000472
00000472
00000478
00000479
00000472
0000047A
0000047B
00000472
0000047C
0000047D
0000047D
0000047E
0000047F
0000047C
00000480
00000481
00000482
00000483
00000484
00000484
00000485
00000486
0000047C
00000487
00000488
0000047C
0000047C
00000489
0000047C
0000047C
0000048A
0000047C
0000048B
0000048B
0000048C
0000048D
0000048B
0000048B
0000048E
0000048B
0000048B
0000048B
0000048B
0000048B
0000048B
0000048B
0000048F
0000048B
0000048B
0000048B
0000048B
00000490
0000048B
0000048B
00000491
00000492
0000048B
00000493
00000494
00000494
00000495
00000494
00000493
00000496
00000497
00000498
00000499
0000049A
0000049A
0000049B
00000493
00000493
00000493
0000049C
00000493
00000493
0000049D
00000493
00000493
0000049E
00000493
0000049F
0000049F
000004A0
000004A1
0000049F
0000049F
000004A2
0000049F
0000049F
0000049F
0000049F
0000049F
0000049F
0000049F
000004A3
0000049F
0000049F
0000049F
0000049F
000004A4
0000049F
0000049F
000004A5
000004A6
0000049F
000004A7
000004A8
000004A8
000004A9
000004A8
000004A7
000004AA
000004AB
000004AC
000004AD
000004AE
000004AE
000004AF
000004A7
000004A7
000004A7
000004B0
000004A7
000004A7
000004B1
000004A7
000004A7
000004B2
000004B3
000004B4
000004B4
000004B5
000004B6
000004B4
000004B4
000004B7
000004B4
000004B4
000004B4
000004B4
000004B4
000004B4
000004B4
000004B8
000004B4
000004B4
000004B4
000004B4
000004B9
000004B4
000004B4
000004BA
000004BB
000004B4
000004A7
000004A8
000004A8
000004A9
000004A8
000004A7
000004AA
000004AB
000004AC
000004AD
000004AE
000004AE
000004AF
000004A7
000004A7
000004A7
000004B0
000004A7
000004A7
000004B1
000004A7
000004A7
000004B2
000004B3
000004B4
000004B4
000004B5
000004B6
000004B4
000004B4
000004B7
000004B4
000004B4
000004B4
000004B4
000004B4
000004B4
000004B4
000004B8
000004B4
000004B4
000004B4
000004B4
000004B9
000004B4
000004B4
000004BA
000004BB
000004B4
000004A7
000004A8
000004A8
000004A9
000004A8
000004A7
000004AA
000004AB
000004AC
000004AD
000004AE
000004AE
000004AF
000004A7
000004A7
000004A7
000004B0
000004A7
000004A7
000004B1
000004A7
000004A7
000004B2
000004B3
000004B4
000004B4
000004B5
000004B6
000004B4
000004B4
000004B7
000004B4
000004B4
000004B4
000004B4
000004B4
000004B4
000004B4
000004B8
000004B4
000004B4
000004B4
000004B4
000004B9
000004B4
000004B4
000004BA
000004BB
000004B4
000004A7
000004A8
000004A8
000004A9
000004A8
000004A7
000004AA
000004AB
000004AC
000004AD
000004AE
000004AE
000004AF
000004A7
000004A7
000004A7
000004B0
000004A7
000004A7
000004B1
000004A7
000004A7
000004B2
000004B3
000004B4
000004B4
000004B5
000004B6
000004B4
000004B4
000004B7
000004B4
000004B4
000004B4
000004B4
000004B4
000004B4
000004B4
000004B8
000004B4
000004B4
000004B4
000004B4
000004B9
000004B4
000004B4
000004BA
000004BB
000004B4
000004A7
000004A8
000004A8
000004A9
000004A8
000004A7
000004AA
000004AB
000004AC
000004AD
000004AE
000004AE
000004AF
000004A7
000004A7
000004A7
000004B0
000004A7
000004A7
000004B1
000004A7
000004A7
000004B2
000004B3
000004B4
000004B4
000004B5
000004B6
000004B4
000004B4
000004B7
000004B4
000004B4
000004B4
000004B4
000004B4
000004B4
000004B4
000004B8
000004B4
000004B4
000004B4
000004B4
000004B9
000004B4
000004B4
000004BA
000004BB
000004B4
000004A7
000004A8
000004A8
000004A9
000004A8
000004A7
000004AA
000004AB
000004AC
000004AD
000004AE
000004AE
000004AF
000004A7
000004A7
000004A7
000004B0
000004A7
000004A7
000004B1
000004A7
000004A7
000004B2
000004B3
000004B4
000004B4
000004B5
000004B6
000004B4
000004B4
000004B7
000004B4
000004B4
000004B4
000004B4
000004B4
000004B4
000004B4
000004B8
000004B4
000004B4
000004B4
000004B4
000004B9
000004B4
000004B4
000004BA
000004BB
000004B4
000004A7
000004A8
000004A8
000004A9
000004A8
000004A7
000004AA
000004AB
000004AC
000004AD
000004AE
000004AE
000004AF
000004A7
000004A7
000004A7
000004B0
000004A7
000004A7
000004B1
000004A7
000004A7
000004B2
000004B3
000004B4
000004B4
000004B5
000004B6
000004B4
000004B4
000004B7
000004B4
000004B4
000004B4
000004B4
000004B4
000004B4
000004B4
000004B8
000004B4
000004B4
000004B4
000004B4
000004B9
000004B4
000004B4
000004BA
000004BB
000004B4
000004A7
000004A8
000004A8
000004A9
000004A8
000004A7
000004AA
000004AB
000004AC
000004AD
000004AE
000004AE
000004AF
000004A7
000004A7
000004A7
000004B0
000004A7
000004A7
000004B1
000004A7
000004A7
000004B2
000004B3
000004B4
000004B4
000004B5
000004B6
000004B4
000004B4
000004B7
000004B4
000004B4
000004B4
000004B4
000004B4
000004B4
000004B4
000004B8
000004B4
000004B4
000004B4
000004B4
000004B9
000004B4
000004B4
000004BA
000004BB
000004B4
000004A7
000004A8
000004A8
000004A9
000004A8
000004A7
000004AA
000004AB
000004AC
000004AD
000004AE
000004AE
000004AF
000004A7
000004A7
000004A7
000004B0
000004A7
000004A7
000004B1
000004A7
000004A7
000004B2
000004B3
000004B4
000004B4
000004B5
000004B6
000004B4
000004B4
000004B7
000004B4
000004B4
000004B4
000004B4
000004B4
000004B4
000004B4
000004B8
000004B4
000004B4
000004B4
000004B4
000004B9
000004B4
000004B4
000004BA
000004BB
000004B4
000004A7
000004A8
000004A8
000004A9
000004A8
000004A7
000004AA
000004AB
000004AC
000004AD
000004AE
000004AE
000004AF
000004A7
000004A7
000004A7
000004B0
000004A7
000004A7
000004B1
000004A7
000004A7
000004B2
000004B3
000004B4
000004B4
000004B5
000004B6
000004B4
000004B4
000004B7
000004B4
000004B4
000004B4
000004B4
000004B4
000004B4
000004B4
000004B8
000004B4
000004B4
000004B4
000004B4
000004B9
000004B4
000004B4
000004BA
000004BB
000004B4
000004A7
000004A8
000004A8
000004A9
000004A8
000004A7
000004AA
000004AB
000004AC
000004AD
000004AE
000004AE
000004AF
000004A7
000004A7
000004A7
000004B0
000004A7
000004A7
000004B1
000004A7
000004A7
000004B2
000004B3
000004B4
000004B4
000004B5
000004B6
000004B4
000004B4
000004B7
000004B4
000004B4
000004B4
000004B4
000004B4
000004B4
000004B4
000004B8
000004B4
000004B4
000004B4
000004B4
000004B9
000004B4
000004B4
000004BA
000004BB
000004B4
000004A7
000004A8
000004A8
000004A9
000004A8
000004A7
000004AA
000004AB
000004AC
000004AD
000004AE
000004AE
000004AF
000004A7
000004A7
000004A7
000004B0
000004A7
000004A7
000004B1
000004A7
000004A7
000004B2
000004B3
000004B4
000004B4
000004B5
000004B6
000004B4
000004B4
000004B7
000004B4
000004B4
000004B4
000004B4
000004B4
000004B4
000004B4
000004B8
000004B4
000004B4
000004B4
000004B4
000004B9
000004B4
000004B4
000004BA
000004BB
000004B4
000004A7
000004A8
000004A8
000004A9
000004A8
000004A7
000004AA
000004AB
000004AC
000004AD
000004AE
000004AE
000004AF
000004A7
000004A7
000004A7
000004B0
000004A7
000004A7
000004B1
000004A7
000004A7
000004B2
000004B3
000004B4
000004B4
000004B5
000004B6
000004B4
000004B4
000004B7
000004B4
000004B4
000004B4
000004B4
000004B4
000004B4
000004B4
000004B8
000004B4
000004B4
000004B4
000004B4
000004B9
000004B4
000004B4
000004BA
000004BB
000004B4
000004A7
000004A8
000004A8
000004A9
000004A8
000004A7
000004AA
000004AB
000004AC
000004AD
000004AE
000004AE
000004AF
000004A7
000004A7
000004A7
000004B0
000004A7
000004A7
000004B1
000004A7
000004A7
000004B2
000004B3
000004B4
000004B4
000004B5
000004B6
000004B4
000004B4
000004B7
000004B4
000004B4
000004B4
000004B4
000004B4
000004B4
000004B4
000004B8
000004B4
000004B4
000004B4
000004B4
000004B9
000004B4
000004B4
000004BA
000004BB
000004B4
000004A7
000004A8
000004A8
000004A9
000004A8
000004A7
000004AA
000004AB
000004AC
000004AD
000004AE
000004AE
000004AF
000004A7
000004A7
000004A7
000004B0
000004A7
000004A7
000004B1
000004A7
000004A7
000004B2
000004B3
000004B4
000004B4
000004B5
000004B6
000004B4
000004B4
000004B7
000004B4
000004B4
000004B4
000004B4
000004B4
000004B4
000004B4
000004B8
000004B4
000004B4
000004B4
000004B4
000004B9
000004B4
000004B4
000004BA
000004BB
000004B4
000004A7
000004A8
000004A8
000004A9
000004A8
000004A7
000004AA
000004AB
000004AC
000004AD
000004AE
000004AE
000004AF
000004A7
000004A7
000004A7
000004B0
000004A7
000004A7
000004B1
000004A7
000004A7
000004B2
000004B3
000004B4
000004B4
000004B5
000004B6
000004B4
000004B4
000004B7
000004B4
000004B4
000004B4
000004B4
000004B4
000004B4
000004B4
000004B8
000004B4
000004B4
000004B4
000004B4
000004B9
000004B4
000004B4
000004BA
000004BB
000004B4
000004A7
000004A8
000004A8
000004A9
000004A8
000004A7
000004AA
000004AB
000004AC
000004AD
000004AE
000004AE
000004AF
000004A7
000004A7
000004A7
000004B0
000004A7
000004A7
000004B1
000004A7
000004A7
000004B2
000004B3
000004B4
000004B4
000004B5
000004B6
000004B4
000004B4
000004B7
000004B4
000004B4
000004B4
000004B4
000004B4
000004B4
000004B4
000004B8
000004B4
000004B4
000004B4
000004B4
000004B9
000004B4
000004B4
000004BA
000004BB
000004B4
000004A7
000004A8
000004A8
000004A9
000004A8
000004A7
000004AA
000004AB
000004AC
000004AD
000004AE
000004AE
000004AF
000004A7
000004A7
000004A7
000004B0
000004A7
000004A7
000004B1
000004A7
000004A7
000004B2
000004B3
000004B4
000004B4
000004B5
000004B6
000004B4
000004B4
000004B7
000004B4
000004B4
000004B4
000004B4
000004B4
000004B4
000004B4
000004B8
000004B4
000004B4
000004B4
000004B4
000004B9
000004B4
000004B4
000004BA
000004BB
000004B4
000004A7
000004A8
000004A8
000004A9
000004A8
000004A7
000004AA
000004AB
000004AC
000004AD
000004AE
000004AE
000004AF
000004A7
000004A7
000004A7
000004B0
000004A7
000004A7
000004B1
000004A7
000004A7
000004B2
000004B3
000004B4
000004B4
000004B5
000004B6
000004B4
000004B4
000004B7
000004B4
000004B4
000004B4
000004B4
000004B4
000004B4
000004B4
000004B8
000004B4
000004B4
000004B4
000004B4
000004B9
000004B4
000004B4
000004BA
000004BB
000004B4
000004A7
000004A8
000004A8
000004A9
000004A8
000004A7
000004AA
000004AB
000004AC
000004AD
000004AE
000004AE
000004AF
000004A7
000004A7
000004A7
000004B0
000004A7
000004A7
000004B1
000004A7
000004A7
000004B2
000004B3
000004B4
000004B4
000004B5
000004B6
000004B4
000004B4
000004B7
000004B4
000004B4
000004B4
000004B4
000004B4
000004B4
000004B4
000004B8
000004B4
000004B4
000004B4
000004B4
000004B9
000004B4
000004B4
000004BA
000004BB
000004B4
000004A7
000004A8
000004A8
000004A9
000004A8
000004A7
000004AA
000004AB
000004AC
000004AD
000004AE
000004AE
000004AF
000004A7
000004A7
000004A7
000004B0
000004A7
000004A7
000004B1
000004A7
000004A7
000004B2
000004B3
000004B4
000004B4
000004B5
000004B6
000004B4
000004B4
000004B7
000004B4
000004B4
000004B4
000004B4
000004B4
000004B4
000004B4
000004B8
000004B4
000004B4
000004B4
000004B4
000004B9
000004B4
000004B4
000004BA
000004BB
000004B4
000004A7
000004A8
000004A8
000004A9
000004A8
000004A7
000004AA
000004AB
000004AC
000004AD
000004AE
000004AE
000004AF
000004A7
000004A7
000004A7
000004B0
000004A7
000004A7
000004B1
000004A7
000004A7
000004B2
000004B3
000004B4
000004B4
000004B5
000004B6
000004B4
000004B4
000004B7
000004B4
000004B4
000004B4
000004B4
000004B4
000004B4
000004B4
000004B8
000004B4
000004B4
000004B4
000004B4
000004B9
000004B4
000004B4
000004BA
000004BB
000004B4
000004A7
000004A8
000004A8
000004A9
000004A8
000004A7
000004AA
000004AB
000004AC
000004AD
000004AE
000004AE
000004AF
000004A7
000004A7
000004A7
000004B0
000004A7
000004A7
000004B1
000004A7
000004A7
000004B2
000004B3
000004B4
000004B4
000004B5
000004B6
000004B4
000004B4
000004B7
000004B4
000004B4
000004B4
000004B4
000004B4
000004B4
000004B4
000004B8
000004B4
000004B4
000004B4
000004B4
000004B9
000004B4
000004B4
000004BA
000004BB
000004B4
000004BC
000004BD
000004BD
000004BE
000004BD
000004BC
000004BF
000004C0
000004C1
000004C2
000004C3
000004C3
000004C4
000004BC
000004BC
000004BC
000004C5
000004BC
000004BC
000004C6
000004BC
000004BC
000004C7
000004BC
000004C8
000004C8
000004C9
000004CA
000004C8
000004C8
000004CB
000004C8
000004C8
000004C8
000004C8
000004C8
000004C8
000004C8
000004CC
000004C8
000004C8
000004C8
000004C8
000004CD
000004C8
000004C8
000004CE
000004CF
000004C8
000004BC
000004BD
000004BD
000004BE
000004BD
000004BC
000004BF
000004C0
000004C1
000004C2
000004C3
000004C3
000004C4
000004BC
000004BC
000004BC
000004C5
000004BC
000004BC
000004C6
000004BC
000004BC
000004C7
000004BC
000004C8
000004C8
000004C9
000004CA
000004C8
000004C8
000004CB
000004C8
000004C8
000004C8
000004C8
000004C8
000004C8
000004C8
000004CC
000004C8
000004C8
000004C8
000004C8
000004CD
000004C8
000004C8
000004CE
000004CF
000004C8
000004BC
000004BD
000004BD
000004BE
000004BD
000004BC
000004BF
000004C0
000004C1
000004C2
000004C3
000004C3
000004C4
000004BC
000004BC
000004BC
000004C5
000004BC
000004BC
000004C6
000004BC
000004BC
000004C7
000004BC
000004C8
000004C8
000004C9
000004CA
000004C8
000004C8
000004CB
000004C8
000004C8
000004C8
000004C8
000004C8
000004C8
000004C8
000004CC
000004C8
000004C8
000004C8
000004C8
000004CD
000004C8
000004C8
000004CE
000004CF
000004C8
000004BC
000004BD
000004BD
000004BE
000004BD
000004BC
000004BF
000004C0
000004C1
000004C2
000004C3
000004C3
000004C4
000004BC
000004BC
000004BC
000004C5
000004BC
000004BC
000004C6
000004BC
000004BC
000004C7
000004BC
000004C8
000004C8
000004C9
000004CA
000004C8
000004C8
000004CB
000004C8
000004C8
000004C8
000004C8
000004C8
000004C8
000004C8
000004CC
000004C8
000004C8
000004C8
000004C8
000004CD
000004C8
000004C8
000004CE
000004CF
000004C8
000004BC
000004BD
000004BD
000004BE
000004BD
000004BC
000004BF
000004C0
000004C1
000004C2
000004C3
000004C3
000004C4
000004BC
000004BC
000004BC
000004C5
000004BC
000004BC
000004C6
000004BC
000004BC
000004C7
000004BC
000004C8
000004C8
000004C9
000004CA
000004C8
000004C8
000004CB
000004C8
000004C8
000004C8
000004C8
000004C8
000004C8
000004C8
000004CC
000004C8
000004C8
000004C8
000004C8
000004CD
000004C8
000004C8
000004CE
000004CF
000004C8
000004BC
000004BD
000004BD
000004BE
000004BD
000004BC
000004BF
000004C0
000004C1
000004C2
000004C3
000004C3
000004C4
000004BC
000004BC
000004BC
000004C5
000004BC
000004BC
000004C6
000004BC
000004BC
000004C7
000004BC
000004C8
000004C8
000004C9
000004CA
000004C8
000004C8
000004CB
000004C8
000004C8
000004C8
000004C8
000004C8
000004C8
000004C8
000004CC
000004C8
000004C8
000004C8
000004C8
000004CD
000004C8
000004C8
000004CE
000004CF
000004C8
000004BC
000004BD
000004BD
000004BE
000004BD
000004BC
000004BF
000004C0
000004C1
000004C2
000004C3
000004C3
000004C4
000004BC
000004BC
000004BC
000004C5
000004BC
000004BC
000004C6
000004BC
000004BC
000004C7
000004BC
000004C8
000004C8
000004C9
000004CA
000004C8
000004C8
000004CB
000004C8
000004C8
000004C8
000004C8
000004C8
000004C8
000004C8
000004CC
000004C8
000004C8
000004C8
000004C8
000004CD
000004C8
000004C8
000004CE
000004CF
000004C8
000004BC
000004BD
000004BD
000004BE
000004BD
000004BC
000004BF
000004C0
000004C1
000004C2
000004C3
000004C3
000004C4
000004BC
000004BC
000004BC
000004C5
000004BC
000004BC
000004C6
000004BC
000004BC
000004C7
000004BC
000004C8
000004C8
000004C9
000004CA
000004C8
000004C8
000004CB
000004C8
000004C8
000004C8
000004C8
000004C8
000004C8
000004C8
000004CC
000004C8
000004C8
000004C8
000004C8
000004CD
000004C8
000004C8
000004CE
000004CF
000004C8
000004BC
000004BD
000004BD
000004BE
000004BD
000004BC
000004BF
000004C0
000004C1
000004C2
000004C3
000004C3
000004C4
000004BC
000004BC
000004BC
000004C5
000004BC
000004BC
000004C6
000004BC
000004BC
000004C7
000004BC
000004C8
000004C8
000004C9
000004CA
000004C8
000004C8
000004CB
000004C8
000004C8
000004C8
000004C8
000004C8
000004C8
000004C8
000004CC
000004C8
000004C8
000004C8
000004C8
000004CD
000004C8
000004C8
000004CE
000004CF
000004C8
000004BC
000004BD
000004BD
000004BE
000004BD
000004BC
000004BF
000004C0
000004C1
000004C2
000004C3
000004C3
000004C4
000004BC
000004BC
000004BC
000004C5
000004BC
000004BC
000004C6
000004BC
000004BC
000004C7
000004BC
000004C8
000004C8
000004C9
000004CA
000004C8
000004C8
000004CB
000004C8
000004C8
000004C8
000004C8
000004C8
000004C8
000004C8
000004CC
000004C8
000004C8
000004C8
000004C8
000004CD
000004C8
000004C8
000004CE
000004CF
000004C8
000004BC
000004BD
000004BD
000004BE
000004BD
000004BC
000004BF
000004C0
000004C1
000004C2
000004C3
000004C3
000004C4
000004BC
000004BC
000004BC
000004C5
000004BC
000004BC
000004C6
000004BC
000004BC
000004C7
000004BC
000004C8
000004C8
000004C9
000004CA
000004C8
000004C8
000004CB
000004C8
000004C8
000004C8
000004C8
000004C8
000004C8
000004C8
000004CC
000004C8
000004C8
000004C8
000004C8
000004CD
000004C8
000004C8
000004CE
000004CF
000004C8
000004BC
000004BD
000004BD
000004BE
000004BD
000004BC
000004BF
000004C0
000004C1
000004C2
000004C3
000004C3
000004C4
000004BC
000004BC
000004BC
000004C5
000004BC
000004BC
000004C6
000004BC
000004BC
000004C7
000004BC
000004C8
000004C8
000004C9
000004CA
000004C8
000004C8
000004CB
000004C8
000004C8
000004C8
000004C8
000004C8
000004C8
000004C8
000004CC
000004C8
000004C8
000004C8
000004C8
000004CD
000004C8
000004C8
000004CE
000004CF
000004C8
000004BC
000004BD
000004BD
000004BE
000004BD
000004BC
000004BF
000004C0
000004C1
000004C2
000004C3
000004C3
000004C4
000004BC
000004BC
000004BC
000004C5
000004BC
000004BC
000004C6
000004BC
000004BC
000004C7
000004BC
000004C8
000004C8
000004C9
000004CA
000004C8
000004C8
000004CB
000004C8
000004C8
000004C8
000004C8
000004C8
000004C8
000004C8
000004CC
000004C8
000004C8
000004C8
000004C8
000004CD
000004C8
000004C8
000004CE
000004CF
000004C8
000004BC
000004BD
000004BD
000004BE
000004BD
000004BC
000004BF
000004C0
000004C1
000004C2
000004C3
000004C3
000004C4
000004BC
000004BC
000004BC
000004C5
000004BC
000004BC
000004C6
000004BC
000004BC
000004C7
000004BC
000004C8
000004C8
000004C9
000004CA
000004C8
000004C8
000004CB
000004C8
000004C8
000004C8
000004C8
000004C8
000004C8
000004C8
000004CC
000004C8
000004C8
000004C8
000004C8
000004CD
000004C8
000004C8
000004CE
000004CF
000004C8
000004BC
000004BD
000004BD
000004BE
000004BD
000004BC
000004BF
000004C0
000004C1
000004C2
000004C3
000004C3
000004C4
000004BC
000004BC
000004BC
000004C5
000004BC
000004BC
000004C6
000004BC
000004BC
000004C7
000004BC
000004C8
000004C8
000004C9
000004CA
000004C8
000004C8
000004CB
000004C8
000004C8
000004C8
000004C8
000004C8
000004C8
000004C8
000004CC
000004C8
000004C8
000004C8
000004C8
000004CD
000004C8
000004C8
000004CE
000004CF
000004C8
000004BC
000004BD
000004BD
000004BE
000004BD
000004BC
000004BF
000004C0
000004C1
000004C2
000004C3
000004C3
000004C4
000004BC
000004BC
000004BC
000004C5
000004BC
000004BC
000004C6
000004BC
000004BC
000004C7
000004BC
000004C8
000004C8
000004C9
000004CA
000004C8
000004C8
000004CB
000004C8
000004C8
000004C8
000004C8
000004C8
000004C8
000004C8
000004CC
000004C8
000004C8
000004C8
000004C8
000004CD
000004C8
000004C8
000004CE
000004CF
000004C8
000004BC
000004BD
000004BD
000004BE
000004BD
000004BC
000004BF
000004C0
000004C1
000004C2
000004C3
000004C3
000004C4
000004BC
000004BC
000004BC
000004C5
000004BC
000004BC
000004C6
000004BC
000004BC
000004C7
000004BC
000004C8
000004C8
000004C9
000004CA
000004C8
000004C8
000004CB
000004C8
000004C8
000004C8
000004C8
000004C8
000004C8
000004C8
000004CC
000004C8
000004C8
000004C8
000004C8
000004CD
000004C8
000004C8
000004CE
000004CF
000004C8
000004BC
000004BD
000004BD
000004BE
000004BD
000004BC
000004BF
000004C0
000004C1
000004C2
000004C3
000004C3
000004C4
000004BC
000004BC
000004BC
000004C5
000004BC
000004BC
000004C6
000004BC
000004BC
000004C7
000004BC
000004C8
000004C8
000004C9
000004CA
000004C8
000004C8
000004CB
000004C8
000004C8
000004C8
000004C8
000004C8
000004C8
000004C8
000004CC
000004C8
000004C8
000004C8
000004C8
000004CD
000004C8
000004C8
000004CE
000004CF
000004C8
000004BC
000004BD
000004BD
000004BE
000004BD
000004BC
000004BF
000004C0
000004C1
000004C2
000004C3
000004C3
000004C4
000004BC
000004BC
000004BC
000004C5
000004BC
000004BC
000004C6
000004BC
000004BC
000004C7
000004BC
000004C8
000004C8
000004C9
000004CA
000004C8
000004C8
000004CB
000004C8
000004C8
000004C8
000004C8
000004C8
000004C8
000004C8
000004CC
000004C8
000004C8
000004C8
000004C8
000004CD
000004C8
000004C8
000004CE
000004CF
000004C8
000004BC
000004BD
000004BD
000004BE
000004BD
000004BC
000004BF
000004C0
000004C1
000004C2
000004C3
000004C3
000004C4
000004BC
000004BC
000004BC
000004C5
000004BC
000004BC
000004C6
000004BC
000004BC
000004C7
000004BC
000004C8
000004C8
000004C9
000004CA
000004C8
000004C8
000004CB
000004C8
000004C8
000004C8
000004C8
000004C8
000004C8
000004C8
000004CC
000004C8
000004C8
000004C8
000004C8
000004CD
000004C8
000004C8
000004CE
000004CF
000004C8
000004BC
000004BD
000004BD
000004BE
000004BD
000004BC
000004BF
000004C0
000004C1
000004C2
000004C3
000004C3
000004C4
000004BC
000004BC
000004BC
000004C5
000004BC
000004BC
000004C6
000004BC
000004BC
000004C7
000004BC
000004C8
000004C8
000004C9
000004CA
000004C8
000004C8
000004CB
000004C8
000004C8
000004C8
000004C8
000004C8
000004C8
000004C8
000004CC
000004C8
000004C8
000004C8
000004C8
000004CD
000004C8
000004C8
000004CE
000004CF
000004C8
000004BC
000004BD
000004BD
000004BE
000004BD
000004BC
000004BF
000004C0
000004C1
000004C2
000004C3
000004C3
000004C4
000004BC
000004BC
000004BC
000004C5
000004BC
000004BC
000004C6
000004BC
000004BC
000004C7
000004BC
000004C8
000004C8
000004C9
000004CA
000004C8
000004C8
000004CB
000004C8
000004C8
000004C8
000004C8
000004C8
000004C8
000004C8
000004CC
000004C8
000004C8
000004C8
000004C8
000004CD
000004C8
000004C8
000004CE
000004CF
000004C8
000004BC
000004BD
000004BD
000004BE
000004BD
000004BC
000004BF
000004C0
000004C1
000004C2
000004C3
000004C3
000004C4
000004BC
000004BC
000004BC
000004C5
000004BC
000004BC
000004C6
000004BC
000004BC
000004C7
000004BC
000004C8
000004C8
000004C9
000004CA
000004C8
000004C8
000004CB
000004C8
000004C8
000004C8
000004C8
000004C8
000004C8
000004C8
000004CC
000004C8
000004C8
000004C8
000004C8
000004CD
000004C8
000004C8
000004CE
000004CF
000004C8
000004D0
000004D1
000004D1
000004D2
000004D1
000004D0
000004D3
000004D4
000004D5
000004D6
000004D7
000004D7
000004D8
000004D0
000004D0
000004D0
000004D9
000004D0
000004D0
000004DA
000004D0
000004D0
000004DB
000004D0
000004DC
000004DC
000004DD
000004DE
000004DC
000004DC
000004DF
000004DC
000004E0
000004DC
000004DC
000004DC
000004DC
000004DC
000004E1
000004DC
000004DC
000004DC
000004DC
000004E2
000004DC
000004E3
000004E4
000004E5
000004DC
000004D0
000004D1
000004D1
000004D2
000004D1
000004D0
000004D3
000004D4
000004D5
000004D6
000004D7
000004D7
000004D8
000004D0
000004D0
000004D0
000004D9
000004D0
000004D0
000004DA
000004D0
000004D0
000004DB
000004D0
000004DC
000004DC
000004DD
000004DE
000004DC
000004DC
000004DF
000004DC
000004E0
000004DC
000004DC
000004DC
000004DC
000004DC
000004E1
000004DC
000004DC
000004DC
000004DC
000004E2
000004DC
000004E3
000004E4
000004E5
000004DC
000004D0
000004D1
000004D1
000004D2
000004D1
000004D0
000004D3
000004D4
000004D5
000004D6
000004D7
000004D7
000004D8
000004D0
000004D0
000004D0
000004D9
000004D0
000004D0
000004DA
000004D0
000004D0
000004DB
000004D0
000004DC
000004DC
000004DD
000004DE
000004DC
000004DC
000004DF
000004DC
000004E0
000004DC
000004DC
000004DC
000004DC
000004DC
000004E1
000004DC
000004DC
000004DC
000004DC
000004E2
000004DC
000004E3
000004E4
000004E5
000004DC
000004D0
000004D1
000004D1
000004D2
000004D1
000004D0
000004D3
000004D4
000004D5
000004D6
000004D7
000004D7
000004D8
000004D0
000004D0
000004D0
000004D9
000004D0
000004D0
000004DA
000004D0
000004D0
000004DB
000004D0
000004DC
000004DC
000004DD
000004DE
000004DC
000004DC
000004DF
000004DC
000004E0
000004DC
000004DC
000004DC
000004DC
000004DC
000004E1
000004DC
000004DC
000004DC
000004DC
000004E2
000004DC
000004E3
000004E4
000004E5
000004DC
000004D0
000004D1
000004D1
000004D2
000004D1
000004D0
000004D3
000004D4
000004D5
000004D6
000004D7
000004D7
000004D8
000004D0
000004D0
000004D0
000004D9
000004D0
000004D0
000004DA
000004D0
000004D0
000004DB
000004D0
000004DC
000004DC
000004DD
000004DE
000004DC
000004DC
000004DF
000004DC
000004E0
000004DC
000004DC
000004DC
000004DC
000004DC
000004E1
000004DC
000004DC
000004DC
000004DC
000004E2
000004DC
000004E3
000004E4
000004E5
000004DC
000004D0
000004D1
000004D1
000004D2
000004D1
000004D0
000004D3
000004D4
000004D5
000004D6
000004D7
000004D7
000004D8
000004D0
000004D0
000004D0
000004D9
000004D0
000004D0
000004DA
000004D0
000004D0
000004DB
000004D0
000004DC
000004DC
000004DD
000004DE
000004DC
000004DC
000004DF
000004DC
000004E0
000004DC
000004DC
000004DC
000004DC
000004DC
000004E1
000004DC
000004DC
000004DC
000004DC
000004E2
000004DC
000004E3
000004E4
000004E5
000004DC
000004D0
000004D1
000004D1
000004D2
000004D1
000004D0
000004D3
000004D4
000004D5
000004D6
000004D7
000004D7
000004D8
000004D0
000004D0
000004D0
000004D9
000004D0
000004D0
000004DA
000004D0
000004D0
000004DB
000004D0
000004DC
000004DC
000004DD
000004DE
000004DC
000004DC
000004DF
000004DC
000004E0
000004DC
000004DC
000004DC
000004DC
000004DC
000004E1
000004DC
000004DC
000004DC
000004DC
000004E2
000004DC
000004E3
000004E4
000004E5
000004DC
000004D0
000004D1
000004D1
000004D2
000004D1
000004D0
000004D3
000004D4
000004D5
000004D6
000004D7
000004D7
000004D8
000004D0
000004D0
000004D0
000004D9
000004D0
000004D0
000004DA
000004D0
000004D0
000004DB
000004D0
000004DC
000004DC
000004DD
000004DE
000004DC
000004DC
000004DF
000004DC
000004E0
000004DC
000004DC
000004DC
000004DC
000004DC
000004E1
000004DC
000004DC
000004DC
000004DC
000004E2
000004DC
000004E3
000004E4
000004E5
000004DC
000004D0
000004D1
000004D1
000004D2
000004D1
000004D0
000004D3
000004D4
000004D5
000004D6
000004D7
000004D7
000004D8
000004D0
000004D0
000004D0
000004D9
000004D0
000004D0
000004DA
000004D0
000004D0
000004DB
000004D0
000004DC
000004DC
000004DD
000004DE
000004DC
000004DC
000004DF
000004DC
000004E0
000004DC
000004DC
000004DC
000004DC
000004DC
000004E1
000004DC
000004DC
000004DC
000004DC
000004E2
000004DC
000004E3
000004E4
000004E5
000004DC
000004D0
000004D1
000004D1
000004D2
000004D1
000004D0
000004D3
000004D4
000004D5
000004D6
000004D7
000004D7
000004D8
000004D0
000004D0
000004D0
000004D9
000004D0
000004D0
000004DA
000004D0
000004D0
000004DB
000004D0
000004DC
000004DC
000004DD
000004DE
000004DC
000004DC
000004DF
000004DC
000004E0
000004DC
000004DC
000004DC
000004DC
000004DC
000004E1
000004DC
000004DC
000004DC
000004DC
000004E2
000004DC
000004E3
000004E4
000004E5
000004DC
000004D0
000004D1
000004D1
000004D2
000004D1
000004D0
000004D3
000004D4
000004D5
000004D6
000004D7
000004D7
000004D8
000004D0
000004D0
000004D0
000004D9
000004D0
000004D0
000004DA
000004D0
000004D0
000004DB
000004D0
000004DC
000004DC
000004DD
000004DE
000004DC
000004DC
000004DF
000004DC
000004E0
000004DC
000004DC
000004DC
000004DC
000004DC
000004E1
000004DC
000004DC
000004DC
000004DC
000004E2
000004DC
000004E3
000004E4
000004E5
000004DC
000004D0
000004D1
000004D1
000004D2
000004D1
000004D0
000004D3
000004D4
000004D5
000004D6
000004D7
000004D7
000004D8
000004D0
000004D0
000004D0
000004D9
000004D0
000004D0
000004DA
000004D0
000004D0
000004DB
000004D0
000004DC
000004DC
000004DD
000004DE
000004DC
000004DC
000004DF
000004DC
000004E0
000004DC
000004DC
000004DC
000004DC
000004DC
000004E1
000004DC
000004DC
000004DC
000004DC
000004E2
000004DC
000004E3
000004E4
000004E5
000004DC
000004D0
000004D1
000004D1
000004D2
000004D1
000004D0
000004D3
000004D4
000004D5
000004D6
000004D7
000004D7
000004D8
000004D0
000004D0
000004D0
000004D9
000004D0
000004D0
000004DA
000004D0
000004D0
000004DB
000004D0
000004DC
000004DC
000004DD
000004DE
000004DC
000004DC
000004DF
000004DC
000004E0
000004DC
000004DC
000004DC
000004DC
000004DC
000004E1
000004DC
000004DC
000004DC
000004DC
000004E2
000004DC
000004E3
000004E4
000004E5
000004DC
000004D0
000004D1
000004D1
000004D2
000004D1
000004D0
000004D3
000004D4
000004D5
000004D6
000004D7
000004D7
000004D8
000004D0
000004D0
000004D0
000004D9
000004D0
000004D0
000004DA
000004D0
000004D0
000004DB
000004D0
000004DC
000004DC
000004DD
000004DE
000004DC
000004DC
000004DF
000004DC
000004E0
000004DC
000004DC
000004DC
000004DC
000004DC
000004E1
000004DC
000004DC
000004DC
000004DC
000004E2
000004DC
000004E3
000004E4
000004E5
000004DC
000004D0
000004D1
000004D1
000004D2
000004D1
000004D0
000004D3
000004D4
000004D5
000004D6
000004D7
000004D7
000004D8
000004D0
000004D0
000004D0
000004D9
000004D0
000004D0
000004DA
000004D0
000004D0
000004DB
000004D0
000004DC
000004DC
000004DD
000004DE
000004DC
000004DC
000004DF
000004DC
000004E0
000004DC
000004DC
000004DC
000004DC
000004DC
000004E1
000004DC
000004DC
000004DC
000004DC
000004E2
000004DC
000004E3
000004E4
000004E5
000004DC
000004D0
000004D1
000004D1
000004D2
000004D1
000004D0
000004D3
000004D4
000004D5
000004D6
000004D7
000004D7
000004D8
000004D0
000004D0
000004D0
000004D9
000004D0
000004D0
000004DA
000004D0
000004D0
000004DB
000004D0
000004DC
000004DC
000004DD
000004DE
000004DC
000004DC
000004DF
000004DC
000004E0
000004DC
000004DC
000004DC
000004DC
000004DC
000004E1
000004DC
000004DC
000004DC
000004DC
000004E2
000004DC
000004E3
000004E4
000004E5
000004DC
000004D0
000004D1
000004D1
000004D2
000004D1
000004D0
000004D3
000004D4
000004D5
000004D6
000004D7
000004D7
000004D8
000004D0
000004D0
000004D0
000004D9
000004D0
000004D0
000004DA
000004D0
000004D0
000004DB
000004D0
000004DC
000004DC
000004DD
000004DE
000004DC
000004DC
000004DF
000004DC
000004E0
000004DC
000004DC
000004DC
000004DC
000004DC
000004E1
000004DC
000004DC
000004DC
000004DC
000004E2
000004DC
000004E3
000004E4
000004E5
000004DC
000004D0
000004D1
000004D1
000004D2
000004D1
000004D0
000004D3
000004D4
000004D5
000004D6
000004D7
000004D7
000004D8
000004D0
000004D0
000004D0
000004D9
000004D0
000004D0
000004DA
000004D0
000004D0
000004DB
000004D0
000004DC
000004DC
000004DD
000004DE
000004DC
000004DC
000004DF
000004DC
000004E0
000004DC
000004DC
000004DC
000004DC
000004DC
000004E1
000004DC
000004DC
000004DC
000004DC
000004E2
000004DC
000004E3
000004E4
000004E5
000004DC
000004D0
000004D1
000004D1
000004D2
000004D1
000004D0
000004D3
000004D4
000004D5
000004D6
000004D7
000004D7
000004D8
000004D0
000004D0
000004D0
000004D9
000004D0
000004D0
000004DA
000004D0
000004D0
000004DB
000004D0
000004DC
000004DC
000004DD
000004DE
000004DC
000004DC
000004DF
000004DC
000004E0
000004DC
000004DC
000004DC
000004DC
000004DC
000004E1
000004DC
000004DC
000004DC
000004DC
000004E2
000004DC
000004E3
000004E4
000004E5
000004DC
000004D0
000004D1
000004D1
000004D2
000004D1
000004D0
000004D3
000004D4
000004D5
000004D6
000004D7
000004D7
000004D8
000004D0
000004D0
000004D0
000004D9
000004D0
000004D0
000004DA
000004D0
000004D0
000004DB
000004D0
000004DC
000004DC
000004DD
000004DE
000004DC
000004DC
000004DF
000004DC
000004E0
000004DC
000004DC
000004DC
000004DC
000004DC
000004E1
000004DC
000004DC
000004DC
000004DC
000004E2
000004DC
000004E3
000004E4
000004E5
000004DC
000004D0
000004D1
000004D1
000004D2
000004D1
000004D0
000004D3
000004D4
000004D5
000004D6
000004D7
000004D7
000004D8
000004D0
000004D0
000004D0
000004D9
000004D0
000004D0
000004DA
000004D0
000004D0
000004DB
000004D0
000004DC
000004DC
000004DD
000004DE
000004DC
000004DC
000004DF
000004DC
000004E0
000004DC
000004DC
000004DC
000004DC
000004DC
000004E1
000004DC
000004DC
000004DC
000004DC
000004E2
000004DC
000004E3
000004E4
000004E5
000004DC
000004D0
000004D1
000004D1
000004D2
000004D1
000004D0
000004D3
000004D4
000004D5
000004D6
000004D7
000004D7
000004D8
000004D0
000004D0
000004D0
000004D9
000004D0
000004D0
000004DA
000004D0
000004D0
000004DB
000004D0
000004DC
000004DC
000004DD
000004DE
000004DC
000004DC
000004DF
000004DC
000004E0
000004DC
000004DC
000004DC
000004DC
000004DC
000004E1
000004DC
000004DC
000004DC
000004DC
000004E2
000004DC
000004E3
000004E4
000004E5
000004DC
000004D0
000004D1
000004D1
000004D2
000004D1
000004D0
000004D3
000004D4
000004D5
000004D6
000004D7
000004D7
000004D8
000004D0
000004D0
000004D0
000004D9
000004D0
000004D0
000004DA
000004D0
000004D0
000004DB
000004D0
000004DC
000004DC
000004DD
000004DE
000004DC
000004DC
000004DF
000004DC
000004E0
000004DC
000004DC
000004DC
000004DC
000004DC
000004E1
000004DC
000004DC
000004DC
000004DC
000004E2
000004DC
000004E3
000004E4
000004E5
000004DC
000004E6
000004E7
000004E7
000004E8
000004E7
000004E6
000004E9
000004EA
000004EB
000004EC
000004ED
000004ED
000004EE
000004E6
000004E6
000004E6
000004EF
000004E6
000004E6
000004F0
000004E6
000004E6
000004F1
000004E6
000004F2
000004F2
000004F3
000004F4
000004F2
000004F2
000004F5
000004F2
000004F2
000004F2
000004F2
000004F2
000004F2
000004F2
000004F6
000004F2
000004F7
000004F2
000004F2
000004F8
000004F2
000004F9
000004FA
000004FB
000004F2
000004E6
000004E7
000004E7
000004E8
000004E7
000004E6
000004E9
000004EA
000004EB
000004EC
000004ED
000004ED
000004EE
000004E6
000004E6
000004E6
000004EF
000004E6
000004E6
000004F0
000004E6
000004E6
000004F1
000004E6
000004F2
000004F2
000004F3
000004F4
000004F2
000004F2
000004F5
000004F2
000004F2
000004F2
000004F2
000004F2
000004F2
000004F2
000004F6
000004F2
000004F7
000004F2
000004F2
000004F8
000004F2
000004F9
000004FA
000004FB
000004F2
000004E6
000004E7
000004E7
000004E8
000004E7
000004E6
000004E9
000004EA
000004EB
000004EC
000004ED
000004ED
000004EE
000004E6
000004E6
000004E6
000004EF
000004E6
000004E6
000004F0
000004E6
000004E6
000004F1
000004E6
000004F2
000004F2
000004F3
000004F4
000004F2
000004F2
000004F5
000004F2
000004F2
000004F2
000004F2
000004F2
000004F2
000004F2
000004F6
000004F2
000004F7
000004F2
000004F2
000004F8
000004F2
000004F9
000004FA
000004FB
000004F2
000004E6
000004E7
000004E7
000004E8
000004E7
000004E6
000004E9
000004EA
000004EB
000004EC
000004ED
000004ED
000004EE
000004E6
000004E6
000004E6
000004EF
000004E6
000004E6
000004F0
000004E6
000004E6
000004F1
000004E6
000004F2
000004F2
000004F3
000004F4
000004F2
000004F2
000004F5
000004F2
000004F2
000004F2
000004F2
000004F2
000004F2
000004F2
000004F6
000004F2
000004F7
000004F2
000004F2
000004F8
000004F2
000004F9
000004FA
000004FB
000004F2
000004E6
000004E7
000004E7
000004E8
000004E7
000004E6
000004E9
000004EA
000004EB
000004EC
000004ED
000004ED
000004EE
000004E6
000004E6
000004E6
000004EF
000004E6
000004E6
000004F0
000004E6
000004E6
000004F1
000004E6
000004F2
000004F2
000004F3
000004F4
000004F2
000004F2
000004F5
000004F2
000004F2
000004F2
000004F2
000004F2
000004F2
000004F2
000004F6
000004F2
000004F7
000004F2
000004F2
000004F8
000004F2
000004F9
000004FA
000004FB
000004F2
000004E6
000004E7
000004E7
000004E8
000004E7
000004E6
000004E9
000004EA
000004EB
000004EC
000004ED
000004ED
000004EE
000004E6
000004E6
000004E6
000004EF
000004E6
000004E6
000004F0
000004E6
000004E6
000004F1
000004E6
000004F2
000004F2
000004F3
000004F4
000004F2
000004F2
000004F5
000004F2
000004F2
000004F2
000004F2
000004F2
000004F2
000004F2
000004F6
000004F2
000004F7
000004F2
000004F2
000004F8
000004F2
000004F9
000004FA
000004FB
000004F2
000004E6
000004E7
000004E7
000004E8
000004E7
000004E6
000004E9
000004EA
000004EB
000004EC
000004ED
000004ED
000004EE
000004E6
000004E6
000004E6
000004EF
000004E6
000004E6
000004F0
000004E6
000004E6
000004F1
000004E6
000004F2
000004F2
000004F3
000004F4
000004F2
000004F2
000004F5
000004F2
000004F2
000004F2
000004F2
000004F2
000004F2
000004F2
000004F6
000004F2
000004F7
000004F2
000004F2
000004F8
000004F2
000004F9
000004FA
000004FB
000004F2
000004E6
000004E7
000004E7
000004E8
000004E7
000004E6
000004E9
000004EA
000004EB
000004EC
000004ED
000004ED
000004EE
000004E6
000004E6
000004E6
000004EF
000004E6
000004E6
000004F0
000004E6
000004E6
000004F1
000004E6
000004F2
000004F2
000004F3
000004F4
000004F2
000004F2
000004F5
000004F2
000004F2
000004F2
000004F2
000004F2
000004F2
000004F2
000004F6
000004F2
000004F7
000004F2
000004F2
000004F8
000004F2
000004F9
000004FA
000004FB
000004F2
000004E6
000004E7
000004E7
000004E8
000004E7
000004E6
000004E9
000004EA
000004EB
000004EC
000004ED
000004ED
000004EE
000004E6
000004E6
000004E6
000004EF
000004E6
000004E6
000004F0
000004E6
000004E6
000004F1
000004E6
000004F2
000004F2
000004F3
000004F4
000004F2
000004F2
000004F5
000004F2
000004F2
000004F2
000004F2
000004F2
000004F2
000004F2
000004F6
000004F2
000004F7
000004F2
000004F2
000004F8
000004F2
000004F9
000004FA
000004FB
000004F2
000004E6
000004E7
000004E7
000004E8
000004E7
000004E6
000004E9
000004EA
000004EB
000004EC
000004ED
000004ED
000004EE
000004E6
000004E6
000004E6
000004EF
000004E6
000004E6
000004F0
000004E6
000004E6
000004F1
000004E6
000004F2
000004F2
000004F3
000004F4
000004F2
000004F2
000004F5
000004F2
000004F2
000004F2
000004F2
000004F2
000004F2
000004F2
000004F6
000004F2
000004F7
000004F2
000004F2
000004F8
000004F2
000004F9
000004FA
000004FB
000004F2
000004E6
000004E7
000004E7
000004E8
000004E7
000004E6
000004E9
000004EA
000004EB
000004EC
000004ED
000004ED
000004EE
000004E6
000004E6
000004E6
000004EF
000004E6
000004E6
000004F0
000004E6
000004E6
000004F1
000004E6
000004F2
000004F2
000004F3
000004F4
000004F2
000004F2
000004F5
000004F2
000004F2
000004F2
000004F2
000004F2
000004F2
000004F2
000004F6
000004F2
000004F7
000004F2
000004F2
000004F8
000004F2
000004F9
000004FA
000004FB
000004F2
000004E6
000004E7
000004E7
000004E8
000004E7
000004E6
000004E9
000004EA
000004EB
000004EC
000004ED
000004ED
000004EE
000004E6
000004E6
000004E6
000004EF
000004E6
000004E6
000004F0
000004E6
000004E6
000004F1
000004E6
000004F2
000004F2
000004F3
000004F4
000004F2
000004F2
000004F5
000004F2
000004F2
000004F2
000004F2
000004F2
000004F2
000004F2
000004F6
000004F2
000004F7
000004F2
000004F2
000004F8
000004F2
000004F9
000004FA
000004FB
000004F2
000004E6
000004E7
000004E7
000004E8
000004E7
000004E6
000004E9
000004EA
000004EB
000004EC
000004ED
000004ED
000004EE
000004E6
000004E6
000004E6
000004EF
000004E6
000004E6
000004F0
000004E6
000004E6
000004F1
000004E6
000004F2
000004F2
000004F3
000004F4
000004F2
000004F2
000004F5
000004F2
000004F2
000004F2
000004F2
000004F2
000004F2
000004F2
000004F6
000004F2
000004F7
000004F2
000004F2
000004F8
000004F2
000004F9
000004FA
000004FB
000004F2
000004E6
000004E7
000004E7
000004E8
000004E7
000004E6
000004E9
000004EA
000004EB
000004EC
000004ED
000004ED
000004EE
000004E6
000004E6
000004E6
000004EF
000004E6
000004E6
000004F0
000004E6
000004E6
000004F1
000004E6
000004F2
000004F2
000004F3
000004F4
000004F2
000004F2
000004F5
000004F2
000004F2
000004F2
000004F2
000004F2
000004F2
000004F2
000004F6
000004F2
000004F7
000004F2
000004F2
000004F8
000004F2
000004F9
000004FA
000004FB
000004F2
000004E6
000004E7
000004E7
000004E8
000004E7
000004E6
000004E9
000004EA
000004EB
000004EC
000004ED
000004ED
000004EE
000004E6
000004E6
000004E6
000004EF
000004E6
000004E6
000004F0
000004E6
000004E6
000004F1
000004E6
000004F2
000004F2
000004F3
000004F4
000004F2
000004F2
000004F5
000004F2
000004F2
000004F2
000004F2
000004F2
000004F2
000004F2
000004F6
000004F2
000004F7
000004F2
000004F2
000004F8
000004F2
000004F9
000004FA
000004FB
000004F2
000004E6
000004E7
000004E7
000004E8
000004E7
000004E6
000004E9
000004EA
000004EB
000004EC
000004ED
000004ED
000004EE
000004E6
000004E6
000004E6
000004EF
000004E6
000004E6
000004F0
000004E6
000004E6
000004F1
000004E6
000004F2
000004F2
000004F3
000004F4
000004F2
000004F2
000004F5
000004F2
000004F2
000004F2
000004F2
000004F2
000004F2
000004F2
000004F6
000004F2
000004F7
000004F2
000004F2
000004F8
000004F2
000004F9
000004FA
000004FB
000004F2
000004E6
000004E7
000004E7
000004E8
000004E7
000004E6
000004E9
000004EA
000004EB
000004EC
000004ED
000004ED
000004EE
000004E6
000004E6
000004E6
000004EF
000004E6
000004E6
000004F0
000004E6
000004E6
000004F1
000004E6
000004F2
000004F2
000004F3
000004F4
000004F2
000004F2
000004F5
000004F2
000004F2
000004F2
000004F2
000004F2
000004F2
000004F2
000004F6
000004F2
000004F7
000004F2
000004F2
000004F8
000004F2
000004F9
000004FA
000004FB
000004F2
000004E6
000004E7
000004E7
000004E8
000004E7
000004E6
000004E9
000004EA
000004EB
000004EC
000004ED
000004ED
000004EE
000004E6
000004E6
000004E6
000004EF
000004E6
000004E6
000004F0
000004E6
000004E6
000004F1
000004E6
000004F2
000004F2
000004F3
000004F4
000004F2
000004F2
000004F5
000004F2
000004F2
000004F2
000004F2
000004F2
000004F2
000004F2
000004F6
000004F2
000004F7
000004F2
000004F2
000004F8
000004F2
000004F9
000004FA
000004FB
000004F2
000004E6
000004E7
000004E7
000004E8
000004E7
000004E6
000004E9
000004EA
000004EB
000004EC
000004ED
000004ED
000004EE
000004E6
000004E6
000004E6
000004EF
000004E6
000004E6
000004F0
000004E6
000004E6
000004F1
000004E6
000004F2
000004F2
000004F3
000004F4
000004F2
000004F2
000004F5
000004F2
000004F2
000004F2
000004F2
000004F2
000004F2
000004F2
000004F6
000004F2
000004F7
000004F2
000004F2
000004F8
000004F2
000004F9
000004FA
000004FB
000004F2
000004E6
000004E7
000004E7
000004E8
000004E7
000004E6
000004E9
000004EA
000004EB
000004EC
000004ED
000004ED
000004EE
000004E6
000004E6
000004E6
000004EF
000004E6
000004E6
000004F0
000004E6
000004E6
000004F1
000004E6
000004F2
000004F2
000004F3
000004F4
000004F2
000004F2
000004F5
000004F2
000004F2
000004F2
000004F2
000004F2
000004F2
000004F2
000004F6
000004F2
000004F7
000004F2
000004F2
000004F8
000004F2
000004F9
000004FA
000004FB
000004F2
000004E6
000004E7
000004E7
000004E8
000004E7
000004E6
000004E9
000004EA
000004EB
000004EC
000004ED
000004ED
000004EE
000004E6
000004E6
000004E6
000004EF
000004E6
000004E6
000004F0
000004E6
000004E6
000004F1
000004E6
000004F2
000004F2
000004F3
000004F4
000004F2
000004F2
000004F5
000004F2
000004F2
000004F2
000004F2
000004F2
000004F2
000004F2
000004F6
000004F2
000004F7
000004F2
000004F2
000004F8
000004F2
000004F9
000004FA
000004FB
000004F2
000004E6
000004E7
000004E7
000004E8
000004E7
000004E6
000004E9
000004EA
000004EB
000004EC
000004ED
000004ED
000004EE
000004E6
000004E6
000004E6
000004EF
000004E6
000004E6
000004F0
000004E6
000004E6
000004F1
000004E6
000004F2
000004F2
000004F3
000004F4
000004F2
000004F2
000004F5
000004F2
000004F2
000004F2
000004F2
000004F2
000004F2
000004F2
000004F6
000004F2
000004F7
000004F2
000004F2
000004F8
000004F2
000004F9
000004FA
000004FB
000004F2
000004E6
000004E7
000004E7
000004E8
000004E7
000004E6
000004E9
000004EA
000004EB
000004EC
000004ED
000004ED
000004EE
000004E6
000004E6
000004E6
000004EF
000004E6
000004E6
000004F0
000004E6
000004E6
000004F1
000004E6
000004F2
000004F2
000004F3
000004F4
000004F2
000004F2
000004F5
000004F2
000004F2
000004F2
000004F2
000004F2
000004F2
000004F2
000004F6
000004F2
000004F7
000004F2
000004F2
000004F8
000004F2
000004F9
000004FA
000004FB
000004F2
000004FC
000004FD
000004FD
000004FE
000004FD
000004FC
000004FF
00000500
00000501
00000502
00000503
00000503
00000504
000004FC
000004FC
000004FC
00000505
000004FC
00000506
00000507
000004FC
000004FC
00000508
000004FC
00000509
00000509
0000050A
0000050B
00000509
00000509
0000050C
00000509
00000509
00000509
00000509
00000509
00000509
00000509
0000050D
00000509
00000509
00000509
00000509
0000050E
00000509
00000509
0000050F
00000510
00000509
000004FC
000004FD
000004FD
000004FE
000004FD
000004FC
000004FF
00000500
00000501
00000502
00000503
00000503
00000504
000004FC
000004FC
000004FC
00000505
000004FC
00000506
00000507
000004FC
000004FC
00000508
000004FC
00000509
00000509
0000050A
0000050B
00000509
00000509
0000050C
00000509
00000509
00000509
00000509
00000509
00000509
00000509
0000050D
00000509
00000509
00000509
00000509
0000050E
00000509
00000509
0000050F
00000510
00000509
000004FC
000004FD
000004FD
000004FE
000004FD
000004FC
000004FF
00000500
00000501
00000502
00000503
00000503
00000504
000004FC
000004FC
000004FC
00000505
000004FC
00000506
00000507
000004FC
000004FC
00000508
000004FC
00000509
00000509
0000050A
0000050B
00000509
00000509
0000050C
00000509
00000509
00000509
00000509
00000509
00000509
00000509
0000050D
00000509
00000509
00000509
00000509
0000050E
00000509
00000509
0000050F
00000510
00000509
000004FC
000004FD
000004FD
000004FE
000004FD
000004FC
000004FF
00000500
00000501
00000502
00000503
00000503
00000504
000004FC
000004FC
000004FC
00000505
000004FC
00000506
00000507
000004FC
000004FC
00000508
000004FC
00000509
00000509
0000050A
0000050B
00000509
00000509
0000050C
00000509
00000509
00000509
00000509
00000509
00000509
00000509
0000050D
00000509
00000509
00000509
00000509
0000050E
00000509
00000509
0000050F
00000510
00000509
000004FC
000004FD
000004FD
000004FE
000004FD
000004FC
000004FF
00000500
00000501
00000502
00000503
00000503
00000504
000004FC
000004FC
000004FC
00000505
000004FC
00000506
00000507
000004FC
000004FC
00000508
000004FC
00000509
00000509
0000050A
0000050B
00000509
00000509
0000050C
00000509
00000509
00000509
00000509
00000509
00000509
00000509
0000050D
00000509
00000509
00000509
00000509
0000050E
00000509
00000509
0000050F
00000510
00000509
000004FC
000004FD
000004FD
000004FE
000004FD
000004FC
000004FF
00000500
00000501
00000502
00000503
00000503
00000504
000004FC
000004FC
000004FC
00000505
000004FC
00000506
00000507
000004FC
000004FC
00000508
000004FC
00000509
00000509
0000050A
0000050B
00000509
00000509
0000050C
00000509
00000509
00000509
00000509
00000509
00000509
00000509
0000050D
00000509
00000509
00000509
00000509
0000050E
00000509
00000509
0000050F
00000510
00000509
000004FC
000004FD
000004FD
000004FE
000004FD
000004FC
000004FF
00000500
00000501
00000502
00000503
00000503
00000504
000004FC
000004FC
000004FC
00000505
000004FC
00000506
00000507
000004FC
000004FC
00000508
000004FC
00000509
00000509
0000050A
0000050B
00000509
00000509
0000050C
00000509
00000509
00000509
00000509
00000509
00000509
00000509
0000050D
00000509
00000509
00000509
00000509
0000050E
00000509
00000509
0000050F
00000510
00000509
000004FC
000004FD
000004FD
000004FE
000004FD
000004FC
000004FF
00000500
00000501
00000502
00000503
00000503
00000504
000004FC
000004FC
000004FC
00000505
000004FC
00000506
00000507
000004FC
000004FC
00000508
000004FC
00000509
00000509
0000050A
0000050B
00000509
00000509
0000050C
00000509
00000509
00000509
00000509
00000509
00000509
00000509
0000050D
00000509
00000509
00000509
00000509
0000050E
00000509
00000509
0000050F
00000510
00000509
000004FC
000004FD
000004FD
000004FE
000004FD
000004FC
000004FF
00000500
00000501
00000502
00000503
00000503
00000504
000004FC
000004FC
000004FC
00000505
000004FC
00000506
00000507
000004FC
000004FC
00000508
000004FC
00000509
00000509
0000050A
0000050B
00000509
00000509
0000050C
00000509
00000509
00000509
00000509
00000509
00000509
00000509
0000050D
00000509
00000509
00000509
00000509
0000050E
00000509
00000509
0000050F
00000510
00000509
000004FC
000004FD
000004FD
000004FE
000004FD
000004FC
000004FF
00000500
00000501
00000502
00000503
00000503
00000504
000004FC
000004FC
000004FC
00000505
000004FC
00000506
00000507
000004FC
000004FC
00000508
000004FC
00000509
00000509
0000050A
0000050B
00000509
00000509
0000050C
00000509
00000509
00000509
00000509
00000509
00000509
00000509
0000050D
00000509
00000509
00000509
00000509
0000050E
00000509
00000509
0000050F
00000510
00000509
000004FC
000004FD
000004FD
000004FE
000004FD
000004FC
000004FF
00000500
00000501
00000502
00000503
00000503
00000504
000004FC
000004FC
000004FC
00000505
000004FC
00000506
00000507
000004FC
000004FC
00000508
000004FC
00000509
00000509
0000050A
0000050B
00000509
00000509
0000050C
00000509
00000509
00000509
00000509
00000509
00000509
00000509
0000050D
00000509
00000509
00000509
00000509
0000050E
00000509
00000509
0000050F
00000510
00000509
000004FC
000004FD
000004FD
000004FE
000004FD
000004FC
000004FF
00000500
00000501
00000502
00000503
00000503
00000504
000004FC
000004FC
000004FC
00000505
000004FC
00000506
00000507
000004FC
000004FC
00000508
000004FC
00000509
00000509
0000050A
0000050B
00000509
00000509
0000050C
00000509
00000509
00000509
00000509
00000509
00000509
00000509
0000050D
00000509
00000509
00000509
00000509
0000050E
00000509
00000509
0000050F
00000510
00000509
000004FC
000004FD
000004FD
000004FE
000004FD
000004FC
000004FF
00000500
00000501
00000502
00000503
00000503
00000504
000004FC
000004FC
000004FC
00000505
000004FC
00000506
00000507
000004FC
000004FC
00000508
000004FC
00000509
00000509
0000050A
0000050B
00000509
00000509
0000050C
00000509
00000509
00000509
00000509
00000509
00000509
00000509
0000050D
00000509
00000509
00000509
00000509
0000050E
00000509
00000509
0000050F
00000510
00000509
000004FC
000004FD
000004FD
000004FE
000004FD
000004FC
000004FF
00000500
00000501
00000502
00000503
00000503
00000504
000004FC
000004FC
000004FC
00000505
000004FC
00000506
00000507
000004FC
000004FC
00000508
000004FC
00000509
00000509
0000050A
0000050B
00000509
00000509
0000050C
00000509
00000509
00000509
00000509
00000509
00000509
00000509
0000050D
00000509
00000509
00000509
00000509
0000050E
00000509
00000509
0000050F
00000510
00000509
000004FC
000004FD
000004FD
000004FE
000004FD
000004FC
000004FF
00000500
00000501
00000502
00000503
00000503
00000504
000004FC
000004FC
000004FC
00000505
000004FC
00000506
00000507
000004FC
000004FC
00000508
000004FC
00000509
00000509
0000050A
0000050B
00000509
00000509
0000050C
00000509
00000509
00000509
00000509
00000509
00000509
00000509
0000050D
00000509
00000509
00000509
00000509
0000050E
00000509
00000509
0000050F
00000510
00000509
000004FC
000004FD
000004FD
000004FE
000004FD
000004FC
000004FF
00000500
00000501
00000502
00000503
00000503
00000504
000004FC
000004FC
000004FC
00000505
000004FC
00000506
00000507
000004FC
000004FC
00000508
000004FC
00000509
00000509
0000050A
0000050B
00000509
00000509
0000050C
00000509
00000509
00000509
00000509
00000509
00000509
00000509
0000050D
00000509
00000509
00000509
00000509
0000050E
00000509
00000509
0000050F
00000510
00000509
000004FC
000004FD
000004FD
000004FE
000004FD
000004FC
000004FF
00000500
00000501
00000502
00000503
00000503
00000504
000004FC
000004FC
000004FC
00000505
000004FC
00000506
00000507
000004FC
000004FC
00000508
000004FC
00000509
00000509
0000050A
0000050B
00000509
00000509
0000050C
00000509
00000509
00000509
00000509
00000509
00000509
00000509
0000050D
00000509
00000509
00000509
00000509
0000050E
00000509
00000509
0000050F
00000510
00000509
000004FC
000004FD
000004FD
000004FE
000004FD
000004FC
000004FF
00000500
00000501
00000502
00000503
00000503
00000504
000004FC
000004FC
000004FC
00000505
000004FC
00000506
00000507
000004FC
000004FC
00000508
000004FC
00000509
00000509
0000050A
0000050B
00000509
00000509
0000050C
00000509
00000509
00000509
00000509
00000509
00000509
00000509
0000050D
00000509
00000509
00000509
00000509
0000050E
00000509
00000509
0000050F
00000510
00000509
000004FC
000004FD
000004FD
000004FE
000004FD
000004FC
000004FF
00000500
00000501
00000502
00000503
00000503
00000504
000004FC
000004FC
000004FC
00000505
000004FC
00000506
00000507
000004FC
000004FC
00000508
000004FC
00000509
00000509
0000050A
0000050B
00000509
00000509
0000050C
00000509
00000509
00000509
00000509
00000509
00000509
00000509
0000050D
00000509
00000509
00000509
00000509
0000050E
00000509
00000509
0000050F
00000510
00000509
000004FC
000004FD
000004FD
000004FE
000004FD
000004FC
000004FF
00000500
00000501
00000502
00000503
00000503
00000504
000004FC
000004FC
000004FC
00000505
000004FC
00000506
00000507
000004FC
000004FC
00000508
000004FC
00000509
00000509
0000050A
0000050B
00000509
00000509
0000050C
00000509
00000509
00000509
00000509
00000509
00000509
00000509
0000050D
00000509
00000509
00000509
00000509
0000050E
00000509
00000509
0000050F
00000510
00000509
000004FC
000004FD
000004FD
000004FE
000004FD
000004FC
000004FF
00000500
00000501
00000502
00000503
00000503
00000504
000004FC
000004FC
000004FC
00000505
000004FC
00000506
00000507
000004FC
000004FC
00000508
000004FC
00000509
00000509
0000050A
0000050B
00000509
00000509
0000050C
00000509
00000509
00000509
00000509
00000509
00000509
00000509
0000050D
00000509
00000509
00000509
00000509
0000050E
00000509
00000509
0000050F
00000510
00000509
000004FC
000004FD
000004FD
000004FE
000004FD
000004FC
000004FF
00000500
00000501
00000502
00000503
00000503
00000504
000004FC
000004FC
000004FC
00000505
000004FC
00000506
00000507
000004FC
000004FC
00000508
000004FC
00000509
00000509
0000050A
0000050B
00000509
00000509
0000050C
00000509
00000509
00000509
00000509
00000509
00000509
00000509
0000050D
00000509
00000509
00000509
00000509
0000050E
00000509
00000509
0000050F
00000510
00000509
000004FC
000004FD
000004FD
000004FE
000004FD
000004FC
000004FF
00000500
00000501
00000502
00000503
00000503
00000504
000004FC
000004FC
000004FC
00000505
000004FC
00000506
00000507
000004FC
000004FC
00000508
000004FC
00000509
00000509
0000050A
0000050B
00000509
00000509
0000050C
00000509
00000509
00000509
00000509
00000509
00000509
00000509
0000050D
00000509
00000509
00000509
00000509
0000050E
00000509
00000509
0000050F
00000510
00000509
00000511
00000512
00000512
00000513
00000512
00000511
00000514
00000515
00000516
00000517
00000518
00000518
00000519
00000511
00000511
00000511
0000051A
00000511
00000511
0000051B
00000511
00000511
0000051C
00000511
0000051D
0000051D
0000051E
0000051F
0000051D
0000051D
00000520
0000051D
0000051D
0000051D
0000051D
0000051D
0000051D
0000051D
00000521
0000051D
0000051D
00000522
0000051D
00000523
0000051D
0000051D
00000524
00000525
0000051D
00000511
00000512
00000512
00000513
00000512
00000511
00000514
00000515
00000516
00000517
00000518
00000518
00000519
00000511
00000511
00000511
0000051A
00000511
00000511
0000051B
00000511
00000511
0000051C
00000511
0000051D
0000051D
0000051E
0000051F
0000051D
0000051D
00000520
0000051D
0000051D
0000051D
0000051D
0000051D
0000051D
0000051D
00000521
0000051D
0000051D
00000522
0000051D
00000523
0000051D
0000051D
00000524
00000525
0000051D
00000511
00000512
00000512
00000513
00000512
00000511
00000514
00000515
00000516
00000517
00000518
00000518
00000519
00000511
00000511
00000511
0000051A
00000511
00000511
0000051B
00000511
00000511
0000051C
00000511
0000051D
0000051D
0000051E
0000051F
0000051D
0000051D
00000520
0000051D
0000051D
0000051D
0000051D
0000051D
0000051D
0000051D
00000521
0000051D
0000051D
00000522
0000051D
00000523
0000051D
0000051D
00000524
00000525
0000051D
00000511
00000512
00000512
00000513
00000512
00000511
00000514
00000515
00000516
00000517
00000518
00000518
00000519
00000511
00000511
00000511
0000051A
00000511
00000511
0000051B
00000511
00000511
0000051C
00000511
0000051D
0000051D
0000051E
0000051F
0000051D
0000051D
00000520
0000051D
0000051D
0000051D
0000051D
0000051D
0000051D
0000051D
00000521
0000051D
0000051D
00000522
0000051D
00000523
0000051D
0000051D
00000524
00000525
0000051D
00000511
00000512
00000512
00000513
00000512
00000511
00000514
00000515
00000516
00000517
00000518
00000518
00000519
00000511
00000511
00000511
0000051A
00000511
00000511
0000051B
00000511
00000511
0000051C
00000511
0000051D
0000051D
0000051E
0000051F
0000051D
0000051D
00000520
0000051D
0000051D
0000051D
0000051D
0000051D
0000051D
0000051D
00000521
0000051D
0000051D
00000522
0000051D
00000523
0000051D
0000051D
00000524
00000525
0000051D
00000511
00000512
00000512
00000513
00000512
00000511
00000514
00000515
00000516
00000517
00000518
00000518
00000519
00000511
00000511
00000511
0000051A
00000511
00000511
0000051B
00000511
00000511
0000051C
00000511
0000051D
0000051D
0000051E
0000051F
0000051D
0000051D
00000520
0000051D
0000051D
0000051D
0000051D
0000051D
0000051D
0000051D
00000521
0000051D
0000051D
00000522
0000051D
00000523
0000051D
0000051D
00000524
00000525
0000051D
00000511
00000512
00000512
00000513
00000512
00000511
00000514
00000515
00000516
00000517
00000518
00000518
00000519
00000511
00000511
00000511
0000051A
00000511
00000511
0000051B
00000511
00000511
0000051C
00000511
0000051D
0000051D
0000051E
0000051F
0000051D
0000051D
00000520
0000051D
0000051D
0000051D
0000051D
0000051D
0000051D
0000051D
00000521
0000051D
0000051D
00000522
0000051D
00000523
0000051D
0000051D
00000524
00000525
0000051D
00000511
00000512
00000512
00000513
00000512
00000511
00000514
00000515
00000516
00000517
00000518
00000518
00000519
00000511
00000511
00000511
0000051A
00000511
00000511
0000051B
00000511
00000511
0000051C
00000511
0000051D
0000051D
0000051E
0000051F
0000051D
0000051D
00000520
0000051D
0000051D
0000051D
0000051D
0000051D
0000051D
0000051D
00000521
0000051D
0000051D
00000522
0000051D
00000523
0000051D
0000051D
00000524
00000525
0000051D
00000511
00000512
00000512
00000513
00000512
00000511
00000514
00000515
00000516
00000517
00000518
00000518
00000519
00000511
00000511
00000511
0000051A
00000511
00000511
0000051B
00000511
00000511
0000051C
00000511
0000051D
0000051D
0000051E
0000051F
0000051D
0000051D
00000520
0000051D
0000051D
0000051D
0000051D
0000051D
0000051D
0000051D
00000521
0000051D
0000051D
00000522
0000051D
00000523
0000051D
0000051D
00000524
00000525
0000051D
00000511
00000512
00000512
00000513
00000512
00000511
00000514
00000515
00000516
00000517
00000518
00000518
00000519
00000511
00000511
00000511
0000051A
00000511
00000511
0000051B
00000511
00000511
0000051C
00000511
0000051D
0000051D
0000051E
0000051F
0000051D
0000051D
00000520
0000051D
0000051D
0000051D
0000051D
0000051D
0000051D
0000051D
00000521
0000051D
0000051D
00000522
0000051D
00000523
0000051D
0000051D
00000524
00000525
0000051D
00000511
00000512
00000512
00000513
00000512
00000511
00000514
00000515
00000516
00000517
00000518
00000518
00000519
00000511
00000511
00000511
0000051A
00000511
00000511
0000051B
00000511
00000511
0000051C
00000511
0000051D
0000051D
0000051E
0000051F
0000051D
0000051D
00000520
0000051D
0000051D
0000051D
0000051D
0000051D
0000051D
0000051D
00000521
0000051D
0000051D
00000522
0000051D
00000523
0000051D
0000051D
00000524
00000525
0000051D
00000511
00000512
00000512
00000513
00000512
00000511
00000514
00000515
00000516
00000517
00000518
00000518
00000519
00000511
00000511
00000511
0000051A
00000511
00000511
0000051B
00000511
00000511
0000051C
00000511
0000051D
0000051D
0000051E
0000051F
0000051D
0000051D
00000520
0000051D
0000051D
0000051D
0000051D
0000051D
0000051D
0000051D
00000521
0000051D
0000051D
00000522
0000051D
00000523
0000051D
0000051D
00000524
00000525
0000051D
00000511
00000512
00000512
00000513
00000512
00000511
00000514
00000515
00000516
00000517
00000518
00000518
00000519
00000511
00000511
00000511
0000051A
00000511
00000511
0000051B
00000511
00000511
0000051C
00000511
0000051D
0000051D
0000051E
0000051F
0000051D
0000051D
00000520
0000051D
0000051D
0000051D
0000051D
0000051D
0000051D
0000051D
00000521
0000051D
0000051D
00000522
0000051D
00000523
0000051D
0000051D
00000524
00000525
0000051D
00000511
00000512
00000512
00000513
00000512
00000511
00000514
00000515
00000516
00000517
00000518
00000518
00000519
00000511
00000511
00000511
0000051A
00000511
00000511
0000051B
00000511
00000511
0000051C
00000511
0000051D
0000051D
0000051E
0000051F
0000051D
0000051D
00000520
0000051D
0000051D
0000051D
0000051D
0000051D
0000051D
0000051D
00000521
0000051D
0000051D
00000522
0000051D
00000523
0000051D
0000051D
00000524
00000525
0000051D
00000511
00000512
00000512
00000513
00000512
00000511
00000514
00000515
00000516
00000517
00000518
00000518
00000519
00000511
00000511
00000511
0000051A
00000511
00000511
0000051B
00000511
00000511
0000051C
00000511
0000051D
0000051D
0000051E
0000051F
0000051D
0000051D
00000520
0000051D
0000051D
0000051D
0000051D
0000051D
0000051D
0000051D
00000521
0000051D
0000051D
00000522
0000051D
00000523
0000051D
0000051D
00000524
00000525
0000051D
00000511
00000512
00000512
00000513
00000512
00000511
00000514
00000515
00000516
00000517
00000518
00000518
00000519
00000511
00000511
00000511
0000051A
00000511
00000511
0000051B
00000511
00000511
0000051C
00000511
0000051D
0000051D
0000051E
0000051F
0000051D
0000051D
00000520
0000051D
0000051D
0000051D
0000051D
0000051D
0000051D
0000051D
00000521
0000051D
0000051D
00000522
0000051D
00000523
0000051D
0000051D
00000524
00000525
0000051D
00000511
00000512
00000512
00000513
00000512
00000511
00000514
00000515
00000516
00000517
00000518
00000518
00000519
00000511
00000511
00000511
0000051A
00000511
00000511
0000051B
00000511
00000511
0000051C
00000511
0000051D
0000051D
0000051E
0000051F
0000051D
0000051D
00000520
0000051D
0000051D
0000051D
0000051D
0000051D
0000051D
0000051D
00000521
0000051D
0000051D
00000522
0000051D
00000523
0000051D
0000051D
00000524
00000525
0000051D
00000511
00000512
00000512
00000513
00000512
00000511
00000514
00000515
00000516
00000517
00000518
00000518
00000519
00000511
00000511
00000511
0000051A
00000511
00000511
0000051B
00000511
00000511
0000051C
00000511
0000051D
0000051D
0000051E
0000051F
0000051D
0000051D
00000520
0000051D
0000051D
0000051D
0000051D
0000051D
0000051D
0000051D
00000521
0000051D
0000051D
00000522
0000051D
00000523
0000051D
0000051D
00000524
00000525
0000051D
00000511
00000512
00000512
00000513
00000512
00000511
00000514
00000515
00000516
00000517
00000518
00000518
00000519
00000511
00000511
00000511
0000051A
00000511
00000511
0000051B
00000511
00000511
0000051C
00000511
0000051D
0000051D
0000051E
0000051F
0000051D
0000051D
00000520
0000051D
0000051D
0000051D
0000051D
0000051D
0000051D
0000051D
00000521
0000051D
0000051D
00000522
0000051D
00000523
0000051D
0000051D
00000524
00000525
0000051D
00000511
00000512
00000512
00000513
00000512
00000511
00000514
00000515
00000516
00000517
00000518
00000518
00000519
00000511
00000511
00000511
0000051A
00000511
00000511
0000051B
00000511
00000511
0000051C
00000511
0000051D
0000051D
0000051E
0000051F
0000051D
0000051D
00000520
0000051D
0000051D
0000051D
0000051D
0000051D
0000051D
0000051D
00000521
0000051D
0000051D
00000522
0000051D
00000523
0000051D
0000051D
00000524
00000525
0000051D
00000511
00000512
00000512
00000513
00000512
00000511
00000514
00000515
00000516
00000517
00000518
00000518
00000519
00000511
00000511
00000511
0000051A
00000511
00000511
0000051B
00000511
00000511
0000051C
00000511
0000051D
0000051D
0000051E
0000051F
0000051D
0000051D
00000520
0000051D
0000051D
0000051D
0000051D
0000051D
0000051D
0000051D
00000521
0000051D
0000051D
00000522
0000051D
00000523
0000051D
0000051D
00000524
00000525
0000051D
00000511
00000512
00000512
00000513
00000512
00000511
00000514
00000515
00000516
00000517
00000518
00000518
00000519
00000511
00000511
00000511
0000051A
00000511
00000511
0000051B
00000511
00000511
0000051C
00000511
0000051D
0000051D
0000051E
0000051F
0000051D
0000051D
00000520
0000051D
0000051D
0000051D
0000051D
0000051D
0000051D
0000051D
00000521
0000051D
0000051D
00000522
0000051D
00000523
0000051D
0000051D
00000524
00000525
0000051D
00000511
00000512
00000512
00000513
00000512
00000511
00000514
00000515
00000516
00000517
00000518
00000518
00000519
00000511
00000511
00000511
0000051A
00000511
00000511
0000051B
00000511
00000511
0000051C
00000511
0000051D
0000051D
0000051E
0000051F
0000051D
0000051D
00000520
0000051D
0000051D
0000051D
0000051D
0000051D
0000051D
0000051D
00000521
0000051D
0000051D
00000522
0000051D
00000523
0000051D
0000051D
00000524
00000525
0000051D
00000526
00000527
00000527
00000528
00000529
00000526
0000052A
0000052B
0000052C
0000052D
0000052E
0000052E
0000052F
00000526
00000526
00000526
00000530
00000526
00000526
00000531
00000526
00000532
00000533
00000526
00000534
00000534
00000535
00000536
00000534
00000534
00000537
00000534
00000534
00000534
00000534
00000534
00000534
00000534
00000538
00000534
00000534
00000534
00000534
00000539
00000534
0000053A
0000053B
0000053C
00000534
00000526
00000527
00000527
00000528
00000529
00000526
0000052A
0000052B
0000052C
0000052D
0000052E
0000052E
0000052F
00000526
00000526
00000526
00000530
00000526
00000526
00000531
00000526
00000532
00000533
00000526
00000534
00000534
00000535
00000536
00000534
00000534
00000537
00000534
00000534
00000534
00000534
00000534
00000534
00000534
00000538
00000534
00000534
00000534
00000534
00000539
00000534
0000053A
0000053B
0000053C
00000534
00000526
00000527
00000527
00000528
00000529
00000526
0000052A
0000052B
0000052C
0000052D
0000052E
0000052E
0000052F
00000526
00000526
00000526
00000530
00000526
00000526
00000531
00000526
00000532
00000533
00000526
00000534
00000534
00000535
00000536
00000534
00000534
00000537
00000534
00000534
00000534
00000534
00000534
00000534
00000534
00000538
00000534
00000534
00000534
00000534
00000539
00000534
0000053A
0000053B
0000053C
00000534
00000526
00000527
00000527
00000528
00000529
00000526
0000052A
0000052B
0000052C
0000052D
0000052E
0000052E
0000052F
00000526
00000526
00000526
00000530
00000526
00000526
00000531
00000526
00000532
00000533
00000526
00000534
00000534
00000535
00000536
00000534
00000534
00000537
00000534
00000534
00000534
00000534
00000534
00000534
00000534
00000538
00000534
00000534
00000534
00000534
00000539
00000534
0000053A
0000053B
0000053C
00000534
00000526
00000527
00000527
00000528
00000529
00000526
0000052A
0000052B
0000052C
0000052D
0000052E
0000052E
0000052F
00000526
00000526
00000526
00000530
00000526
00000526
00000531
00000526
00000532
00000533
00000526
00000534
00000534
00000535
00000536
00000534
00000534
00000537
00000534
00000534
00000534
00000534
00000534
00000534
00000534
00000538
00000534
00000534
00000534
00000534
00000539
00000534
0000053A
0000053B
0000053C
00000534
00000526
00000527
00000527
00000528
00000529
00000526
0000052A
0000052B
0000052C
0000052D
0000052E
0000052E
0000052F
00000526
00000526
00000526
00000530
00000526
00000526
00000531
00000526
00000532
00000533
00000526
00000534
00000534
00000535
00000536
00000534
00000534
00000537
00000534
00000534
00000534
00000534
00000534
00000534
00000534
00000538
00000534
00000534
00000534
00000534
00000539
00000534
0000053A
0000053B
0000053C
00000534
00000526
00000527
00000527
00000528
00000529
00000526
0000052A
0000052B
0000052C
0000052D
0000052E
0000052E
0000052F
00000526
00000526
00000526
00000530
00000526
00000526
00000531
00000526
00000532
00000533
00000526
00000534
00000534
00000535
00000536
00000534
00000534
00000537
00000534
00000534
00000534
00000534
00000534
00000534
00000534
00000538
00000534
00000534
00000534
00000534
00000539
00000534
0000053A
0000053B
0000053C
00000534
00000526
00000527
00000527
00000528
00000529
00000526
0000052A
0000052B
0000052C
0000052D
0000052E
0000052E
0000052F
00000526
00000526
00000526
00000530
00000526
00000526
00000531
00000526
00000532
00000533
00000526
00000534
00000534
00000535
00000536
00000534
00000534
00000537
00000534
00000534
00000534
00000534
00000534
00000534
00000534
00000538
00000534
00000534
00000534
00000534
00000539
00000534
0000053A
0000053B
0000053C
00000534
00000526
00000527
00000527
00000528
00000529
00000526
0000052A
0000052B
0000052C
0000052D
0000052E
0000052E
0000052F
00000526
00000526
00000526
00000530
00000526
00000526
00000531
00000526
00000532
00000533
00000526
00000534
00000534
00000535
00000536
00000534
00000534
00000537
00000534
00000534
00000534
00000534
00000534
00000534
00000534
00000538
00000534
00000534
00000534
00000534
00000539
00000534
0000053A
0000053B
0000053C
00000534
00000526
00000527
00000527
00000528
00000529
00000526
0000052A
0000052B
0000052C
0000052D
0000052E
0000052E
0000052F
00000526
00000526
00000526
00000530
00000526
00000526
00000531
00000526
00000532
00000533
00000526
00000534
00000534
00000535
00000536
00000534
00000534
00000537
00000534
00000534
00000534
00000534
00000534
00000534
00000534
00000538
00000534
00000534
00000534
00000534
00000539
00000534
0000053A
0000053B
0000053C
00000534
00000526
00000527
00000527
00000528
00000529
00000526
0000052A
0000052B
0000052C
0000052D
0000052E
0000052E
0000052F
00000526
00000526
00000526
00000530
00000526
00000526
00000531
00000526
00000532
00000533
00000526
00000534
00000534
00000535
00000536
00000534
00000534
00000537
00000534
00000534
00000534
00000534
00000534
00000534
00000534
00000538
00000534
00000534
00000534
00000534
00000539
00000534
0000053A
0000053B
0000053C
00000534
00000526
00000527
00000527
00000528
00000529
00000526
0000052A
0000052B
0000052C
0000052D
0000052E
0000052E
0000052F
00000526
00000526
00000526
00000530
00000526
00000526
00000531
00000526
00000532
00000533
00000526
00000534
00000534
00000535
00000536
00000534
00000534
00000537
00000534
00000534
00000534
00000534
00000534
00000534
00000534
00000538
00000534
00000534
00000534
00000534
00000539
00000534
0000053A
0000053B
0000053C
00000534
00000526
00000527
00000527
00000528
00000529
00000526
0000052A
0000052B
0000052C
0000052D
0000052E
0000052E
0000052F
00000526
00000526
00000526
00000530
00000526
00000526
00000531
00000526
00000532
00000533
00000526
00000534
00000534
00000535
00000536
00000534
00000534
00000537
00000534
00000534
00000534
00000534
00000534
00000534
00000534
00000538
00000534
00000534
00000534
00000534
00000539
00000534
0000053A
0000053B
0000053C
00000534
00000526
00000527
00000527
00000528
00000529
00000526
0000052A
0000052B
0000052C
0000052D
0000052E
0000052E
0000052F
00000526
00000526
00000526
00000530
00000526
00000526
00000531
00000526
00000532
00000533
00000526
00000534
00000534
00000535
00000536
00000534
00000534
00000537
00000534
00000534
00000534
00000534
00000534
00000534
00000534
00000538
00000534
00000534
00000534
00000534
00000539
00000534
0000053A
0000053B
0000053C
00000534
00000526
00000527
00000527
00000528
00000529
00000526
0000052A
0000052B
0000052C
0000052D
0000052E
0000052E
0000052F
00000526
00000526
00000526
00000530
00000526
00000526
00000531
00000526
00000532
00000533
00000526
00000534
00000534
00000535
00000536
00000534
00000534
00000537
00000534
00000534
00000534
00000534
00000534
00000534
00000534
00000538
00000534
00000534
00000534
00000534
00000539
00000534
0000053A
0000053B
0000053C
00000534
00000526
00000527
00000527
00000528
00000529
00000526
0000052A
0000052B
0000052C
0000052D
0000052E
0000052E
0000052F
00000526
00000526
00000526
00000530
00000526
00000526
00000531
00000526
00000532
00000533
00000526
00000534
00000534
00000535
00000536
00000534
00000534
00000537
00000534
00000534
00000534
00000534
00000534
00000534
00000534
00000538
00000534
00000534
00000534
00000534
00000539
00000534
0000053A
0000053B
0000053C
00000534
00000526
00000527
00000527
00000528
00000529
00000526
0000052A
0000052B
0000052C
0000052D
0000052E
0000052E
0000052F
00000526
00000526
00000526
00000530
00000526
00000526
00000531
00000526
00000532
00000533
00000526
00000534
00000534
00000535
00000536
00000534
00000534
00000537
00000534
00000534
00000534
00000534
00000534
00000534
00000534
00000538
00000534
00000534
00000534
00000534
00000539
00000534
0000053A
0000053B
0000053C
00000534
00000526
00000527
00000527
00000528
00000529
00000526
0000052A
0000052B
0000052C
0000052D
0000052E
0000052E
0000052F
00000526
00000526
00000526
00000530
00000526
00000526
00000531
00000526
00000532
00000533
00000526
00000534
00000534
00000535
00000536
00000534
00000534
00000537
00000534
00000534
00000534
00000534
00000534
00000534
00000534
00000538
00000534
00000534
00000534
00000534
00000539
00000534
0000053A
0000053B
0000053C
00000534
00000526
00000527
00000527
00000528
00000529
00000526
0000052A
0000052B
0000052C
0000052D
0000052E
0000052E
0000052F
00000526
00000526
00000526
00000530
00000526
00000526
00000531
00000526
00000532
00000533
00000526
00000534
00000534
00000535
00000536
00000534
00000534
00000537
00000534
00000534
00000534
00000534
00000534
00000534
00000534
00000538
00000534
00000534
00000534
00000534
00000539
00000534
0000053A
0000053B
0000053C
00000534
00000526
00000527
00000527
00000528
00000529
00000526
0000052A
0000052B
0000052C
0000052D
0000052E
0000052E
0000052F
00000526
00000526
00000526
00000530
00000526
00000526
00000531
00000526
00000532
00000533
00000526
00000534
00000534
00000535
00000536
00000534
00000534
00000537
00000534
00000534
00000534
00000534
00000534
00000534
00000534
00000538
00000534
00000534
00000534
00000534
00000539
00000534
0000053A
0000053B
0000053C
00000534
00000526
00000527
00000527
00000528
00000529
00000526
0000052A
0000052B
0000052C
0000052D
0000052E
0000052E
0000052F
00000526
00000526
00000526
00000530
00000526
00000526
00000531
00000526
00000532
00000533
00000526
00000534
00000534
00000535
00000536
00000534
00000534
00000537
00000534
00000534
00000534
00000534
00000534
00000534
00000534
00000538
00000534
00000534
00000534
00000534
00000539
00000534
0000053A
0000053B
0000053C
00000534
00000526
00000527
00000527
00000528
00000529
00000526
0000052A
0000052B
0000052C
0000052D
0000052E
0000052E
0000052F
00000526
00000526
00000526
00000530
00000526
00000526
00000531
00000526
00000532
00000533
00000526
00000534
00000534
00000535
00000536
00000534
00000534
00000537
00000534
00000534
00000534
00000534
00000534
00000534
00000534
00000538
00000534
00000534
00000534
00000534
00000539
00000534
0000053A
0000053B
0000053C
00000534
00000526
00000527
00000527
00000528
00000529
00000526
0000052A
0000052B
0000052C
0000052D
0000052E
0000052E
0000052F
00000526
00000526
00000526
00000530
00000526
00000526
00000531
00000526
00000532
00000533
00000526
00000534
00000534
00000535
00000536
00000534
00000534
00000537
00000534
00000534
00000534
00000534
00000534
00000534
00000534
00000538
00000534
00000534
00000534
00000534
00000539
00000534
0000053A
0000053B
0000053C
00000534
0000053D
0000053E
0000053E
0000053F
0000053E
0000053D
00000540
00000541
00000542
00000543
00000544
00000544
00000545
0000053D
0000053D
0000053D
00000546
0000053D
0000053D
00000547
0000053D
0000053D
00000548
0000053D
00000549
00000549
0000054A
0000054B
00000549
00000549
0000054C
00000549
00000549
00000549
00000549
00000549
00000549
00000549
0000054D
00000549
00000549
00000549
00000549
0000054E
00000549
00000549
0000054F
00000550
00000549
0000053D
0000053E
0000053E
0000053F
0000053E
0000053D
00000540
00000541
00000542
00000543
00000544
00000544
00000545
0000053D
0000053D
0000053D
00000546
0000053D
0000053D
00000547
0000053D
0000053D
00000548
0000053D
00000549
00000549
0000054A
0000054B
00000549
00000549
0000054C
00000549
00000549
00000549
00000549
00000549
00000549
00000549
0000054D
00000549
00000549
00000549
00000549
0000054E
00000549
00000549
0000054F
00000550
00000549
0000053D
0000053E
0000053E
0000053F
0000053E
0000053D
00000540
00000541
00000542
00000543
00000544
00000544
00000545
0000053D
0000053D
0000053D
00000546
0000053D
0000053D
00000547
0000053D
0000053D
00000548
0000053D
00000549
00000549
0000054A
0000054B
00000549
00000549
0000054C
00000549
00000549
00000549
00000549
00000549
00000549
00000549
0000054D
00000549
00000549
00000549
00000549
0000054E
00000549
00000549
0000054F
00000550
00000549
0000053D
0000053E
0000053E
0000053F
0000053E
0000053D
00000540
00000541
00000542
00000543
00000544
00000544
00000545
0000053D
0000053D
0000053D
00000546
0000053D
0000053D
00000547
0000053D
0000053D
00000548
0000053D
00000549
00000549
0000054A
0000054B
00000549
00000549
0000054C
00000549
00000549
00000549
00000549
00000549
00000549
00000549
0000054D
00000549
00000549
00000549
00000549
0000054E
00000549
00000549
0000054F
00000550
00000549
0000053D
0000053E
0000053E
0000053F
0000053E
0000053D
00000540
00000541
00000542
00000543
00000544
00000544
00000545
0000053D
0000053D
0000053D
00000546
0000053D
0000053D
00000547
0000053D
0000053D
00000548
0000053D
00000549
00000549
0000054A
0000054B
00000549
00000549
0000054C
00000549
00000549
00000549
00000549
00000549
00000549
00000549
0000054D
00000549
00000549
00000549
00000549
0000054E
00000549
00000549
0000054F
00000550
00000549
0000053D
0000053E
0000053E
0000053F
0000053E
0000053D
00000540
00000541
00000542
00000543
00000544
00000544
00000545
0000053D
0000053D
0000053D
00000546
0000053D
0000053D
00000547
0000053D
0000053D
00000548
0000053D
00000549
00000549
0000054A
0000054B
00000549
00000549
0000054C
00000549
00000549
00000549
00000549
00000549
00000549
00000549
0000054D
00000549
00000549
00000549
00000549
0000054E
00000549
00000549
0000054F
00000550
00000549
0000053D
0000053E
0000053E
0000053F
0000053E
0000053D
00000540
00000541
00000542
00000543
00000544
00000544
00000545
0000053D
0000053D
0000053D
00000546
0000053D
0000053D
00000547
0000053D
0000053D
00000548
0000053D
00000549
00000549
0000054A
0000054B
00000549
00000549
0000054C
00000549
00000549
00000549
00000549
00000549
00000549
00000549
0000054D
00000549
00000549
00000549
00000549
0000054E
00000549
00000549
0000054F
00000550
00000549
0000053D
0000053E
0000053E
0000053F
0000053E
0000053D
00000540
00000541
00000542
00000543
00000544
00000544
00000545
0000053D
0000053D
0000053D
00000546
0000053D
0000053D
00000547
0000053D
0000053D
00000548
0000053D
00000549
00000549
0000054A
0000054B
00000549
00000549
0000054C
00000549
00000549
00000549
00000549
00000549
00000549
00000549
0000054D
00000549
00000549
00000549
00000549
0000054E
00000549
00000549
0000054F
00000550
00000549
0000053D
0000053E
0000053E
0000053F
0000053E
0000053D
00000540
00000541
00000542
00000543
00000544
00000544
00000545
0000053D
0000053D
0000053D
00000546
0000053D
0000053D
00000547
0000053D
0000053D
00000548
0000053D
00000549
00000549
0000054A
0000054B
00000549
00000549
0000054C
00000549
00000549
00000549
00000549
00000549
00000549
00000549
0000054D
00000549
00000549
00000549
00000549
0000054E
00000549
00000549
0000054F
00000550
00000549
0000053D
0000053E
0000053E
0000053F
0000053E
0000053D
00000540
00000541
00000542
00000543
00000544
00000544
00000545
0000053D
0000053D
0000053D
00000546
0000053D
0000053D
00000547
0000053D
0000053D
00000548
0000053D
00000549
00000549
0000054A
0000054B
00000549
00000549
0000054C
00000549
00000549
00000549
00000549
00000549
00000549
00000549
0000054D
00000549
00000549
00000549
00000549
0000054E
00000549
00000549
0000054F
00000550
00000549
0000053D
0000053E
0000053E
0000053F
0000053E
0000053D
00000540
00000541
00000542
00000543
00000544
00000544
00000545
0000053D
0000053D
0000053D
00000546
0000053D
0000053D
00000547
0000053D
0000053D
00000548
0000053D
00000549
00000549
0000054A
0000054B
00000549
00000549
0000054C
00000549
00000549
00000549
00000549
00000549
00000549
00000549
0000054D
00000549
00000549
00000549
00000549
0000054E
00000549
00000549
0000054F
00000550
00000549
0000053D
0000053E
0000053E
0000053F
0000053E
0000053D
00000540
00000541
00000542
00000543
00000544
00000544
00000545
0000053D
0000053D
0000053D
00000546
0000053D
0000053D
00000547
0000053D
0000053D
00000548
0000053D
00000549
00000549
0000054A
0000054B
00000549
00000549
0000054C
00000549
00000549
00000549
00000549
00000549
00000549
00000549
0000054D
00000549
00000549
00000549
00000549
0000054E
00000549
00000549
0000054F
00000550
00000549
0000053D
0000053E
0000053E
0000053F
0000053E
0000053D
00000540
00000541
00000542
00000543
00000544
00000544
00000545
0000053D
0000053D
0000053D
00000546
0000053D
0000053D
00000547
0000053D
0000053D
00000548
0000053D
00000549
00000549
0000054A
0000054B
00000549
00000549
0000054C
00000549
00000549
00000549
00000549
00000549
00000549
00000549
0000054D
00000549
00000549
00000549
00000549
0000054E
00000549
00000549
0000054F
00000550
00000549
0000053D
0000053E
0000053E
0000053F
0000053E
0000053D
00000540
00000541
00000542
00000543
00000544
00000544
00000545
0000053D
0000053D
0000053D
00000546
0000053D
0000053D
00000547
0000053D
0000053D
00000548
0000053D
00000549
00000549
0000054A
0000054B
00000549
00000549
0000054C
00000549
00000549
00000549
00000549
00000549
00000549
00000549
0000054D
00000549
00000549
00000549
00000549
0000054E
00000549
00000549
0000054F
00000550
00000549
0000053D
0000053E
0000053E
0000053F
0000053E
0000053D
00000540
00000541
00000542
00000543
00000544
00000544
00000545
0000053D
0000053D
0000053D
00000546
0000053D
0000053D
00000547
0000053D
0000053D
00000548
0000053D
00000549
00000549
0000054A
0000054B
00000549
00000549
0000054C
00000549
00000549
00000549
00000549
00000549
00000549
00000549
0000054D
00000549
00000549
00000549
00000549
0000054E
00000549
00000549
0000054F
00000550
00000549
0000053D
0000053E
0000053E
0000053F
0000053E
0000053D
00000540
00000541
00000542
00000543
00000544
00000544
00000545
0000053D
0000053D
0000053D
00000546
0000053D
0000053D
00000547
0000053D
0000053D
00000548
0000053D
00000549
00000549
0000054A
0000054B
00000549
00000549
0000054C
00000549
00000549
00000549
00000549
00000549
00000549
00000549
0000054D
00000549
00000549
00000549
00000549
0000054E
00000549
00000549
0000054F
00000550
00000549
0000053D
0000053E
0000053E
0000053F
0000053E
0000053D
00000540
00000541
00000542
00000543
00000544
00000544
00000545
0000053D
0000053D
0000053D
00000546
0000053D
0000053D
00000547
0000053D
0000053D
00000548
0000053D
00000549
00000549
0000054A
0000054B
00000549
00000549
0000054C
00000549
00000549
00000549
00000549
00000549
00000549
00000549
0000054D
00000549
00000549
00000549
00000549
0000054E
00000549
00000549
0000054F
00000550
00000549
0000053D
0000053E
0000053E
0000053F
0000053E
0000053D
00000540
00000541
00000542
00000543
00000544
00000544
00000545
0000053D
0000053D
0000053D
00000546
0000053D
0000053D
00000547
0000053D
0000053D
00000548
0000053D
00000549
00000549
0000054A
0000054B
00000549
00000549
0000054C
00000549
00000549
00000549
00000549
00000549
00000549
00000549
0000054D
00000549
00000549
00000549
00000549
0000054E
00000549
00000549
0000054F
00000550
00000549
0000053D
0000053E
0000053E
0000053F
0000053E
0000053D
00000540
00000541
00000542
00000543
00000544
00000544
00000545
0000053D
0000053D
0000053D
00000546
0000053D
0000053D
00000547
0000053D
0000053D
00000548
0000053D
00000549
00000549
0000054A
0000054B
00000549
00000549
0000054C
00000549
00000549
00000549
00000549
00000549
00000549
00000549
0000054D
00000549
00000549
00000549
00000549
0000054E
00000549
00000549
0000054F
00000550
00000549
0000053D
0000053E
0000053E
0000053F
0000053E
0000053D
00000540
00000541
00000542
00000543
00000544
00000544
00000545
0000053D
0000053D
0000053D
00000546
0000053D
0000053D
00000547
0000053D
0000053D
00000548
0000053D
00000549
00000549
0000054A
0000054B
00000549
00000549
0000054C
00000549
00000549
00000549
00000549
00000549
00000549
00000549
0000054D
00000549
00000549
00000549
00000549
0000054E
00000549
00000549
0000054F
00000550
00000549
0000053D
0000053E
0000053E
0000053F
0000053E
0000053D
00000540
00000541
00000542
00000543
00000544
00000544
00000545
0000053D
0000053D
0000053D
00000546
0000053D
0000053D
00000547
0000053D
0000053D
00000548
0000053D
00000549
00000549
0000054A
0000054B
00000549
00000549
0000054C
00000549
00000549
00000549
00000549
00000549
00000549
00000549
0000054D
00000549
00000549
00000549
00000549
0000054E
00000549
00000549
0000054F
00000550
00000549
0000053D
0000053E
0000053E
0000053F
0000053E
0000053D
00000540
00000541
00000542
00000543
00000544
00000544
00000545
0000053D
0000053D
0000053D
00000546
0000053D
0000053D
00000547
0000053D
0000053D
00000548
0000053D
00000549
00000549
0000054A
0000054B
00000549
00000549
0000054C
00000549
00000549
00000549
00000549
00000549
00000549
00000549
0000054D
00000549
00000549
00000549
00000549
0000054E
00000549
00000549
0000054F
00000550
00000549
0000053D
0000053E
0000053E
0000053F
0000053E
0000053D
00000540
00000541
00000542
00000543
00000544
00000544
00000545
0000053D
0000053D
0000053D
00000546
0000053D
0000053D
00000547
0000053D
0000053D
00000548
0000053D
00000549
00000549
0000054A
0000054B
00000549
00000549
0000054C
00000549
00000549
00000549
00000549
00000549
00000549
00000549
0000054D
00000549
00000549
00000549
00000549
0000054E
00000549
00000549
0000054F
00000550
00000549
00000551
00000552
00000552
00000553
00000552
00000551
00000554
00000555
00000556
00000557
00000558
00000558
00000559
00000551
00000551
00000551
0000055A
00000551
00000551
0000055B
00000551
00000551
0000055C
00000551
0000055D
0000055D
0000055E
0000055F
0000055D
0000055D
00000560
0000055D
0000055D
0000055D
0000055D
0000055D
0000055D
0000055D
00000561
0000055D
0000055D
0000055D
0000055D
00000562
0000055D
0000055D
00000563
00000564
0000055D
00000551
00000552
00000552
00000553
00000552
00000551
00000554
00000555
00000556
00000557
00000558
00000558
00000559
00000551
00000551
00000551
0000055A
00000551
00000551
0000055B
00000551
00000551
0000055C
00000551
0000055D
0000055D
0000055E
0000055F
0000055D
0000055D
00000560
0000055D
0000055D
0000055D
0000055D
0000055D
0000055D
0000055D
00000561
0000055D
0000055D
0000055D
0000055D
00000562
0000055D
0000055D
00000563
00000564
0000055D
00000551
00000552
00000552
00000553
00000552
00000551
00000554
00000555
00000556
00000557
00000558
00000558
00000559
00000551
00000551
00000551
0000055A
00000551
00000551
0000055B
00000551
00000551
0000055C
00000551
0000055D
0000055D
0000055E
0000055F
0000055D
0000055D
00000560
0000055D
0000055D
0000055D
0000055D
0000055D
0000055D
0000055D
00000561
0000055D
0000055D
0000055D
0000055D
00000562
0000055D
0000055D
00000563
00000564
0000055D
00000551
00000552
00000552
00000553
00000552
00000551
00000554
00000555
00000556
00000557
00000558
00000558
00000559
00000551
00000551
00000551
0000055A
00000551
00000551
0000055B
00000551
00000551
0000055C
00000551
0000055D
0000055D
0000055E
0000055F
0000055D
0000055D
00000560
0000055D
0000055D
0000055D
0000055D
0000055D
0000055D
0000055D
00000561
0000055D
0000055D
0000055D
0000055D
00000562
0000055D
0000055D
00000563
00000564
0000055D
00000551
00000552
00000552
00000553
00000552
00000551
00000554
00000555
00000556
00000557
00000558
00000558
00000559
00000551
00000551
00000551
0000055A
00000551
00000551
0000055B
00000551
00000551
0000055C
00000551
0000055D
0000055D
0000055E
0000055F
0000055D
0000055D
00000560
0000055D
0000055D
0000055D
0000055D
0000055D
0000055D
0000055D
00000561
0000055D
0000055D
0000055D
0000055D
00000562
0000055D
0000055D
00000563
00000564
0000055D
00000551
00000552
00000552
00000553
00000552
00000551
00000554
00000555
00000556
00000557
00000558
00000558
00000559
00000551
00000551
00000551
0000055A
00000551
00000551
0000055B
00000551
00000551
0000055C
00000551
0000055D
0000055D
0000055E
0000055F
0000055D
0000055D
00000560
0000055D
0000055D
0000055D
0000055D
0000055D
0000055D
0000055D
00000561
0000055D
0000055D
0000055D
0000055D
00000562
0000055D
0000055D
00000563
00000564
0000055D
00000551
00000552
00000552
00000553
00000552
00000551
00000554
00000555
00000556
00000557
00000558
00000558
00000559
00000551
00000551
00000551
0000055A
00000551
00000551
0000055B
00000551
00000551
0000055C
00000551
0000055D
0000055D
0000055E
0000055F
0000055D
0000055D
00000560
0000055D
0000055D
0000055D
0000055D
0000055D
0000055D
0000055D
00000561
0000055D
0000055D
0000055D
0000055D
00000562
0000055D
0000055D
00000563
00000564
0000055D
00000551
00000552
00000552
00000553
00000552
00000551
00000554
00000555
00000556
00000557
00000558
00000558
00000559
00000551
00000551
00000551
0000055A
00000551
00000551
0000055B
00000551
00000551
0000055C
00000551
0000055D
0000055D
0000055E
0000055F
0000055D
0000055D
00000560
0000055D
0000055D
0000055D
0000055D
0000055D
0000055D
0000055D
00000561
0000055D
0000055D
0000055D
0000055D
00000562
0000055D
0000055D
00000563
00000564
0000055D
00000551
00000552
00000552
00000553
00000552
00000551
00000554
00000555
00000556
00000557
00000558
00000558
00000559
00000551
00000551
00000551
0000055A
00000551
00000551
0000055B
00000551
00000551
0000055C
00000551
0000055D
0000055D
0000055E
0000055F
0000055D
0000055D
00000560
0000055D
0000055D
0000055D
0000055D
0000055D
0000055D
0000055D
00000561
0000055D
0000055D
0000055D
0000055D
00000562
0000055D
0000055D
00000563
00000564
0000055D
00000551
00000552
00000552
00000553
00000552
00000551
00000554
00000555
00000556
00000557
00000558
00000558
00000559
00000551
00000551
00000551
0000055A
00000551
00000551
0000055B
00000551
00000551
0000055C
00000551
0000055D
0000055D
0000055E
0000055F
0000055D
0000055D
00000560
0000055D
0000055D
0000055D
0000055D
0000055D
0000055D
0000055D
00000561
0000055D
0000055D
0000055D
0000055D
00000562
0000055D
0000055D
00000563
00000564
0000055D
00000551
00000552
00000552
00000553
00000552
00000551
00000554
00000555
00000556
00000557
00000558
00000558
00000559
00000551
00000551
00000551
0000055A
00000551
00000551
0000055B
00000551
00000551
0000055C
00000551
0000055D
0000055D
0000055E
0000055F
0000055D
0000055D
00000560
0000055D
0000055D
0000055D
0000055D
0000055D
0000055D
0000055D
00000561
0000055D
0000055D
0000055D
0000055D
00000562
0000055D
0000055D
00000563
00000564
0000055D
00000551
00000552
00000552
00000553
00000552
00000551
00000554
00000555
00000556
00000557
00000558
00000558
00000559
00000551
00000551
00000551
0000055A
00000551
00000551
0000055B
00000551
00000551
0000055C
00000551
0000055D
0000055D
0000055E
0000055F
0000055D
0000055D
00000560
0000055D
0000055D
0000055D
0000055D
0000055D
0000055D
0000055D
00000561
0000055D
0000055D
0000055D
0000055D
00000562
0000055D
0000055D
00000563
00000564
0000055D
00000551
00000552
00000552
00000553
00000552
00000551
00000554
00000555
00000556
00000557
00000558
00000558
00000559
00000551
00000551
00000551
0000055A
00000551
00000551
0000055B
00000551
00000551
0000055C
00000551
0000055D
0000055D
0000055E
0000055F
0000055D
0000055D
00000560
0000055D
0000055D
0000055D
0000055D
0000055D
0000055D
0000055D
00000561
0000055D
0000055D
0000055D
0000055D
00000562
0000055D
0000055D
00000563
00000564
0000055D
00000551
00000552
00000552
00000553
00000552
00000551
00000554
00000555
00000556
00000557
00000558
00000558
00000559
00000551
00000551
00000551
0000055A
00000551
00000551
0000055B
00000551
00000551
0000055C
00000551
0000055D
0000055D
0000055E
0000055F
0000055D
0000055D
00000560
0000055D
0000055D
0000055D
0000055D
0000055D
0000055D
0000055D
00000561
0000055D
0000055D
0000055D
0000055D
00000562
0000055D
0000055D
00000563
00000564
0000055D
00000551
00000552
00000552
00000553
00000552
00000551
00000554
00000555
00000556
00000557
00000558
00000558
00000559
00000551
00000551
00000551
0000055A
00000551
00000551
0000055B
00000551
00000551
0000055C
00000551
0000055D
0000055D
0000055E
0000055F
0000055D
0000055D
00000560
0000055D
0000055D
0000055D
0000055D
0000055D
0000055D
0000055D
00000561
0000055D
0000055D
0000055D
0000055D
00000562
0000055D
0000055D
00000563
00000564
0000055D
00000551
00000552
00000552
00000553
00000552
00000551
00000554
00000555
00000556
00000557
00000558
00000558
00000559
00000551
00000551
00000551
0000055A
00000551
00000551
0000055B
00000551
00000551
0000055C
00000551
0000055D
0000055D
0000055E
0000055F
0000055D
0000055D
00000560
0000055D
0000055D
0000055D
0000055D
0000055D
0000055D
0000055D
00000561
0000055D
0000055D
0000055D
0000055D
00000562
0000055D
0000055D
00000563
00000564
0000055D
00000551
00000552
00000552
00000553
00000552
00000551
00000554
00000555
00000556
00000557
00000558
00000558
00000559
00000551
00000551
00000551
0000055A
00000551
00000551
0000055B
00000551
00000551
0000055C
00000551
0000055D
0000055D
0000055E
0000055F
0000055D
0000055D
00000560
0000055D
0000055D
0000055D
0000055D
0000055D
0000055D
0000055D
00000561
0000055D
0000055D
0000055D
0000055D
00000562
0000055D
0000055D
00000563
00000564
0000055D
00000551
00000552
00000552
00000553
00000552
00000551
00000554
00000555
00000556
00000557
00000558
00000558
00000559
00000551
00000551
00000551
0000055A
00000551
00000551
0000055B
00000551
00000551
0000055C
00000551
0000055D
0000055D
0000055E
0000055F
0000055D
0000055D
00000560
0000055D
0000055D
0000055D
0000055D
0000055D
0000055D
0000055D
00000561
0000055D
0000055D
0000055D
0000055D
00000562
0000055D
0000055D
00000563
00000564
0000055D
00000551
00000552
00000552
00000553
00000552
00000551
00000554
00000555
00000556
00000557
00000558
00000558
00000559
00000551
00000551
00000551
0000055A
00000551
00000551
0000055B
00000551
00000551
0000055C
00000551
0000055D
0000055D
0000055E
0000055F
0000055D
0000055D
00000560
0000055D
0000055D
0000055D
0000055D
0000055D
0000055D
0000055D
00000561
0000055D
0000055D
0000055D
0000055D
00000562
0000055D
0000055D
00000563
00000564
0000055D
00000551
00000552
00000552
00000553
00000552
00000551
00000554
00000555
00000556
00000557
00000558
00000558
00000559
00000551
00000551
00000551
0000055A
00000551
00000551
0000055B
00000551
00000551
0000055C
00000551
0000055D
0000055D
0000055E
0000055F
0000055D
0000055D
00000560
0000055D
0000055D
0000055D
0000055D
0000055D
0000055D
0000055D
00000561
0000055D
0000055D
0000055D
0000055D
00000562
0000055D
0000055D
00000563
00000564
0000055D
00000551
00000552
00000552
00000553
00000552
00000551
00000554
00000555
00000556
00000557
00000558
00000558
00000559
00000551
00000551
00000551
0000055A
00000551
00000551
0000055B
00000551
00000551
0000055C
00000551
0000055D
0000055D
0000055E
0000055F
0000055D
0000055D
00000560
0000055D
0000055D
0000055D
0000055D
0000055D
0000055D
0000055D
00000561
0000055D
0000055D
0000055D
0000055D
00000562
0000055D
0000055D
00000563
00000564
0000055D
00000551
00000552
00000552
00000553
00000552
00000551
00000554
00000555
00000556
00000557
00000558
00000558
00000559
00000551
00000551
00000551
0000055A
00000551
00000551
0000055B
00000551
00000551
0000055C
00000551
0000055D
0000055D
0000055E
0000055F
0000055D
0000055D
00000560
0000055D
0000055D
0000055D
0000055D
0000055D
0000055D
0000055D
00000561
0000055D
0000055D
0000055D
0000055D
00000562
0000055D
0000055D
00000563
00000564
0000055D
00000551
00000552
00000552
00000553
00000552
00000551
00000554
00000555
00000556
00000557
00000558
00000558
00000559
00000551
00000551
00000551
0000055A
00000551
00000551
0000055B
00000551
00000551
0000055C
00000551
0000055D
0000055D
0000055E
0000055F
0000055D
0000055D
00000560
0000055D
0000055D
0000055D
0000055D
0000055D
0000055D
0000055D
00000561
0000055D
0000055D
0000055D
0000055D
00000562
0000055D
0000055D
00000563
00000564
0000055D
00000565
00000566
00000566
00000567
00000568
00000565
00000569
0000056A
0000056B
0000056C
0000056D
0000056D
0000056E
00000565
00000565
00000565
0000056F
00000565
00000565
00000570
00000565
00000565
00000571
00000565
00000572
00000572
00000573
00000574
00000572
00000572
00000575
00000572
00000572
00000572
00000572
00000572
00000572
00000572
00000576
00000572
00000572
00000572
00000572
00000577
00000572
00000572
00000578
00000579
00000572
00000565
00000566
00000566
00000567
00000568
00000565
00000569
0000056A
0000056B
0000056C
0000056D
0000056D
0000056E
00000565
00000565
00000565
0000056F
00000565
00000565
00000570
00000565
00000565
00000571
00000565
00000572
00000572
00000573
00000574
00000572
00000572
00000575
00000572
00000572
00000572
00000572
00000572
00000572
00000572
00000576
00000572
00000572
00000572
00000572
00000577
00000572
00000572
00000578
00000579
00000572
00000565
00000566
00000566
00000567
00000568
00000565
00000569
0000056A
0000056B
0000056C
0000056D
0000056D
0000056E
00000565
00000565
00000565
0000056F
00000565
00000565
00000570
00000565
00000565
00000571
00000565
00000572
00000572
00000573
00000574
00000572
00000572
00000575
00000572
00000572
00000572
00000572
00000572
00000572
00000572
00000576
00000572
00000572
00000572
00000572
00000577
00000572
00000572
00000578
00000579
00000572
00000565
00000566
00000566
00000567
00000568
00000565
00000569
0000056A
0000056B
0000056C
0000056D
0000056D
0000056E
00000565
00000565
00000565
0000056F
00000565
00000565
00000570
00000565
00000565
00000571
00000565
00000572
00000572
00000573
00000574
00000572
00000572
00000575
00000572
00000572
00000572
00000572
00000572
00000572
00000572
00000576
00000572
00000572
00000572
00000572
00000577
00000572
00000572
00000578
00000579
00000572
00000565
00000566
00000566
00000567
00000568
00000565
00000569
0000056A
0000056B
0000056C
0000056D
0000056D
0000056E
00000565
00000565
00000565
0000056F
00000565
00000565
00000570
00000565
00000565
00000571
00000565
00000572
00000572
00000573
00000574
00000572
00000572
00000575
00000572
00000572
00000572
00000572
00000572
00000572
00000572
00000576
00000572
00000572
00000572
00000572
00000577
00000572
00000572
00000578
00000579
00000572
00000565
00000566
00000566
00000567
00000568
00000565
00000569
0000056A
0000056B
0000056C
0000056D
0000056D
0000056E
00000565
00000565
00000565
0000056F
00000565
00000565
00000570
00000565
00000565
00000571
00000565
00000572
00000572
00000573
00000574
00000572
00000572
00000575
00000572
00000572
00000572
00000572
00000572
00000572
00000572
00000576
00000572
00000572
00000572
00000572
00000577
00000572
00000572
00000578
00000579
00000572
00000565
00000566
00000566
00000567
00000568
00000565
00000569
0000056A
0000056B
0000056C
0000056D
0000056D
0000056E
00000565
00000565
00000565
0000056F
00000565
00000565
00000570
00000565
00000565
00000571
00000565
00000572
00000572
00000573
00000574
00000572
00000572
00000575
00000572
00000572
00000572
00000572
00000572
00000572
00000572
00000576
00000572
00000572
00000572
00000572
00000577
00000572
00000572
00000578
00000579
00000572
00000565
00000566
00000566
00000567
00000568
00000565
00000569
0000056A
0000056B
0000056C
0000056D
0000056D
0000056E
00000565
00000565
00000565
0000056F
00000565
00000565
00000570
00000565
00000565
00000571
00000565
00000572
00000572
00000573
00000574
00000572
00000572
00000575
00000572
00000572
00000572
00000572
00000572
00000572
00000572
00000576
00000572
00000572
00000572
00000572
00000577
00000572
00000572
00000578
00000579
00000572
00000565
00000566
00000566
00000567
00000568
00000565
00000569
0000056A
0000056B
0000056C
0000056D
0000056D
0000056E
00000565
00000565
00000565
0000056F
00000565
00000565
00000570
00000565
00000565
00000571
00000565
00000572
00000572
00000573
00000574
00000572
00000572
00000575
00000572
00000572
00000572
00000572
00000572
00000572
00000572
00000576
00000572
00000572
00000572
00000572
00000577
00000572
00000572
00000578
00000579
00000572
00000565
00000566
00000566
00000567
00000568
00000565
00000569
0000056A
0000056B
0000056C
0000056D
0000056D
0000056E
00000565
00000565
00000565
0000056F
00000565
00000565
00000570
00000565
00000565
00000571
00000565
00000572
00000572
00000573
00000574
00000572
00000572
00000575
00000572
00000572
00000572
00000572
00000572
00000572
00000572
00000576
00000572
00000572
00000572
00000572
00000577
00000572
00000572
00000578
00000579
00000572
00000565
00000566
00000566
00000567
00000568
00000565
00000569
0000056A
0000056B
0000056C
0000056D
0000056D
0000056E
00000565
00000565
00000565
0000056F
00000565
00000565
00000570
00000565
00000565
00000571
00000565
00000572
00000572
00000573
00000574
00000572
00000572
00000575
00000572
00000572
00000572
00000572
00000572
00000572
00000572
00000576
00000572
00000572
00000572
00000572
00000577
00000572
00000572
00000578
00000579
00000572
00000565
00000566
00000566
00000567
00000568
00000565
00000569
0000056A
0000056B
0000056C
0000056D
0000056D
0000056E
00000565
00000565
00000565
0000056F
00000565
00000565
00000570
00000565
00000565
00000571
00000565
00000572
00000572
00000573
00000574
00000572
00000572
00000575
00000572
00000572
00000572
00000572
00000572
00000572
00000572
00000576
00000572
00000572
00000572
00000572
00000577
00000572
00000572
00000578
00000579
00000572
00000565
00000566
00000566
00000567
00000568
00000565
00000569
0000056A
0000056B
0000056C
0000056D
0000056D
0000056E
00000565
00000565
00000565
0000056F
00000565
00000565
00000570
00000565
00000565
00000571
00000565
00000572
00000572
00000573
00000574
00000572
00000572
00000575
00000572
00000572
00000572
00000572
00000572
00000572
00000572
00000576
00000572
00000572
00000572
00000572
00000577
00000572
00000572
00000578
00000579
00000572
00000565
00000566
00000566
00000567
00000568
00000565
00000569
0000056A
0000056B
0000056C
0000056D
0000056D
0000056E
00000565
00000565
00000565
0000056F
00000565
00000565
00000570
00000565
00000565
00000571
00000565
00000572
00000572
00000573
00000574
00000572
00000572
00000575
00000572
00000572
00000572
00000572
00000572
00000572
00000572
00000576
00000572
00000572
00000572
00000572
00000577
00000572
00000572
00000578
00000579
00000572
00000565
00000566
00000566
00000567
00000568
00000565
00000569
0000056A
0000056B
0000056C
0000056D
0000056D
0000056E
00000565
00000565
00000565
0000056F
00000565
00000565
00000570
00000565
00000565
00000571
00000565
00000572
00000572
00000573
00000574
00000572
00000572
00000575
00000572
00000572
00000572
00000572
00000572
00000572
00000572
00000576
00000572
00000572
00000572
00000572
00000577
00000572
00000572
00000578
00000579
00000572
00000565
00000566
00000566
00000567
00000568
00000565
00000569
0000056A
0000056B
0000056C
0000056D
0000056D
0000056E
00000565
00000565
00000565
0000056F
00000565
00000565
00000570
00000565
00000565
00000571
00000565
00000572
00000572
00000573
00000574
00000572
00000572
00000575
00000572
00000572
00000572
00000572
00000572
00000572
00000572
00000576
00000572
00000572
00000572
00000572
00000577
00000572
00000572
00000578
00000579
00000572
00000565
00000566
00000566
00000567
00000568
00000565
00000569
0000056A
0000056B
0000056C
0000056D
0000056D
0000056E
00000565
00000565
00000565
0000056F
00000565
00000565
00000570
00000565
00000565
00000571
00000565
00000572
00000572
00000573
00000574
00000572
00000572
00000575
00000572
00000572
00000572
00000572
00000572
00000572
00000572
00000576
00000572
00000572
00000572
00000572
00000577
00000572
00000572
00000578
00000579
00000572
00000565
00000566
00000566
00000567
00000568
00000565
00000569
0000056A
0000056B
0000056C
0000056D
0000056D
0000056E
00000565
00000565
00000565
0000056F
00000565
00000565
00000570
00000565
00000565
00000571
00000565
00000572
00000572
00000573
00000574
00000572
00000572
00000575
00000572
00000572
00000572
00000572
00000572
00000572
00000572
00000576
00000572
00000572
00000572
00000572
00000577
00000572
00000572
00000578
00000579
00000572
00000565
00000566
00000566
00000567
00000568
00000565
00000569
0000056A
0000056B
0000056C
0000056D
0000056D
0000056E
00000565
00000565
00000565
0000056F
00000565
00000565
00000570
00000565
00000565
00000571
00000565
00000572
00000572
00000573
00000574
00000572
00000572
00000575
00000572
00000572
00000572
00000572
00000572
00000572
00000572
00000576
00000572
00000572
00000572
00000572
00000577
00000572
00000572
00000578
00000579
00000572
00000565
00000566
00000566
00000567
00000568
00000565
00000569
0000056A
0000056B
0000056C
0000056D
0000056D
0000056E
00000565
00000565
00000565
0000056F
00000565
00000565
00000570
00000565
00000565
00000571
00000565
00000572
00000572
00000573
00000574
00000572
00000572
00000575
00000572
00000572
00000572
00000572
00000572
00000572
00000572
00000576
00000572
00000572
00000572
00000572
00000577
00000572
00000572
00000578
00000579
00000572
00000565
00000566
00000566
00000567
00000568
00000565
00000569
0000056A
0000056B
0000056C
0000056D
0000056D
0000056E
00000565
00000565
00000565
0000056F
00000565
00000565
00000570
00000565
00000565
00000571
00000565
00000572
00000572
00000573
00000574
00000572
00000572
00000575
00000572
00000572
00000572
00000572
00000572
00000572
00000572
00000576
00000572
00000572
00000572
00000572
00000577
00000572
00000572
00000578
00000579
00000572
00000565
00000566
00000566
00000567
00000568
00000565
00000569
0000056A
0000056B
0000056C
0000056D
0000056D
0000056E
00000565
00000565
00000565
0000056F
00000565
00000565
00000570
00000565
00000565
00000571
00000565
00000572
00000572
00000573
00000574
00000572
00000572
00000575
00000572
00000572
00000572
00000572
00000572
00000572
00000572
00000576
00000572
00000572
00000572
00000572
00000577
00000572
00000572
00000578
00000579
00000572
00000565
00000566
00000566
00000567
00000568
00000565
00000569
0000056A
0000056B
0000056C
0000056D
0000056D
0000056E
00000565
00000565
00000565
0000056F
00000565
00000565
00000570
00000565
00000565
00000571
00000565
00000572
00000572
00000573
00000574
00000572
00000572
00000575
00000572
00000572
00000572
00000572
00000572
00000572
00000572
00000576
00000572
00000572
00000572
00000572
00000577
00000572
00000572
00000578
00000579
00000572
0000057A
0000057B
0000057B
0000057C
0000057B
0000057A
0000057D
0000057E
0000057F
00000580
00000581
00000581
00000582
0000057A
0000057A
0000057A
00000583
0000057A
0000057A
00000584
0000057A
0000057A
00000585
0000057A
00000586
00000586
00000587
00000588
00000586
00000586
00000589
00000586
00000586
00000586
00000586
00000586
00000586
00000586
0000058A
00000586
00000586
00000586
00000586
0000058B
00000586
00000586
0000058C
0000058D
00000586
0000057A
0000057B
0000057B
0000057C
0000057B
0000057A
0000057D
0000057E
0000057F
00000580
00000581
00000581
00000582
0000057A
0000057A
0000057A
00000583
0000057A
0000057A
00000584
0000057A
0000057A
00000585
0000057A
00000586
00000586
00000587
00000588
00000586
00000586
00000589
00000586
00000586
00000586
00000586
00000586
00000586
00000586
0000058A
00000586
00000586
00000586
00000586
0000058B
00000586
00000586
0000058C
0000058D
00000586
0000057A
0000057B
0000057B
0000057C
0000057B
0000057A
0000057D
0000057E
0000057F
00000580
00000581
00000581
00000582
0000057A
0000057A
0000057A
00000583
0000057A
0000057A
00000584
0000057A
0000057A
00000585
0000057A
00000586
00000586
00000587
00000588
00000586
00000586
00000589
00000586
00000586
00000586
00000586
00000586
00000586
00000586
0000058A
00000586
00000586
00000586
00000586
0000058B
00000586
00000586
0000058C
0000058D
00000586
0000057A
0000057B
0000057B
0000057C
0000057B
0000057A
0000057D
0000057E
0000057F
00000580
00000581
00000581
00000582
0000057A
0000057A
0000057A
00000583
0000057A
0000057A
00000584
0000057A
0000057A
00000585
0000057A
00000586
00000586
00000587
00000588
00000586
00000586
00000589
00000586
00000586
00000586
00000586
00000586
00000586
00000586
0000058A
00000586
00000586
00000586
00000586
0000058B
00000586
00000586
0000058C
0000058D
00000586
0000057A
0000057B
0000057B
0000057C
0000057B
0000057A
0000057D
0000057E
0000057F
00000580
00000581
00000581
00000582
0000057A
0000057A
0000057A
00000583
0000057A
0000057A
00000584
0000057A
0000057A
00000585
0000057A
00000586
00000586
00000587
00000588
00000586
00000586
00000589
00000586
00000586
00000586
00000586
00000586
00000586
00000586
0000058A
00000586
00000586
00000586
00000586
0000058B
00000586
00000586
0000058C
0000058D
00000586
0000057A
0000057B
0000057B
0000057C
0000057B
0000057A
0000057D
0000057E
0000057F
00000580
00000581
00000581
00000582
0000057A
0000057A
0000057A
00000583
0000057A
0000057A
00000584
0000057A
0000057A
00000585
0000057A
00000586
00000586
00000587
00000588
00000586
00000586
00000589
00000586
00000586
00000586
00000586
00000586
00000586
00000586
0000058A
00000586
00000586
00000586
00000586
0000058B
00000586
00000586
0000058C
0000058D
00000586
0000057A
0000057B
0000057B
0000057C
0000057B
0000057A
0000057D
0000057E
0000057F
00000580
00000581
00000581
00000582
0000057A
0000057A
0000057A
00000583
0000057A
0000057A
00000584
0000057A
0000057A
00000585
0000057A
00000586
00000586
00000587
00000588
00000586
00000586
00000589
00000586
00000586
00000586
00000586
00000586
00000586
00000586
0000058A
00000586
00000586
00000586
00000586
0000058B
00000586
00000586
0000058C
0000058D
00000586
0000057A
0000057B
0000057B
0000057C
0000057B
0000057A
0000057D
0000057E
0000057F
00000580
00000581
00000581
00000582
0000057A
0000057A
0000057A
00000583
0000057A
0000057A
00000584
0000057A
0000057A
00000585
0000057A
00000586
00000586
00000587
00000588
00000586
00000586
00000589
00000586
00000586
00000586
00000586
00000586
00000586
00000586
0000058A
00000586
00000586
00000586
00000586
0000058B
00000586
00000586
0000058C
0000058D
00000586
0000057A
0000057B
0000057B
0000057C
0000057B
0000057A
0000057D
0000057E
0000057F
00000580
00000581
00000581
00000582
0000057A
0000057A
0000057A
00000583
0000057A
0000057A
00000584
0000057A
0000057A
00000585
0000057A
00000586
00000586
00000587
00000588
00000586
00000586
00000589
00000586
00000586
00000586
00000586
00000586
00000586
00000586
0000058A
00000586
00000586
00000586
00000586
0000058B
00000586
00000586
0000058C
0000058D
00000586
0000057A
0000057B
0000057B
0000057C
0000057B
0000057A
0000057D
0000057E
0000057F
00000580
00000581
00000581
00000582
0000057A
0000057A
0000057A
00000583
0000057A
0000057A
00000584
0000057A
0000057A
00000585
0000057A
00000586
00000586
00000587
00000588
00000586
00000586
00000589
00000586
00000586
00000586
00000586
00000586
00000586
00000586
0000058A
00000586
00000586
00000586
00000586
0000058B
00000586
00000586
0000058C
0000058D
00000586
0000057A
0000057B
0000057B
0000057C
0000057B
0000057A
0000057D
0000057E
0000057F
00000580
00000581
00000581
00000582
0000057A
0000057A
0000057A
00000583
0000057A
0000057A
00000584
0000057A
0000057A
00000585
0000057A
00000586
00000586
00000587
00000588
00000586
00000586
00000589
00000586
00000586
00000586
00000586
00000586
00000586
00000586
0000058A
00000586
00000586
00000586
00000586
0000058B
00000586
00000586
0000058C
0000058D
00000586
0000057A
0000057B
0000057B
0000057C
0000057B
0000057A
0000057D
0000057E
0000057F
00000580
00000581
00000581
00000582
0000057A
0000057A
0000057A
00000583
0000057A
0000057A
00000584
0000057A
0000057A
00000585
0000057A
00000586
00000586
00000587
00000588
00000586
00000586
00000589
00000586
00000586
00000586
00000586
00000586
00000586
00000586
0000058A
00000586
00000586
00000586
00000586
0000058B
00000586
00000586
0000058C
0000058D
00000586
0000057A
0000057B
0000057B
0000057C
0000057B
0000057A
0000057D
0000057E
0000057F
00000580
00000581
00000581
00000582
0000057A
0000057A
0000057A
00000583
0000057A
0000057A
00000584
0000057A
0000057A
00000585
0000057A
00000586
00000586
00000587
00000588
00000586
00000586
00000589
00000586
00000586
00000586
00000586
00000586
00000586
00000586
0000058A
00000586
00000586
00000586
00000586
0000058B
00000586
00000586
0000058C
0000058D
00000586
0000057A
0000057B
0000057B
0000057C
0000057B
0000057A
0000057D
0000057E
0000057F
00000580
00000581
00000581
00000582
0000057A
0000057A
0000057A
00000583
0000057A
0000057A
00000584
0000057A
0000057A
00000585
0000057A
00000586
00000586
00000587
00000588
00000586
00000586
00000589
00000586
00000586
00000586
00000586
00000586
00000586
00000586
0000058A
00000586
00000586
00000586
00000586
0000058B
00000586
00000586
0000058C
0000058D
00000586
0000057A
0000057B
0000057B
0000057C
0000057B
0000057A
0000057D
0000057E
0000057F
00000580
00000581
00000581
00000582
0000057A
0000057A
0000057A
00000583
0000057A
0000057A
00000584
0000057A
0000057A
00000585
0000057A
00000586
00000586
00000587
00000588
00000586
00000586
00000589
00000586
00000586
00000586
00000586
00000586
00000586
00000586
0000058A
00000586
00000586
00000586
00000586
0000058B
00000586
00000586
0000058C
0000058D
00000586
0000057A
0000057B
0000057B
0000057C
0000057B
0000057A
0000057D
0000057E
0000057F
00000580
00000581
00000581
00000582
0000057A
0000057A
0000057A
00000583
0000057A
0000057A
00000584
0000057A
0000057A
00000585
0000057A
00000586
00000586
00000587
00000588
00000586
00000586
00000589
00000586
00000586
00000586
00000586
00000586
00000586
00000586
0000058A
00000586
00000586
00000586
00000586
0000058B
00000586
00000586
0000058C
0000058D
00000586
0000057A
0000057B
0000057B
0000057C
0000057B
0000057A
0000057D
0000057E
0000057F
00000580
00000581
00000581
00000582
0000057A
0000057A
0000057A
00000583
0000057A
0000057A
00000584
0000057A
0000057A
00000585
0000057A
00000586
00000586
00000587
00000588
00000586
00000586
00000589
00000586
00000586
00000586
00000586
00000586
00000586
00000586
0000058A
00000586
00000586
00000586
00000586
0000058B
00000586
00000586
0000058C
0000058D
00000586
0000057A
0000057B
0000057B
0000057C
0000057B
0000057A
0000057D
0000057E
0000057F
00000580
00000581
00000581
00000582
0000057A
0000057A
0000057A
00000583
0000057A
0000057A
00000584
0000057A
0000057A
00000585
0000057A
00000586
00000586
00000587
00000588
00000586
00000586
00000589
00000586
00000586
00000586
00000586
00000586
00000586
00000586
0000058A
00000586
00000586
00000586
00000586
0000058B
00000586
00000586
0000058C
0000058D
00000586
0000057A
0000057B
0000057B
0000057C
0000057B
0000057A
0000057D
0000057E
0000057F
00000580
00000581
00000581
00000582
0000057A
0000057A
0000057A
00000583
0000057A
0000057A
00000584
0000057A
0000057A
00000585
0000057A
00000586
00000586
00000587
00000588
00000586
00000586
00000589
00000586
00000586
00000586
00000586
00000586
00000586
00000586
0000058A
00000586
00000586
00000586
00000586
0000058B
00000586
00000586
0000058C
0000058D
00000586
0000057A
0000057B
0000057B
0000057C
0000057B
0000057A
0000057D
0000057E
0000057F
00000580
00000581
00000581
00000582
0000057A
0000057A
0000057A
00000583
0000057A
0000057A
00000584
0000057A
0000057A
00000585
0000057A
00000586
00000586
00000587
00000588
00000586
00000586
00000589
00000586
00000586
00000586
00000586
00000586
00000586
00000586
0000058A
00000586
00000586
00000586
00000586
0000058B
00000586
00000586
0000058C
0000058D
00000586
0000057A
0000057B
0000057B
0000057C
0000057B
0000057A
0000057D
0000057E
0000057F
00000580
00000581
00000581
00000582
0000057A
0000057A
0000057A
00000583
0000057A
0000057A
00000584
0000057A
0000057A
00000585
0000057A
00000586
00000586
00000587
00000588
00000586
00000586
00000589
00000586
00000586
00000586
00000586
00000586
00000586
00000586
0000058A
00000586
00000586
00000586
00000586
0000058B
00000586
00000586
0000058C
0000058D
00000586
0000057A
0000057B
0000057B
0000057C
0000057B
0000057A
0000057D
0000057E
0000057F
00000580
00000581
00000581
00000582
0000057A
0000057A
0000057A
00000583
0000057A
0000057A
00000584
0000057A
0000057A
00000585
0000057A
00000586
00000586
00000587
00000588
00000586
00000586
00000589
00000586
00000586
00000586
00000586
00000586
00000586
00000586
0000058A
00000586
00000586
00000586
00000586
0000058B
00000586
00000586
0000058C
0000058D
00000586
0000057A
0000057B
0000057B
0000057C
0000057B
0000057A
0000057D
0000057E
0000057F
00000580
00000581
00000581
00000582
0000057A
0000057A
0000057A
00000583
0000057A
0000057A
00000584
0000057A
0000057A
00000585
0000057A
00000586
00000586
00000587
00000588
00000586
00000586
00000589
00000586
00000586
00000586
00000586
00000586
00000586
00000586
0000058A
00000586
00000586
00000586
00000586
0000058B
00000586
00000586
0000058C
0000058D
00000586
0000058E
0000058F
0000058F
00000590
0000058F
0000058E
00000591
00000592
00000593
00000594
00000595
00000595
00000596
00000597
0000058E
0000058E
00000598
00000599
0000058E
0000059A
0000058E
0000058E
0000059B
0000058E
0000059C
0000059C
0000059D
0000059E
0000059C
0000059C
0000059F
0000059C
0000059C
0000059C
0000059C
0000059C
000005A0
0000059C
0000059C
0000059C
0000059C
0000059C
0000059C
000005A1
0000059C
0000059C
000005A2
000005A3
0000059C
0000058E
0000058F
0000058F
00000590
0000058F
0000058E
00000591
00000592
00000593
00000594
00000595
00000595
00000596
00000597
0000058E
0000058E
00000598
00000599
0000058E
0000059A
0000058E
0000058E
0000059B
0000058E
0000059C
0000059C
0000059D
0000059E
0000059C
0000059C
0000059F
0000059C
0000059C
0000059C
0000059C
0000059C
000005A0
0000059C
0000059C
0000059C
0000059C
0000059C
0000059C
000005A1
0000059C
0000059C
000005A2
000005A3
0000059C
0000058E
0000058F
0000058F
00000590
0000058F
0000058E
00000591
00000592
00000593
00000594
00000595
00000595
00000596
00000597
0000058E
0000058E
00000598
00000599
0000058E
0000059A
0000058E
0000058E
0000059B
0000058E
0000059C
0000059C
0000059D
0000059E
0000059C
0000059C
0000059F
0000059C
0000059C
0000059C
0000059C
0000059C
000005A0
0000059C
0000059C
0000059C
0000059C
0000059C
0000059C
000005A1
0000059C
0000059C
000005A2
000005A3
0000059C
0000058E
0000058F
0000058F
00000590
0000058F
0000058E
00000591
00000592
00000593
00000594
00000595
00000595
00000596
00000597
0000058E
0000058E
00000598
00000599
0000058E
0000059A
0000058E
0000058E
0000059B
0000058E
0000059C
0000059C
0000059D
0000059E
0000059C
0000059C
0000059F
0000059C
0000059C
0000059C
0000059C
0000059C
000005A0
0000059C
0000059C
0000059C
0000059C
0000059C
0000059C
000005A1
0000059C
0000059C
000005A2
000005A3
0000059C
0000058E
0000058F
0000058F
00000590
0000058F
0000058E
00000591
00000592
00000593
00000594
00000595
00000595
00000596
00000597
0000058E
0000058E
00000598
00000599
0000058E
0000059A
0000058E
0000058E
0000059B
0000058E
0000059C
0000059C
0000059D
0000059E
0000059C
0000059C
0000059F
0000059C
0000059C
0000059C
0000059C
0000059C
000005A0
0000059C
0000059C
0000059C
0000059C
0000059C
0000059C
000005A1
0000059C
0000059C
000005A2
000005A3
0000059C
0000058E
0000058F
0000058F
00000590
0000058F
0000058E
00000591
00000592
00000593
00000594
00000595
00000595
00000596
00000597
0000058E
0000058E
00000598
00000599
0000058E
0000059A
0000058E
0000058E
0000059B
0000058E
0000059C
0000059C
0000059D
0000059E
0000059C
0000059C
0000059F
0000059C
0000059C
0000059C
0000059C
0000059C
000005A0
0000059C
0000059C
0000059C
0000059C
0000059C
0000059C
000005A1
0000059C
0000059C
000005A2
000005A3
0000059C
0000058E
0000058F
0000058F
00000590
0000058F
0000058E
00000591
00000592
00000593
00000594
00000595
00000595
00000596
00000597
0000058E
0000058E
00000598
00000599
0000058E
0000059A
0000058E
0000058E
0000059B
0000058E
0000059C
0000059C
0000059D
0000059E
0000059C
0000059C
0000059F
0000059C
0000059C
0000059C
0000059C
0000059C
000005A0
0000059C
0000059C
0000059C
0000059C
0000059C
0000059C
000005A1
0000059C
0000059C
000005A2
000005A3
0000059C
0000058E
0000058F
0000058F
00000590
0000058F
0000058E
00000591
00000592
00000593
00000594
00000595
00000595
00000596
00000597
0000058E
0000058E
00000598
00000599
0000058E
0000059A
0000058E
0000058E
0000059B
0000058E
0000059C
0000059C
0000059D
0000059E
0000059C
0000059C
0000059F
0000059C
0000059C
0000059C
0000059C
0000059C
000005A0
0000059C
0000059C
0000059C
0000059C
0000059C
0000059C
000005A1
0000059C
0000059C
000005A2
000005A3
0000059C
0000058E
0000058F
0000058F
00000590
0000058F
0000058E
00000591
00000592
00000593
00000594
00000595
00000595
00000596
00000597
0000058E
0000058E
00000598
00000599
0000058E
0000059A
0000058E
0000058E
0000059B
0000058E
0000059C
0000059C
0000059D
0000059E
0000059C
0000059C
0000059F
0000059C
0000059C
0000059C
0000059C
0000059C
000005A0
0000059C
0000059C
0000059C
0000059C
0000059C
0000059C
000005A1
0000059C
0000059C
000005A2
000005A3
0000059C
0000058E
0000058F
0000058F
00000590
0000058F
0000058E
00000591
00000592
00000593
00000594
00000595
00000595
00000596
00000597
0000058E
0000058E
00000598
00000599
0000058E
0000059A
0000058E
0000058E
0000059B
0000058E
0000059C
0000059C
0000059D
0000059E
0000059C
0000059C
0000059F
0000059C
0000059C
0000059C
0000059C
0000059C
000005A0
0000059C
0000059C
0000059C
0000059C
0000059C
0000059C
000005A1
0000059C
0000059C
000005A2
000005A3
0000059C
0000058E
0000058F
0000058F
00000590
0000058F
0000058E
00000591
00000592
00000593
00000594
00000595
00000595
00000596
00000597
0000058E
0000058E
00000598
00000599
0000058E
0000059A
0000058E
0000058E
0000059B
0000058E
0000059C
0000059C
0000059D
0000059E
0000059C
0000059C
0000059F
0000059C
0000059C
0000059C
0000059C
0000059C
000005A0
0000059C
0000059C
0000059C
0000059C
0000059C
0000059C
000005A1
0000059C
0000059C
000005A2
000005A3
0000059C
0000058E
0000058F
0000058F
00000590
0000058F
0000058E
00000591
00000592
00000593
00000594
00000595
00000595
00000596
00000597
0000058E
0000058E
00000598
00000599
0000058E
0000059A
0000058E
0000058E
0000059B
0000058E
0000059C
0000059C
0000059D
0000059E
0000059C
0000059C
0000059F
0000059C
0000059C
0000059C
0000059C
0000059C
000005A0
0000059C
0000059C
0000059C
0000059C
0000059C
0000059C
000005A1
0000059C
0000059C
000005A2
000005A3
0000059C
0000058E
0000058F
0000058F
00000590
0000058F
0000058E
00000591
00000592
00000593
00000594
00000595
00000595
00000596
00000597
0000058E
0000058E
00000598
00000599
0000058E
0000059A
0000058E
0000058E
0000059B
0000058E
0000059C
0000059C
0000059D
0000059E
0000059C
0000059C
0000059F
0000059C
0000059C
0000059C
0000059C
0000059C
000005A0
0000059C
0000059C
0000059C
0000059C
0000059C
0000059C
000005A1
0000059C
0000059C
000005A2
000005A3
0000059C
0000058E
0000058F
0000058F
00000590
0000058F
0000058E
00000591
00000592
00000593
00000594
00000595
00000595
00000596
00000597
0000058E
0000058E
00000598
00000599
0000058E
0000059A
0000058E
0000058E
0000059B
0000058E
0000059C
0000059C
0000059D
0000059E
0000059C
0000059C
0000059F
0000059C
0000059C
0000059C
0000059C
0000059C
000005A0
0000059C
0000059C
0000059C
0000059C
0000059C
0000059C
000005A1
0000059C
0000059C
000005A2
000005A3
0000059C
0000058E
0000058F
0000058F
00000590
0000058F
0000058E
00000591
00000592
00000593
00000594
00000595
00000595
00000596
00000597
0000058E
0000058E
00000598
00000599
0000058E
0000059A
0000058E
0000058E
0000059B
0000058E
0000059C
0000059C
0000059D
0000059E
0000059C
0000059C
0000059F
0000059C
0000059C
0000059C
0000059C
0000059C
000005A0
0000059C
0000059C
0000059C
0000059C
0000059C
0000059C
000005A1
0000059C
0000059C
000005A2
000005A3
0000059C
0000058E
0000058F
0000058F
00000590
0000058F
0000058E
00000591
00000592
00000593
00000594
00000595
00000595
00000596
00000597
0000058E
0000058E
00000598
00000599
0000058E
0000059A
0000058E
0000058E
0000059B
0000058E
0000059C
0000059C
0000059D
0000059E
0000059C
0000059C
0000059F
0000059C
0000059C
0000059C
0000059C
0000059C
000005A0
0000059C
0000059C
0000059C
0000059C
0000059C
0000059C
000005A1
0000059C
0000059C
000005A2
000005A3
0000059C
0000058E
0000058F
0000058F
00000590
0000058F
0000058E
00000591
00000592
00000593
00000594
00000595
00000595
00000596
00000597
0000058E
0000058E
00000598
00000599
0000058E
0000059A
0000058E
0000058E
0000059B
0000058E
0000059C
0000059C
0000059D
0000059E
0000059C
0000059C
0000059F
0000059C
0000059C
0000059C
0000059C
0000059C
000005A0
0000059C
0000059C
0000059C
0000059C
0000059C
0000059C
000005A1
0000059C
0000059C
000005A2
000005A3
0000059C
0000058E
0000058F
0000058F
00000590
0000058F
0000058E
00000591
00000592
00000593
00000594
00000595
00000595
00000596
00000597
0000058E
0000058E
00000598
00000599
0000058E
0000059A
0000058E
0000058E
0000059B
0000058E
0000059C
0000059C
0000059D
0000059E
0000059C
0000059C
0000059F
0000059C
0000059C
0000059C
0000059C
0000059C
000005A0
0000059C
0000059C
0000059C
0000059C
0000059C
0000059C
000005A1
0000059C
0000059C
000005A2
000005A3
0000059C
0000058E
0000058F
0000058F
00000590
0000058F
0000058E
00000591
00000592
00000593
00000594
00000595
00000595
00000596
00000597
0000058E
0000058E
00000598
00000599
0000058E
0000059A
0000058E
0000058E
0000059B
0000058E
0000059C
0000059C
0000059D
0000059E
0000059C
0000059C
0000059F
0000059C
0000059C
0000059C
0000059C
0000059C
000005A0
0000059C
0000059C
0000059C
0000059C
0000059C
0000059C
000005A1
0000059C
0000059C
000005A2
000005A3
0000059C
0000058E
0000058F
0000058F
00000590
0000058F
0000058E
00000591
00000592
00000593
00000594
00000595
00000595
00000596
00000597
0000058E
0000058E
00000598
00000599
0000058E
0000059A
0000058E
0000058E
0000059B
0000058E
0000059C
0000059C
0000059D
0000059E
0000059C
0000059C
0000059F
0000059C
0000059C
0000059C
0000059C
0000059C
000005A0
0000059C
0000059C
0000059C
0000059C
0000059C
0000059C
000005A1
0000059C
0000059C
000005A2
000005A3
0000059C
0000058E
0000058F
0000058F
00000590
0000058F
0000058E
00000591
00000592
00000593
00000594
00000595
00000595
00000596
00000597
0000058E
0000058E
00000598
00000599
0000058E
0000059A
0000058E
0000058E
0000059B
0000058E
0000059C
0000059C
0000059D
0000059E
0000059C
0000059C
0000059F
0000059C
0000059C
0000059C
0000059C
0000059C
000005A0
0000059C
0000059C
0000059C
0000059C
0000059C
0000059C
000005A1
0000059C
0000059C
000005A2
000005A3
0000059C
0000058E
0000058F
0000058F
00000590
0000058F
0000058E
00000591
00000592
00000593
00000594
00000595
00000595
00000596
00000597
0000058E
0000058E
00000598
00000599
0000058E
0000059A
0000058E
0000058E
0000059B
0000058E
0000059C
0000059C
0000059D
0000059E
0000059C
0000059C
0000059F
0000059C
0000059C
0000059C
0000059C
0000059C
000005A0
0000059C
0000059C
0000059C
0000059C
0000059C
0000059C
000005A1
0000059C
0000059C
000005A2
000005A3
0000059C
0000058E
0000058F
0000058F
00000590
0000058F
0000058E
00000591
00000592
00000593
00000594
00000595
00000595
00000596
00000597
0000058E
0000058E
00000598
00000599
0000058E
0000059A
0000058E
0000058E
0000059B
0000058E
0000059C
0000059C
0000059D
0000059E
0000059C
0000059C
0000059F
0000059C
0000059C
0000059C
0000059C
0000059C
000005A0
0000059C
0000059C
0000059C
0000059C
0000059C
0000059C
000005A1
0000059C
0000059C
000005A2
000005A3
0000059C
000005A4
000005A5
000005A5
000005A6
000005A5
000005A4
000005A7
000005A8
000005A9
000005AA
000005AB
000005AB
000005AC
000005A4
000005A4
000005A4
000005AD
000005A4
000005A4
000005AE
000005A4
000005A4
000005AF
000005A4
000005B0
000005B0
000005B1
000005B2
000005B3
000005B0
000005B4
000005B0
000005B0
000005B0
000005B0
000005B0
000005B5
000005B6
000005B0
000005B0
000005B0
000005B0
000005B0
000005B7
000005B0
000005B0
000005B8
000005B9
000005B0
000005A4
000005A5
000005A5
000005A6
000005A5
000005A4
000005A7
000005A8
000005A9
000005AA
000005AB
000005AB
000005AC
000005A4
000005A4
000005A4
000005AD
000005A4
000005A4
000005AE
000005A4
000005A4
000005AF
000005A4
000005B0
000005B0
000005B1
000005B2
000005B3
000005B0
000005B4
000005B0
000005B0
000005B0
000005B0
000005B0
000005B5
000005B6
000005B0
000005B0
000005B0
000005B0
000005B0
000005B7
000005B0
000005B0
000005B8
000005B9
000005B0
000005A4
000005A5
000005A5
000005A6
000005A5
000005A4
000005A7
000005A8
000005A9
000005AA
000005AB
000005AB
000005AC
000005A4
000005A4
000005A4
000005AD
000005A4
000005A4
000005AE
000005A4
000005A4
000005AF
000005A4
000005B0
000005B0
000005B1
000005B2
000005B3
000005B0
000005B4
000005B0
000005B0
000005B0
000005B0
000005B0
000005B5
000005B6
000005B0
000005B0
000005B0
000005B0
000005B0
000005B7
000005B0
000005B0
000005B8
000005B9
000005B0
000005A4
000005A5
000005A5
000005A6
000005A5
000005A4
000005A7
000005A8
000005A9
000005AA
000005AB
000005AB
000005AC
000005A4
000005A4
000005A4
000005AD
000005A4
000005A4
000005AE
000005A4
000005A4
000005AF
000005A4
000005B0
000005B0
000005B1
000005B2
000005B3
000005B0
000005B4
000005B0
000005B0
000005B0
000005B0
000005B0
000005B5
000005B6
000005B0
000005B0
000005B0
000005B0
000005B0
000005B7
000005B0
000005B0
000005B8
000005B9
000005B0
000005A4
000005A5
000005A5
000005A6
000005A5
000005A4
000005A7
000005A8
000005A9
000005AA
000005AB
000005AB
000005AC
000005A4
000005A4
000005A4
000005AD
000005A4
000005A4
000005AE
000005A4
000005A4
000005AF
000005A4
000005B0
000005B0
000005B1
000005B2
000005B3
000005B0
000005B4
000005B0
000005B0
000005B0
000005B0
000005B0
000005B5
000005B6
000005B0
000005B0
000005B0
000005B0
000005B0
000005B7
000005B0
000005B0
000005B8
000005B9
000005B0
000005A4
000005A5
000005A5
000005A6
000005A5
000005A4
000005A7
000005A8
000005A9
000005AA
000005AB
000005AB
000005AC
000005A4
000005A4
000005A4
000005AD
000005A4
000005A4
000005AE
000005A4
000005A4
000005AF
000005A4
000005B0
000005B0
000005B1
000005B2
000005B3
000005B0
000005B4
000005B0
000005B0
000005B0
000005B0
000005B0
000005B5
000005B6
000005B0
000005B0
000005B0
000005B0
000005B0
000005B7
000005B0
000005B0
000005B8
000005B9
000005B0
000005A4
000005A5
000005A5
000005A6
000005A5
000005A4
000005A7
000005A8
000005A9
000005AA
000005AB
000005AB
000005AC
000005A4
000005A4
000005A4
000005AD
000005A4
000005A4
000005AE
000005A4
000005A4
000005AF
000005A4
000005B0
000005B0
000005B1
000005B2
000005B3
000005B0
000005B4
000005B0
000005B0
000005B0
000005B0
000005B0
000005B5
000005B6
000005B0
000005B0
000005B0
000005B0
000005B0
000005B7
000005B0
000005B0
000005B8
000005B9
000005B0
000005A4
000005A5
000005A5
000005A6
000005A5
000005A4
000005A7
000005A8
000005A9
000005AA
000005AB
000005AB
000005AC
000005A4
000005A4
000005A4
000005AD
000005A4
000005A4
000005AE
000005A4
000005A4
000005AF
000005A4
000005B0
000005B0
000005B1
000005B2
000005B3
000005B0
000005B4
000005B0
000005B0
000005B0
000005B0
000005B0
000005B5
000005B6
000005B0
000005B0
000005B0
000005B0
000005B0
000005B7
000005B0
000005B0
000005B8
000005B9
000005B0
000005A4
000005A5
000005A5
000005A6
000005A5
000005A4
000005A7
000005A8
000005A9
000005AA
000005AB
000005AB
000005AC
000005A4
000005A4
000005A4
000005AD
000005A4
000005A4
000005AE
000005A4
000005A4
000005AF
000005A4
000005B0
000005B0
000005B1
000005B2
000005B3
000005B0
000005B4
000005B0
000005B0
000005B0
000005B0
000005B0
000005B5
000005B6
000005B0
000005B0
000005B0
000005B0
000005B0
000005B7
000005B0
000005B0
000005B8
000005B9
000005B0
000005A4
000005A5
000005A5
000005A6
000005A5
000005A4
000005A7
000005A8
000005A9
000005AA
000005AB
000005AB
000005AC
000005A4
000005A4
000005A4
000005AD
000005A4
000005A4
000005AE
000005A4
000005A4
000005AF
000005A4
000005B0
000005B0
000005B1
000005B2
000005B3
000005B0
000005B4
000005B0
000005B0
000005B0
000005B0
000005B0
000005B5
000005B6
000005B0
000005B0
000005B0
000005B0
000005B0
000005B7
000005B0
000005B0
000005B8
000005B9
000005B0
000005A4
000005A5
000005A5
000005A6
000005A5
000005A4
000005A7
000005A8
000005A9
000005AA
000005AB
000005AB
000005AC
000005A4
000005A4
000005A4
000005AD
000005A4
000005A4
000005AE
000005A4
000005A4
000005AF
000005A4
000005B0
000005B0
000005B1
000005B2
000005B3
000005B0
000005B4
000005B0
000005B0
000005B0
000005B0
000005B0
000005B5
000005B6
000005B0
000005B0
000005B0
000005B0
000005B0
000005B7
000005B0
000005B0
000005B8
000005B9
000005B0
000005A4
000005A5
000005A5
000005A6
000005A5
000005A4
000005A7
000005A8
000005A9
000005AA
000005AB
000005AB
000005AC
000005A4
000005A4
000005A4
000005AD
000005A4
000005A4
000005AE
000005A4
000005A4
000005AF
000005A4
000005B0
000005B0
000005B1
000005B2
000005B3
000005B0
000005B4
000005B0
000005B0
000005B0
000005B0
000005B0
000005B5
000005B6
000005B0
000005B0
000005B0
000005B0
000005B0
000005B7
000005B0
000005B0
000005B8
000005B9
000005B0
000005A4
000005A5
000005A5
000005A6
000005A5
000005A4
000005A7
000005A8
000005A9
000005AA
000005AB
000005AB
000005AC
000005A4
000005A4
000005A4
000005AD
000005A4
000005A4
000005AE
000005A4
000005A4
000005AF
000005A4
000005B0
000005B0
000005B1
000005B2
000005B3
000005B0
000005B4
000005B0
000005B0
000005B0
000005B0
000005B0
000005B5
000005B6
000005B0
000005B0
000005B0
000005B0
000005B0
000005B7
000005B0
000005B0
000005B8
000005B9
000005B0
000005A4
000005A5
000005A5
000005A6
000005A5
000005A4
000005A7
000005A8
000005A9
000005AA
000005AB
000005AB
000005AC
000005A4
000005A4
000005A4
000005AD
000005A4
000005A4
000005AE
000005A4
000005A4
000005AF
000005A4
000005B0
000005B0
000005B1
000005B2
000005B3
000005B0
000005B4
000005B0
000005B0
000005B0
000005B0
000005B0
000005B5
000005B6
000005B0
000005B0
000005B0
000005B0
000005B0
000005B7
000005B0
000005B0
000005B8
000005B9
000005B0
000005A4
000005A5
000005A5
000005A6
000005A5
000005A4
000005A7
000005A8
000005A9
000005AA
000005AB
000005AB
000005AC
000005A4
000005A4
000005A4
000005AD
000005A4
000005A4
000005AE
000005A4
000005A4
000005AF
000005A4
000005B0
000005B0
000005B1
000005B2
000005B3
000005B0
000005B4
000005B0
000005B0
000005B0
000005B0
000005B0
000005B5
000005B6
000005B0
000005B0
000005B0
000005B0
000005B0
000005B7
000005B0
000005B0
000005B8
000005B9
000005B0
000005A4
000005A5
000005A5
000005A6
000005A5
000005A4
000005A7
000005A8
000005A9
000005AA
000005AB
000005AB
000005AC
000005A4
000005A4
000005A4
000005AD
000005A4
000005A4
000005AE
000005A4
000005A4
000005AF
000005A4
000005B0
000005B0
000005B1
000005B2
000005B3
000005B0
000005B4
000005B0
000005B0
000005B0
000005B0
000005B0
000005B5
000005B6
000005B0
000005B0
000005B0
000005B0
000005B0
000005B7
000005B0
000005B0
000005B8
000005B9
000005B0
000005A4
000005A5
000005A5
000005A6
000005A5
000005A4
000005A7
000005A8
000005A9
000005AA
000005AB
000005AB
000005AC
000005A4
000005A4
000005A4
000005AD
000005A4
000005A4
000005AE
000005A4
000005A4
000005AF
000005A4
000005B0
000005B0
000005B1
000005B2
000005B3
000005B0
000005B4
000005B0
000005B0
000005B0
000005B0
000005B0
000005B5
000005B6
000005B0
000005B0
000005B0
000005B0
000005B0
000005B7
000005B0
000005B0
000005B8
000005B9
000005B0
000005A4
000005A5
000005A5
000005A6
000005A5
000005A4
000005A7
000005A8
000005A9
000005AA
000005AB
000005AB
000005AC
000005A4
000005A4
000005A4
000005AD
000005A4
000005A4
000005AE
000005A4
000005A4
000005AF
000005A4
000005B0
000005B0
000005B1
000005B2
000005B3
000005B0
000005B4
000005B0
000005B0
000005B0
000005B0
000005B0
000005B5
000005B6
000005B0
000005B0
000005B0
000005B0
000005B0
000005B7
000005B0
000005B0
000005B8
000005B9
000005B0
000005A4
000005A5
000005A5
000005A6
000005A5
000005A4
000005A7
000005A8
000005A9
000005AA
000005AB
000005AB
000005AC
000005A4
000005A4
000005A4
000005AD
000005A4
000005A4
000005AE
000005A4
000005A4
000005AF
000005A4
000005B0
000005B0
000005B1
000005B2
000005B3
000005B0
000005B4
000005B0
000005B0
000005B0
000005B0
000005B0
000005B5
000005B6
000005B0
000005B0
000005B0
000005B0
000005B0
000005B7
000005B0
000005B0
000005B8
000005B9
000005B0
000005A4
000005A5
000005A5
000005A6
000005A5
000005A4
000005A7
000005A8
000005A9
000005AA
000005AB
000005AB
000005AC
000005A4
000005A4
000005A4
000005AD
000005A4
000005A4
000005AE
000005A4
000005A4
000005AF
000005A4
000005B0
000005B0
000005B1
000005B2
000005B3
000005B0
000005B4
000005B0
000005B0
000005B0
000005B0
000005B0
000005B5
000005B6
000005B0
000005B0
000005B0
000005B0
000005B0
000005B7
000005B0
000005B0
000005B8
000005B9
000005B0
000005A4
000005A5
000005A5
000005A6
000005A5
000005A4
000005A7
000005A8
000005A9
000005AA
000005AB
000005AB
000005AC
000005A4
000005A4
000005A4
000005AD
000005A4
000005A4
000005AE
000005A4
000005A4
000005AF
000005A4
000005B0
000005B0
000005B1
000005B2
000005B3
000005B0
000005B4
000005B0
000005B0
000005B0
000005B0
000005B0
000005B5
000005B6
000005B0
000005B0
000005B0
000005B0
000005B0
000005B7
000005B0
000005B0
000005B8
000005B9
000005B0
000005A4
000005A5
000005A5
000005A6
000005A5
000005A4
000005A7
000005A8
000005A9
000005AA
000005AB
000005AB
000005AC
000005A4
000005A4
000005A4
000005AD
000005A4
000005A4
000005AE
000005A4
000005A4
000005AF
000005A4
000005B0
000005B0
000005B1
000005B2
000005B3
000005B0
000005B4
000005B0
000005B0
000005B0
000005B0
000005B0
000005B5
000005B6
000005B0
000005B0
000005B0
000005B0
000005B0
000005B7
000005B0
000005B0
000005B8
000005B9
000005B0
000005A4
000005A5
000005A5
000005A6
000005A5
000005A4
000005A7
000005A8
000005A9
000005AA
000005AB
000005AB
000005AC
000005A4
000005A4
000005A4
000005AD
000005A4
000005A4
000005AE
000005A4
000005A4
000005AF
000005A4
000005B0
000005B0
000005B1
000005B2
000005B3
000005B0
000005B4
000005B0
000005B0
000005B0
000005B0
000005B0
000005B5
000005B6
000005B0
000005B0
000005B0
000005B0
000005B0
000005B7
000005B0
000005B0
000005B8
000005B9
000005B0
000005BA
000005BB
000005BB
000005BC
000005BB
000005BA
000005BD
000005BE
000005BF
000005C0
000005C1
000005C1
000005C2
000005C3
000005BA
000005BA
000005C4
000005BA
000005BA
000005C5
000005BA
000005BA
000005C6
000005BA
000005C7
000005C7
000005C8
000005C9
000005C7
000005C7
000005CA
000005C7
000005C7
000005C7
000005C7
000005C7
000005CB
000005C7
000005C7
000005C7
000005C7
000005CC
000005C7
000005CD
000005C7
000005C7
000005CE
000005CF
000005C7
000005BA
000005BB
000005BB
000005BC
000005BB
000005BA
000005BD
000005BE
000005BF
000005C0
000005C1
000005C1
000005C2
000005C3
000005BA
000005BA
000005C4
000005BA
000005BA
000005C5
000005BA
000005BA
000005C6
000005BA
000005C7
000005C7
000005C8
000005C9
000005C7
000005C7
000005CA
000005C7
000005C7
000005C7
000005C7
000005C7
000005CB
000005C7
000005C7
000005C7
000005C7
000005CC
000005C7
000005CD
000005C7
000005C7
000005CE
000005CF
000005C7
000005BA
000005BB
000005BB
000005BC
000005BB
000005BA
000005BD
000005BE
000005BF
000005C0
000005C1
000005C1
000005C2
000005C3
000005BA
000005BA
000005C4
000005BA
000005BA
000005C5
000005BA
000005BA
000005C6
000005BA
000005C7
000005C7
000005C8
000005C9
000005C7
000005C7
000005CA
000005C7
000005C7
000005C7
000005C7
000005C7
000005CB
000005C7
000005C7
000005C7
000005C7
000005CC
000005C7
000005CD
000005C7
000005C7
000005CE
000005CF
000005C7
000005BA
000005BB
000005BB
000005BC
000005BB
000005BA
000005BD
000005BE
000005BF
000005C0
000005C1
000005C1
000005C2
000005C3
000005BA
000005BA
000005C4
000005BA
000005BA
000005C5
000005BA
000005BA
000005C6
000005BA
000005C7
000005C7
000005C8
000005C9
000005C7
000005C7
000005CA
000005C7
000005C7
000005C7
000005C7
000005C7
000005CB
000005C7
000005C7
000005C7
000005C7
000005CC
000005C7
000005CD
000005C7
000005C7
000005CE
000005CF
000005C7
000005BA
000005BB
000005BB
000005BC
000005BB
000005BA
000005BD
000005BE
000005BF
000005C0
000005C1
000005C1
000005C2
000005C3
000005BA
000005BA
000005C4
000005BA
000005BA
000005C5
000005BA
000005BA
000005C6
000005BA
000005C7
000005C7
000005C8
000005C9
000005C7
000005C7
000005CA
000005C7
000005C7
000005C7
000005C7
000005C7
000005CB
000005C7
000005C7
000005C7
000005C7
000005CC
000005C7
000005CD
000005C7
000005C7
000005CE
000005CF
000005C7
000005BA
000005BB
000005BB
000005BC
000005BB
000005BA
000005BD
000005BE
000005BF
000005C0
000005C1
000005C1
000005C2
000005C3
000005BA
000005BA
000005C4
000005BA
000005BA
000005C5
000005BA
000005BA
000005C6
000005BA
000005C7
000005C7
000005C8
000005C9
000005C7
000005C7
000005CA
000005C7
000005C7
000005C7
000005C7
000005C7
000005CB
000005C7
000005C7
000005C7
000005C7
000005CC
000005C7
000005CD
000005C7
000005C7
000005CE
000005CF
000005C7
000005BA
000005BB
000005BB
000005BC
000005BB
000005BA
000005BD
000005BE
000005BF
000005C0
000005C1
000005C1
000005C2
000005C3
000005BA
000005BA
000005C4
000005BA
000005BA
000005C5
000005BA
000005BA
000005C6
000005BA
000005C7
000005C7
000005C8
000005C9
000005C7
000005C7
000005CA
000005C7
000005C7
000005C7
000005C7
000005C7
000005CB
000005C7
000005C7
000005C7
000005C7
000005CC
000005C7
000005CD
000005C7
000005C7
000005CE
000005CF
000005C7
000005BA
000005BB
000005BB
000005BC
000005BB
000005BA
000005BD
000005BE
000005BF
000005C0
000005C1
000005C1
000005C2
000005C3
000005BA
000005BA
000005C4
000005BA
000005BA
000005C5
000005BA
000005BA
000005C6
000005BA
000005C7
000005C7
000005C8
000005C9
000005C7
000005C7
000005CA
000005C7
000005C7
000005C7
000005C7
000005C7
000005CB
000005C7
000005C7
000005C7
000005C7
000005CC
000005C7
000005CD
000005C7
000005C7
000005CE
000005CF
000005C7
000005BA
000005BB
000005BB
000005BC
000005BB
000005BA
000005BD
000005BE
000005BF
000005C0
000005C1
000005C1
000005C2
000005C3
000005BA
000005BA
000005C4
000005BA
000005BA
000005C5
000005BA
000005BA
000005C6
000005BA
000005C7
000005C7
000005C8
000005C9
000005C7
000005C7
000005CA
000005C7
000005C7
000005C7
000005C7
000005C7
000005CB
000005C7
000005C7
000005C7
000005C7
000005CC
000005C7
000005CD
000005C7
000005C7
000005CE
000005CF
000005C7
000005BA
000005BB
000005BB
000005BC
000005BB
000005BA
000005BD
000005BE
000005BF
000005C0
000005C1
000005C1
000005C2
000005C3
000005BA
000005BA
000005C4
000005BA
000005BA
000005C5
000005BA
000005BA
000005C6
000005BA
000005C7
000005C7
000005C8
000005C9
000005C7
000005C7
000005CA
000005C7
000005C7
000005C7
000005C7
000005C7
000005CB
000005C7
000005C7
000005C7
000005C7
000005CC
000005C7
000005CD
000005C7
000005C7
000005CE
000005CF
000005C7
000005BA
000005BB
000005BB
000005BC
000005BB
000005BA
000005BD
000005BE
000005BF
000005C0
000005C1
000005C1
000005C2
000005C3
000005BA
000005BA
000005C4
000005BA
000005BA
000005C5
000005BA
000005BA
000005C6
000005BA
000005C7
000005C7
000005C8
000005C9
000005C7
000005C7
000005CA
000005C7
000005C7
000005C7
000005C7
000005C7
000005CB
000005C7
000005C7
000005C7
000005C7
000005CC
000005C7
000005CD
000005C7
000005C7
000005CE
000005CF
000005C7
000005BA
000005BB
000005BB
000005BC
000005BB
000005BA
000005BD
000005BE
000005BF
000005C0
000005C1
000005C1
000005C2
000005C3
000005BA
000005BA
000005C4
000005BA
000005BA
000005C5
000005BA
000005BA
000005C6
000005BA
000005C7
000005C7
000005C8
000005C9
000005C7
000005C7
000005CA
000005C7
000005C7
000005C7
000005C7
000005C7
000005CB
000005C7
000005C7
000005C7
000005C7
000005CC
000005C7
000005CD
000005C7
000005C7
000005CE
000005CF
000005C7
000005BA
000005BB
000005BB
000005BC
000005BB
000005BA
000005BD
000005BE
000005BF
000005C0
000005C1
000005C1
000005C2
000005C3
000005BA
000005BA
000005C4
000005BA
000005BA
000005C5
000005BA
000005BA
000005C6
000005BA
000005C7
000005C7
000005C8
000005C9
000005C7
000005C7
000005CA
000005C7
000005C7
000005C7
000005C7
000005C7
000005CB
000005C7
000005C7
000005C7
000005C7
000005CC
000005C7
000005CD
000005C7
000005C7
000005CE
000005CF
000005C7
000005BA
000005BB
000005BB
000005BC
000005BB
000005BA
000005BD
000005BE
000005BF
000005C0
000005C1
000005C1
000005C2
000005C3
000005BA
000005BA
000005C4
000005BA
000005BA
000005C5
000005BA
000005BA
000005C6
000005BA
000005C7
000005C7
000005C8
000005C9
000005C7
000005C7
000005CA
000005C7
000005C7
000005C7
000005C7
000005C7
000005CB
000005C7
000005C7
000005C7
000005C7
000005CC
000005C7
000005CD
000005C7
000005C7
000005CE
000005CF
000005C7
000005BA
000005BB
000005BB
000005BC
000005BB
000005BA
000005BD
000005BE
000005BF
000005C0
000005C1
000005C1
000005C2
000005C3
000005BA
000005BA
000005C4
000005BA
000005BA
000005C5
000005BA
000005BA
000005C6
000005BA
000005C7
000005C7
000005C8
000005C9
000005C7
000005C7
000005CA
000005C7
000005C7
000005C7
000005C7
000005C7
000005CB
000005C7
000005C7
000005C7
000005C7
000005CC
000005C7
000005CD
000005C7
000005C7
000005CE
000005CF
000005C7
000005BA
000005BB
000005BB
000005BC
000005BB
000005BA
000005BD
000005BE
000005BF
000005C0
000005C1
000005C1
000005C2
000005C3
000005BA
000005BA
000005C4
000005BA
000005BA
000005C5
000005BA
000005BA
000005C6
000005BA
000005C7
000005C7
000005C8
000005C9
000005C7
000005C7
000005CA
000005C7
000005C7
000005C7
000005C7
000005C7
000005CB
000005C7
000005C7
000005C7
000005C7
000005CC
000005C7
000005CD
000005C7
000005C7
000005CE
000005CF
000005C7
000005BA
000005BB
000005BB
000005BC
000005BB
000005BA
000005BD
000005BE
000005BF
000005C0
000005C1
000005C1
000005C2
000005C3
000005BA
000005BA
000005C4
000005BA
000005BA
000005C5
000005BA
000005BA
000005C6
000005BA
000005C7
000005C7
000005C8
000005C9
000005C7
000005C7
000005CA
000005C7
000005C7
000005C7
000005C7
000005C7
000005CB
000005C7
000005C7
000005C7
000005C7
000005CC
000005C7
000005CD
000005C7
000005C7
000005CE
000005CF
000005C7
000005BA
000005BB
000005BB
000005BC
000005BB
000005BA
000005BD
000005BE
000005BF
000005C0
000005C1
000005C1
000005C2
000005C3
000005BA
000005BA
000005C4
000005BA
000005BA
000005C5
000005BA
000005BA
000005C6
000005BA
000005C7
000005C7
000005C8
000005C9
000005C7
000005C7
000005CA
000005C7
000005C7
000005C7
000005C7
000005C7
000005CB
000005C7
000005C7
000005C7
000005C7
000005CC
000005C7
000005CD
000005C7
000005C7
000005CE
000005CF
000005C7
000005BA
000005BB
000005BB
000005BC
000005BB
000005BA
000005BD
000005BE
000005BF
000005C0
000005C1
000005C1
000005C2
000005C3
000005BA
000005BA
000005C4
000005BA
000005BA
000005C5
000005BA
000005BA
000005C6
000005BA
000005C7
000005C7
000005C8
000005C9
000005C7
000005C7
000005CA
000005C7
000005C7
000005C7
000005C7
000005C7
000005CB
000005C7
000005C7
000005C7
000005C7
000005CC
000005C7
000005CD
000005C7
000005C7
000005CE
000005CF
000005C7
000005BA
000005BB
000005BB
000005BC
000005BB
000005BA
000005BD
000005BE
000005BF
000005C0
000005C1
000005C1
000005C2
000005C3
000005BA
000005BA
000005C4
000005BA
000005BA
000005C5
000005BA
000005BA
000005C6
000005BA
000005C7
000005C7
000005C8
000005C9
000005C7
000005C7
000005CA
000005C7
000005C7
000005C7
000005C7
000005C7
000005CB
000005C7
000005C7
000005C7
000005C7
000005CC
000005C7
000005CD
000005C7
000005C7
000005CE
000005CF
000005C7
000005BA
000005BB
000005BB
000005BC
000005BB
000005BA
000005BD
000005BE
000005BF
000005C0
000005C1
000005C1
000005C2
000005C3
000005BA
000005BA
000005C4
000005BA
000005BA
000005C5
000005BA
000005BA
000005C6
000005BA
000005C7
000005C7
000005C8
000005C9
000005C7
000005C7
000005CA
000005C7
000005C7
000005C7
000005C7
000005C7
000005CB
000005C7
000005C7
000005C7
000005C7
000005CC
000005C7
000005CD
000005C7
000005C7
000005CE
000005CF
000005C7
000005BA
000005BB
000005BB
000005BC
000005BB
000005BA
000005BD
000005BE
000005BF
000005C0
000005C1
000005C1
000005C2
000005C3
000005BA
000005BA
000005C4
000005BA
000005BA
000005C5
000005BA
000005BA
000005C6
000005BA
000005C7
000005C7
000005C8
000005C9
000005C7
000005C7
000005CA
000005C7
000005C7
000005C7
000005C7
000005C7
000005CB
000005C7
000005C7
000005C7
000005C7
000005CC
000005C7
000005CD
000005C7
000005C7
000005CE
000005CF
000005C7
000005BA
000005BB
000005BB
000005BC
000005BB
000005BA
000005BD
000005BE
000005BF
000005C0
000005C1
000005C1
000005C2
000005C3
000005BA
000005BA
000005C4
000005BA
000005BA
000005C5
000005BA
000005BA
000005C6
000005BA
000005C7
000005C7
000005C8
000005C9
000005C7
000005C7
000005CA
000005C7
000005C7
000005C7
000005C7
000005C7
000005CB
000005C7
000005C7
000005C7
000005C7
000005CC
000005C7
000005CD
000005C7
000005C7
000005CE
000005CF
000005C7
000005D0
000005D1
000005D1
000005D2
000005D1
000005D0
000005D3
000005D4
000005D5
000005D6
000005D7
000005D7
000005D8
000005D0
000005D0
000005D0
000005D9
000005D0
000005D0
000005DA
000005D0
000005D0
000005DB
000005D0
000005DC
000005DC
000005DD
000005DE
000005DF
000005DC
000005E0
000005DC
000005DC
000005DC
000005DC
000005DC
000005DC
000005DC
000005DC
000005DC
000005DC
000005DC
000005DC
000005E1
000005DC
000005DC
000005E2
000005E3
000005DC
000005D0
000005D1
000005D1
000005D2
000005D1
000005D0
000005D3
000005D4
000005D5
000005D6
000005D7
000005D7
000005D8
000005D0
000005D0
000005D0
000005D9
000005D0
000005D0
000005DA
000005D0
000005D0
000005DB
000005D0
000005DC
000005DC
000005DD
000005DE
000005DF
000005DC
000005E0
000005DC
000005DC
000005DC
000005DC
000005DC
000005DC
000005DC
000005DC
000005DC
000005DC
000005DC
000005DC
000005E1
000005DC
000005DC
000005E2
000005E3
000005DC
000005D0
000005D1
000005D1
000005D2
000005D1
000005D0
000005D3
000005D4
000005D5
000005D6
000005D7
000005D7
000005D8
000005D0
000005D0
000005D0
000005D9
000005D0
000005D0
000005DA
000005D0
000005D0
000005DB
000005D0
000005DC
000005DC
000005DD
000005DE
000005DF
000005DC
000005E0
000005DC
000005DC
000005DC
000005DC
000005DC
000005DC
000005DC
000005DC
000005DC
000005DC
000005DC
000005DC
000005E1
000005DC
000005DC
000005E2
000005E3
000005DC
000005D0
000005D1
000005D1
000005D2
000005D1
000005D0
000005D3
000005D4
000005D5
000005D6
000005D7
000005D7
000005D8
000005D0
000005D0
000005D0
000005D9
000005D0
000005D0
000005DA
000005D0
000005D0
000005DB
000005D0
000005DC
000005DC
000005DD
000005DE
000005DF
000005DC
000005E0
000005DC
000005DC
000005DC
000005DC
000005DC
000005DC
000005DC
000005DC
000005DC
000005DC
000005DC
000005DC
000005E1
000005DC
000005DC
000005E2
000005E3
000005DC
000005D0
000005D1
000005D1
000005D2
000005D1
000005D0
000005D3
000005D4
000005D5
000005D6
000005D7
000005D7
000005D8
000005D0
000005D0
000005D0
000005D9
000005D0
000005D0
000005DA
000005D0
000005D0
000005DB
000005D0
000005DC
000005DC
000005DD
000005DE
000005DF
000005DC
000005E0
000005DC
000005DC
000005DC
000005DC
000005DC
000005DC
000005DC
000005DC
000005DC
000005DC
000005DC
000005DC
000005E1
000005DC
000005DC
000005E2
000005E3
000005DC
000005D0
000005D1
000005D1
000005D2
000005D1
000005D0
000005D3
000005D4
000005D5
000005D6
000005D7
000005D7
000005D8
000005D0
000005D0
000005D0
000005D9
000005D0
000005D0
000005DA
000005D0
000005D0
000005DB
000005D0
000005DC
000005DC
000005DD
000005DE
000005DF
000005DC
000005E0
000005DC
000005DC
000005DC
000005DC
000005DC
000005DC
000005DC
000005DC
000005DC
000005DC
000005DC
000005DC
000005E1
000005DC
000005DC
000005E2
000005E3
000005DC
000005D0
000005D1
000005D1
000005D2
000005D1
000005D0
000005D3
000005D4
000005D5
000005D6
000005D7
000005D7
000005D8
000005D0
000005D0
000005D0
000005D9
000005D0
000005D0
000005DA
000005D0
000005D0
000005DB
000005D0
000005DC
000005DC
000005DD
000005DE
000005DF
000005DC
000005E0
000005DC
000005DC
000005DC
000005DC
000005DC
000005DC
000005DC
000005DC
000005DC
000005DC
000005DC
000005DC
000005E1
000005DC
000005DC
000005E2
000005E3
000005DC
000005D0
000005D1
000005D1
000005D2
000005D1
000005D0
000005D3
000005D4
000005D5
000005D6
000005D7
000005D7
000005D8
000005D0
000005D0
000005D0
000005D9
000005D0
000005D0
000005DA
000005D0
000005D0
000005DB
000005D0
000005DC
000005DC
000005DD
000005DE
000005DF
000005DC
000005E0
000005DC
000005DC
000005DC
000005DC
000005DC
000005DC
000005DC
000005DC
000005DC
000005DC
000005DC
000005DC
000005E1
000005DC
000005DC
000005E2
000005E3
000005DC
000005D0
000005D1
000005D1
000005D2
000005D1
000005D0
000005D3
000005D4
000005D5
000005D6
000005D7
000005D7
000005D8
000005D0
000005D0
000005D0
000005D9
000005D0
000005D0
000005DA
000005D0
000005D0
000005DB
000005D0
000005DC
000005DC
000005DD
000005DE
000005DF
000005DC
000005E0
000005DC
000005DC
000005DC
000005DC
000005DC
000005DC
000005DC
000005DC
000005DC
000005DC
000005DC
000005DC
000005E1
000005DC
000005DC
000005E2
000005E3
000005DC
000005D0
000005D1
000005D1
000005D2
000005D1
000005D0
000005D3
000005D4
000005D5
000005D6
000005D7
000005D7
000005D8
000005D0
000005D0
000005D0
000005D9
000005D0
000005D0
000005DA
000005D0
000005D0
000005DB
000005D0
000005DC
000005DC
000005DD
000005DE
000005DF
000005DC
000005E0
000005DC
000005DC
000005DC
000005DC
000005DC
000005DC
000005DC
000005DC
000005DC
000005DC
000005DC
000005DC
000005E1
000005DC
000005DC
000005E2
000005E3
000005DC
000005D0
000005D1
000005D1
000005D2
000005D1
000005D0
000005D3
000005D4
000005D5
000005D6
000005D7
000005D7
000005D8
000005D0
000005D0
000005D0
000005D9
000005D0
000005D0
000005DA
000005D0
000005D0
000005DB
000005D0
000005DC
000005DC
000005DD
000005DE
000005DF
000005DC
000005E0
000005DC
000005DC
000005DC
000005DC
000005DC
000005DC
000005DC
000005DC
000005DC
000005DC
000005DC
000005DC
000005E1
000005DC
000005DC
000005E2
000005E3
000005DC
000005D0
000005D1
000005D1
000005D2
000005D1
000005D0
000005D3
000005D4
000005D5
000005D6
000005D7
000005D7
000005D8
000005D0
000005D0
000005D0
000005D9
000005D0
000005D0
000005DA
000005D0
000005D0
000005DB
000005D0
000005DC
000005DC
000005DD
000005DE
000005DF
000005DC
000005E0
000005DC
000005DC
000005DC
000005DC
000005DC
000005DC
000005DC
000005DC
000005DC
000005DC
000005DC
000005DC
000005E1
000005DC
000005DC
000005E2
000005E3
000005DC
000005D0
000005D1
000005D1
000005D2
000005D1
000005D0
000005D3
000005D4
000005D5
000005D6
000005D7
000005D7
000005D8
000005D0
000005D0
000005D0
000005D9
000005D0
000005D0
000005DA
000005D0
000005D0
000005DB
000005D0
000005DC
000005DC
000005DD
000005DE
000005DF
000005DC
000005E0
000005DC
000005DC
000005DC
000005DC
000005DC
000005DC
000005DC
000005DC
000005DC
000005DC
000005DC
000005DC
000005E1
000005DC
000005DC
000005E2
000005E3
000005DC
000005D0
000005D1
000005D1
000005D2
000005D1
000005D0
000005D3
000005D4
000005D5
000005D6
000005D7
000005D7
000005D8
000005D0
000005D0
000005D0
000005D9
000005D0
000005D0
000005DA
000005D0
000005D0
000005DB
000005D0
000005DC
000005DC
000005DD
000005DE
000005DF
000005DC
000005E0
000005DC
000005DC
000005DC
000005DC
000005DC
000005DC
000005DC
000005DC
000005DC
000005DC
000005DC
000005DC
000005E1
000005DC
000005DC
000005E2
000005E3
000005DC
000005D0
000005D1
000005D1
000005D2
000005D1
000005D0
000005D3
000005D4
000005D5
000005D6
000005D7
000005D7
000005D8
000005D0
000005D0
000005D0
000005D9
000005D0
000005D0
000005DA
000005D0
000005D0
000005DB
000005D0
000005DC
000005DC
000005DD
000005DE
000005DF
000005DC
000005E0
000005DC
000005DC
000005DC
000005DC
000005DC
000005DC
000005DC
000005DC
000005DC
000005DC
000005DC
000005DC
000005E1
000005DC
000005DC
000005E2
000005E3
000005DC
000005D0
000005D1
000005D1
000005D2
000005D1
000005D0
000005D3
000005D4
000005D5
000005D6
000005D7
000005D7
000005D8
000005D0
000005D0
000005D0
000005D9
000005D0
000005D0
000005DA
000005D0
000005D0
000005DB
000005D0
000005DC
000005DC
000005DD
000005DE
000005DF
000005DC
000005E0
000005DC
000005DC
000005DC
000005DC
000005DC
000005DC
000005DC
000005DC
000005DC
000005DC
000005DC
000005DC
000005E1
000005DC
000005DC
000005E2
000005E3
000005DC
000005D0
000005D1
000005D1
000005D2
000005D1
000005D0
000005D3
000005D4
000005D5
000005D6
000005D7
000005D7
000005D8
000005D0
000005D0
000005D0
000005D9
000005D0
000005D0
000005DA
000005D0
000005D0
000005DB
000005D0
000005DC
000005DC
000005DD
000005DE
000005DF
000005DC
000005E0
000005DC
000005DC
000005DC
000005DC
000005DC
000005DC
000005DC
000005DC
000005DC
000005DC
000005DC
000005DC
000005E1
000005DC
000005DC
000005E2
000005E3
000005DC
000005D0
000005D1
000005D1
000005D2
000005D1
000005D0
000005D3
000005D4
000005D5
000005D6
000005D7
000005D7
000005D8
000005D0
000005D0
000005D0
000005D9
000005D0
000005D0
000005DA
000005D0
000005D0
000005DB
000005D0
000005DC
000005DC
000005DD
000005DE
000005DF
000005DC
000005E0
000005DC
000005DC
000005DC
000005DC
000005DC
000005DC
000005DC
000005DC
000005DC
000005DC
000005DC
000005DC
000005E1
000005DC
000005DC
000005E2
000005E3
000005DC
000005D0
000005D1
000005D1
000005D2
000005D1
000005D0
000005D3
000005D4
000005D5
000005D6
000005D7
000005D7
000005D8
000005D0
000005D0
000005D0
000005D9
000005D0
000005D0
000005DA
000005D0
000005D0
000005DB
000005D0
000005DC
000005DC
000005DD
000005DE
000005DF
000005DC
000005E0
000005DC
000005DC
000005DC
000005DC
000005DC
000005DC
000005DC
000005DC
000005DC
000005DC
000005DC
000005DC
000005E1
000005DC
000005DC
000005E2
000005E3
000005DC
000005D0
000005D1
000005D1
000005D2
000005D1
000005D0
000005D3
000005D4
000005D5
000005D6
000005D7
000005D7
000005D8
000005D0
000005D0
000005D0
000005D9
000005D0
000005D0
000005DA
000005D0
000005D0
000005DB
000005D0
000005DC
000005DC
000005DD
000005DE
000005DF
000005DC
000005E0
000005DC
000005DC
000005DC
000005DC
000005DC
000005DC
000005DC
000005DC
000005DC
000005DC
000005DC
000005DC
000005E1
000005DC
000005DC
000005E2
000005E3
000005DC
000005D0
000005D1
000005D1
000005D2
000005D1
000005D0
000005D3
000005D4
000005D5
000005D6
000005D7
000005D7
000005D8
000005D0
000005D0
000005D0
000005D9
000005D0
000005D0
000005DA
000005D0
000005D0
000005DB
000005D0
000005DC
000005DC
000005DD
000005DE
000005DF
000005DC
000005E0
000005DC
000005DC
000005DC
000005DC
000005DC
000005DC
000005DC
000005DC
000005DC
000005DC
000005DC
000005DC
000005E1
000005DC
000005DC
000005E2
000005E3
000005DC
000005D0
000005D1
000005D1
000005D2
000005D1
000005D0
000005D3
000005D4
000005D5
000005D6
000005D7
000005D7
000005D8
000005D0
000005D0
000005D0
000005D9
000005D0
000005D0
000005DA
000005D0
000005D0
000005DB
000005D0
000005DC
000005DC
000005DD
000005DE
000005DF
000005DC
000005E0
000005DC
000005DC
000005DC
000005DC
000005DC
000005DC
000005DC
000005DC
000005DC
000005DC
000005DC
000005DC
000005E1
000005DC
000005DC
000005E2
000005E3
000005DC
000005D0
000005D1
000005D1
000005D2
000005D1
000005D0
000005D3
000005D4
000005D5
000005D6
000005D7
000005D7
000005D8
000005D0
000005D0
000005D0
000005D9
000005D0
000005D0
000005DA
000005D0
000005D0
000005DB
000005D0
000005DC
000005DC
000005DD
000005DE
000005DF
000005DC
000005E0
000005DC
000005DC
000005DC
000005DC
000005DC
000005DC
000005DC
000005DC
000005DC
000005DC
000005DC
000005DC
000005E1
000005DC
000005DC
000005E2
000005E3
000005DC
000005E4
000005E5
000005E5
000005E6
000005E7
000005E4
000005E8
000005E9
000005EA
000005EB
000005EC
000005EC
000005ED
000005E4
000005E4
000005E4
000005EE
000005E4
000005EF
000005F0
000005E4
000005E4
000005F1
000005E4
000005F2
000005F2
000005F3
000005F4
000005F2
000005F2
000005F5
000005F2
000005F2
000005F2
000005F2
000005F2
000005F2
000005F2
000005F2
000005F6
000005F2
000005F2
000005F7
000005F8
000005F2
000005F2
000005F9
000005FA
000005F2
000005E4
000005E5
000005E5
000005E6
000005E7
000005E4
000005E8
000005E9
000005EA
000005EB
000005EC
000005EC
000005ED
000005E4
000005E4
000005E4
000005EE
000005E4
000005EF
000005F0
000005E4
000005E4
000005F1
000005E4
000005F2
000005F2
000005F3
000005F4
000005F2
000005F2
000005F5
000005F2
000005F2
000005F2
000005F2
000005F2
000005F2
000005F2
000005F2
000005F6
000005F2
000005F2
000005F7
000005F8
000005F2
000005F2
000005F9
000005FA
000005F2
000005E4
000005E5
000005E5
000005E6
000005E7
000005E4
000005E8
000005E9
000005EA
000005EB
000005EC
000005EC
000005ED
000005E4
000005E4
000005E4
000005EE
000005E4
000005EF
000005F0
000005E4
000005E4
000005F1
000005E4
000005F2
000005F2
000005F3
000005F4
000005F2
000005F2
000005F5
000005F2
000005F2
000005F2
000005F2
000005F2
000005F2
000005F2
000005F2
000005F6
000005F2
000005F2
000005F7
000005F8
000005F2
000005F2
000005F9
000005FA
000005F2
000005E4
000005E5
000005E5
000005E6
000005E7
000005E4
000005E8
000005E9
000005EA
000005EB
000005EC
000005EC
000005ED
000005E4
000005E4
000005E4
000005EE
000005E4
000005EF
000005F0
000005E4
000005E4
000005F1
000005E4
000005F2
000005F2
000005F3
000005F4
000005F2
000005F2
000005F5
000005F2
000005F2
000005F2
000005F2
000005F2
000005F2
000005F2
000005F2
000005F6
000005F2
000005F2
000005F7
000005F8
000005F2
000005F2
000005F9
000005FA
000005F2
000005E4
000005E5
000005E5
000005E6
000005E7
000005E4
000005E8
000005E9
000005EA
000005EB
000005EC
000005EC
000005ED
000005E4
000005E4
000005E4
000005EE
000005E4
000005EF
000005F0
000005E4
000005E4
000005F1
000005E4
000005F2
000005F2
000005F3
000005F4
000005F2
000005F2
000005F5
000005F2
000005F2
000005F2
000005F2
000005F2
000005F2
000005F2
000005F2
000005F6
000005F2
000005F2
000005F7
000005F8
000005F2
000005F2
000005F9
000005FA
000005F2
000005E4
000005E5
000005E5
000005E6
000005E7
000005E4
000005E8
000005E9
000005EA
000005EB
000005EC
000005EC
000005ED
000005E4
000005E4
000005E4
000005EE
000005E4
000005EF
000005F0
000005E4
000005E4
000005F1
000005E4
000005F2
000005F2
000005F3
000005F4
000005F2
000005F2
000005F5
000005F2
000005F2
000005F2
000005F2
000005F2
000005F2
000005F2
000005F2
000005F6
000005F2
000005F2
000005F7
000005F8
000005F2
000005F2
000005F9
000005FA
000005F2
000005E4
000005E5
000005E5
000005E6
000005E7
000005E4
000005E8
000005E9
000005EA
000005EB
000005EC
000005EC
000005ED
000005E4
000005E4
000005E4
000005EE
000005E4
000005EF
000005F0
000005E4
000005E4
000005F1
000005E4
000005F2
000005F2
000005F3
000005F4
000005F2
000005F2
000005F5
000005F2
000005F2
000005F2
000005F2
000005F2
000005F2
000005F2
000005F2
000005F6
000005F2
000005F2
000005F7
000005F8
000005F2
000005F2
000005F9
000005FA
000005F2
000005E4
000005E5
000005E5
000005E6
000005E7
000005E4
000005E8
000005E9
000005EA
000005EB
000005EC
000005EC
000005ED
000005E4
000005E4
000005E4
000005EE
000005E4
000005EF
000005F0
000005E4
000005E4
000005F1
000005E4
000005F2
000005F2
000005F3
000005F4
000005F2
000005F2
000005F5
000005F2
000005F2
000005F2
000005F2
000005F2
000005F2
000005F2
000005F2
000005F6
000005F2
000005F2
000005F7
000005F8
000005F2
000005F2
000005F9
000005FA
000005F2
000005E4
000005E5
000005E5
000005E6
000005E7
000005E4
000005E8
000005E9
000005EA
000005EB
000005EC
000005EC
000005ED
000005E4
000005E4
000005E4
000005EE
000005E4
000005EF
000005F0
000005E4
000005E4
000005F1
000005E4
000005F2
000005F2
000005F3
000005F4
000005F2
000005F2
000005F5
000005F2
000005F2
000005F2
000005F2
000005F2
000005F2
000005F2
000005F2
000005F6
000005F2
000005F2
000005F7
000005F8
000005F2
000005F2
000005F9
000005FA
000005F2
000005E4
000005E5
000005E5
000005E6
000005E7
000005E4
000005E8
000005E9
000005EA
000005EB
000005EC
000005EC
000005ED
000005E4
000005E4
000005E4
000005EE
000005E4
000005EF
000005F0
000005E4
000005E4
000005F1
000005E4
000005F2
000005F2
000005F3
000005F4
000005F2
000005F2
000005F5
000005F2
000005F2
000005F2
000005F2
000005F2
000005F2
000005F2
000005F2
000005F6
000005F2
000005F2
000005F7
000005F8
000005F2
000005F2
000005F9
000005FA
000005F2
000005E4
000005E5
000005E5
000005E6
000005E7
000005E4
000005E8
000005E9
000005EA
000005EB
000005EC
000005EC
000005ED
000005E4
000005E4
000005E4
000005EE
000005E4
000005EF
000005F0
000005E4
000005E4
000005F1
000005E4
000005F2
000005F2
000005F3
000005F4
000005F2
000005F2
000005F5
000005F2
000005F2
000005F2
000005F2
000005F2
000005F2
000005F2
000005F2
000005F6
000005F2
000005F2
000005F7
000005F8
000005F2
000005F2
000005F9
000005FA
000005F2
000005E4
000005E5
000005E5
000005E6
000005E7
000005E4
000005E8
000005E9
000005EA
000005EB
000005EC
000005EC
000005ED
000005E4
000005E4
000005E4
000005EE
000005E4
000005EF
000005F0
000005E4
000005E4
000005F1
000005E4
000005F2
000005F2
000005F3
000005F4
000005F2
000005F2
000005F5
000005F2
000005F2
000005F2
000005F2
000005F2
000005F2
000005F2
000005F2
000005F6
000005F2
000005F2
000005F7
000005F8
000005F2
000005F2
000005F9
000005FA
000005F2
000005E4
000005E5
000005E5
000005E6
000005E7
000005E4
000005E8
000005E9
000005EA
000005EB
000005EC
000005EC
000005ED
000005E4
000005E4
000005E4
000005EE
000005E4
000005EF
000005F0
000005E4
000005E4
000005F1
000005E4
000005F2
000005F2
000005F3
000005F4
000005F2
000005F2
000005F5
000005F2
000005F2
000005F2
000005F2
000005F2
000005F2
000005F2
000005F2
000005F6
000005F2
000005F2
000005F7
000005F8
000005F2
000005F2
000005F9
000005FA
000005F2
000005E4
000005E5
000005E5
000005E6
000005E7
000005E4
000005E8
000005E9
000005EA
000005EB
000005EC
000005EC
000005ED
000005E4
000005E4
000005E4
000005EE
000005E4
000005EF
000005F0
000005E4
000005E4
000005F1
000005E4
000005F2
000005F2
000005F3
000005F4
000005F2
000005F2
000005F5
000005F2
000005F2
000005F2
000005F2
000005F2
000005F2
000005F2
000005F2
000005F6
000005F2
000005F2
000005F7
000005F8
000005F2
000005F2
000005F9
000005FA
000005F2
000005E4
000005E5
000005E5
000005E6
000005E7
000005E4
000005E8
000005E9
000005EA
000005EB
000005EC
000005EC
000005ED
000005E4
000005E4
000005E4
000005EE
000005E4
000005EF
000005F0
000005E4
000005E4
000005F1
000005E4
000005F2
000005F2
000005F3
000005F4
000005F2
000005F2
000005F5
000005F2
000005F2
000005F2
000005F2
000005F2
000005F2
000005F2
000005F2
000005F6
000005F2
000005F2
000005F7
000005F8
000005F2
000005F2
000005F9
000005FA
000005F2
000005E4
000005E5
000005E5
000005E6
000005E7
000005E4
000005E8
000005E9
000005EA
000005EB
000005EC
000005EC
000005ED
000005E4
000005E4
000005E4
000005EE
000005E4
000005EF
000005F0
000005E4
000005E4
000005F1
000005E4
000005F2
000005F2
000005F3
000005F4
000005F2
000005F2
000005F5
000005F2
000005F2
000005F2
000005F2
000005F2
000005F2
000005F2
000005F2
000005F6
000005F2
000005F2
000005F7
000005F8
000005F2
000005F2
000005F9
000005FA
000005F2
000005E4
000005E5
000005E5
000005E6
000005E7
000005E4
000005E8
000005E9
000005EA
000005EB
000005EC
000005EC
000005ED
000005E4
000005E4
000005E4
000005EE
000005E4
000005EF
000005F0
000005E4
000005E4
000005F1
000005E4
000005F2
000005F2
000005F3
000005F4
000005F2
000005F2
000005F5
000005F2
000005F2
000005F2
000005F2
000005F2
000005F2
000005F2
000005F2
000005F6
000005F2
000005F2
000005F7
000005F8
000005F2
000005F2
000005F9
000005FA
000005F2
000005E4
000005E5
000005E5
000005E6
000005E7
000005E4
000005E8
000005E9
000005EA
000005EB
000005EC
000005EC
000005ED
000005E4
000005E4
000005E4
000005EE
000005E4
000005EF
000005F0
000005E4
000005E4
000005F1
000005E4
000005F2
000005F2
000005F3
000005F4
000005F2
000005F2
000005F5
000005F2
000005F2
000005F2
000005F2
000005F2
000005F2
000005F2
000005F2
000005F6
000005F2
000005F2
000005F7
000005F8
000005F2
000005F2
000005F9
000005FA
000005F2
000005E4
000005E5
000005E5
000005E6
000005E7
000005E4
000005E8
000005E9
000005EA
000005EB
000005EC
000005EC
000005ED
000005E4
000005E4
000005E4
000005EE
000005E4
000005EF
000005F0
000005E4
000005E4
000005F1
000005E4
000005F2
000005F2
000005F3
000005F4
000005F2
000005F2
000005F5
000005F2
000005F2
000005F2
000005F2
000005F2
000005F2
000005F2
000005F2
000005F6
000005F2
000005F2
000005F7
000005F8
000005F2
000005F2
000005F9
000005FA
000005F2
000005E4
000005E5
000005E5
000005E6
000005E7
000005E4
000005E8
000005E9
000005EA
000005EB
000005EC
000005EC
000005ED
000005E4
000005E4
000005E4
000005EE
000005E4
000005EF
000005F0
000005E4
000005E4
000005F1
000005E4
000005F2
000005F2
000005F3
000005F4
000005F2
000005F2
000005F5
000005F2
000005F2
000005F2
000005F2
000005F2
000005F2
000005F2
000005F2
000005F6
000005F2
000005F2
000005F7
000005F8
000005F2
000005F2
000005F9
000005FA
000005F2
000005E4
000005E5
000005E5
000005E6
000005E7
000005E4
000005E8
000005E9
000005EA
000005EB
000005EC
000005EC
000005ED
000005E4
000005E4
000005E4
000005EE
000005E4
000005EF
000005F0
000005E4
000005E4
000005F1
000005E4
000005F2
000005F2
000005F3
000005F4
000005F2
000005F2
000005F5
000005F2
000005F2
000005F2
000005F2
000005F2
000005F2
000005F2
000005F2
000005F6
000005F2
000005F2
000005F7
000005F8
000005F2
000005F2
000005F9
000005FA
000005F2
000005E4
000005E5
000005E5
000005E6
000005E7
000005E4
000005E8
000005E9
000005EA
000005EB
000005EC
000005EC
000005ED
000005E4
000005E4
000005E4
000005EE
000005E4
000005EF
000005F0
000005E4
000005E4
000005F1
000005E4
000005F2
000005F2
000005F3
000005F4
000005F2
000005F2
000005F5
000005F2
000005F2
000005F2
000005F2
000005F2
000005F2
000005F2
000005F2
000005F6
000005F2
000005F2
000005F7
000005F8
000005F2
000005F2
000005F9
000005FA
000005F2
000005E4
000005E5
000005E5
000005E6
000005E7
000005E4
000005E8
000005E9
000005EA
000005EB
000005EC
000005EC
000005ED
000005E4
000005E4
000005E4
000005EE
000005E4
000005EF
000005F0
000005E4
000005E4
000005F1
000005E4
000005F2
000005F2
000005F3
000005F4
000005F2
000005F2
000005F5
000005F2
000005F2
000005F2
000005F2
000005F2
000005F2
000005F2
000005F2
000005F6
000005F2
000005F2
000005F7
000005F8
000005F2
000005F2
000005F9
000005FA
000005F2
000005FB
000005FC
000005FC
000005FD
000005FC
000005FB
000005FE
000005FF
00000600
00000601
00000602
00000602
00000603
000005FB
000005FB
000005FB
00000604
000005FB
000005FB
00000605
000005FB
000005FB
00000606
000005FB
00000607
00000607
00000608
00000609
0000060A
00000607
0000060B
00000607
00000607
00000607
00000607
00000607
00000607
00000607
00000607
00000607
00000607
00000607
00000607
0000060C
00000607
00000607
0000060D
0000060E
00000607
000005FB
000005FC
000005FC
000005FD
000005FC
000005FB
000005FE
000005FF
00000600
00000601
00000602
00000602
00000603
000005FB
000005FB
000005FB
00000604
000005FB
000005FB
00000605
000005FB
000005FB
00000606
000005FB
00000607
00000607
00000608
00000609
0000060A
00000607
0000060B
00000607
00000607
00000607
00000607
00000607
00000607
00000607
00000607
00000607
00000607
00000607
00000607
0000060C
00000607
00000607
0000060D
0000060E
00000607
000005FB
000005FC
000005FC
000005FD
000005FC
000005FB
000005FE
000005FF
00000600
00000601
00000602
00000602
00000603
000005FB
000005FB
000005FB
00000604
000005FB
000005FB
00000605
000005FB
000005FB
00000606
000005FB
00000607
00000607
00000608
00000609
0000060A
00000607
0000060B
00000607
00000607
00000607
00000607
00000607
00000607
00000607
00000607
00000607
00000607
00000607
00000607
0000060C
00000607
00000607
0000060D
0000060E
00000607
000005FB
000005FC
000005FC
000005FD
000005FC
000005FB
000005FE
000005FF
00000600
00000601
00000602
00000602
00000603
000005FB
000005FB
000005FB
00000604
000005FB
000005FB
00000605
000005FB
000005FB
00000606
000005FB
00000607
00000607
00000608
00000609
0000060A
00000607
0000060B
00000607
00000607
00000607
00000607
00000607
00000607
00000607
00000607
00000607
00000607
00000607
00000607
0000060C
00000607
00000607
0000060D
0000060E
00000607
000005FB
000005FC
000005FC
000005FD
000005FC
000005FB
000005FE
000005FF
00000600
00000601
00000602
00000602
00000603
000005FB
000005FB
000005FB
00000604
000005FB
000005FB
00000605
000005FB
000005FB
00000606
000005FB
00000607
00000607
00000608
00000609
0000060A
00000607
0000060B
00000607
00000607
00000607
00000607
00000607
00000607
00000607
00000607
00000607
00000607
00000607
00000607
0000060C
00000607
00000607
0000060D
0000060E
00000607
000005FB
000005FC
000005FC
000005FD
000005FC
000005FB
000005FE
000005FF
00000600
00000601
00000602
00000602
00000603
000005FB
000005FB
000005FB
00000604
000005FB
000005FB
00000605
000005FB
000005FB
00000606
000005FB
00000607
00000607
00000608
00000609
0000060A
00000607
0000060B
00000607
00000607
00000607
00000607
00000607
00000607
00000607
00000607
00000607
00000607
00000607
00000607
0000060C
00000607
00000607
0000060D
0000060E
00000607
000005FB
000005FC
000005FC
000005FD
000005FC
000005FB
000005FE
000005FF
00000600
00000601
00000602
00000602
00000603
000005FB
000005FB
000005FB
00000604
000005FB
000005FB
00000605
000005FB
000005FB
00000606
000005FB
00000607
00000607
00000608
00000609
0000060A
00000607
0000060B
00000607
00000607
00000607
00000607
00000607
00000607
00000607
00000607
00000607
00000607
00000607
00000607
0000060C
00000607
00000607
0000060D
0000060E
00000607
000005FB
000005FC
000005FC
000005FD
000005FC
000005FB
000005FE
000005FF
00000600
00000601
00000602
00000602
00000603
000005FB
000005FB
000005FB
00000604
000005FB
000005FB
00000605
000005FB
000005FB
00000606
000005FB
00000607
00000607
00000608
00000609
0000060A
00000607
0000060B
00000607
00000607
00000607
00000607
00000607
00000607
00000607
00000607
00000607
00000607
00000607
00000607
0000060C
00000607
00000607
0000060D
0000060E
00000607
000005FB
000005FC
000005FC
000005FD
000005FC
000005FB
000005FE
000005FF
00000600
00000601
00000602
00000602
00000603
000005FB
000005FB
000005FB
00000604
000005FB
000005FB
00000605
000005FB
000005FB
00000606
000005FB
00000607
00000607
00000608
00000609
0000060A
00000607
0000060B
00000607
00000607
00000607
00000607
00000607
00000607
00000607
00000607
00000607
00000607
00000607
00000607
0000060C
00000607
00000607
0000060D
0000060E
00000607
000005FB
000005FC
000005FC
000005FD
000005FC
000005FB
000005FE
000005FF
00000600
00000601
00000602
00000602
00000603
000005FB
000005FB
000005FB
00000604
000005FB
000005FB
00000605
000005FB
000005FB
00000606
000005FB
00000607
00000607
00000608
00000609
0000060A
00000607
0000060B
00000607
00000607
00000607
00000607
00000607
00000607
00000607
00000607
00000607
00000607
00000607
00000607
0000060C
00000607
00000607
0000060D
0000060E
00000607
000005FB
000005FC
000005FC
000005FD
000005FC
000005FB
000005FE
000005FF
00000600
00000601
00000602
00000602
00000603
000005FB
000005FB
000005FB
00000604
000005FB
000005FB
00000605
000005FB
000005FB
00000606
000005FB
00000607
00000607
00000608
00000609
0000060A
00000607
0000060B
00000607
00000607
00000607
00000607
00000607
00000607
00000607
00000607
00000607
00000607
00000607
00000607
0000060C
00000607
00000607
0000060D
0000060E
00000607
000005FB
000005FC
000005FC
000005FD
000005FC
000005FB
000005FE
000005FF
00000600
00000601
00000602
00000602
00000603
000005FB
000005FB
000005FB
00000604
000005FB
000005FB
00000605
000005FB
000005FB
00000606
000005FB
00000607
00000607
00000608
00000609
0000060A
00000607
0000060B
00000607
00000607
00000607
00000607
00000607
00000607
00000607
00000607
00000607
00000607
00000607
00000607
0000060C
00000607
00000607
0000060D
0000060E
00000607
000005FB
000005FC
000005FC
000005FD
000005FC
000005FB
000005FE
000005FF
00000600
00000601
00000602
00000602
00000603
000005FB
000005FB
000005FB
00000604
000005FB
000005FB
00000605
000005FB
000005FB
00000606
000005FB
00000607
00000607
00000608
00000609
0000060A
00000607
0000060B
00000607
00000607
00000607
00000607
00000607
00000607
00000607
00000607
00000607
00000607
00000607
00000607
0000060C
00000607
00000607
0000060D
0000060E
00000607
000005FB
000005FC
000005FC
000005FD
000005FC
000005FB
000005FE
000005FF
00000600
00000601
00000602
00000602
00000603
000005FB
000005FB
000005FB
00000604
000005FB
000005FB
00000605
000005FB
000005FB
00000606
000005FB
00000607
00000607
00000608
00000609
0000060A
00000607
0000060B
00000607
00000607
00000607
00000607
00000607
00000607
00000607
00000607
00000607
00000607
00000607
00000607
0000060C
00000607
00000607
0000060D
0000060E
00000607
000005FB
000005FC
000005FC
000005FD
000005FC
000005FB
000005FE
000005FF
00000600
00000601
00000602
00000602
00000603
000005FB
000005FB
000005FB
00000604
000005FB
000005FB
00000605
000005FB
000005FB
00000606
000005FB
00000607
00000607
00000608
00000609
0000060A
00000607
0000060B
00000607
00000607
00000607
00000607
00000607
00000607
00000607
00000607
00000607
00000607
00000607
00000607
0000060C
00000607
00000607
0000060D
0000060E
00000607
000005FB
000005FC
000005FC
000005FD
000005FC
000005FB
000005FE
000005FF
00000600
00000601
00000602
00000602
00000603
000005FB
000005FB
000005FB
00000604
000005FB
000005FB
00000605
000005FB
000005FB
00000606
000005FB
00000607
00000607
00000608
00000609
0000060A
00000607
0000060B
00000607
00000607
00000607
00000607
00000607
00000607
00000607
00000607
00000607
00000607
00000607
00000607
0000060C
00000607
00000607
0000060D
0000060E
00000607
000005FB
000005FC
000005FC
000005FD
000005FC
000005FB
000005FE
000005FF
00000600
00000601
00000602
00000602
00000603
000005FB
000005FB
000005FB
00000604
000005FB
000005FB
00000605
000005FB
000005FB
00000606
000005FB
00000607
00000607
00000608
00000609
0000060A
00000607
0000060B
00000607
00000607
00000607
00000607
00000607
00000607
00000607
00000607
00000607
00000607
00000607
00000607
0000060C
00000607
00000607
0000060D
0000060E
00000607
000005FB
000005FC
000005FC
000005FD
000005FC
000005FB
000005FE
000005FF
00000600
00000601
00000602
00000602
00000603
000005FB
000005FB
000005FB
00000604
000005FB
000005FB
00000605
000005FB
000005FB
00000606
000005FB
00000607
00000607
00000608
00000609
0000060A
00000607
0000060B
00000607
00000607
00000607
00000607
00000607
00000607
00000607
00000607
00000607
00000607
00000607
00000607
0000060C
00000607
00000607
0000060D
0000060E
00000607
000005FB
000005FC
000005FC
000005FD
000005FC
000005FB
000005FE
000005FF
00000600
00000601
00000602
00000602
00000603
000005FB
000005FB
000005FB
00000604
000005FB
000005FB
00000605
000005FB
000005FB
00000606
000005FB
00000607
00000607
00000608
00000609
0000060A
00000607
0000060B
00000607
00000607
00000607
00000607
00000607
00000607
00000607
00000607
00000607
00000607
00000607
00000607
0000060C
00000607
00000607
0000060D
0000060E
00000607
000005FB
000005FC
000005FC
000005FD
000005FC
000005FB
000005FE
000005FF
00000600
00000601
00000602
00000602
00000603
000005FB
000005FB
000005FB
00000604
000005FB
000005FB
00000605
000005FB
000005FB
00000606
000005FB
00000607
00000607
00000608
00000609
0000060A
00000607
0000060B
00000607
00000607
00000607
00000607
00000607
00000607
00000607
00000607
00000607
00000607
00000607
00000607
0000060C
00000607
00000607
0000060D
0000060E
00000607
000005FB
000005FC
000005FC
000005FD
000005FC
000005FB
000005FE
000005FF
00000600
00000601
00000602
00000602
00000603
000005FB
000005FB
000005FB
00000604
000005FB
000005FB
00000605
000005FB
000005FB
00000606
000005FB
00000607
00000607
00000608
00000609
0000060A
00000607
0000060B
00000607
00000607
00000607
00000607
00000607
00000607
00000607
00000607
00000607
00000607
00000607
00000607
0000060C
00000607
00000607
0000060D
0000060E
00000607
000005FB
000005FC
000005FC
000005FD
000005FC
000005FB
000005FE
000005FF
00000600
00000601
00000602
00000602
00000603
000005FB
000005FB
000005FB
00000604
000005FB
000005FB
00000605
000005FB
000005FB
00000606
000005FB
00000607
00000607
00000608
00000609
0000060A
00000607
0000060B
00000607
00000607
00000607
00000607
00000607
00000607
00000607
00000607
00000607
00000607
00000607
00000607
0000060C
00000607
00000607
0000060D
0000060E
00000607
000005FB
000005FC
000005FC
000005FD
000005FC
000005FB
000005FE
000005FF
00000600
00000601
00000602
00000602
00000603
000005FB
000005FB
000005FB
00000604
000005FB
000005FB
00000605
000005FB
000005FB
00000606
000005FB
00000607
00000607
00000608
00000609
0000060A
00000607
0000060B
00000607
00000607
00000607
00000607
00000607
00000607
00000607
00000607
00000607
00000607
00000607
00000607
0000060C
00000607
00000607
0000060D
0000060E
00000607
0000060F
00000610
00000611
00000612
00000610
0000060F
00000613
00000614
00000615
00000616
00000617
00000617
00000618
0000060F
0000060F
0000060F
00000619
0000061A
0000060F
0000061B
0000060F
0000060F
0000061C
0000060F
0000061D
0000061D
0000061E
0000061F
0000061D
0000061D
00000620
0000061D
0000061D
0000061D
0000061D
00000621
0000061D
0000061D
0000061D
0000061D
0000061D
0000061D
0000061D
00000622
0000061D
0000061D
00000623
00000624
0000061D
0000060F
00000610
00000611
00000612
00000610
0000060F
00000613
00000614
00000615
00000616
00000617
00000617
00000618
0000060F
0000060F
0000060F
00000619
0000061A
0000060F
0000061B
0000060F
0000060F
0000061C
0000060F
0000061D
0000061D
0000061E
0000061F
0000061D
0000061D
00000620
0000061D
0000061D
0000061D
0000061D
00000621
0000061D
0000061D
0000061D
0000061D
0000061D
0000061D
0000061D
00000622
0000061D
0000061D
00000623
00000624
0000061D
0000060F
00000610
00000611
00000612
00000610
0000060F
00000613
00000614
00000615
00000616
00000617
00000617
00000618
0000060F
0000060F
0000060F
00000619
0000061A
0000060F
0000061B
0000060F
0000060F
0000061C
0000060F
0000061D
0000061D
0000061E
0000061F
0000061D
0000061D
00000620
0000061D
0000061D
0000061D
0000061D
00000621
0000061D
0000061D
0000061D
0000061D
0000061D
0000061D
0000061D
00000622
0000061D
0000061D
00000623
00000624
0000061D
0000060F
00000610
00000611
00000612
00000610
0000060F
00000613
00000614
00000615
00000616
00000617
00000617
00000618
0000060F
0000060F
0000060F
00000619
0000061A
0000060F
0000061B
0000060F
0000060F
0000061C
0000060F
0000061D
0000061D
0000061E
0000061F
0000061D
0000061D
00000620
0000061D
0000061D
0000061D
0000061D
00000621
0000061D
0000061D
0000061D
0000061D
0000061D
0000061D
0000061D
00000622
0000061D
0000061D
00000623
00000624
0000061D
0000060F
00000610
00000611
00000612
00000610
0000060F
00000613
00000614
00000615
00000616
00000617
00000617
00000618
0000060F
0000060F
0000060F
00000619
0000061A
0000060F
0000061B
0000060F
0000060F
0000061C
0000060F
0000061D
0000061D
0000061E
0000061F
0000061D
0000061D
00000620
0000061D
0000061D
0000061D
0000061D
00000621
0000061D
0000061D
0000061D
0000061D
0000061D
0000061D
0000061D
00000622
0000061D
0000061D
00000623
00000624
0000061D
0000060F
00000610
00000611
00000612
00000610
0000060F
00000613
00000614
00000615
00000616
00000617
00000617
00000618
0000060F
0000060F
0000060F
00000619
0000061A
0000060F
0000061B
0000060F
0000060F
0000061C
0000060F
0000061D
0000061D
0000061E
0000061F
0000061D
0000061D
00000620
0000061D
0000061D
0000061D
0000061D
00000621
0000061D
0000061D
0000061D
0000061D
0000061D
0000061D
0000061D
00000622
0000061D
0000061D
00000623
00000624
0000061D
0000060F
00000610
00000611
00000612
00000610
0000060F
00000613
00000614
00000615
00000616
00000617
00000617
00000618
0000060F
0000060F
0000060F
00000619
0000061A
0000060F
0000061B
0000060F
0000060F
0000061C
0000060F
0000061D
0000061D
0000061E
0000061F
0000061D
0000061D
00000620
0000061D
0000061D
0000061D
0000061D
00000621
0000061D
0000061D
0000061D
0000061D
0000061D
0000061D
0000061D
00000622
0000061D
0000061D
00000623
00000624
0000061D
0000060F
00000610
00000611
00000612
00000610
0000060F
00000613
00000614
00000615
00000616
00000617
00000617
00000618
0000060F
0000060F
0000060F
00000619
0000061A
0000060F
0000061B
0000060F
0000060F
0000061C
0000060F
0000061D
0000061D
0000061E
0000061F
0000061D
0000061D
00000620
0000061D
0000061D
0000061D
0000061D
00000621
0000061D
0000061D
0000061D
0000061D
0000061D
0000061D
0000061D
00000622
0000061D
0000061D
00000623
00000624
0000061D
0000060F
00000610
00000611
00000612
00000610
0000060F
00000613
00000614
00000615
00000616
00000617
00000617
00000618
0000060F
0000060F
0000060F
00000619
0000061A
0000060F
0000061B
0000060F
0000060F
0000061C
0000060F
0000061D
0000061D
0000061E
0000061F
0000061D
0000061D
00000620
0000061D
0000061D
0000061D
0000061D
00000621
0000061D
0000061D
0000061D
0000061D
0000061D
0000061D
0000061D
00000622
0000061D
0000061D
00000623
00000624
0000061D
0000060F
00000610
00000611
00000612
00000610
0000060F
00000613
00000614
00000615
00000616
00000617
00000617
00000618
0000060F
0000060F
0000060F
00000619
0000061A
0000060F
0000061B
0000060F
0000060F
0000061C
0000060F
0000061D
0000061D
0000061E
0000061F
0000061D
0000061D
00000620
0000061D
0000061D
0000061D
0000061D
00000621
0000061D
0000061D
0000061D
0000061D
0000061D
0000061D
0000061D
00000622
0000061D
0000061D
00000623
00000624
0000061D
0000060F
00000610
00000611
00000612
00000610
0000060F
00000613
00000614
00000615
00000616
00000617
00000617
00000618
0000060F
0000060F
0000060F
00000619
0000061A
0000060F
0000061B
0000060F
0000060F
0000061C
0000060F
0000061D
0000061D
0000061E
0000061F
0000061D
0000061D
00000620
0000061D
0000061D
0000061D
0000061D
00000621
0000061D
0000061D
0000061D
0000061D
0000061D
0000061D
0000061D
00000622
0000061D
0000061D
00000623
00000624
0000061D
0000060F
00000610
00000611
00000612
00000610
0000060F
00000613
00000614
00000615
00000616
00000617
00000617
00000618
0000060F
0000060F
0000060F
00000619
0000061A
0000060F
0000061B
0000060F
0000060F
0000061C
0000060F
0000061D
0000061D
0000061E
0000061F
0000061D
0000061D
00000620
0000061D
0000061D
0000061D
0000061D
00000621
0000061D
0000061D
0000061D
0000061D
0000061D
0000061D
0000061D
00000622
0000061D
0000061D
00000623
00000624
0000061D
0000060F
00000610
00000611
00000612
00000610
0000060F
00000613
00000614
00000615
00000616
00000617
00000617
00000618
0000060F
0000060F
0000060F
00000619
0000061A
0000060F
0000061B
0000060F
0000060F
0000061C
0000060F
0000061D
0000061D
0000061E
0000061F
0000061D
0000061D
00000620
0000061D
0000061D
0000061D
0000061D
00000621
0000061D
0000061D
0000061D
0000061D
0000061D
0000061D
0000061D
00000622
0000061D
0000061D
00000623
00000624
0000061D
0000060F
00000610
00000611
00000612
00000610
0000060F
00000613
00000614
00000615
00000616
00000617
00000617
00000618
0000060F
0000060F
0000060F
00000619
0000061A
0000060F
0000061B
0000060F
0000060F
0000061C
0000060F
0000061D
0000061D
0000061E
0000061F
0000061D
0000061D
00000620
0000061D
0000061D
0000061D
0000061D
00000621
0000061D
0000061D
0000061D
0000061D
0000061D
0000061D
0000061D
00000622
0000061D
0000061D
00000623
00000624
0000061D
0000060F
00000610
00000611
00000612
00000610
0000060F
00000613
00000614
00000615
00000616
00000617
00000617
00000618
0000060F
0000060F
0000060F
00000619
0000061A
0000060F
0000061B
0000060F
0000060F
0000061C
0000060F
0000061D
0000061D
0000061E
0000061F
0000061D
0000061D
00000620
0000061D
0000061D
0000061D
0000061D
00000621
0000061D
0000061D
0000061D
0000061D
0000061D
0000061D
0000061D
00000622
0000061D
0000061D
00000623
00000624
0000061D
0000060F
00000610
00000611
00000612
00000610
0000060F
00000613
00000614
00000615
00000616
00000617
00000617
00000618
0000060F
0000060F
0000060F
00000619
0000061A
0000060F
0000061B
0000060F
0000060F
0000061C
0000060F
0000061D
0000061D
0000061E
0000061F
0000061D
0000061D
00000620
0000061D
0000061D
0000061D
0000061D
00000621
0000061D
0000061D
0000061D
0000061D
0000061D
0000061D
0000061D
00000622
0000061D
0000061D
00000623
00000624
0000061D
0000060F
00000610
00000611
00000612
00000610
0000060F
00000613
00000614
00000615
00000616
00000617
00000617
00000618
0000060F
0000060F
0000060F
00000619
0000061A
0000060F
0000061B
0000060F
0000060F
0000061C
0000060F
0000061D
0000061D
0000061E
0000061F
0000061D
0000061D
00000620
0000061D
0000061D
0000061D
0000061D
00000621
0000061D
0000061D
0000061D
0000061D
0000061D
0000061D
0000061D
00000622
0000061D
0000061D
00000623
00000624
0000061D
0000060F
00000610
00000611
00000612
00000610
0000060F
00000613
00000614
00000615
00000616
00000617
00000617
00000618
0000060F
0000060F
0000060F
00000619
0000061A
0000060F
0000061B
0000060F
0000060F
0000061C
0000060F
0000061D
0000061D
0000061E
0000061F
0000061D
0000061D
00000620
0000061D
0000061D
0000061D
0000061D
00000621
0000061D
0000061D
0000061D
0000061D
0000061D
0000061D
0000061D
00000622
0000061D
0000061D
00000623
00000624
0000061D
0000060F
00000610
00000611
00000612
00000610
0000060F
00000613
00000614
00000615
00000616
00000617
00000617
00000618
0000060F
0000060F
0000060F
00000619
0000061A
0000060F
0000061B
0000060F
0000060F
0000061C
0000060F
0000061D
0000061D
0000061E
0000061F
0000061D
0000061D
00000620
0000061D
0000061D
0000061D
0000061D
00000621
0000061D
0000061D
0000061D
0000061D
0000061D
0000061D
0000061D
00000622
0000061D
0000061D
00000623
00000624
0000061D
0000060F
00000610
00000611
00000612
00000610
0000060F
00000613
00000614
00000615
00000616
00000617
00000617
00000618
0000060F
0000060F
0000060F
00000619
0000061A
0000060F
0000061B
0000060F
0000060F
0000061C
0000060F
0000061D
0000061D
0000061E
0000061F
0000061D
0000061D
00000620
0000061D
0000061D
0000061D
0000061D
00000621
0000061D
0000061D
0000061D
0000061D
0000061D
0000061D
0000061D
00000622
0000061D
0000061D
00000623
00000624
0000061D
0000060F
00000610
00000611
00000612
00000610
0000060F
00000613
00000614
00000615
00000616
00000617
00000617
00000618
0000060F
0000060F
0000060F
00000619
0000061A
0000060F
0000061B
0000060F
0000060F
0000061C
0000060F
0000061D
0000061D
0000061E
0000061F
0000061D
0000061D
00000620
0000061D
0000061D
0000061D
0000061D
00000621
0000061D
0000061D
0000061D
0000061D
0000061D
0000061D
0000061D
00000622
0000061D
0000061D
00000623
00000624
0000061D
0000060F
00000610
00000611
00000612
00000610
0000060F
00000613
00000614
00000615
00000616
00000617
00000617
00000618
0000060F
0000060F
0000060F
00000619
0000061A
0000060F
0000061B
0000060F
0000060F
0000061C
0000060F
0000061D
0000061D
0000061E
0000061F
0000061D
0000061D
00000620
0000061D
0000061D
0000061D
0000061D
00000621
0000061D
0000061D
0000061D
0000061D
0000061D
0000061D
0000061D
00000622
0000061D
0000061D
00000623
00000624
0000061D
0000060F
00000610
00000611
00000612
00000610
0000060F
00000613
00000614
00000615
00000616
00000617
00000617
00000618
0000060F
0000060F
0000060F
00000619
0000061A
0000060F
0000061B
0000060F
0000060F
0000061C
0000060F
0000061D
0000061D
0000061E
0000061F
0000061D
0000061D
00000620
0000061D
0000061D
0000061D
0000061D
00000621
0000061D
0000061D
0000061D
0000061D
0000061D
0000061D
0000061D
00000622
0000061D
0000061D
00000623
00000624
0000061D
00000625
00000626
00000626
00000627
00000626
00000628
00000629
0000062A
0000062B
0000062C
0000062D
0000062D
0000062E
0000062F
00000628
00000628
00000630
00000628
00000628
00000631
00000628
00000628
00000632
00000628
00000633
00000633
00000634
00000635
00000633
00000633
00000636
00000637
00000637
00000637
00000637
00000637
00000637
00000637
00000637
00000637
00000637
00000637
00000637
00000638
00000637
00000637
00000639
0000063A
00000637
00000625
00000626
00000626
00000627
00000626
00000628
00000629
0000062A
0000062B
0000062C
0000062D
0000062D
0000062E
0000062F
00000628
00000628
00000630
00000628
00000628
00000631
00000628
00000628
00000632
00000628
00000633
00000633
00000634
00000635
00000633
00000633
00000636
00000637
00000637
00000637
00000637
00000637
00000637
00000637
00000637
00000637
00000637
00000637
00000637
00000638
00000637
00000637
00000639
0000063A
00000637
00000625
00000626
00000626
00000627
00000626
00000628
00000629
0000062A
0000062B
0000062C
0000062D
0000062D
0000062E
0000062F
00000628
00000628
00000630
00000628
00000628
00000631
00000628
00000628
00000632
00000628
00000633
00000633
00000634
00000635
00000633
00000633
00000636
00000637
00000637
00000637
00000637
00000637
00000637
00000637
00000637
00000637
00000637
00000637
00000637
00000638
00000637
00000637
00000639
0000063A
00000637
00000625
00000626
00000626
00000627
00000626
00000628
00000629
0000062A
0000062B
0000062C
0000062D
0000062D
0000062E
0000062F
00000628
00000628
00000630
00000628
00000628
00000631
00000628
00000628
00000632
00000628
00000633
00000633
00000634
00000635
00000633
00000633
00000636
00000637
00000637
00000637
00000637
00000637
00000637
00000637
00000637
00000637
00000637
00000637
00000637
00000638
00000637
00000637
00000639
0000063A
00000637
00000625
00000626
00000626
00000627
00000626
00000628
00000629
0000062A
0000062B
0000062C
0000062D
0000062D
0000062E
0000062F
00000628
00000628
00000630
00000628
00000628
00000631
00000628
00000628
00000632
00000628
00000633
00000633
00000634
00000635
00000633
00000633
00000636
00000637
00000637
00000637
00000637
00000637
00000637
00000637
00000637
00000637
00000637
00000637
00000637
00000638
00000637
00000637
00000639
0000063A
00000637
00000625
00000626
00000626
00000627
00000626
00000628
00000629
0000062A
0000062B
0000062C
0000062D
0000062D
0000062E
0000062F
00000628
00000628
00000630
00000628
00000628
00000631
00000628
00000628
00000632
00000628
00000633
00000633
00000634
00000635
00000633
00000633
00000636
00000637
00000637
00000637
00000637
00000637
00000637
00000637
00000637
00000637
00000637
00000637
00000637
00000638
00000637
00000637
00000639
0000063A
00000637
00000625
00000626
00000626
00000627
00000626
00000628
00000629
0000062A
0000062B
0000062C
0000062D
0000062D
0000062E
0000062F
00000628
00000628
00000630
00000628
00000628
00000631
00000628
00000628
00000632
00000628
00000633
00000633
00000634
00000635
00000633
00000633
00000636
00000637
00000637
00000637
00000637
00000637
00000637
00000637
00000637
00000637
00000637
00000637
00000637
00000638
00000637
00000637
00000639
0000063A
00000637
00000625
00000626
00000626
00000627
00000626
00000628
00000629
0000062A
0000062B
0000062C
0000062D
0000062D
0000062E
0000062F
00000628
00000628
00000630
00000628
00000628
00000631
00000628
00000628
00000632
00000628
00000633
00000633
00000634
00000635
00000633
00000633
00000636
00000637
00000637
00000637
00000637
00000637
00000637
00000637
00000637
00000637
00000637
00000637
00000637
00000638
00000637
00000637
00000639
0000063A
00000637
00000625
00000626
00000626
00000627
00000626
00000628
00000629
0000062A
0000062B
0000062C
0000062D
0000062D
0000062E
0000062F
00000628
00000628
00000630
00000628
00000628
00000631
00000628
00000628
00000632
00000628
00000633
00000633
00000634
00000635
00000633
00000633
00000636
00000637
00000637
00000637
00000637
00000637
00000637
00000637
00000637
00000637
00000637
00000637
00000637
00000638
00000637
00000637
00000639
0000063A
00000637
00000625
00000626
00000626
00000627
00000626
00000628
00000629
0000062A
0000062B
0000062C
0000062D
0000062D
0000062E
0000062F
00000628
00000628
00000630
00000628
00000628
00000631
00000628
00000628
00000632
00000628
00000633
00000633
00000634
00000635
00000633
00000633
00000636
00000637
00000637
00000637
00000637
00000637
00000637
00000637
00000637
00000637
00000637
00000637
00000637
00000638
00000637
00000637
00000639
0000063A
00000637
00000625
00000626
00000626
00000627
00000626
00000628
00000629
0000062A
0000062B
0000062C
0000062D
0000062D
0000062E
0000062F
00000628
00000628
00000630
00000628
00000628
00000631
00000628
00000628
00000632
00000628
00000633
00000633
00000634
00000635
00000633
00000633
00000636
00000637
00000637
00000637
00000637
00000637
00000637
00000637
00000637
00000637
00000637
00000637
00000637
00000638
00000637
00000637
00000639
0000063A
00000637
00000625
00000626
00000626
00000627
00000626
00000628
00000629
0000062A
0000062B
0000062C
0000062D
0000062D
0000062E
0000062F
00000628
00000628
00000630
00000628
00000628
00000631
00000628
00000628
00000632
00000628
00000633
00000633
00000634
00000635
00000633
00000633
00000636
00000637
00000637
00000637
00000637
00000637
00000637
00000637
00000637
00000637
00000637
00000637
00000637
00000638
00000637
00000637
00000639
0000063A
00000637
00000625
00000626
00000626
00000627
00000626
00000628
00000629
0000062A
0000062B
0000062C
0000062D
0000062D
0000062E
0000062F
00000628
00000628
00000630
00000628
00000628
00000631
00000628
00000628
00000632
00000628
00000633
00000633
00000634
00000635
00000633
00000633
00000636
00000637
00000637
00000637
00000637
00000637
00000637
00000637
00000637
00000637
00000637
00000637
00000637
00000638
00000637
00000637
00000639
0000063A
00000637
00000625
00000626
00000626
00000627
00000626
00000628
00000629
0000062A
0000062B
0000062C
0000062D
0000062D
0000062E
0000062F
00000628
00000628
00000630
00000628
00000628
00000631
00000628
00000628
00000632
00000628
00000633
00000633
00000634
00000635
00000633
00000633
00000636
00000637
00000637
00000637
00000637
00000637
00000637
00000637
00000637
00000637
00000637
00000637
00000637
00000638
00000637
00000637
00000639
0000063A
00000637
00000625
00000626
00000626
00000627
00000626
00000628
00000629
0000062A
0000062B
0000062C
0000062D
0000062D
0000062E
0000062F
00000628
00000628
00000630
00000628
00000628
00000631
00000628
00000628
00000632
00000628
00000633
00000633
00000634
00000635
00000633
00000633
00000636
00000637
00000637
00000637
00000637
00000637
00000637
00000637
00000637
00000637
00000637
00000637
00000637
00000638
00000637
00000637
00000639
0000063A
00000637
00000625
00000626
00000626
00000627
00000626
00000628
00000629
0000062A
0000062B
0000062C
0000062D
0000062D
0000062E
0000062F
00000628
00000628
00000630
00000628
00000628
00000631
00000628
00000628
00000632
00000628
00000633
00000633
00000634
00000635
00000633
00000633
00000636
00000637
00000637
00000637
00000637
00000637
00000637
00000637
00000637
00000637
00000637
00000637
00000637
00000638
00000637
00000637
00000639
0000063A
00000637
00000625
00000626
00000626
00000627
00000626
00000628
00000629
0000062A
0000062B
0000062C
0000062D
0000062D
0000062E
0000062F
00000628
00000628
00000630
00000628
00000628
00000631
00000628
00000628
00000632
00000628
00000633
00000633
00000634
00000635
00000633
00000633
00000636
00000637
00000637
00000637
00000637
00000637
00000637
00000637
00000637
00000637
00000637
00000637
00000637
00000638
00000637
00000637
00000639
0000063A
00000637
00000625
00000626
00000626
00000627
00000626
00000628
00000629
0000062A
0000062B
0000062C
0000062D
0000062D
0000062E
0000062F
00000628
00000628
00000630
00000628
00000628
00000631
00000628
00000628
00000632
00000628
00000633
00000633
00000634
00000635
00000633
00000633
00000636
00000637
00000637
00000637
00000637
00000637
00000637
00000637
00000637
00000637
00000637
00000637
00000637
00000638
00000637
00000637
00000639
0000063A
00000637
00000625
00000626
00000626
00000627
00000626
00000628
00000629
0000062A
0000062B
0000062C
0000062D
0000062D
0000062E
0000062F
00000628
00000628
00000630
00000628
00000628
00000631
00000628
00000628
00000632
00000628
00000633
00000633
00000634
00000635
00000633
00000633
00000636
00000637
00000637
00000637
00000637
00000637
00000637
00000637
00000637
00000637
00000637
00000637
00000637
00000638
00000637
00000637
00000639
0000063A
00000637
00000625
00000626
00000626
00000627
00000626
00000628
00000629
0000062A
0000062B
0000062C
0000062D
0000062D
0000062E
0000062F
00000628
00000628
00000630
00000628
00000628
00000631
00000628
00000628
00000632
00000628
00000633
00000633
00000634
00000635
00000633
00000633
00000636
00000637
00000637
00000637
00000637
00000637
00000637
00000637
00000637
00000637
00000637
00000637
00000637
00000638
00000637
00000637
00000639
0000063A
00000637
00000625
00000626
00000626
00000627
00000626
00000628
00000629
0000062A
0000062B
0000062C
0000062D
0000062D
0000062E
0000062F
00000628
00000628
00000630
00000628
00000628
00000631
00000628
00000628
00000632
00000628
00000633
00000633
00000634
00000635
00000633
00000633
00000636
00000637
00000637
00000637
00000637
00000637
00000637
00000637
00000637
00000637
00000637
00000637
00000637
00000638
00000637
00000637
00000639
0000063A
00000637
00000625
00000626
00000626
00000627
00000626
00000628
00000629
0000062A
0000062B
0000062C
0000062D
0000062D
0000062E
0000062F
00000628
00000628
00000630
00000628
00000628
00000631
00000628
00000628
00000632
00000628
00000633
00000633
00000634
00000635
00000633
00000633
00000636
00000637
00000637
00000637
00000637
00000637
00000637
00000637
00000637
00000637
00000637
00000637
00000637
00000638
00000637
00000637
00000639
0000063A
00000637
00000625
00000626
00000626
00000627
00000626
00000628
00000629
0000062A
0000062B
0000062C
0000062D
0000062D
0000062E
0000062F
00000628
00000628
00000630
00000628
00000628
00000631
00000628
00000628
00000632
00000628
00000633
00000633
00000634
00000635
00000633
00000633
00000636
00000637
00000637
00000637
00000637
00000637
00000637
00000637
00000637
00000637
00000637
00000637
00000637
00000638
00000637
00000637
00000639
0000063A
00000637
0000063B
0000063C
0000063C
0000063D
0000063C
0000063E
0000063F
00000640
00000641
00000642
00000643
00000643
00000644
0000063E
0000063E
0000063E
00000645
0000063E
0000063E
00000646
0000063E
0000063E
00000647
0000063E
00000648
00000648
00000649
0000064A
0000064B
00000648
0000064C
0000064D
0000064E
0000064D
0000064D
0000064D
0000064D
0000064F
0000064D
0000064D
0000064D
0000064D
0000064D
00000650
0000064D
0000064D
00000651
00000652
0000064D
00000653
00000654
00000654
00000655
00000656
00000653
00000657
00000658
00000659
0000065A
0000065B
0000065B
0000065C
00000653
00000653
00000653
0000065D
00000653
00000653
0000065E
00000653
00000653
0000065F
00000653
00000660
00000660
00000661
00000662
00000660
00000663
00000664
00000660
00000660
00000660
00000660
00000660
00000665
00000660
00000660
00000660
00000660
00000660
00000660
00000666
00000660
00000660
00000667
00000668
00000660
00000669
0000066A
0000066A
0000066B
0000066A
00000669
0000066C
0000066D
0000066E
0000066F
00000670
00000670
00000671
00000669
00000669
00000669
00000672
00000669
00000669
00000673
00000674
00000669
00000675
00000669
00000676
00000677
00000678
00000679
0000067A
00000676
0000067B
00000676
00000676
00000676
00000676
00000676
00000676
00000676
00000676
00000676
00000676
00000676
00000676
0000067C
00000676
00000676
0000067D
0000067E
00000676
0000067F
00000680
00000680
00000681
00000680
0000067F
00000682
00000683
00000684
00000685
00000686
00000686
00000687
0000067F
0000067F
0000067F
00000688
0000067F
0000067F
00000689
0000067F
0000067F
0000068A
0000067F
0000068B
0000068B
0000068C
0000068D
0000068B
0000068B
0000068E
0000068B
0000068B
0000068B
0000068B
0000068B
0000068B
0000068B
0000068B
0000068B
0000068B
0000068B
0000068B
0000068F
0000068B
0000068B
00000690
00000691
0000068B
00000692
00000693
00000693
00000694
00000693
00000692
00000695
00000696
00000697
00000698
00000699
00000699
0000069A
00000692
00000692
00000692
0000069B
0000069C
00000692
0000069D
00000692
00000692
0000069E
00000692
0000069F
000006A0
000006A1
000006A2
0000069F
0000069F
000006A3
0000069F
0000069F
0000069F
0000069F
0000069F
0000069F
0000069F
0000069F
0000069F
0000069F
0000069F
0000069F
000006A4
0000069F
0000069F
000006A5
000006A6
0000069F
000006A7
000006A8
000006A8
000006A9
000006A8
000006A7
000006AA
000006AB
000006AC
000006AD
000006AE
000006AE
000006AF
000006A7
000006B0
000006A7
000006B1
000006A7
000006B2
000006B3
000006B4
000006A7
000006B5
000006A7
000006B6
000006B6
000006B7
000006B8
000006B9
000006BA
000006BB
000006B6
000006B6
000006B6
000006B6
000006B6
000006BC
000006B6
000006B6
000006BD
000006B6
000006B6
000006B6
000006BE
000006BF
000006B6
000006C0
000006C1
000006B6
000006C2
000006C3
000006C3
000006C4
000006C3
000006C2
000006C5
000006C6
000006C7
000006C8
000006C9
000006C9
000006CA
000006CB
000006C2
000006C2
000006CC
000006C2
000006CD
000006CE
000006CF
000006C2
000006D0
000006C2
000006D1
000006D2
000006D3
000006D4
000006D5
000006D1
000006D6
000006D1
000006D1
000006D1
000006D1
000006D1
000006D1
000006D1
000006D7
000006D8
000006D1
000006D1
000006D1
000006D9
000006D1
000006D1
000006DA
000006DB
000006D1
000006DC
000006DD
000006DD
000006DE
000006DD
000006DC
000006DF
000006E0
000006E1
000006E2
000006E3
000006E3
000006E4
000006DC
000006DC
000006DC
000006E5
000006DC
000006DC
000006E6
000006DC
000006DC
000006E7
000006DC
000006E8
000006E8
000006E9
000006EA
000006E8
000006E8
000006EB
000006E8
000006E8
000006E8
000006E8
000006E8
000006E8
000006E8
000006E8
000006E8
000006E8
000006E8
000006E8
000006EC
000006E8
000006E8
000006ED
000006EE
000006E8
000006DC
000006DD
000006DD
000006DE
000006DD
000006DC
000006DF
000006E0
000006E1
000006E2
000006E3
000006E3
000006E4
000006DC
000006DC
000006DC
000006E5
000006DC
000006DC
000006E6
000006DC
000006DC
000006E7
000006DC
000006E8
000006E8
000006E9
000006EA
000006E8
000006E8
000006EB
000006E8
000006E8
000006E8
000006E8
000006E8
000006E8
000006E8
000006E8
000006E8
000006E8
000006E8
000006E8
000006EC
000006E8
000006E8
000006ED
000006EE
000006E8
000006DC
000006DD
000006DD
000006DE
000006DD
000006DC
000006DF
000006E0
000006E1
000006E2
000006E3
000006E3
000006E4
000006DC
000006DC
000006DC
000006E5
000006DC
000006DC
000006E6
000006DC
000006DC
000006E7
000006DC
000006E8
000006E8
000006E9
000006EA
000006E8
000006E8
000006EB
000006E8
000006E8
000006E8
000006E8
000006E8
000006E8
000006E8
000006E8
000006E8
000006E8
000006E8
000006E8
000006EC
000006E8
000006E8
000006ED
000006EE
000006E8
000006DC
000006DD
000006DD
000006DE
000006DD
000006DC
000006DF
000006E0
000006E1
000006E2
000006E3
000006E3
000006E4
000006DC
000006DC
000006DC
000006E5
000006DC
000006DC
000006E6
000006DC
000006DC
000006E7
000006DC
000006E8
000006E8
000006E9
000006EA
000006E8
000006E8
000006EB
000006E8
000006E8
000006E8
000006E8
000006E8
000006E8
000006E8
000006E8
000006E8
000006E8
000006E8
000006E8
000006EC
000006E8
000006E8
000006ED
000006EE
000006E8
000006DC
000006DD
000006DD
000006DE
000006DD
000006DC
000006DF
000006E0
000006E1
000006E2
000006E3
000006E3
000006E4
000006DC
000006DC
000006DC
000006E5
000006DC
000006DC
000006E6
000006DC
000006DC
000006E7
000006DC
000006E8
000006E8
000006E9
000006EA
000006E8
000006E8
000006EB
000006E8
000006E8
000006E8
000006E8
000006E8
000006E8
000006E8
000006E8
000006E8
000006E8
000006E8
000006E8
000006EC
000006E8
000006E8
000006ED
000006EE
000006E8
000006DC
000006DD
000006DD
000006DE
000006DD
000006DC
000006DF
000006E0
000006E1
000006E2
000006E3
000006E3
000006E4
000006DC
000006DC
000006DC
000006E5
000006DC
000006DC
000006E6
000006DC
000006DC
000006E7
000006DC
000006E8
000006E8
000006E9
000006EA
000006E8
000006E8
000006EB
000006E8
000006E8
000006E8
000006E8
000006E8
000006E8
000006E8
000006E8
000006E8
000006E8
000006E8
000006E8
000006EC
000006E8
000006E8
000006ED
000006EE
000006E8
000006DC
000006DD
000006DD
000006DE
000006DD
000006DC
000006DF
000006E0
000006E1
000006E2
000006E3
000006E3
000006E4
000006DC
000006DC
000006DC
000006E5
000006DC
000006DC
000006E6
000006DC
000006DC
000006E7
000006DC
000006E8
000006E8
000006E9
000006EA
000006E8
000006E8
000006EB
000006E8
000006E8
000006E8
000006E8
000006E8
000006E8
000006E8
000006E8
000006E8
000006E8
000006E8
000006E8
000006EC
000006E8
000006E8
000006ED
000006EE
000006E8
000006DC
000006DD
000006DD
000006DE
000006DD
000006DC
000006DF
000006E0
000006E1
000006E2
000006E3
000006E3
000006E4
000006DC
000006DC
000006DC
000006E5
000006DC
000006DC
000006E6
000006DC
000006DC
000006E7
000006DC
000006E8
000006E8
000006E9
000006EA
000006E8
000006E8
000006EB
000006E8
000006E8
000006E8
000006E8
000006E8
000006E8
000006E8
000006E8
000006E8
000006E8
000006E8
000006E8
000006EC
000006E8
000006E8
000006ED
000006EE
000006E8
000006DC
000006DD
000006DD
000006DE
000006DD
000006DC
000006DF
000006E0
000006E1
000006E2
000006E3
000006E3
000006E4
000006DC
000006DC
000006DC
000006E5
000006DC
000006DC
000006E6
000006DC
000006DC
000006E7
000006DC
000006E8
000006E8
000006E9
000006EA
000006E8
000006E8
000006EB
000006E8
000006E8
000006E8
000006E8
000006E8
000006E8
000006E8
000006E8
000006E8
000006E8
000006E8
000006E8
000006EC
000006E8
000006E8
000006ED
000006EE
000006E8
000006DC
000006DD
000006DD
000006DE
000006DD
000006DC
000006DF
000006E0
000006E1
000006E2
000006E3
000006E3
000006E4
000006DC
000006DC
000006DC
000006E5
000006DC
000006DC
000006E6
000006DC
000006DC
000006E7
000006DC
000006E8
000006E8
000006E9
000006EA
000006E8
000006E8
000006EB
000006E8
000006E8
000006E8
000006E8
000006E8
000006E8
000006E8
000006E8
000006E8
000006E8
000006E8
000006E8
000006EC
000006E8
000006E8
000006ED
000006EE
000006E8
000006DC
000006DD
000006DD
000006DE
000006DD
000006DC
000006DF
000006E0
000006E1
000006E2
000006E3
000006E3
000006E4
000006DC
000006DC
000006DC
000006E5
000006DC
000006DC
000006E6
000006DC
000006DC
000006E7
000006DC
000006E8
000006E8
000006E9
000006EA
000006E8
000006E8
000006EB
000006E8
000006E8
000006E8
000006E8
000006E8
000006E8
000006E8
000006E8
000006E8
000006E8
000006E8
000006E8
000006EC
000006E8
000006E8
000006ED
000006EE
000006E8
000006DC
000006DD
000006DD
000006DE
000006DD
000006DC
000006DF
000006E0
000006E1
000006E2
000006E3
000006E3
000006E4
000006DC
000006DC
000006DC
000006E5
000006DC
000006DC
000006E6
000006DC
000006DC
000006E7
000006DC
000006E8
000006E8
000006E9
000006EA
000006E8
000006E8
000006EB
000006E8
000006E8
000006E8
000006E8
000006E8
000006E8
000006E8
000006E8
000006E8
000006E8
000006E8
000006E8
000006EC
000006E8
000006E8
000006ED
000006EE
000006E8
000006DC
000006DD
000006DD
000006DE
000006DD
000006DC
000006DF
000006E0
000006E1
000006E2
000006E3
000006E3
000006E4
000006DC
000006DC
000006DC
000006E5
000006DC
000006DC
000006E6
000006DC
000006DC
000006E7
000006DC
000006E8
000006E8
000006E9
000006EA
000006E8
000006E8
000006EB
000006E8
000006E8
000006E8
000006E8
000006E8
000006E8
000006E8
000006E8
000006E8
000006E8
000006E8
000006E8
000006EC
000006E8
000006E8
000006ED
000006EE
000006E8
000006DC
000006DD
000006DD
000006DE
000006DD
000006DC
000006DF
000006E0
000006E1
000006E2
000006E3
000006E3
000006E4
000006DC
000006DC
000006DC
000006E5
000006DC
000006DC
000006E6
000006DC
000006DC
000006E7
000006DC
000006E8
000006E8
000006E9
000006EA
000006E8
000006E8
000006EB
000006E8
000006E8
000006E8
000006E8
000006E8
000006E8
000006E8
000006E8
000006E8
000006E8
000006E8
000006E8
000006EC
000006E8
000006E8
000006ED
000006EE
000006E8
000006DC
000006DD
000006DD
000006DE
000006DD
000006DC
000006DF
000006E0
000006E1
000006E2
000006E3
000006E3
000006E4
000006DC
000006DC
000006DC
000006E5
000006DC
000006DC
000006E6
000006DC
000006DC
000006E7
000006DC
000006E8
000006E8
000006E9
000006EA
000006E8
000006E8
000006EB
000006E8
000006E8
000006E8
000006E8
000006E8
000006E8
000006E8
000006E8
000006E8
000006E8
000006E8
000006E8
000006EC
000006E8
000006E8
000006ED
000006EE
000006E8
000006DC
000006DD
000006DD
000006DE
000006DD
000006DC
000006DF
000006E0
000006E1
000006E2
000006E3
000006E3
000006E4
000006DC
000006DC
000006DC
000006E5
000006DC
000006DC
000006E6
000006DC
000006DC
000006E7
000006DC
000006E8
000006E8
000006E9
000006EA
000006E8
000006E8
000006EB
000006E8
000006E8
000006E8
000006E8
000006E8
000006E8
000006E8
000006E8
000006E8
000006E8
000006E8
000006E8
000006EC
000006E8
000006E8
000006ED
000006EE
000006E8
000006EF
000006F0
000006F0
000006F1
000006F2
000006EF
000006F3
000006F4
000006F5
000006F6
000006F7
000006F7
000006F8
000006F9
000006EF
000006EF
000006FA
000006EF
000006EF
000006FB
000006EF
000006FC
000006FD
000006EF
000006FE
000006FE
000006FF
00000700
00000701
000006FE
00000702
000006FE
000006FE
000006FE
000006FE
000006FE
000006FE
000006FE
000006FE
000006FE
000006FE
000006FE
000006FE
00000703
000006FE
000006FE
00000704
00000705
00000706
000006EF
000006F0
000006F0
000006F1
000006F2
000006EF
000006F3
000006F4
000006F5
000006F6
000006F7
000006F7
000006F8
000006F9
000006EF
000006EF
000006FA
000006EF
000006EF
000006FB
000006EF
000006FC
000006FD
000006EF
000006FE
000006FE
000006FF
00000700
00000701
000006FE
00000702
000006FE
000006FE
000006FE
000006FE
000006FE
000006FE
000006FE
000006FE
000006FE
000006FE
000006FE
000006FE
00000703
000006FE
000006FE
00000704
00000705
00000706
000006EF
000006F0
000006F0
000006F1
000006F2
000006EF
000006F3
000006F4
000006F5
000006F6
000006F7
000006F7
000006F8
000006F9
000006EF
000006EF
000006FA
000006EF
000006EF
000006FB
000006EF
000006FC
000006FD
000006EF
000006FE
000006FE
000006FF
00000700
00000701
000006FE
00000702
000006FE
000006FE
000006FE
000006FE
000006FE
000006FE
000006FE
000006FE
000006FE
000006FE
000006FE
000006FE
00000703
000006FE
000006FE
00000704
00000705
00000706
000006EF
000006F0
000006F0
000006F1
000006F2
000006EF
000006F3
000006F4
000006F5
000006F6
000006F7
000006F7
000006F8
000006F9
000006EF
000006EF
000006FA
000006EF
000006EF
000006FB
000006EF
000006FC
000006FD
000006EF
000006FE
000006FE
000006FF
00000700
00000701
000006FE
00000702
000006FE
000006FE
000006FE
000006FE
000006FE
000006FE
000006FE
000006FE
000006FE
000006FE
000006FE
000006FE
00000703
000006FE
000006FE
00000704
00000705
00000706
000006EF
000006F0
000006F0
000006F1
000006F2
000006EF
000006F3
000006F4
000006F5
000006F6
000006F7
000006F7
000006F8
000006F9
000006EF
000006EF
000006FA
000006EF
000006EF
000006FB
000006EF
000006FC
000006FD
000006EF
000006FE
000006FE
000006FF
00000700
00000701
000006FE
00000702
000006FE
000006FE
000006FE
000006FE
000006FE
000006FE
000006FE
000006FE
000006FE
000006FE
000006FE
000006FE
00000703
000006FE
000006FE
00000704
00000705
00000706
000006EF
000006F0
000006F0
000006F1
000006F2
000006EF
000006F3
000006F4
000006F5
000006F6
000006F7
000006F7
000006F8
000006F9
000006EF
000006EF
000006FA
000006EF
000006EF
000006FB
000006EF
000006FC
000006FD
000006EF
000006FE
000006FE
000006FF
00000700
00000701
000006FE
00000702
000006FE
000006FE
000006FE
000006FE
000006FE
000006FE
000006FE
000006FE
000006FE
000006FE
000006FE
000006FE
00000703
000006FE
000006FE
00000704
00000705
00000706
000006EF
000006F0
000006F0
000006F1
000006F2
000006EF
000006F3
000006F4
000006F5
000006F6
000006F7
000006F7
000006F8
000006F9
000006EF
000006EF
000006FA
000006EF
000006EF
000006FB
000006EF
000006FC
000006FD
000006EF
000006FE
000006FE
000006FF
00000700
00000701
000006FE
00000702
000006FE
000006FE
000006FE
000006FE
000006FE
000006FE
000006FE
000006FE
000006FE
000006FE
000006FE
000006FE
00000703
000006FE
000006FE
00000704
00000705
00000706
000006EF
000006F0
000006F0
000006F1
000006F2
000006EF
000006F3
000006F4
000006F5
000006F6
000006F7
000006F7
000006F8
000006F9
000006EF
000006EF
000006FA
000006EF
000006EF
000006FB
000006EF
000006FC
000006FD
000006EF
000006FE
000006FE
000006FF
00000700
00000701
000006FE
00000702
000006FE
000006FE
000006FE
000006FE
000006FE
000006FE
000006FE
000006FE
000006FE
000006FE
000006FE
000006FE
00000703
000006FE
000006FE
00000704
00000705
00000706
000006EF
000006F0
000006F0
000006F1
000006F2
000006EF
000006F3
000006F4
000006F5
000006F6
000006F7
000006F7
000006F8
000006F9
000006EF
000006EF
000006FA
000006EF
000006EF
000006FB
000006EF
000006FC
000006FD
000006EF
000006FE
000006FE
000006FF
00000700
00000701
000006FE
00000702
000006FE
000006FE
000006FE
000006FE
000006FE
000006FE
000006FE
000006FE
000006FE
000006FE
000006FE
000006FE
00000703
000006FE
000006FE
00000704
00000705
00000706
000006EF
000006F0
000006F0
000006F1
000006F2
000006EF
000006F3
000006F4
000006F5
000006F6
000006F7
000006F7
000006F8
000006F9
000006EF
000006EF
000006FA
000006EF
000006EF
000006FB
000006EF
000006FC
000006FD
000006EF
000006FE
000006FE
000006FF
00000700
00000701
000006FE
00000702
000006FE
000006FE
000006FE
000006FE
000006FE
000006FE
000006FE
000006FE
000006FE
000006FE
000006FE
000006FE
00000703
000006FE
000006FE
00000704
00000705
00000706
000006EF
000006F0
000006F0
000006F1
000006F2
000006EF
000006F3
000006F4
000006F5
000006F6
000006F7
000006F7
000006F8
000006F9
000006EF
000006EF
000006FA
000006EF
000006EF
000006FB
000006EF
000006FC
000006FD
000006EF
000006FE
000006FE
000006FF
00000700
00000701
000006FE
00000702
000006FE
000006FE
000006FE
000006FE
000006FE
000006FE
000006FE
000006FE
000006FE
000006FE
000006FE
000006FE
00000703
000006FE
000006FE
00000704
00000705
00000706
000006EF
000006F0
000006F0
000006F1
000006F2
000006EF
000006F3
000006F4
000006F5
000006F6
000006F7
000006F7
000006F8
000006F9
000006EF
000006EF
000006FA
000006EF
000006EF
000006FB
000006EF
000006FC
000006FD
000006EF
000006FE
000006FE
000006FF
00000700
00000701
000006FE
00000702
000006FE
000006FE
000006FE
000006FE
000006FE
000006FE
000006FE
000006FE
000006FE
000006FE
000006FE
000006FE
00000703
000006FE
000006FE
00000704
00000705
00000706
000006EF
000006F0
000006F0
000006F1
000006F2
000006EF
000006F3
000006F4
000006F5
000006F6
000006F7
000006F7
000006F8
000006F9
000006EF
000006EF
000006FA
000006EF
000006EF
000006FB
000006EF
000006FC
000006FD
000006EF
000006FE
000006FE
000006FF
00000700
00000701
000006FE
00000702
000006FE
000006FE
000006FE
000006FE
000006FE
000006FE
000006FE
000006FE
000006FE
000006FE
000006FE
000006FE
00000703
000006FE
000006FE
00000704
00000705
00000706
000006EF
000006F0
000006F0
000006F1
000006F2
000006EF
000006F3
000006F4
000006F5
000006F6
000006F7
000006F7
000006F8
000006F9
000006EF
000006EF
000006FA
000006EF
000006EF
000006FB
000006EF
000006FC
000006FD
000006EF
000006FE
000006FE
000006FF
00000700
00000701
000006FE
00000702
000006FE
000006FE
000006FE
000006FE
000006FE
000006FE
000006FE
000006FE
000006FE
000006FE
000006FE
000006FE
00000703
000006FE
000006FE
00000704
00000705
00000706
000006EF
000006F0
000006F0
000006F1
000006F2
000006EF
000006F3
000006F4
000006F5
000006F6
000006F7
000006F7
000006F8
000006F9
000006EF
000006EF
000006FA
000006EF
000006EF
000006FB
000006EF
000006FC
000006FD
000006EF
000006FE
000006FE
000006FF
00000700
00000701
000006FE
00000702
000006FE
000006FE
000006FE
000006FE
000006FE
000006FE
000006FE
000006FE
000006FE
000006FE
000006FE
000006FE
00000703
000006FE
000006FE
00000704
00000705
00000706
000006EF
000006F0
000006F0
000006F1
000006F2
000006EF
000006F3
000006F4
000006F5
000006F6
000006F7
000006F7
000006F8
000006F9
000006EF
000006EF
000006FA
000006EF
000006EF
000006FB
000006EF
000006FC
000006FD
000006EF
000006FE
000006FE
000006FF
00000700
00000701
000006FE
00000702
000006FE
000006FE
000006FE
000006FE
000006FE
000006FE
000006FE
000006FE
000006FE
000006FE
000006FE
000006FE
00000703
000006FE
000006FE
00000704
00000705
00000706
000006EF
000006F0
000006F0
000006F1
000006F2
000006EF
000006F3
000006F4
000006F5
000006F6
000006F7
000006F7
000006F8
000006F9
000006EF
000006EF
000006FA
000006EF
000006EF
000006FB
000006EF
000006FC
000006FD
000006EF
000006FE
000006FE
000006FF
00000700
00000701
000006FE
00000702
000006FE
000006FE
000006FE
000006FE
000006FE
000006FE
000006FE
000006FE
000006FE
000006FE
000006FE
000006FE
00000703
000006FE
000006FE
00000704
00000705
00000706
000006EF
000006F0
000006F0
000006F1
000006F2
000006EF
000006F3
000006F4
000006F5
000006F6
000006F7
000006F7
000006F8
000006F9
000006EF
000006EF
000006FA
000006EF
000006EF
000006FB
000006EF
000006FC
000006FD
000006EF
000006FE
000006FE
000006FF
00000700
00000701
000006FE
00000702
000006FE
000006FE
000006FE
000006FE
000006FE
000006FE
000006FE
000006FE
000006FE
000006FE
000006FE
000006FE
00000703
000006FE
000006FE
00000704
00000705
00000706
000006EF
000006F0
000006F0
000006F1
000006F2
000006EF
000006F3
000006F4
000006F5
000006F6
000006F7
000006F7
000006F8
000006F9
000006EF
000006EF
000006FA
000006EF
000006EF
000006FB
000006EF
000006FC
000006FD
000006EF
000006FE
000006FE
000006FF
00000700
00000701
000006FE
00000702
000006FE
000006FE
000006FE
000006FE
000006FE
000006FE
000006FE
000006FE
000006FE
000006FE
000006FE
000006FE
00000703
000006FE
000006FE
00000704
00000705
00000706
000006EF
000006F0
000006F0
000006F1
000006F2
000006EF
000006F3
000006F4
000006F5
000006F6
000006F7
000006F7
000006F8
000006F9
000006EF
000006EF
000006FA
000006EF
000006EF
000006FB
000006EF
000006FC
000006FD
000006EF
000006FE
000006FE
000006FF
00000700
00000701
000006FE
00000702
000006FE
000006FE
000006FE
000006FE
000006FE
000006FE
000006FE
000006FE
000006FE
000006FE
000006FE
000006FE
00000703
000006FE
000006FE
00000704
00000705
00000706
000006EF
000006F0
000006F0
000006F1
000006F2
000006EF
000006F3
000006F4
000006F5
000006F6
000006F7
000006F7
000006F8
000006F9
000006EF
000006EF
000006FA
000006EF
000006EF
000006FB
000006EF
000006FC
000006FD
000006EF
000006FE
000006FE
000006FF
00000700
00000701
000006FE
00000702
000006FE
000006FE
000006FE
000006FE
000006FE
000006FE
000006FE
000006FE
000006FE
000006FE
000006FE
000006FE
00000703
000006FE
000006FE
00000704
00000705
00000706
000006EF
000006F0
000006F0
000006F1
000006F2
000006EF
000006F3
000006F4
000006F5
000006F6
000006F7
000006F7
000006F8
000006F9
000006EF
000006EF
000006FA
000006EF
000006EF
000006FB
000006EF
000006FC
000006FD
000006EF
000006FE
000006FE
000006FF
00000700
00000701
000006FE
00000702
000006FE
000006FE
000006FE
000006FE
000006FE
000006FE
000006FE
000006FE
000006FE
000006FE
000006FE
000006FE
00000703
000006FE
000006FE
00000704
00000705
00000706
000006EF
000006F0
000006F0
000006F1
000006F2
000006EF
000006F3
000006F4
000006F5
000006F6
000006F7
000006F7
000006F8
000006F9
000006EF
000006EF
000006FA
000006EF
000006EF
000006FB
000006EF
000006FC
000006FD
000006EF
000006FE
000006FE
000006FF
00000700
00000701
000006FE
00000702
000006FE
000006FE
000006FE
000006FE
000006FE
000006FE
000006FE
000006FE
000006FE
000006FE
000006FE
000006FE
00000703
000006FE
000006FE
00000704
00000705
00000706
00000707
00000708
00000708
00000709
0000070A
00000707
0000070B
0000070C
0000070D
0000070E
0000070F
0000070F
00000710
00000707
00000707
00000707
00000711
00000707
00000707
00000712
00000707
00000707
00000713
00000707
00000714
00000714
00000715
00000716
00000717
00000718
00000719
00000714
00000714
00000714
00000714
00000714
00000714
00000714
00000714
00000714
00000714
00000714
00000714
0000071A
00000714
00000714
0000071B
0000071C
00000714
00000707
00000708
00000708
00000709
0000070A
00000707
0000070B
0000070C
0000070D
0000070E
0000070F
0000070F
00000710
00000707
00000707
00000707
00000711
00000707
00000707
00000712
00000707
00000707
00000713
00000707
00000714
00000714
00000715
00000716
00000717
00000718
00000719
00000714
00000714
00000714
00000714
00000714
00000714
00000714
00000714
00000714
00000714
00000714
00000714
0000071A
00000714
00000714
0000071B
0000071C
00000714
00000707
00000708
00000708
00000709
0000070A
00000707
0000070B
0000070C
0000070D
0000070E
0000070F
0000070F
00000710
00000707
00000707
00000707
00000711
00000707
00000707
00000712
00000707
00000707
00000713
00000707
00000714
00000714
00000715
00000716
00000717
00000718
00000719
00000714
00000714
00000714
00000714
00000714
00000714
00000714
00000714
00000714
00000714
00000714
00000714
0000071A
00000714
00000714
0000071B
0000071C
00000714
00000707
00000708
00000708
00000709
0000070A
00000707
0000070B
0000070C
0000070D
0000070E
0000070F
0000070F
00000710
00000707
00000707
00000707
00000711
00000707
00000707
00000712
00000707
00000707
00000713
00000707
00000714
00000714
00000715
00000716
00000717
00000718
00000719
00000714
00000714
00000714
00000714
00000714
00000714
00000714
00000714
00000714
00000714
00000714
00000714
0000071A
00000714
00000714
0000071B
0000071C
00000714
00000707
00000708
00000708
00000709
0000070A
00000707
0000070B
0000070C
0000070D
0000070E
0000070F
0000070F
00000710
00000707
00000707
00000707
00000711
00000707
00000707
00000712
00000707
00000707
00000713
00000707
00000714
00000714
00000715
00000716
00000717
00000718
00000719
00000714
00000714
00000714
00000714
00000714
00000714
00000714
00000714
00000714
00000714
00000714
00000714
0000071A
00000714
00000714
0000071B
0000071C
00000714
00000707
00000708
00000708
00000709
0000070A
00000707
0000070B
0000070C
0000070D
0000070E
0000070F
0000070F
00000710
00000707
00000707
00000707
00000711
00000707
00000707
00000712
00000707
00000707
00000713
00000707
00000714
00000714
00000715
00000716
00000717
00000718
00000719
00000714
00000714
00000714
00000714
00000714
00000714
00000714
00000714
00000714
00000714
00000714
00000714
0000071A
00000714
00000714
0000071B
0000071C
00000714
00000707
00000708
00000708
00000709
0000070A
00000707
0000070B
0000070C
0000070D
0000070E
0000070F
0000070F
00000710
00000707
00000707
00000707
00000711
00000707
00000707
00000712
00000707
00000707
00000713
00000707
00000714
00000714
00000715
00000716
00000717
00000718
00000719
00000714
00000714
00000714
00000714
00000714
00000714
00000714
00000714
00000714
00000714
00000714
00000714
0000071A
00000714
00000714
0000071B
0000071C
00000714
00000707
00000708
00000708
00000709
0000070A
00000707
0000070B
0000070C
0000070D
0000070E
0000070F
0000070F
00000710
00000707
00000707
00000707
00000711
00000707
00000707
00000712
00000707
00000707
00000713
00000707
00000714
00000714
00000715
00000716
00000717
00000718
00000719
00000714
00000714
00000714
00000714
00000714
00000714
00000714
00000714
00000714
00000714
00000714
00000714
0000071A
00000714
00000714
0000071B
0000071C
00000714
00000707
00000708
00000708
00000709
0000070A
00000707
0000070B
0000070C
0000070D
0000070E
0000070F
0000070F
00000710
00000707
00000707
00000707
00000711
00000707
00000707
00000712
00000707
00000707
00000713
00000707
00000714
00000714
00000715
00000716
00000717
00000718
00000719
00000714
00000714
00000714
00000714
00000714
00000714
00000714
00000714
00000714
00000714
00000714
00000714
0000071A
00000714
00000714
0000071B
0000071C
00000714
00000707
00000708
00000708
00000709
0000070A
00000707
0000070B
0000070C
0000070D
0000070E
0000070F
0000070F
00000710
00000707
00000707
00000707
00000711
00000707
00000707
00000712
00000707
00000707
00000713
00000707
00000714
00000714
00000715
00000716
00000717
00000718
00000719
00000714
00000714
00000714
00000714
00000714
00000714
00000714
00000714
00000714
00000714
00000714
00000714
0000071A
00000714
00000714
0000071B
0000071C
00000714
00000707
00000708
00000708
00000709
0000070A
00000707
0000070B
0000070C
0000070D
0000070E
0000070F
0000070F
00000710
00000707
00000707
00000707
00000711
00000707
00000707
00000712
00000707
00000707
00000713
00000707
00000714
00000714
00000715
00000716
00000717
00000718
00000719
00000714
00000714
00000714
00000714
00000714
00000714
00000714
00000714
00000714
00000714
00000714
00000714
0000071A
00000714
00000714
0000071B
0000071C
00000714
00000707
00000708
00000708
00000709
0000070A
00000707
0000070B
0000070C
0000070D
0000070E
0000070F
0000070F
00000710
00000707
00000707
00000707
00000711
00000707
00000707
00000712
00000707
00000707
00000713
00000707
00000714
00000714
00000715
00000716
00000717
00000718
00000719
00000714
00000714
00000714
00000714
00000714
00000714
00000714
00000714
00000714
00000714
00000714
00000714
0000071A
00000714
00000714
0000071B
0000071C
00000714
00000707
00000708
00000708
00000709
0000070A
00000707
0000070B
0000070C
0000070D
0000070E
0000070F
0000070F
00000710
00000707
00000707
00000707
00000711
00000707
00000707
00000712
00000707
00000707
00000713
00000707
00000714
00000714
00000715
00000716
00000717
00000718
00000719
00000714
00000714
00000714
00000714
00000714
00000714
00000714
00000714
00000714
00000714
00000714
00000714
0000071A
00000714
00000714
0000071B
0000071C
00000714
00000707
00000708
00000708
00000709
0000070A
00000707
0000070B
0000070C
0000070D
0000070E
0000070F
0000070F
00000710
00000707
00000707
00000707
00000711
00000707
00000707
00000712
00000707
00000707
00000713
00000707
00000714
00000714
00000715
00000716
00000717
00000718
00000719
00000714
00000714
00000714
00000714
00000714
00000714
00000714
00000714
00000714
00000714
00000714
00000714
0000071A
00000714
00000714
0000071B
0000071C
00000714
00000707
00000708
00000708
00000709
0000070A
00000707
0000070B
0000070C
0000070D
0000070E
0000070F
0000070F
00000710
00000707
00000707
00000707
00000711
00000707
00000707
00000712
00000707
00000707
00000713
00000707
00000714
00000714
00000715
00000716
00000717
00000718
00000719
00000714
00000714
00000714
00000714
00000714
00000714
00000714
00000714
00000714
00000714
00000714
00000714
0000071A
00000714
00000714
0000071B
0000071C
00000714
00000707
00000708
00000708
00000709
0000070A
00000707
0000070B
0000070C
0000070D
0000070E
0000070F
0000070F
00000710
00000707
00000707
00000707
00000711
00000707
00000707
00000712
00000707
00000707
00000713
00000707
00000714
00000714
00000715
00000716
00000717
00000718
00000719
00000714
00000714
00000714
00000714
00000714
00000714
00000714
00000714
00000714
00000714
00000714
00000714
0000071A
00000714
00000714
0000071B
0000071C
00000714
00000707
00000708
00000708
00000709
0000070A
00000707
0000070B
0000070C
0000070D
0000070E
0000070F
0000070F
00000710
00000707
00000707
00000707
00000711
00000707
00000707
00000712
00000707
00000707
00000713
00000707
00000714
00000714
00000715
00000716
00000717
00000718
00000719
00000714
00000714
00000714
00000714
00000714
00000714
00000714
00000714
00000714
00000714
00000714
00000714
0000071A
00000714
00000714
0000071B
0000071C
00000714
00000707
00000708
00000708
00000709
0000070A
00000707
0000070B
0000070C
0000070D
0000070E
0000070F
0000070F
00000710
00000707
00000707
00000707
00000711
00000707
00000707
00000712
00000707
00000707
00000713
00000707
00000714
00000714
00000715
00000716
00000717
00000718
00000719
00000714
00000714
00000714
00000714
00000714
00000714
00000714
00000714
00000714
00000714
00000714
00000714
0000071A
00000714
00000714
0000071B
0000071C
00000714
00000707
00000708
00000708
00000709
0000070A
00000707
0000070B
0000070C
0000070D
0000070E
0000070F
0000070F
00000710
00000707
00000707
00000707
00000711
00000707
00000707
00000712
00000707
00000707
00000713
00000707
00000714
00000714
00000715
00000716
00000717
00000718
00000719
00000714
00000714
00000714
00000714
00000714
00000714
00000714
00000714
00000714
00000714
00000714
00000714
0000071A
00000714
00000714
0000071B
0000071C
00000714
00000707
00000708
00000708
00000709
0000070A
00000707
0000070B
0000070C
0000070D
0000070E
0000070F
0000070F
00000710
00000707
00000707
00000707
00000711
00000707
00000707
00000712
00000707
00000707
00000713
00000707
00000714
00000714
00000715
00000716
00000717
00000718
00000719
00000714
00000714
00000714
00000714
00000714
00000714
00000714
00000714
00000714
00000714
00000714
00000714
0000071A
00000714
00000714
0000071B
0000071C
00000714
00000707
00000708
00000708
00000709
0000070A
00000707
0000070B
0000070C
0000070D
0000070E
0000070F
0000070F
00000710
00000707
00000707
00000707
00000711
00000707
00000707
00000712
00000707
00000707
00000713
00000707
00000714
00000714
00000715
00000716
00000717
00000718
00000719
00000714
00000714
00000714
00000714
00000714
00000714
00000714
00000714
00000714
00000714
00000714
00000714
0000071A
00000714
00000714
0000071B
0000071C
00000714
00000707
00000708
00000708
00000709
0000070A
00000707
0000070B
0000070C
0000070D
0000070E
0000070F
0000070F
00000710
00000707
00000707
00000707
00000711
00000707
00000707
00000712
00000707
00000707
00000713
00000707
00000714
00000714
00000715
00000716
00000717
00000718
00000719
00000714
00000714
00000714
00000714
00000714
00000714
00000714
00000714
00000714
00000714
00000714
00000714
0000071A
00000714
00000714
0000071B
0000071C
00000714
00000707
00000708
00000708
00000709
0000070A
00000707
0000070B
0000070C
0000070D
0000070E
0000070F
0000070F
00000710
00000707
00000707
00000707
00000711
00000707
00000707
00000712
00000707
00000707
00000713
00000707
00000714
00000714
00000715
00000716
00000717
00000718
00000719
00000714
00000714
00000714
00000714
00000714
00000714
00000714
00000714
00000714
00000714
00000714
00000714
0000071A
00000714
00000714
0000071B
0000071C
00000714
0000071D
0000071E
0000071E
0000071F
00000720
0000071D
00000721
00000722
00000723
00000724
00000725
00000725
00000726
0000071D
0000071D
0000071D
00000727
00000728
0000071D
00000729
0000072A
0000071D
0000072B
0000071D
0000072C
0000072C
0000072D
0000072E
0000072C
0000072C
0000072F
0000072C
0000072C
0000072C
0000072C
0000072C
0000072C
0000072C
0000072C
0000072C
0000072C
0000072C
0000072C
00000730
0000072C
0000072C
00000731
00000732
0000072C
0000071D
0000071E
0000071E
0000071F
00000720
0000071D
00000721
00000722
00000723
00000724
00000725
00000725
00000726
0000071D
0000071D
0000071D
00000727
00000728
0000071D
00000729
0000072A
0000071D
0000072B
0000071D
0000072C
0000072C
0000072D
0000072E
0000072C
0000072C
0000072F
0000072C
0000072C
0000072C
0000072C
0000072C
0000072C
0000072C
0000072C
0000072C
0000072C
0000072C
0000072C
00000730
0000072C
0000072C
00000731
00000732
0000072C
0000071D
0000071E
0000071E
0000071F
00000720
0000071D
00000721
00000722
00000723
00000724
00000725
00000725
00000726
0000071D
0000071D
0000071D
00000727
00000728
0000071D
00000729
0000072A
0000071D
0000072B
0000071D
0000072C
0000072C
0000072D
0000072E
0000072C
0000072C
0000072F
0000072C
0000072C
0000072C
0000072C
0000072C
0000072C
0000072C
0000072C
0000072C
0000072C
0000072C
0000072C
00000730
0000072C
0000072C
00000731
00000732
0000072C
0000071D
0000071E
0000071E
0000071F
00000720
0000071D
00000721
00000722
00000723
00000724
00000725
00000725
00000726
0000071D
0000071D
0000071D
00000727
00000728
0000071D
00000729
0000072A
0000071D
0000072B
0000071D
0000072C
0000072C
0000072D
0000072E
0000072C
0000072C
0000072F
0000072C
0000072C
0000072C
0000072C
0000072C
0000072C
0000072C
0000072C
0000072C
0000072C
0000072C
0000072C
00000730
0000072C
0000072C
00000731
00000732
0000072C
0000071D
0000071E
0000071E
0000071F
00000720
0000071D
00000721
00000722
00000723
00000724
00000725
00000725
00000726
0000071D
0000071D
0000071D
00000727
00000728
0000071D
00000729
0000072A
0000071D
0000072B
0000071D
0000072C
0000072C
0000072D
0000072E
0000072C
0000072C
0000072F
0000072C
0000072C
0000072C
0000072C
0000072C
0000072C
0000072C
0000072C
0000072C
0000072C
0000072C
0000072C
00000730
0000072C
0000072C
00000731
00000732
0000072C
0000071D
0000071E
0000071E
0000071F
00000720
0000071D
00000721
00000722
00000723
00000724
00000725
00000725
00000726
0000071D
0000071D
0000071D
00000727
00000728
0000071D
00000729
0000072A
0000071D
0000072B
0000071D
0000072C
0000072C
0000072D
0000072E
0000072C
0000072C
0000072F
0000072C
0000072C
0000072C
0000072C
0000072C
0000072C
0000072C
0000072C
0000072C
0000072C
0000072C
0000072C
00000730
0000072C
0000072C
00000731
00000732
0000072C
0000071D
0000071E
0000071E
0000071F
00000720
0000071D
00000721
00000722
00000723
00000724
00000725
00000725
00000726
0000071D
0000071D
0000071D
00000727
00000728
0000071D
00000729
0000072A
0000071D
0000072B
0000071D
0000072C
0000072C
0000072D
0000072E
0000072C
0000072C
0000072F
0000072C
0000072C
0000072C
0000072C
0000072C
0000072C
0000072C
0000072C
0000072C
0000072C
0000072C
0000072C
00000730
0000072C
0000072C
00000731
00000732
0000072C
0000071D
0000071E
0000071E
0000071F
00000720
0000071D
00000721
00000722
00000723
00000724
00000725
00000725
00000726
0000071D
0000071D
0000071D
00000727
00000728
0000071D
00000729
0000072A
0000071D
0000072B
0000071D
0000072C
0000072C
0000072D
0000072E
0000072C
0000072C
0000072F
0000072C
0000072C
0000072C
0000072C
0000072C
0000072C
0000072C
0000072C
0000072C
0000072C
0000072C
0000072C
00000730
0000072C
0000072C
00000731
00000732
0000072C
0000071D
0000071E
0000071E
0000071F
00000720
0000071D
00000721
00000722
00000723
00000724
00000725
00000725
00000726
0000071D
0000071D
0000071D
00000727
00000728
0000071D
00000729
0000072A
0000071D
0000072B
0000071D
0000072C
0000072C
0000072D
0000072E
0000072C
0000072C
0000072F
0000072C
0000072C
0000072C
0000072C
0000072C
0000072C
0000072C
0000072C
0000072C
0000072C
0000072C
0000072C
00000730
0000072C
0000072C
00000731
00000732
0000072C
0000071D
0000071E
0000071E
0000071F
00000720
0000071D
00000721
00000722
00000723
00000724
00000725
00000725
00000726
0000071D
0000071D
0000071D
00000727
00000728
0000071D
00000729
0000072A
0000071D
0000072B
0000071D
0000072C
0000072C
0000072D
0000072E
0000072C
0000072C
0000072F
0000072C
0000072C
0000072C
0000072C
0000072C
0000072C
0000072C
0000072C
0000072C
0000072C
0000072C
0000072C
00000730
0000072C
0000072C
00000731
00000732
0000072C
0000071D
0000071E
0000071E
0000071F
00000720
0000071D
00000721
00000722
00000723
00000724
00000725
00000725
00000726
0000071D
0000071D
0000071D
00000727
00000728
0000071D
00000729
0000072A
0000071D
0000072B
0000071D
0000072C
0000072C
0000072D
0000072E
0000072C
0000072C
0000072F
0000072C
0000072C
0000072C
0000072C
0000072C
0000072C
0000072C
0000072C
0000072C
0000072C
0000072C
0000072C
00000730
0000072C
0000072C
00000731
00000732
0000072C
0000071D
0000071E
0000071E
0000071F
00000720
0000071D
00000721
00000722
00000723
00000724
00000725
00000725
00000726
0000071D
0000071D
0000071D
00000727
00000728
0000071D
00000729
0000072A
0000071D
0000072B
0000071D
0000072C
0000072C
0000072D
0000072E
0000072C
0000072C
0000072F
0000072C
0000072C
0000072C
0000072C
0000072C
0000072C
0000072C
0000072C
0000072C
0000072C
0000072C
0000072C
00000730
0000072C
0000072C
00000731
00000732
0000072C
0000071D
0000071E
0000071E
0000071F
00000720
0000071D
00000721
00000722
00000723
00000724
00000725
00000725
00000726
0000071D
0000071D
0000071D
00000727
00000728
0000071D
00000729
0000072A
0000071D
0000072B
0000071D
0000072C
0000072C
0000072D
0000072E
0000072C
0000072C
0000072F
0000072C
0000072C
0000072C
0000072C
0000072C
0000072C
0000072C
0000072C
0000072C
0000072C
0000072C
0000072C
00000730
0000072C
0000072C
00000731
00000732
0000072C
0000071D
0000071E
0000071E
0000071F
00000720
0000071D
00000721
00000722
00000723
00000724
00000725
00000725
00000726
0000071D
0000071D
0000071D
00000727
00000728
0000071D
00000729
0000072A
0000071D
0000072B
0000071D
0000072C
0000072C
0000072D
0000072E
0000072C
0000072C
0000072F
0000072C
0000072C
0000072C
0000072C
0000072C
0000072C
0000072C
0000072C
0000072C
0000072C
0000072C
0000072C
00000730
0000072C
0000072C
00000731
00000732
0000072C
0000071D
0000071E
0000071E
0000071F
00000720
0000071D
00000721
00000722
00000723
00000724
00000725
00000725
00000726
0000071D
0000071D
0000071D
00000727
00000728
0000071D
00000729
0000072A
0000071D
0000072B
0000071D
0000072C
0000072C
0000072D
0000072E
0000072C
0000072C
0000072F
0000072C
0000072C
0000072C
0000072C
0000072C
0000072C
0000072C
0000072C
0000072C
0000072C
0000072C
0000072C
00000730
0000072C
0000072C
00000731
00000732
0000072C
0000071D
0000071E
0000071E
0000071F
00000720
0000071D
00000721
00000722
00000723
00000724
00000725
00000725
00000726
0000071D
0000071D
0000071D
00000727
00000728
0000071D
00000729
0000072A
0000071D
0000072B
0000071D
0000072C
0000072C
0000072D
0000072E
0000072C
0000072C
0000072F
0000072C
0000072C
0000072C
0000072C
0000072C
0000072C
0000072C
0000072C
0000072C
0000072C
0000072C
0000072C
00000730
0000072C
0000072C
00000731
00000732
0000072C
0000071D
0000071E
0000071E
0000071F
00000720
0000071D
00000721
00000722
00000723
00000724
00000725
00000725
00000726
0000071D
0000071D
0000071D
00000727
00000728
0000071D
00000729
0000072A
0000071D
0000072B
0000071D
0000072C
0000072C
0000072D
0000072E
0000072C
0000072C
0000072F
0000072C
0000072C
0000072C
0000072C
0000072C
0000072C
0000072C
0000072C
0000072C
0000072C
0000072C
0000072C
00000730
0000072C
0000072C
00000731
00000732
0000072C
0000071D
0000071E
0000071E
0000071F
00000720
0000071D
00000721
00000722
00000723
00000724
00000725
00000725
00000726
0000071D
0000071D
0000071D
00000727
00000728
0000071D
00000729
0000072A
0000071D
0000072B
0000071D
0000072C
0000072C
0000072D
0000072E
0000072C
0000072C
0000072F
0000072C
0000072C
0000072C
0000072C
0000072C
0000072C
0000072C
0000072C
0000072C
0000072C
0000072C
0000072C
00000730
0000072C
0000072C
00000731
00000732
0000072C
0000071D
0000071E
0000071E
0000071F
00000720
0000071D
00000721
00000722
00000723
00000724
00000725
00000725
00000726
0000071D
0000071D
0000071D
00000727
00000728
0000071D
00000729
0000072A
0000071D
0000072B
0000071D
0000072C
0000072C
0000072D
0000072E
0000072C
0000072C
0000072F
0000072C
0000072C
0000072C
0000072C
0000072C
0000072C
0000072C
0000072C
0000072C
0000072C
0000072C
0000072C
00000730
0000072C
0000072C
00000731
00000732
0000072C
0000071D
0000071E
0000071E
0000071F
00000720
0000071D
00000721
00000722
00000723
00000724
00000725
00000725
00000726
0000071D
0000071D
0000071D
00000727
00000728
0000071D
00000729
0000072A
0000071D
0000072B
0000071D
0000072C
0000072C
0000072D
0000072E
0000072C
0000072C
0000072F
0000072C
0000072C
0000072C
0000072C
0000072C
0000072C
0000072C
0000072C
0000072C
0000072C
0000072C
0000072C
00000730
0000072C
0000072C
00000731
00000732
0000072C
0000071D
0000071E
0000071E
0000071F
00000720
0000071D
00000721
00000722
00000723
00000724
00000725
00000725
00000726
0000071D
0000071D
0000071D
00000727
00000728
0000071D
00000729
0000072A
0000071D
0000072B
0000071D
0000072C
0000072C
0000072D
0000072E
0000072C
0000072C
0000072F
0000072C
0000072C
0000072C
0000072C
0000072C
0000072C
0000072C
0000072C
0000072C
0000072C
0000072C
0000072C
00000730
0000072C
0000072C
00000731
00000732
0000072C
0000071D
0000071E
0000071E
0000071F
00000720
0000071D
00000721
00000722
00000723
00000724
00000725
00000725
00000726
0000071D
0000071D
0000071D
00000727
00000728
0000071D
00000729
0000072A
0000071D
0000072B
0000071D
0000072C
0000072C
0000072D
0000072E
0000072C
0000072C
0000072F
0000072C
0000072C
0000072C
0000072C
0000072C
0000072C
0000072C
0000072C
0000072C
0000072C
0000072C
0000072C
00000730
0000072C
0000072C
00000731
00000732
0000072C
0000071D
0000071E
0000071E
0000071F
00000720
0000071D
00000721
00000722
00000723
00000724
00000725
00000725
00000726
0000071D
0000071D
0000071D
00000727
00000728
0000071D
00000729
0000072A
0000071D
0000072B
0000071D
0000072C
0000072C
0000072D
0000072E
0000072C
0000072C
0000072F
0000072C
0000072C
0000072C
0000072C
0000072C
0000072C
0000072C
0000072C
0000072C
0000072C
0000072C
0000072C
00000730
0000072C
0000072C
00000731
00000732
0000072C
00000733
00000734
00000734
00000735
00000736
00000733
00000737
00000738
00000739
0000073A
0000073B
0000073B
0000073C
00000733
00000733
00000733
0000073D
00000733
00000733
0000073E
00000733
00000733
0000073F
00000733
00000740
00000740
00000741
00000742
00000740
00000740
00000743
00000740
00000740
00000740
00000740
00000740
00000740
00000744
00000740
00000740
00000740
00000740
00000740
00000745
00000746
00000740
00000747
00000748
00000740
00000733
00000734
00000734
00000735
00000736
00000733
00000737
00000738
00000739
0000073A
0000073B
0000073B
0000073C
00000733
00000733
00000733
0000073D
00000733
00000733
0000073E
00000733
00000733
0000073F
00000733
00000740
00000740
00000741
00000742
00000740
00000740
00000743
00000740
00000740
00000740
00000740
00000740
00000740
00000744
00000740
00000740
00000740
00000740
00000740
00000745
00000746
00000740
00000747
00000748
00000740
00000733
00000734
00000734
00000735
00000736
00000733
00000737
00000738
00000739
0000073A
0000073B
0000073B
0000073C
00000733
00000733
00000733
0000073D
00000733
00000733
0000073E
00000733
00000733
0000073F
00000733
00000740
00000740
00000741
00000742
00000740
00000740
00000743
00000740
00000740
00000740
00000740
00000740
00000740
00000744
00000740
00000740
00000740
00000740
00000740
00000745
00000746
00000740
00000747
00000748
00000740
00000733
00000734
00000734
00000735
00000736
00000733
00000737
00000738
00000739
0000073A
0000073B
0000073B
0000073C
00000733
00000733
00000733
0000073D
00000733
00000733
0000073E
00000733
00000733
0000073F
00000733
00000740
00000740
00000741
00000742
00000740
00000740
00000743
00000740
00000740
00000740
00000740
00000740
00000740
00000744
00000740
00000740
00000740
00000740
00000740
00000745
00000746
00000740
00000747
00000748
00000740
00000733
00000734
00000734
00000735
00000736
00000733
00000737
00000738
00000739
0000073A
0000073B
0000073B
0000073C
00000733
00000733
00000733
0000073D
00000733
00000733
0000073E
00000733
00000733
0000073F
00000733
00000740
00000740
00000741
00000742
00000740
00000740
00000743
00000740
00000740
00000740
00000740
00000740
00000740
00000744
00000740
00000740
00000740
00000740
00000740
00000745
00000746
00000740
00000747
00000748
00000740
00000733
00000734
00000734
00000735
00000736
00000733
00000737
00000738
00000739
0000073A
0000073B
0000073B
0000073C
00000733
00000733
00000733
0000073D
00000733
00000733
0000073E
00000733
00000733
0000073F
00000733
00000740
00000740
00000741
00000742
00000740
00000740
00000743
00000740
00000740
00000740
00000740
00000740
00000740
00000744
00000740
00000740
00000740
00000740
00000740
00000745
00000746
00000740
00000747
00000748
00000740
00000733
00000734
00000734
00000735
00000736
00000733
00000737
00000738
00000739
0000073A
0000073B
0000073B
0000073C
00000733
00000733
00000733
0000073D
00000733
00000733
0000073E
00000733
00000733
0000073F
00000733
00000740
00000740
00000741
00000742
00000740
00000740
00000743
00000740
00000740
00000740
00000740
00000740
00000740
00000744
00000740
00000740
00000740
00000740
00000740
00000745
00000746
00000740
00000747
00000748
00000740
00000733
00000734
00000734
00000735
00000736
00000733
00000737
00000738
00000739
0000073A
0000073B
0000073B
0000073C
00000733
00000733
00000733
0000073D
00000733
00000733
0000073E
00000733
00000733
0000073F
00000733
00000740
00000740
00000741
00000742
00000740
00000740
00000743
00000740
00000740
00000740
00000740
00000740
00000740
00000744
00000740
00000740
00000740
00000740
00000740
00000745
00000746
00000740
00000747
00000748
00000740
00000733
00000734
00000734
00000735
00000736
00000733
00000737
00000738
00000739
0000073A
0000073B
0000073B
0000073C
00000733
00000733
00000733
0000073D
00000733
00000733
0000073E
00000733
00000733
0000073F
00000733
00000740
00000740
00000741
00000742
00000740
00000740
00000743
00000740
00000740
00000740
00000740
00000740
00000740
00000744
00000740
00000740
00000740
00000740
00000740
00000745
00000746
00000740
00000747
00000748
00000740
00000733
00000734
00000734
00000735
00000736
00000733
00000737
00000738
00000739
0000073A
0000073B
0000073B
0000073C
00000733
00000733
00000733
0000073D
00000733
00000733
0000073E
00000733
00000733
0000073F
00000733
00000740
00000740
00000741
00000742
00000740
00000740
00000743
00000740
00000740
00000740
00000740
00000740
00000740
00000744
00000740
00000740
00000740
00000740
00000740
00000745
00000746
00000740
00000747
00000748
00000740
00000733
00000734
00000734
00000735
00000736
00000733
00000737
00000738
00000739
0000073A
0000073B
0000073B
0000073C
00000733
00000733
00000733
0000073D
00000733
00000733
0000073E
00000733
00000733
0000073F
00000733
00000740
00000740
00000741
00000742
00000740
00000740
00000743
00000740
00000740
00000740
00000740
00000740
00000740
00000744
00000740
00000740
00000740
00000740
00000740
00000745
00000746
00000740
00000747
00000748
00000740
00000733
00000734
00000734
00000735
00000736
00000733
00000737
00000738
00000739
0000073A
0000073B
0000073B
0000073C
00000733
00000733
00000733
0000073D
00000733
00000733
0000073E
00000733
00000733
0000073F
00000733
00000740
00000740
00000741
00000742
00000740
00000740
00000743
00000740
00000740
00000740
00000740
00000740
00000740
00000744
00000740
00000740
00000740
00000740
00000740
00000745
00000746
00000740
00000747
00000748
00000740
00000733
00000734
00000734
00000735
00000736
00000733
00000737
00000738
00000739
0000073A
0000073B
0000073B
0000073C
00000733
00000733
00000733
0000073D
00000733
00000733
0000073E
00000733
00000733
0000073F
00000733
00000740
00000740
00000741
00000742
00000740
00000740
00000743
00000740
00000740
00000740
00000740
00000740
00000740
00000744
00000740
00000740
00000740
00000740
00000740
00000745
00000746
00000740
00000747
00000748
00000740
00000733
00000734
00000734
00000735
00000736
00000733
00000737
00000738
00000739
0000073A
0000073B
0000073B
0000073C
00000733
00000733
00000733
0000073D
00000733
00000733
0000073E
00000733
00000733
0000073F
00000733
00000740
00000740
00000741
00000742
00000740
00000740
00000743
00000740
00000740
00000740
00000740
00000740
00000740
00000744
00000740
00000740
00000740
00000740
00000740
00000745
00000746
00000740
00000747
00000748
00000740
00000733
00000734
00000734
00000735
00000736
00000733
00000737
00000738
00000739
0000073A
0000073B
0000073B
0000073C
00000733
00000733
00000733
0000073D
00000733
00000733
0000073E
00000733
00000733
0000073F
00000733
00000740
00000740
00000741
00000742
00000740
00000740
00000743
00000740
00000740
00000740
00000740
00000740
00000740
00000744
00000740
00000740
00000740
00000740
00000740
00000745
00000746
00000740
00000747
00000748
00000740
00000733
00000734
00000734
00000735
00000736
00000733
00000737
00000738
00000739
0000073A
0000073B
0000073B
0000073C
00000733
00000733
00000733
0000073D
00000733
00000733
0000073E
00000733
00000733
0000073F
00000733
00000740
00000740
00000741
00000742
00000740
00000740
00000743
00000740
00000740
00000740
00000740
00000740
00000740
00000744
00000740
00000740
00000740
00000740
00000740
00000745
00000746
00000740
00000747
00000748
00000740
00000733
00000734
00000734
00000735
00000736
00000733
00000737
00000738
00000739
0000073A
0000073B
0000073B
0000073C
00000733
00000733
00000733
0000073D
00000733
00000733
0000073E
00000733
00000733
0000073F
00000733
00000740
00000740
00000741
00000742
00000740
00000740
00000743
00000740
00000740
00000740
00000740
00000740
00000740
00000744
00000740
00000740
00000740
00000740
00000740
00000745
00000746
00000740
00000747
00000748
00000740
00000733
00000734
00000734
00000735
00000736
00000733
00000737
00000738
00000739
0000073A
0000073B
0000073B
0000073C
00000733
00000733
00000733
0000073D
00000733
00000733
0000073E
00000733
00000733
0000073F
00000733
00000740
00000740
00000741
00000742
00000740
00000740
00000743
00000740
00000740
00000740
00000740
00000740
00000740
00000744
00000740
00000740
00000740
00000740
00000740
00000745
00000746
00000740
00000747
00000748
00000740
00000733
00000734
00000734
00000735
00000736
00000733
00000737
00000738
00000739
0000073A
0000073B
0000073B
0000073C
00000733
00000733
00000733
0000073D
00000733
00000733
0000073E
00000733
00000733
0000073F
00000733
00000740
00000740
00000741
00000742
00000740
00000740
00000743
00000740
00000740
00000740
00000740
00000740
00000740
00000744
00000740
00000740
00000740
00000740
00000740
00000745
00000746
00000740
00000747
00000748
00000740
00000733
00000734
00000734
00000735
00000736
00000733
00000737
00000738
00000739
0000073A
0000073B
0000073B
0000073C
00000733
00000733
00000733
0000073D
00000733
00000733
0000073E
00000733
00000733
0000073F
00000733
00000740
00000740
00000741
00000742
00000740
00000740
00000743
00000740
00000740
00000740
00000740
00000740
00000740
00000744
00000740
00000740
00000740
00000740
00000740
00000745
00000746
00000740
00000747
00000748
00000740
00000733
00000734
00000734
00000735
00000736
00000733
00000737
00000738
00000739
0000073A
0000073B
0000073B
0000073C
00000733
00000733
00000733
0000073D
00000733
00000733
0000073E
00000733
00000733
0000073F
00000733
00000740
00000740
00000741
00000742
00000740
00000740
00000743
00000740
00000740
00000740
00000740
00000740
00000740
00000744
00000740
00000740
00000740
00000740
00000740
00000745
00000746
00000740
00000747
00000748
00000740
00000733
00000734
00000734
00000735
00000736
00000733
00000737
00000738
00000739
0000073A
0000073B
0000073B
0000073C
00000733
00000733
00000733
0000073D
00000733
00000733
0000073E
00000733
00000733
0000073F
00000733
00000740
00000740
00000741
00000742
00000740
00000740
00000743
00000740
00000740
00000740
00000740
00000740
00000740
00000744
00000740
00000740
00000740
00000740
00000740
00000745
00000746
00000740
00000747
00000748
00000740
00000733
00000734
00000734
00000735
00000736
00000733
00000737
00000738
00000739
0000073A
0000073B
0000073B
0000073C
00000733
00000733
00000733
0000073D
00000733
00000733
0000073E
00000733
00000733
0000073F
00000733
00000740
00000740
00000741
00000742
00000740
00000740
00000743
00000740
00000740
00000740
00000740
00000740
00000740
00000744
00000740
00000740
00000740
00000740
00000740
00000745
00000746
00000740
00000747
00000748
00000740
00000749
0000074A
0000074A
0000074B
0000074C
00000749
0000074D
0000074E
0000074F
00000750
00000751
00000751
00000752
00000749
00000749
00000749
00000753
00000754
00000749
00000755
00000756
00000757
00000758
00000749
00000759
00000759
0000075A
0000075B
00000759
00000759
0000075C
00000759
00000759
0000075D
0000075D
00000759
00000759
00000759
00000759
00000759
0000075E
00000759
00000759
0000075F
00000759
00000759
00000760
00000761
00000759
00000749
0000074A
0000074A
0000074B
0000074C
00000749
0000074D
0000074E
0000074F
00000750
00000751
00000751
00000752
00000749
00000749
00000749
00000753
00000754
00000749
00000755
00000756
00000757
00000758
00000749
00000759
00000759
0000075A
0000075B
00000759
00000759
0000075C
00000759
00000759
0000075D
0000075D
00000759
00000759
00000759
00000759
00000759
0000075E
00000759
00000759
0000075F
00000759
00000759
00000760
00000761
00000759
00000749
0000074A
0000074A
0000074B
0000074C
00000749
0000074D
0000074E
0000074F
00000750
00000751
00000751
00000752
00000749
00000749
00000749
00000753
00000754
00000749
00000755
00000756
00000757
00000758
00000749
00000759
00000759
0000075A
0000075B
00000759
00000759
0000075C
00000759
00000759
0000075D
0000075D
00000759
00000759
00000759
00000759
00000759
0000075E
00000759
00000759
0000075F
00000759
00000759
00000760
00000761
00000759
00000749
0000074A
0000074A
0000074B
0000074C
00000749
0000074D
0000074E
0000074F
00000750
00000751
00000751
00000752
00000749
00000749
00000749
00000753
00000754
00000749
00000755
00000756
00000757
00000758
00000749
00000759
00000759
0000075A
0000075B
00000759
00000759
0000075C
00000759
00000759
0000075D
0000075D
00000759
00000759
00000759
00000759
00000759
0000075E
00000759
00000759
0000075F
00000759
00000759
00000760
00000761
00000759
00000749
0000074A
0000074A
0000074B
0000074C
00000749
0000074D
0000074E
0000074F
00000750
00000751
00000751
00000752
00000749
00000749
00000749
00000753
00000754
00000749
00000755
00000756
00000757
00000758
00000749
00000759
00000759
0000075A
0000075B
00000759
00000759
0000075C
00000759
00000759
0000075D
0000075D
00000759
00000759
00000759
00000759
00000759
0000075E
00000759
00000759
0000075F
00000759
00000759
00000760
00000761
00000759
00000749
0000074A
0000074A
0000074B
0000074C
00000749
0000074D
0000074E
0000074F
00000750
00000751
00000751
00000752
00000749
00000749
00000749
00000753
00000754
00000749
00000755
00000756
00000757
00000758
00000749
00000759
00000759
0000075A
0000075B
00000759
00000759
0000075C
00000759
00000759
0000075D
0000075D
00000759
00000759
00000759
00000759
00000759
0000075E
00000759
00000759
0000075F
00000759
00000759
00000760
00000761
00000759
00000749
0000074A
0000074A
0000074B
0000074C
00000749
0000074D
0000074E
0000074F
00000750
00000751
00000751
00000752
00000749
00000749
00000749
00000753
00000754
00000749
00000755
00000756
00000757
00000758
00000749
00000759
00000759
0000075A
0000075B
00000759
00000759
0000075C
00000759
00000759
0000075D
0000075D
00000759
00000759
00000759
00000759
00000759
0000075E
00000759
00000759
0000075F
00000759
00000759
00000760
00000761
00000759
00000749
0000074A
0000074A
0000074B
0000074C
00000749
0000074D
0000074E
0000074F
00000750
00000751
00000751
00000752
00000749
00000749
00000749
00000753
00000754
00000749
00000755
00000756
00000757
00000758
00000749
00000759
00000759
0000075A
0000075B
00000759
00000759
0000075C
00000759
00000759
0000075D
0000075D
00000759
00000759
00000759
00000759
00000759
0000075E
00000759
00000759
0000075F
00000759
00000759
00000760
00000761
00000759
00000749
0000074A
0000074A
0000074B
0000074C
00000749
0000074D
0000074E
0000074F
00000750
00000751
00000751
00000752
00000749
00000749
00000749
00000753
00000754
00000749
00000755
00000756
00000757
00000758
00000749
00000759
00000759
0000075A
0000075B
00000759
00000759
0000075C
00000759
00000759
0000075D
0000075D
00000759
00000759
00000759
00000759
00000759
0000075E
00000759
00000759
0000075F
00000759
00000759
00000760
00000761
00000759
00000749
0000074A
0000074A
0000074B
0000074C
00000749
0000074D
0000074E
0000074F
00000750
00000751
00000751
00000752
00000749
00000749
00000749
00000753
00000754
00000749
00000755
00000756
00000757
00000758
00000749
00000759
00000759
0000075A
0000075B
00000759
00000759
0000075C
00000759
00000759
0000075D
0000075D
00000759
00000759
00000759
00000759
00000759
0000075E
00000759
00000759
0000075F
00000759
00000759
00000760
00000761
00000759
00000749
0000074A
0000074A
0000074B
0000074C
00000749
0000074D
0000074E
0000074F
00000750
00000751
00000751
00000752
00000749
00000749
00000749
00000753
00000754
00000749
00000755
00000756
00000757
00000758
00000749
00000759
00000759
0000075A
0000075B
00000759
00000759
0000075C
00000759
00000759
0000075D
0000075D
00000759
00000759
00000759
00000759
00000759
0000075E
00000759
00000759
0000075F
00000759
00000759
00000760
00000761
00000759
00000749
0000074A
0000074A
0000074B
0000074C
00000749
0000074D
0000074E
0000074F
00000750
00000751
00000751
00000752
00000749
00000749
00000749
00000753
00000754
00000749
00000755
00000756
00000757
00000758
00000749
00000759
00000759
0000075A
0000075B
00000759
00000759
0000075C
00000759
00000759
0000075D
0000075D
00000759
00000759
00000759
00000759
00000759
0000075E
00000759
00000759
0000075F
00000759
00000759
00000760
00000761
00000759
00000749
0000074A
0000074A
0000074B
0000074C
00000749
0000074D
0000074E
0000074F
00000750
00000751
00000751
00000752
00000749
00000749
00000749
00000753
00000754
00000749
00000755
00000756
00000757
00000758
00000749
00000759
00000759
0000075A
0000075B
00000759
00000759
0000075C
00000759
00000759
0000075D
0000075D
00000759
00000759
00000759
00000759
00000759
0000075E
00000759
00000759
0000075F
00000759
00000759
00000760
00000761
00000759
00000749
0000074A
0000074A
0000074B
0000074C
00000749
0000074D
0000074E
0000074F
00000750
00000751
00000751
00000752
00000749
00000749
00000749
00000753
00000754
00000749
00000755
00000756
00000757
00000758
00000749
00000759
00000759
0000075A
0000075B
00000759
00000759
0000075C
00000759
00000759
0000075D
0000075D
00000759
00000759
00000759
00000759
00000759
0000075E
00000759
00000759
0000075F
00000759
00000759
00000760
00000761
00000759
00000749
0000074A
0000074A
0000074B
0000074C
00000749
0000074D
0000074E
0000074F
00000750
00000751
00000751
00000752
00000749
00000749
00000749
00000753
00000754
00000749
00000755
00000756
00000757
00000758
00000749
00000759
00000759
0000075A
0000075B
00000759
00000759
0000075C
00000759
00000759
0000075D
0000075D
00000759
00000759
00000759
00000759
00000759
0000075E
00000759
00000759
0000075F
00000759
00000759
00000760
00000761
00000759
00000749
0000074A
0000074A
0000074B
0000074C
00000749
0000074D
0000074E
0000074F
00000750
00000751
00000751
00000752
00000749
00000749
00000749
00000753
00000754
00000749
00000755
00000756
00000757
00000758
00000749
00000759
00000759
0000075A
0000075B
00000759
00000759
0000075C
00000759
00000759
0000075D
0000075D
00000759
00000759
00000759
00000759
00000759
0000075E
00000759
00000759
0000075F
00000759
00000759
00000760
00000761
00000759
00000749
0000074A
0000074A
0000074B
0000074C
00000749
0000074D
0000074E
0000074F
00000750
00000751
00000751
00000752
00000749
00000749
00000749
00000753
00000754
00000749
00000755
00000756
00000757
00000758
00000749
00000759
00000759
0000075A
0000075B
00000759
00000759
0000075C
00000759
00000759
0000075D
0000075D
00000759
00000759
00000759
00000759
00000759
0000075E
00000759
00000759
0000075F
00000759
00000759
00000760
00000761
00000759
00000749
0000074A
0000074A
0000074B
0000074C
00000749
0000074D
0000074E
0000074F
00000750
00000751
00000751
00000752
00000749
00000749
00000749
00000753
00000754
00000749
00000755
00000756
00000757
00000758
00000749
00000759
00000759
0000075A
0000075B
00000759
00000759
0000075C
00000759
00000759
0000075D
0000075D
00000759
00000759
00000759
00000759
00000759
0000075E
00000759
00000759
0000075F
00000759
00000759
00000760
00000761
00000759
00000749
0000074A
0000074A
0000074B
0000074C
00000749
0000074D
0000074E
0000074F
00000750
00000751
00000751
00000752
00000749
00000749
00000749
00000753
00000754
00000749
00000755
00000756
00000757
00000758
00000749
00000759
00000759
0000075A
0000075B
00000759
00000759
0000075C
00000759
00000759
0000075D
0000075D
00000759
00000759
00000759
00000759
00000759
0000075E
00000759
00000759
0000075F
00000759
00000759
00000760
00000761
00000759
00000749
0000074A
0000074A
0000074B
0000074C
00000749
0000074D
0000074E
0000074F
00000750
00000751
00000751
00000752
00000749
00000749
00000749
00000753
00000754
00000749
00000755
00000756
00000757
00000758
00000749
00000759
00000759
0000075A
0000075B
00000759
00000759
0000075C
00000759
00000759
0000075D
0000075D
00000759
00000759
00000759
00000759
00000759
0000075E
00000759
00000759
0000075F
00000759
00000759
00000760
00000761
00000759
00000749
0000074A
0000074A
0000074B
0000074C
00000749
0000074D
0000074E
0000074F
00000750
00000751
00000751
00000752
00000749
00000749
00000749
00000753
00000754
00000749
00000755
00000756
00000757
00000758
00000749
00000759
00000759
0000075A
0000075B
00000759
00000759
0000075C
00000759
00000759
0000075D
0000075D
00000759
00000759
00000759
00000759
00000759
0000075E
00000759
00000759
0000075F
00000759
00000759
00000760
00000761
00000759
00000749
0000074A
0000074A
0000074B
0000074C
00000749
0000074D
0000074E
0000074F
00000750
00000751
00000751
00000752
00000749
00000749
00000749
00000753
00000754
00000749
00000755
00000756
00000757
00000758
00000749
00000759
00000759
0000075A
0000075B
00000759
00000759
0000075C
00000759
00000759
0000075D
0000075D
00000759
00000759
00000759
00000759
00000759
0000075E
00000759
00000759
0000075F
00000759
00000759
00000760
00000761
00000759
00000749
0000074A
0000074A
0000074B
0000074C
00000749
0000074D
0000074E
0000074F
00000750
00000751
00000751
00000752
00000749
00000749
00000749
00000753
00000754
00000749
00000755
00000756
00000757
00000758
00000749
00000759
00000759
0000075A
0000075B
00000759
00000759
0000075C
00000759
00000759
0000075D
0000075D
00000759
00000759
00000759
00000759
00000759
0000075E
00000759
00000759
0000075F
00000759
00000759
00000760
00000761
00000759
00000762
00000763
00000763
00000764
00000765
00000762
00000766
00000767
00000768
00000769
0000076A
0000076A
0000076B
00000762
00000762
00000762
0000076C
00000762
00000762
0000076D
00000762
00000762
0000076E
0000076F
00000770
00000770
00000771
00000772
00000770
00000770
00000773
00000770
00000770
00000770
00000770
00000770
00000770
00000770
00000770
00000770
00000770
00000770
00000770
00000774
00000770
00000770
00000775
00000776
00000770
00000762
00000763
00000763
00000764
00000765
00000762
00000766
00000767
00000768
00000769
0000076A
0000076A
0000076B
00000762
00000762
00000762
0000076C
00000762
00000762
0000076D
00000762
00000762
0000076E
0000076F
00000770
00000770
00000771
00000772
00000770
00000770
00000773
00000770
00000770
00000770
00000770
00000770
00000770
00000770
00000770
00000770
00000770
00000770
00000770
00000774
00000770
00000770
00000775
00000776
00000770
00000762
00000763
00000763
00000764
00000765
00000762
00000766
00000767
00000768
00000769
0000076A
0000076A
0000076B
00000762
00000762
00000762
0000076C
00000762
00000762
0000076D
00000762
00000762
0000076E
0000076F
00000770
00000770
00000771
00000772
00000770
00000770
00000773
00000770
00000770
00000770
00000770
00000770
00000770
00000770
00000770
00000770
00000770
00000770
00000770
00000774
00000770
00000770
00000775
00000776
00000770
00000762
00000763
00000763
00000764
00000765
00000762
00000766
00000767
00000768
00000769
0000076A
0000076A
0000076B
00000762
00000762
00000762
0000076C
00000762
00000762
0000076D
00000762
00000762
0000076E
0000076F
00000770
00000770
00000771
00000772
00000770
00000770
00000773
00000770
00000770
00000770
00000770
00000770
00000770
00000770
00000770
00000770
00000770
00000770
00000770
00000774
00000770
00000770
00000775
00000776
00000770
00000762
00000763
00000763
00000764
00000765
00000762
00000766
00000767
00000768
00000769
0000076A
0000076A
0000076B
00000762
00000762
00000762
0000076C
00000762
00000762
0000076D
00000762
00000762
0000076E
0000076F
00000770
00000770
00000771
00000772
00000770
00000770
00000773
00000770
00000770
00000770
00000770
00000770
00000770
00000770
00000770
00000770
00000770
00000770
00000770
00000774
00000770
00000770
00000775
00000776
00000770
00000762
00000763
00000763
00000764
00000765
00000762
00000766
00000767
00000768
00000769
0000076A
0000076A
0000076B
00000762
00000762
00000762
0000076C
00000762
00000762
0000076D
00000762
00000762
0000076E
0000076F
00000770
00000770
00000771
00000772
00000770
00000770
00000773
00000770
00000770
00000770
00000770
00000770
00000770
00000770
00000770
00000770
00000770
00000770
00000770
00000774
00000770
00000770
00000775
00000776
00000770
00000762
00000763
00000763
00000764
00000765
00000762
00000766
00000767
00000768
00000769
0000076A
0000076A
0000076B
00000762
00000762
00000762
0000076C
00000762
00000762
0000076D
00000762
00000762
0000076E
0000076F
00000770
00000770
00000771
00000772
00000770
00000770
00000773
00000770
00000770
00000770
00000770
00000770
00000770
00000770
00000770
00000770
00000770
00000770
00000770
00000774
00000770
00000770
00000775
00000776
00000770
00000762
00000763
00000763
00000764
00000765
00000762
00000766
00000767
00000768
00000769
0000076A
0000076A
0000076B
00000762
00000762
00000762
0000076C
00000762
00000762
0000076D
00000762
00000762
0000076E
0000076F
00000770
00000770
00000771
00000772
00000770
00000770
00000773
00000770
00000770
00000770
00000770
00000770
00000770
00000770
00000770
00000770
00000770
00000770
00000770
00000774
00000770
00000770
00000775
00000776
00000770
00000762
00000763
00000763
00000764
00000765
00000762
00000766
00000767
00000768
00000769
0000076A
0000076A
0000076B
00000762
00000762
00000762
0000076C
00000762
00000762
0000076D
00000762
00000762
0000076E
0000076F
00000770
00000770
00000771
00000772
00000770
00000770
00000773
00000770
00000770
00000770
00000770
00000770
00000770
00000770
00000770
00000770
00000770
00000770
00000770
00000774
00000770
00000770
00000775
00000776
00000770
00000762
00000763
00000763
00000764
00000765
00000762
00000766
00000767
00000768
00000769
0000076A
0000076A
0000076B
00000762
00000762
00000762
0000076C
00000762
00000762
0000076D
00000762
00000762
0000076E
0000076F
00000770
00000770
00000771
00000772
00000770
00000770
00000773
00000770
00000770
00000770
00000770
00000770
00000770
00000770
00000770
00000770
00000770
00000770
00000770
00000774
00000770
00000770
00000775
00000776
00000770
00000762
00000763
00000763
00000764
00000765
00000762
00000766
00000767
00000768
00000769
0000076A
0000076A
0000076B
00000762
00000762
00000762
0000076C
00000762
00000762
0000076D
00000762
00000762
0000076E
0000076F
00000770
00000770
00000771
00000772
00000770
00000770
00000773
00000770
00000770
00000770
00000770
00000770
00000770
00000770
00000770
00000770
00000770
00000770
00000770
00000774
00000770
00000770
00000775
00000776
00000770
00000762
00000763
00000763
00000764
00000765
00000762
00000766
00000767
00000768
00000769
0000076A
0000076A
0000076B
00000762
00000762
00000762
0000076C
00000762
00000762
0000076D
00000762
00000762
0000076E
0000076F
00000770
00000770
00000771
00000772
00000770
00000770
00000773
00000770
00000770
00000770
00000770
00000770
00000770
00000770
00000770
00000770
00000770
00000770
00000770
00000774
00000770
00000770
00000775
00000776
00000770
00000762
00000763
00000763
00000764
00000765
00000762
00000766
00000767
00000768
00000769
0000076A
0000076A
0000076B
00000762
00000762
00000762
0000076C
00000762
00000762
0000076D
00000762
00000762
0000076E
0000076F
00000770
00000770
00000771
00000772
00000770
00000770
00000773
00000770
00000770
00000770
00000770
00000770
00000770
00000770
00000770
00000770
00000770
00000770
00000770
00000774
00000770
00000770
00000775
00000776
00000770
00000762
00000763
00000763
00000764
00000765
00000762
00000766
00000767
00000768
00000769
0000076A
0000076A
0000076B
00000762
00000762
00000762
0000076C
00000762
00000762
0000076D
00000762
00000762
0000076E
0000076F
00000770
00000770
00000771
00000772
00000770
00000770
00000773
00000770
00000770
00000770
00000770
00000770
00000770
00000770
00000770
00000770
00000770
00000770
00000770
00000774
00000770
00000770
00000775
00000776
00000770
00000762
00000763
00000763
00000764
00000765
00000762
00000766
00000767
00000768
00000769
0000076A
0000076A
0000076B
00000762
00000762
00000762
0000076C
00000762
00000762
0000076D
00000762
00000762
0000076E
0000076F
00000770
00000770
00000771
00000772
00000770
00000770
00000773
00000770
00000770
00000770
00000770
00000770
00000770
00000770
00000770
00000770
00000770
00000770
00000770
00000774
00000770
00000770
00000775
00000776
00000770
00000762
00000763
00000763
00000764
00000765
00000762
00000766
00000767
00000768
00000769
0000076A
0000076A
0000076B
00000762
00000762
00000762
0000076C
00000762
00000762
0000076D
00000762
00000762
0000076E
0000076F
00000770
00000770
00000771
00000772
00000770
00000770
00000773
00000770
00000770
00000770
00000770
00000770
00000770
00000770
00000770
00000770
00000770
00000770
00000770
00000774
00000770
00000770
00000775
00000776
00000770
00000762
00000763
00000763
00000764
00000765
00000762
00000766
00000767
00000768
00000769
0000076A
0000076A
0000076B
00000762
00000762
00000762
0000076C
00000762
00000762
0000076D
00000762
00000762
0000076E
0000076F
00000770
00000770
00000771
00000772
00000770
00000770
00000773
00000770
00000770
00000770
00000770
00000770
00000770
00000770
00000770
00000770
00000770
00000770
00000770
00000774
00000770
00000770
00000775
00000776
00000770
00000762
00000763
00000763
00000764
00000765
00000762
00000766
00000767
00000768
00000769
0000076A
0000076A
0000076B
00000762
00000762
00000762
0000076C
00000762
00000762
0000076D
00000762
00000762
0000076E
0000076F
00000770
00000770
00000771
00000772
00000770
00000770
00000773
00000770
00000770
00000770
00000770
00000770
00000770
00000770
00000770
00000770
00000770
00000770
00000770
00000774
00000770
00000770
00000775
00000776
00000770
00000762
00000763
00000763
00000764
00000765
00000762
00000766
00000767
00000768
00000769
0000076A
0000076A
0000076B
00000762
00000762
00000762
0000076C
00000762
00000762
0000076D
00000762
00000762
0000076E
0000076F
00000770
00000770
00000771
00000772
00000770
00000770
00000773
00000770
00000770
00000770
00000770
00000770
00000770
00000770
00000770
00000770
00000770
00000770
00000770
00000774
00000770
00000770
00000775
00000776
00000770
00000762
00000763
00000763
00000764
00000765
00000762
00000766
00000767
00000768
00000769
0000076A
0000076A
0000076B
00000762
00000762
00000762
0000076C
00000762
00000762
0000076D
00000762
00000762
0000076E
0000076F
00000770
00000770
00000771
00000772
00000770
00000770
00000773
00000770
00000770
00000770
00000770
00000770
00000770
00000770
00000770
00000770
00000770
00000770
00000770
00000774
00000770
00000770
00000775
00000776
00000770
00000762
00000763
00000763
00000764
00000765
00000762
00000766
00000767
00000768
00000769
0000076A
0000076A
0000076B
00000762
00000762
00000762
0000076C
00000762
00000762
0000076D
00000762
00000762
0000076E
0000076F
00000770
00000770
00000771
00000772
00000770
00000770
00000773
00000770
00000770
00000770
00000770
00000770
00000770
00000770
00000770
00000770
00000770
00000770
00000770
00000774
00000770
00000770
00000775
00000776
00000770
00000762
00000763
00000763
00000764
00000765
00000762
00000766
00000767
00000768
00000769
0000076A
0000076A
0000076B
00000762
00000762
00000762
0000076C
00000762
00000762
0000076D
00000762
00000762
0000076E
0000076F
00000770
00000770
00000771
00000772
00000770
00000770
00000773
00000770
00000770
00000770
00000770
00000770
00000770
00000770
00000770
00000770
00000770
00000770
00000770
00000774
00000770
00000770
00000775
00000776
00000770
00000762
00000763
00000763
00000764
00000765
00000762
00000766
00000767
00000768
00000769
0000076A
0000076A
0000076B
00000762
00000762
00000762
0000076C
00000762
00000762
0000076D
00000762
00000762
0000076E
0000076F
00000770
00000770
00000771
00000772
00000770
00000770
00000773
00000770
00000770
00000770
00000770
00000770
00000770
00000770
00000770
00000770
00000770
00000770
00000770
00000774
00000770
00000770
00000775
00000776
00000770
